p,k,c_choice,rep,max_acc,max_f1,auc,aupr,seconds
10,1,C_ID,0,0.9111111111111111,0.6363636363636364,0.7957422324510932,0.3283409772046136,1.045
10,1,C_ID,1,0.9333333333333333,0.7,0.8751714677640603,0.4376903960237293,0.693
10,1,C_ID,2,0.9333333333333333,0.6666666666666666,0.8209876543209876,0.5083107519511028,2.358
10,1,C_ID,3,0.9777777777777777,0.6666666666666666,0.8386627906976745,0.32736813211013793,5.536
10,1,C_ID,4,0.9333333333333333,0.5714285714285714,0.7767857142857143,0.3302910052910053,1.89
10,1,C_ID,5,0.9444444444444444,0.782608695652174,0.9766803840877915,0.7900793650793652,1.686
10,1,C_ID,6,0.9111111111111111,0.47058823529411764,0.825301204819277,0.2535089035614246,1.493
10,1,C_ID,7,0.9444444444444444,0.7058823529411765,0.8178353658536586,0.4539723746081505,0.628
10,1,C_ID,8,0.9222222222222223,0.72,0.8659188034188035,0.46752808002808005,1.277
10,1,C_ID,9,0.9,0.64,0.77625,0.45794639058592795,0.723
10,1,C_Random_Diag,0,0.9111111111111111,0.5714285714285714,0.8460365853658537,0.3009117618492618,5.81
10,1,C_Random_Diag,1,0.9444444444444444,0.7368421052631579,0.774375,0.5841842748374896,1.989
10,1,C_Random_Diag,2,0.9666666666666667,0.5714285714285714,0.6875,0.2517616421568627,0.785
10,1,C_Random_Diag,3,0.9333333333333333,0.5714285714285714,0.7385670731707317,0.37137913362477315,1.697
10,1,C_Random_Diag,4,0.8333333333333334,0.5555555555555556,0.7166353383458648,0.23273694872869438,11.514
10,1,C_Random_Diag,5,0.8888888888888888,0.4827586206896552,0.7662500000000001,0.2829798262378354,1.476
10,1,C_Random_Diag,6,0.9222222222222223,0.6956521739130435,0.8231837606837606,0.42863756613756615,3.818
10,1,C_Random_Diag,7,0.8777777777777778,0.4,0.6917735042735043,0.3077871669883783,1.559
10,1,C_Random_Diag,8,0.9555555555555556,0.7142857142857143,0.9424603174603174,0.619702380952381,1.962
10,1,C_Random_Diag,9,0.9333333333333333,0.42857142857142855,0.8055555555555556,0.32455065359477125,2.445
10,1,C_Random_Min_Diag,0,0.9222222222222223,0.6,0.8924268502581756,0.3826595781299614,4.587
10,1,C_Random_Min_Diag,1,0.9222222222222223,0.5555555555555556,0.8657487091222031,0.2930617824235433,2.284
10,1,C_Random_Min_Diag,2,0.8888888888888888,0.48,0.7142094017094016,0.2859915384540175,4.816
10,1,C_Random_Min_Diag,3,0.9444444444444444,0.6153846153846154,0.8898809523809523,0.32451099479062306,1.365
10,1,C_Random_Min_Diag,4,0.8777777777777778,0.5806451612903226,0.8237179487179488,0.3437191401140809,1.141
10,1,C_Random_Min_Diag,5,0.9333333333333333,0.5714285714285714,0.833079268292683,0.4905277014652014,1.459
10,1,C_Random_Min_Diag,6,0.9444444444444444,0.7619047619047619,0.8854595336076816,0.458361391694725,0.99
10,1,C_Random_Min_Diag,7,0.9444444444444444,0.5,0.6964285714285714,0.32671957671957674,0.789
10,1,C_Random_Min_Diag,8,0.9111111111111111,0.6363636363636364,0.8875,0.3558258577636972,6.824
10,1,C_Random_Min_Diag,9,0.9444444444444444,0.782608695652174,0.8958573072497124,0.7058354727709566,1.159
10,1,C_Random_Full,0,0.8888888888888888,0.4444444444444444,0.6020299145299146,0.23263998485573092,1.403
10,1,C_Random_Full,1,0.8777777777777778,0.3018867924528302,0.5995397008055235,0.17462909170538643,1.478
10,1,C_Random_Full,2,0.9222222222222223,0.41379310344827586,0.7228915662650602,0.1351814557254628,0.565
10,1,C_Random_Full,3,0.8777777777777778,0.56,0.7553418803418803,0.3038228633310338,1.516
10,1,C_Random_Full,4,0.8444444444444444,0.4,0.6452067669172933,0.1770140907253766,2.63
10,1,C_Random_Full,5,0.8888888888888888,0.4827586206896552,0.64625,0.22166249509715935,0.735
10,1,C_Random_Full,6,0.8666666666666667,0.38095238095238093,0.6622554660529343,0.14156799945151166,3.279
10,1,C_Random_Full,7,0.9111111111111111,0.42857142857142855,0.6841196777905639,0.3949238428802915,29.039
10,1,C_Random_Full,8,0.9,0.4,0.6927297668038409,0.14818191376623693,1.572
10,1,C_Random_Full,9,0.8777777777777778,0.5,0.79375,0.2353150792089411,1.829
10,2,C_ID,0,0.8111111111111111,0.5957446808510638,0.7578571428571429,0.3715100786153418,1.503
10,2,C_ID,1,0.9222222222222223,0.6956521739130435,0.6773226773226774,0.38194651980730077,1.175
10,2,C_ID,2,0.8777777777777778,0.56,0.7885338345864662,0.34558335582208477,7.309
10,2,C_ID,3,0.8222222222222222,0.5581395348837209,0.693392425463336,0.3121339345206906,0.941
10,2,C_ID,4,0.9333333333333333,0.8125,0.8635555555555556,0.6386071600167728,0.776
10,2,C_ID,5,0.8444444444444444,0.42105263157894735,0.6309121621621622,0.2922907070056343,1.34
10,2,C_ID,6,0.8555555555555555,0.6111111111111112,0.7592407592407592,0.28485997536902513,2.633
10,2,C_ID,7,0.7888888888888889,0.56,0.7175,0.30727936940051276,1.468
10,2,C_ID,8,0.8444444444444444,0.6956521739130435,0.7667692307692308,0.5416483436395261,1.332
10,2,C_ID,9,0.8555555555555555,0.5294117647058824,0.7360641891891893,0.43322358057646665,1.184
10,2,C_Random_Diag,0,0.9111111111111111,0.75,0.7874228395061729,0.6205667101071373,0.998
10,2,C_Random_Diag,1,0.8333333333333334,0.5909090909090909,0.8007518796992481,0.3043502532386662,0.948
10,2,C_Random_Diag,2,0.8333333333333334,0.6666666666666666,0.7172459893048129,0.3419747780029109,1.019
10,2,C_Random_Diag,3,0.7888888888888889,0.5833333333333334,0.7042857142857143,0.3003556422939804,1.221
10,2,C_Random_Diag,4,0.8333333333333334,0.4444444444444444,0.6313344594594594,0.19358520976079405,3.551
10,2,C_Random_Diag,5,0.8222222222222222,0.6415094339622641,0.8075000000000001,0.4027082893035707,4.449
10,2,C_Random_Diag,6,0.8777777777777778,0.7027027027027027,0.8564814814814815,0.5533592490800557,1.309
10,2,C_Random_Diag,7,0.7444444444444445,0.5660377358490566,0.6499399038461537,0.27669277594448616,2.036
10,2,C_Random_Diag,8,0.8333333333333334,0.5945945945945946,0.8020756115641217,0.46769116164598684,1.75
10,2,C_Random_Diag,9,0.8444444444444444,0.45,0.6755555555555555,0.2546290760773868,0.849
10,2,C_Random_Min_Diag,0,0.8333333333333334,0.5853658536585366,0.8154560810810811,0.45211702940959825,1.47
10,2,C_Random_Min_Diag,1,0.8222222222222222,0.7037037037037037,0.726476314081765,0.3675856452792961,2.307
10,2,C_Random_Min_Diag,2,0.8555555555555555,0.5625,0.8073308270676691,0.4008498159364756,1.598
10,2,C_Random_Min_Diag,3,0.9,0.7058823529411765,0.8846153846153848,0.45483316133470936,0.737
10,2,C_Random_Min_Diag,4,0.8222222222222222,0.3728813559322034,0.5777777777777777,0.13711163327759546,53.98
10,2,C_Random_Min_Diag,5,0.9,0.6086956521739131,0.7419871794871795,0.33539771088044995,3.69
10,2,C_Random_Min_Diag,6,0.8333333333333334,0.6530612244897959,0.7950333580429948,0.39513330033866206,5.965
10,2,C_Random_Min_Diag,7,0.8666666666666667,0.7142857142857143,0.771911663216011,0.4443066679337932,2.251
10,2,C_Random_Min_Diag,8,0.7333333333333333,0.5,0.6201036866359447,0.3893698793518774,1.186
10,2,C_Random_Min_Diag,9,0.8666666666666667,0.6666666666666666,0.8240000000000001,0.4196384738736334,1.598
10,2,C_Random_Full,0,0.7555555555555555,0.5555555555555556,0.6529447115384616,0.3898442216418068,2.607
10,2,C_Random_Full,1,0.7777777777777778,0.5652173913043478,0.6811497326203209,0.27723804635064064,1.593
10,2,C_Random_Full,2,0.8111111111111111,0.46808510638297873,0.6452702702702702,0.1880441850754005,2.336
10,2,C_Random_Full,3,0.8777777777777778,0.4444444444444444,0.6873126873126874,0.30669749330305374,1.941
10,2,C_Random_Full,4,0.8333333333333334,0.5365853658536586,0.6442857142857142,0.34089333746466455,1.245
10,2,C_Random_Full,5,0.8555555555555555,0.3,0.5528846153846154,0.1103813378525809,0.845
10,2,C_Random_Full,6,0.8333333333333334,0.5161290322580645,0.678082191780822,0.2957380882110939,1.172
10,2,C_Random_Full,7,0.8333333333333334,0.5416666666666666,0.7039695945945946,0.2572084348055038,2.534
10,2,C_Random_Full,8,0.7888888888888889,0.5454545454545454,0.6875,0.3273072534050129,2.277
10,2,C_Random_Full,9,0.8,0.4186046511627907,0.5729166666666667,0.21884926400655377,1.054
10,3,C_ID,0,0.7555555555555555,0.65625,0.7097230073487846,0.3927817265670593,1.056
10,3,C_ID,1,0.7555555555555555,0.5,0.6104209799861973,0.1979267733263831,8.067
10,3,C_ID,2,0.7555555555555555,0.5263157894736842,0.6402116402116402,0.34010117539678225,0.907
10,3,C_ID,3,0.7888888888888889,0.6885245901639344,0.6932750136686714,0.4863977988392236,1.035
10,3,C_ID,4,0.6888888888888889,0.5789473684210527,0.6460020242914979,0.43303490931364386,0.705
10,3,C_ID,5,0.7888888888888889,0.6666666666666666,0.7021538461538461,0.3715936663826423,1.473
10,3,C_ID,6,0.7444444444444445,0.5660377358490566,0.6544444444444445,0.4425561639861525,0.545
10,3,C_ID,7,0.7666666666666667,0.6071428571428571,0.73046875,0.4819331710459649,2.027
10,3,C_ID,8,0.8333333333333334,0.5957446808510638,0.6560674886437379,0.4489993932059464,1.287
10,3,C_ID,9,0.8444444444444444,0.6818181818181818,0.7781228433402347,0.5169383464760986,1.237
10,3,C_Random_Diag,0,0.7444444444444445,0.5454545454545454,0.6682692307692307,0.3390168760747039,1.836
10,3,C_Random_Diag,1,0.6555555555555556,0.4057971014492754,0.46938217605248767,0.13264861413697449,3.353
10,3,C_Random_Diag,2,0.7888888888888889,0.6545454545454545,0.6856205576817933,0.4332287842275468,1.053
10,3,C_Random_Diag,3,0.7888888888888889,0.5882352941176471,0.716,0.46427721257759647,1.723
10,3,C_Random_Diag,4,0.7,0.6197183098591549,0.6505926724137931,0.3990156915886005,2.843
10,3,C_Random_Diag,5,0.8333333333333334,0.7169811320754716,0.7528409090909091,0.4147274154235018,1.365
10,3,C_Random_Diag,6,0.7444444444444445,0.52,0.642857142857143,0.3589062350830651,1.631
10,3,C_Random_Diag,7,0.8111111111111111,0.5660377358490566,0.7505559673832469,0.41136060004716624,2.929
10,3,C_Random_Diag,8,0.7333333333333333,0.6376811594202898,0.6853471842536906,0.3968762419957903,1.191
10,3,C_Random_Diag,9,0.7888888888888889,0.5238095238095238,0.6975267379679144,0.41527241935616543,2.29
10,3,C_Random_Min_Diag,0,0.7111111111111111,0.5230769230769231,0.6034024455077087,0.3805497801290761,0.652
10,3,C_Random_Min_Diag,1,0.8333333333333334,0.6938775510204082,0.7887735236859184,0.5138689721331944,1.09
10,3,C_Random_Min_Diag,2,0.8,0.7352941176470589,0.7727807172251617,0.47684696406160093,1.735
10,3,C_Random_Min_Diag,3,0.8555555555555555,0.7547169811320755,0.7646153846153847,0.44066641303006776,2.1
10,3,C_Random_Min_Diag,4,0.8444444444444444,0.6818181818181818,0.738440303657695,0.34389779111290786,2.84
10,3,C_Random_Min_Diag,5,0.7333333333333333,0.6285714285714286,0.7043527416619559,0.48643476414064074,1.426
10,3,C_Random_Min_Diag,6,0.7444444444444445,0.5818181818181818,0.6226958525345622,0.3061680472427726,0.996
10,3,C_Random_Min_Diag,7,0.7111111111111111,0.5625,0.6575630252100839,0.4499006122196333,0.701
10,3,C_Random_Min_Diag,8,0.8111111111111111,0.6792452830188679,0.7678571428571428,0.5616541230006992,1.013
10,3,C_Random_Min_Diag,9,0.8111111111111111,0.711864406779661,0.7416619559072921,0.5735957259793171,1.652
10,3,C_Random_Full,0,0.6666666666666666,0.5833333333333334,0.564385775862069,0.232973858675621,1.534
10,3,C_Random_Full,1,0.7222222222222222,0.4745762711864407,0.56640625,0.23682448975020848,3.142
10,3,C_Random_Full,2,0.7666666666666667,0.39285714285714285,0.54574951330305,0.2560733283145149,0.79
10,3,C_Random_Full,3,0.7333333333333333,0.5333333333333333,0.6268028846153846,0.2717231768985163,1.328
10,3,C_Random_Full,4,0.7333333333333333,0.5245901639344263,0.5936059907834101,0.32993993792172394,1.502
10,3,C_Random_Full,5,0.7444444444444445,0.5454545454545454,0.651215375918598,0.4094201838380757,1.612
10,3,C_Random_Full,6,0.7555555555555555,0.5970149253731343,0.7248677248677249,0.45574233234686873,1.034
10,3,C_Random_Full,7,0.7888888888888889,0.56,0.6278409090909092,0.39543355623760984,1.434
10,3,C_Random_Full,8,0.7,0.47058823529411764,0.5511111111111111,0.24370060494896448,1.366
10,3,C_Random_Full,9,0.6888888888888889,0.5070422535211268,0.598141060688901,0.30388470158859937,1.017
10,4,C_ID,0,0.6444444444444445,0.5151515151515151,0.5667532467532468,0.2592212781120699,1.571
10,4,C_ID,1,0.7111111111111111,0.6329113924050633,0.642,0.4425887404575282,1.546
10,4,C_ID,2,0.7333333333333333,0.6031746031746031,0.6539092400218699,0.3569892931511348,1.208
10,4,C_ID,3,0.6666666666666666,0.625,0.6356275303643725,0.4385191927242268,1.218
10,4,C_ID,4,0.6777777777777778,0.5925925925925926,0.6343623481781375,0.3939236641855728,1.436
10,4,C_ID,5,0.7333333333333333,0.6666666666666666,0.7014278429372769,0.5423375084176223,0.953
10,4,C_ID,6,0.7111111111111111,0.6111111111111112,0.6405228758169934,0.39256980137943165,2.566
10,4,C_ID,7,0.7777777777777778,0.7058823529411765,0.6403508771929824,0.3222341821168825,2.359
10,4,C_ID,8,0.7333333333333333,0.6031746031746031,0.605795516675779,0.31951385691084544,3.248
10,4,C_ID,9,0.7666666666666667,0.676923076923077,0.7088220295767464,0.43276526791639497,1.372
10,4,C_Random_Diag,0,0.6555555555555556,0.6444444444444445,0.6697179614052449,0.5135372731842724,1.321
10,4,C_Random_Diag,1,0.6555555555555556,0.5542168674698795,0.6005475360876057,0.4014773982907143,0.588
10,4,C_Random_Diag,2,0.7222222222222222,0.576271186440678,0.6225,0.2980487698220047,0.833
10,4,C_Random_Diag,3,0.7111111111111111,0.5230769230769231,0.6213942307692308,0.2486968146193234,1.074
10,4,C_Random_Diag,4,0.6777777777777778,0.6329113924050633,0.6024797570850202,0.3702984120028522,1.041
10,4,C_Random_Diag,5,0.7111111111111111,0.5789473684210527,0.6484375,0.339468860907964,0.73
10,4,C_Random_Diag,6,0.7111111111111111,0.5396825396825397,0.5970475669764899,0.31293421909428704,0.892
10,4,C_Random_Diag,7,0.7333333333333333,0.6129032258064516,0.6362351611079706,0.36481168659040863,1.17
10,4,C_Random_Diag,8,0.6444444444444445,0.5675675675675675,0.5529440870856012,0.34520770399250256,1.176
10,4,C_Random_Diag,9,0.7555555555555555,0.5901639344262295,0.6650650084793668,0.40327452573943057,1.518
10,4,C_Random_Min_Diag,0,0.7444444444444445,0.5901639344262295,0.7067307692307693,0.42910619373912695,1.3
10,4,C_Random_Min_Diag,1,0.7333333333333333,0.647887323943662,0.6905864197530864,0.5288953742302738,1.016
10,4,C_Random_Min_Diag,2,0.7222222222222222,0.5806451612903226,0.6141975308641976,0.31150447454537067,1.93
10,4,C_Random_Min_Diag,3,0.6111111111111112,0.5542168674698795,0.5548418972332017,0.31857429135079635,1.403
10,4,C_Random_Min_Diag,4,0.7444444444444445,0.5185185185185185,0.6171875,0.25159889466802643,3.764
10,4,C_Random_Min_Diag,5,0.7777777777777778,0.696969696969697,0.7187500000000001,0.4799534280412448,1.205
10,4,C_Random_Min_Diag,6,0.7333333333333333,0.59375,0.6101694915254237,0.31421625483073823,3.154
10,4,C_Random_Min_Diag,7,0.6888888888888889,0.5882352941176471,0.6275303643724697,0.37166147485812484,0.942
10,4,C_Random_Min_Diag,8,0.7777777777777778,0.7222222222222222,0.73559670781893,0.5402137189430644,1.043
10,4,C_Random_Min_Diag,9,0.6333333333333333,0.5135135135135135,0.5630144032921811,0.30765085354049465,1.554
10,4,C_Random_Full,0,0.6333333333333333,0.5952380952380952,0.5920856147336984,0.3698022685454396,0.789
10,4,C_Random_Full,1,0.6333333333333333,0.6136363636363636,0.5717466600692728,0.2878451043540745,2.502
10,4,C_Random_Full,2,0.6555555555555556,0.4675324675324675,0.5271132376395534,0.20689149825183087,2.159
10,4,C_Random_Full,3,0.5666666666666667,0.5411764705882353,0.5108641975308642,0.23882549055910576,0.912
10,4,C_Random_Full,4,0.7777777777777778,0.5882352941176471,0.6035353535353536,0.3540258665109676,2.112
10,4,C_Random_Full,5,0.6333333333333333,0.5063291139240507,0.5490293678446989,0.296113521761602,1.855
10,4,C_Random_Full,6,0.7,0.4857142857142857,0.5720746184284907,0.30208236807605365,2.431
10,4,C_Random_Full,7,0.7222222222222222,0.6575342465753424,0.6445690973992861,0.4005954121059846,1.036
10,4,C_Random_Full,8,0.6,0.4722222222222222,0.4831718510963794,0.1917210843295632,2.669
10,4,C_Random_Full,9,0.7,0.5066666666666667,0.5673491379310345,0.2752289910196926,1.542
15,1,C_ID,0,0.9523809523809523,0.5833333333333334,0.6903553299492386,0.272750302751159,5.038
15,1,C_ID,1,0.9619047619047619,0.6923076923076923,0.8867629832096837,0.6853714035372084,4.909
15,1,C_ID,2,0.9523809523809523,0.6060606060606061,0.8461700336700337,0.4720493091297382,2.289
15,1,C_ID,3,0.9428571428571428,0.42857142857142855,0.8163544997715853,0.17893885983384739,15.852
15,1,C_ID,4,0.9428571428571428,0.6486486486486487,0.9504273504273504,0.5491592535251834,1.901
15,1,C_ID,5,0.9333333333333333,0.6222222222222222,0.8690399484536082,0.496514602121391,2.012
15,1,C_ID,6,0.9380952380952381,0.6111111111111112,0.8147551546391754,0.47060683448456453,2.173
15,1,C_ID,7,0.9428571428571428,0.6,0.7970940170940171,0.3981427292824336,2.66
15,1,C_ID,8,0.9761904761904762,0.46153846153846156,0.5543300653594772,0.28026030986557304,1.88
15,1,C_ID,9,0.9476190476190476,0.5625,0.7098789535337758,0.42602338756154406,1.754
15,1,C_Random_Diag,0,0.9428571428571428,0.6,0.9023163669612922,0.6298562619534487,2.118
15,1,C_Random_Diag,1,0.9238095238095239,0.5,0.74215178299299,0.25573165165498524,3.802
15,1,C_Random_Diag,2,0.9380952380952381,0.47368421052631576,0.8361880466472302,0.29962141597770453,12.042
15,1,C_Random_Diag,3,0.9142857142857143,0.5714285714285714,0.7585358796296297,0.285151038674661,4.225
15,1,C_Random_Diag,4,0.9571428571428572,0.64,0.8486919172198361,0.5650246560786314,2.681
15,1,C_Random_Diag,5,0.9428571428571428,0.6285714285714286,0.8190160093713393,0.4335821319300646,1.736
15,1,C_Random_Diag,6,0.9571428571428572,0.5263157894736842,0.71075,0.291754967740557,1.249
15,1,C_Random_Diag,7,0.9714285714285714,0.75,0.975,0.6422145417306707,5.011
15,1,C_Random_Diag,8,0.9238095238095239,0.5853658536585366,0.8823367318820611,0.4100950467090674,3.091
15,1,C_Random_Diag,9,0.9761904761904762,0.8148148148148148,0.9484427609427609,0.5780445126768656,2.603
15,1,C_Random_Min_Diag,0,0.9428571428571428,0.45454545454545453,0.7274831649831648,0.25284583290620527,4.367
15,1,C_Random_Min_Diag,1,0.9428571428571428,0.6842105263157895,0.9434188034188034,0.5414883587372826,2.477
15,1,C_Random_Min_Diag,2,0.9571428571428572,0.4166666666666667,0.7421196893558704,0.3208423659573245,53.58
15,1,C_Random_Min_Diag,3,0.9428571428571428,0.6666666666666666,0.9146262886597939,0.4814139356236907,2.035
15,1,C_Random_Min_Diag,4,0.9333333333333333,0.6382978723404256,0.9331623931623931,0.5029959606447943,4.332
15,1,C_Random_Min_Diag,5,0.9666666666666667,0.5333333333333333,0.9383169934640523,0.28428683889210205,3.405
15,1,C_Random_Min_Diag,6,0.9380952380952381,0.6,0.8796713917525774,0.5581193379494402,3.85
15,1,C_Random_Min_Diag,7,0.9333333333333333,0.6511627906976745,0.8509837962962964,0.4817799823446326,2.42
15,1,C_Random_Min_Diag,8,0.9380952380952381,0.6486486486486487,0.8341968911917099,0.35490760405582905,4.37
15,1,C_Random_Min_Diag,9,0.9380952380952381,0.6666666666666666,0.8677662037037037,0.4638308526417219,2.079
15,1,C_Random_Full,0,0.919047619047619,0.36363636363636365,0.7846327319587629,0.18940032504023,7.552
15,1,C_Random_Full,1,0.9523809523809523,0.4827586206896552,0.88025,0.37497262221668515,7.249
15,1,C_Random_Full,2,0.9333333333333333,0.26666666666666666,0.717201166180758,0.13504136586888643,11.054
15,1,C_Random_Full,3,0.9571428571428572,0.4,0.8538145271813614,0.3469359116013558,2.202
15,1,C_Random_Full,4,0.9380952380952381,0.32,0.7764212827988338,0.23346494770746687,14.737
15,1,C_Random_Full,5,0.9238095238095239,0.5555555555555556,0.8207863456263333,0.2933611175583244,3.061
15,1,C_Random_Full,6,0.9333333333333333,0.4864864864864865,0.8252991452991453,0.40583412745394437,4.512
15,1,C_Random_Full,7,0.9428571428571428,0.42857142857142855,0.7840743440233237,0.3718887109659067,3.291
15,1,C_Random_Full,8,0.9428571428571428,0.37037037037037035,0.6217450890817725,0.09981232161940211,3.138
15,1,C_Random_Full,9,0.9476190476190476,0.5263157894736842,0.923937871174052,0.2588541811386461,2.666
15,2,C_ID,0,0.8904761904761904,0.5818181818181818,0.8665945945945946,0.3896765184184341,2.389
15,2,C_ID,1,0.9095238095238095,0.6153846153846154,0.8096216216216215,0.4290359193715577,1.652
15,2,C_ID,2,0.861904761904762,0.5428571428571428,0.7011641842150316,0.2998990172365574,3.095
15,2,C_ID,3,0.8523809523809524,0.5714285714285714,0.8005617977528091,0.3269250457593899,4.96
15,2,C_ID,4,0.8666666666666667,0.5294117647058824,0.7621137640449438,0.4152413538580245,2.08
15,2,C_ID,5,0.8904761904761904,0.5490196078431373,0.7399051966292134,0.42444712500090864,4.003
15,2,C_ID,6,0.8952380952380953,0.5517241379310345,0.7439381270903009,0.3948592290929372,3.988
15,2,C_ID,7,0.8952380952380953,0.6470588235294118,0.8300951224448492,0.3859007157799969,3.242
15,2,C_ID,8,0.9095238095238095,0.6,0.8393496831082944,0.32508843707681173,5.327
15,2,C_ID,9,0.861904761904762,0.5714285714285714,0.8091548026671473,0.41213356919898436,1.99
15,2,C_Random_Diag,0,0.8523809523809524,0.5714285714285714,0.7448195187165776,0.40429800765541146,7.085
15,2,C_Random_Diag,1,0.8857142857142857,0.6060606060606061,0.7989814814814815,0.4890222166667081,4.423
15,2,C_Random_Diag,2,0.8809523809523809,0.5454545454545454,0.7861621621621622,0.28782037829920737,1.602
15,2,C_Random_Diag,3,0.8809523809523809,0.576271186440678,0.8087715855572999,0.35345911458191176,2.764
15,2,C_Random_Diag,4,0.9095238095238095,0.5365853658536586,0.7682543520309477,0.4049929423239571,4.083
15,2,C_Random_Diag,5,0.8380952380952381,0.5238095238095238,0.7294127717856531,0.24855974130201916,9.366
15,2,C_Random_Diag,6,0.9095238095238095,0.43333333333333335,0.7786842105263159,0.2508508167122159,22.137
15,2,C_Random_Diag,7,0.9047619047619048,0.42857142857142855,0.6960595205290713,0.18557793952454138,3.135
15,2,C_Random_Diag,8,0.8428571428571429,0.48148148148148145,0.7419591836734694,0.31966382497861473,5.61
15,2,C_Random_Diag,9,0.8952380952380953,0.5454545454545454,0.7584282724947687,0.33480710926695234,22.036
15,2,C_Random_Min_Diag,0,0.8523809523809524,0.5542168674698795,0.7411341292134831,0.3014386537617659,3.95
15,2,C_Random_Min_Diag,1,0.8904761904761904,0.5573770491803278,0.6926982591876207,0.20660252956553862,4.903
15,2,C_Random_Min_Diag,2,0.8809523809523809,0.6052631578947368,0.8209182701466946,0.40810663015415816,3.028
15,2,C_Random_Min_Diag,3,0.8952380952380953,0.5294117647058824,0.832688588007737,0.33913134080077756,8.237
15,2,C_Random_Min_Diag,4,0.8476190476190476,0.5581395348837209,0.7831717914438503,0.43927343015179043,4.392
15,2,C_Random_Min_Diag,5,0.9285714285714286,0.6666666666666666,0.8780549256739733,0.596730675394811,2.625
15,2,C_Random_Min_Diag,6,0.9333333333333333,0.6153846153846154,0.7921905222437138,0.5447607941790868,3.111
15,2,C_Random_Min_Diag,7,0.9,0.6071428571428571,0.7458791208791209,0.4382360232793477,2.461
15,2,C_Random_Min_Diag,8,0.8904761904761904,0.6,0.7877837837837838,0.41742791430936144,2.516
15,2,C_Random_Min_Diag,9,0.8857142857142857,0.5373134328358209,0.8166486486486485,0.33182669941032783,3.947
15,2,C_Random_Full,0,0.861904761904762,0.47191011235955055,0.6800431711145998,0.18089729449625777,8.638
15,2,C_Random_Full,1,0.9047619047619048,0.4897959183673469,0.7642162162162163,0.4491071345744119,7.213
15,2,C_Random_Full,2,0.8476190476190476,0.4318181818181818,0.679248595505618,0.19115044540167236,6.288
15,2,C_Random_Full,3,0.8666666666666667,0.5168539325842697,0.7412037037037038,0.35136773270190236,4.145
15,2,C_Random_Full,4,0.8809523809523809,0.46153846153846156,0.6883830455259027,0.2689783670703466,4.966
15,2,C_Random_Full,5,0.9,0.37209302325581395,0.7591332829428068,0.20032936620935088,4.29
15,2,C_Random_Full,6,0.8809523809523809,0.3673469387755102,0.637837837837838,0.1887902918165392,8.165
15,2,C_Random_Full,7,0.8714285714285714,0.38095238095238093,0.6934831005869257,0.1819327994695496,15.385
15,2,C_Random_Full,8,0.9,0.36619718309859156,0.7055263157894737,0.17942520074017365,5.231
15,2,C_Random_Full,9,0.8809523809523809,0.5079365079365079,0.8007488362679619,0.40722625719281536,7.097
15,3,C_ID,0,0.8095238095238095,0.45652173913043476,0.6872058823529412,0.2382832663530678,19.214
15,3,C_ID,1,0.8666666666666667,0.5625,0.7468571428571428,0.3285551007592234,6.499
15,3,C_ID,2,0.8333333333333334,0.6538461538461539,0.7758922558922559,0.44142351169736044,4.034
15,3,C_ID,3,0.8285714285714286,0.5348837209302325,0.7296446243814665,0.38126485365312585,1.972
15,3,C_ID,4,0.8333333333333334,0.6041666666666666,0.7989834284918536,0.39514237281835624,3.386
15,3,C_ID,5,0.8428571428571429,0.547945205479452,0.7630108556832694,0.41051227000794355,2.376
15,3,C_ID,6,0.8238095238095238,0.6078431372549019,0.8049999999999999,0.3675741394567903,3.477
15,3,C_ID,7,0.8904761904761904,0.684931506849315,0.760621488764045,0.4346783637457724,2.139
15,3,C_ID,8,0.8095238095238095,0.5585585585585585,0.7416161616161616,0.38660429051035244,2.702
15,3,C_ID,9,0.8523809523809524,0.651685393258427,0.7513970588235295,0.40085192140271225,1.995
15,3,C_Random_Diag,0,0.8476190476190476,0.5925925925925926,0.7266833307295735,0.36492364154084056,2.363
15,3,C_Random_Diag,1,0.8285714285714286,0.5128205128205128,0.6947674418604652,0.2988490574591878,2.582
15,3,C_Random_Diag,2,0.8285714285714286,0.5957446808510638,0.7098922902494331,0.34155966897449985,2.43
15,3,C_Random_Diag,3,0.8571428571428571,0.6067415730337079,0.744264705882353,0.39474854245318464,2.182
15,3,C_Random_Diag,4,0.8428571428571429,0.5882352941176471,0.7630385487528345,0.4977992956722739,2.28
15,3,C_Random_Diag,5,0.8095238095238095,0.5378151260504201,0.7177914110429447,0.4133724556378422,4.174
15,3,C_Random_Diag,6,0.8238095238095238,0.5057471264367817,0.7130102040816326,0.3034232505452804,10.932
15,3,C_Random_Diag,7,0.8571428571428571,0.5263157894736842,0.7213225371120109,0.3745995140315597,7.272
15,3,C_Random_Diag,8,0.8428571428571429,0.5238095238095238,0.7276203328834908,0.3894802732520754,5.043
15,3,C_Random_Diag,9,0.780952380952381,0.5409836065573771,0.6754838709677419,0.3929792409486019,2.917
15,3,C_Random_Min_Diag,0,0.8523809523809524,0.5952380952380952,0.7942508982971412,0.4830164597846515,2.494
15,3,C_Random_Min_Diag,1,0.8571428571428571,0.6153846153846154,0.7141762985656592,0.4729181430158167,2.582
15,3,C_Random_Min_Diag,2,0.8047619047619048,0.5686274509803921,0.744934282584885,0.3690281967405467,3.051
15,3,C_Random_Min_Diag,3,0.8761904761904762,0.6285714285714286,0.800122893258427,0.3556443361511974,4.034
15,3,C_Random_Min_Diag,4,0.8571428571428571,0.6363636363636364,0.779264705882353,0.43911666985040765,3.801
15,3,C_Random_Min_Diag,5,0.8428571428571429,0.6222222222222222,0.7656058751529988,0.3739164800239781,4.602
15,3,C_Random_Min_Diag,6,0.7571428571428571,0.5100671140939598,0.6502121316362803,0.3549902151997661,2.111
15,3,C_Random_Min_Diag,7,0.8238095238095238,0.49411764705882355,0.626414609053498,0.351073924576114,3.16
15,3,C_Random_Min_Diag,8,0.8809523809523809,0.5714285714285714,0.8261914715719063,0.35229362661193864,6.048
15,3,C_Random_Min_Diag,9,0.861904761904762,0.6133333333333333,0.7754257147320731,0.4225261260722077,2.539
15,3,C_Random_Full,0,0.8095238095238095,0.42718446601941745,0.5930312157721797,0.21287300585023886,6.081
15,3,C_Random_Full,1,0.7666666666666667,0.5625,0.6800987765181277,0.38674409712637003,3.365
15,3,C_Random_Full,2,0.8047619047619048,0.54,0.6803419936373278,0.3053865868082568,4.26
15,3,C_Random_Full,3,0.8285714285714286,0.42696629213483145,0.6418298653610771,0.2764661162035489,4.955
15,3,C_Random_Full,4,0.8428571428571429,0.432,0.6584445224719102,0.1757758738950816,6.702
15,3,C_Random_Full,5,0.7619047619047619,0.4148148148148148,0.5923807205452776,0.2417649943350965,2.634
15,3,C_Random_Full,6,0.8095238095238095,0.4742268041237113,0.597165991902834,0.17576326037082265,8.552
15,3,C_Random_Full,7,0.8047619047619048,0.4461538461538462,0.6374410774410775,0.30222127560337136,4.133
15,3,C_Random_Full,8,0.7904761904761904,0.5050505050505051,0.6496969696969697,0.2900636157361793,3.707
15,3,C_Random_Full,9,0.7857142857142857,0.4915254237288136,0.693592552026287,0.2662268189732988,10.452
15,4,C_ID,0,0.719047619047619,0.5324675324675324,0.6239795918367348,0.3252721102914186,5.377
15,4,C_ID,1,0.7952380952380952,0.5510204081632653,0.6947905620360552,0.354710826699797,2.42
15,4,C_ID,2,0.7714285714285715,0.5663716814159292,0.7010575651964908,0.3818930873024481,4.205
15,4,C_ID,3,0.7476190476190476,0.5882352941176471,0.6744076818703684,0.40032858615237327,1.845
15,4,C_ID,4,0.7476190476190476,0.496,0.6148377479646829,0.30418169885342616,2.99
15,4,C_ID,5,0.819047619047619,0.5208333333333334,0.7258843493016578,0.40524420619170465,4.052
15,4,C_ID,6,0.7380952380952381,0.5038167938931297,0.6304489973844812,0.33457522641141996,1.985
15,4,C_ID,7,0.7666666666666667,0.5693430656934306,0.7077743378052975,0.427904998879029,2.628
15,4,C_ID,8,0.8476190476190476,0.5822784810126582,0.7170599151643691,0.495088795268433,4.845
15,4,C_ID,9,0.7476190476190476,0.5333333333333333,0.6890880217785844,0.41166240175266133,3.55
15,4,C_Random_Diag,0,0.7380952380952381,0.45161290322580644,0.6138102968460112,0.25651367814127113,3.762
15,4,C_Random_Diag,1,0.7904761904761904,0.5785123966942148,0.7053890738685411,0.39785985040356897,4.159
15,4,C_Random_Diag,2,0.7714285714285715,0.5714285714285714,0.7025806451612904,0.3527196365620385,5.569
15,4,C_Random_Diag,3,0.6904761904761905,0.4050632911392405,0.4938941655359566,0.16778988856453314,38.423
15,4,C_Random_Diag,4,0.7761904761904762,0.5666666666666667,0.7158008166969148,0.4539023678290881,2.746
15,4,C_Random_Diag,5,0.7904761904761904,0.5233644859813084,0.7267850536440992,0.44968592899642174,4.314
15,4,C_Random_Diag,6,0.8333333333333334,0.6153846153846154,0.7689043209876543,0.48310453039161433,3.853
15,4,C_Random_Diag,7,0.8,0.5686274509803921,0.6853700097370984,0.36407782512057796,4.35
15,4,C_Random_Diag,8,0.7333333333333333,0.5039370078740157,0.5911999102031653,0.24533451609825604,2.934
15,4,C_Random_Diag,9,0.7571428571428571,0.5283018867924528,0.692888888888889,0.41132155213587834,2.062
15,4,C_Random_Min_Diag,0,0.8238095238095238,0.6605504587155964,0.7495498971193416,0.45760362666646276,3.146
15,4,C_Random_Min_Diag,1,0.8047619047619048,0.5263157894736842,0.715601802757158,0.4304277181435553,2.143
15,4,C_Random_Min_Diag,2,0.8333333333333334,0.6601941747572816,0.7502898886827458,0.4969182336053884,2.3
15,4,C_Random_Min_Diag,3,0.7714285714285715,0.5663716814159292,0.7119205298013245,0.3860706399783279,2.331
15,4,C_Random_Min_Diag,4,0.8095238095238095,0.631578947368421,0.7102920227920227,0.4756171193594341,3.708
15,4,C_Random_Min_Diag,5,0.8238095238095238,0.625,0.7695525415134998,0.46640445223497073,4.067
15,4,C_Random_Min_Diag,6,0.7857142857142857,0.5470085470085471,0.7211143695014662,0.4501857430498127,2.347
15,4,C_Random_Min_Diag,7,0.7714285714285715,0.5,0.663224121557455,0.31786636188156725,3.252
15,4,C_Random_Min_Diag,8,0.7571428571428571,0.5984251968503937,0.714517625231911,0.35274947374199644,3.593
15,4,C_Random_Min_Diag,9,0.8095238095238095,0.6078431372549019,0.7475598935226264,0.4436754201604727,2.338
15,4,C_Random_Full,0,0.7571428571428571,0.5,0.6384493670886076,0.263259145294217,3.476
15,4,C_Random_Full,1,0.7523809523809524,0.5185185185185185,0.6593893815243013,0.33916035418104135,4.626
15,4,C_Random_Full,2,0.7380952380952381,0.5087719298245614,0.6331748608534322,0.29291163120694824,2.707
15,4,C_Random_Full,3,0.7523809523809524,0.5271317829457365,0.6439625108979947,0.37252527526448526,2.804
15,4,C_Random_Full,4,0.7428571428571429,0.463768115942029,0.5863010446343779,0.19779478008990403,6.059
15,4,C_Random_Full,5,0.7714285714285715,0.5636363636363636,0.6174999999999999,0.3316609167277521,3.506
15,4,C_Random_Full,6,0.7285714285714285,0.4732824427480916,0.5885,0.2777964045763446,3.834
15,4,C_Random_Full,7,0.7380952380952381,0.484375,0.6256594455045459,0.2990582127613761,3.238
15,4,C_Random_Full,8,0.7523809523809524,0.5,0.6498296007789679,0.27529906738938265,4.735
15,4,C_Random_Full,9,0.6952380952380952,0.460431654676259,0.579890839041096,0.2367997635435715,2.71
20,1,C_ID,0,0.95,0.5217391304347826,0.797565242746756,0.2428621781222335,55.679
20,1,C_ID,1,0.9368421052631579,0.5862068965517241,0.8282268578878749,0.3237702351780816,11.387
20,1,C_ID,2,0.9763157894736842,0.6086956521739131,0.9493243243243243,0.4249585965349324,3.277
20,1,C_ID,3,0.9605263157894737,0.6153846153846154,0.9187843406593406,0.3561937828303198,12.038
20,1,C_ID,4,0.9710526315789474,0.7027027027027027,0.9317479395604396,0.38878197722803454,4.956
20,1,C_ID,5,0.9394736842105263,0.5454545454545454,0.8717868009652711,0.37625584550542024,22.751
20,1,C_ID,6,0.9631578947368421,0.5945945945945946,0.900663544106167,0.3385442314404785,5.394
20,1,C_ID,7,0.9710526315789474,0.6451612903225806,0.8998111263736264,0.5277559891805321,7.13
20,1,C_ID,8,0.9631578947368421,0.625,0.9245833333333333,0.47686595230790274,4.336
20,1,C_ID,9,0.9421052631578948,0.5806451612903226,0.8639020825721593,0.3962195596791034,7.14
20,1,C_Random_Diag,0,0.9657894736842105,0.6486486486486487,0.8743861264579496,0.48420895131769437,3.122
20,1,C_Random_Diag,1,0.9421052631578948,0.6101694915254238,0.8625351123595506,0.37865786681998714,5.56
20,1,C_Random_Diag,2,0.968421052631579,0.7142857142857143,0.9242633517495396,0.4511734388132271,5.181
20,1,C_Random_Diag,3,0.9710526315789474,0.5185185185185185,0.8623188405797101,0.3688076316531301,5.463
20,1,C_Random_Diag,4,0.9578947368421052,0.64,0.8679166666666667,0.43706876437626513,4.769
20,1,C_Random_Diag,5,0.9552631578947368,0.5909090909090909,0.9109928561014725,0.36766915552906443,6.483
20,1,C_Random_Diag,6,0.9657894736842105,0.6341463414634146,0.9612607338017174,0.3826072465546149,4.627
20,1,C_Random_Diag,7,0.9657894736842105,0.6486486486486487,0.9637002341920375,0.4751771910884125,5.295
20,1,C_Random_Diag,8,0.9447368421052632,0.56,0.8714448958862366,0.4263450123578726,5.402
20,1,C_Random_Diag,9,0.9605263157894737,0.6153846153846154,0.8302544158159131,0.41662848531399543,3.642
20,1,C_Random_Min_Diag,0,0.9526315789473684,0.5652173913043478,0.8778247557953054,0.34294879646503335,12.236
20,1,C_Random_Min_Diag,1,0.9815789473684211,0.6363636363636364,0.8954776879305182,0.5622372143036598,4.655
20,1,C_Random_Min_Diag,2,0.9526315789473684,0.5818181818181818,0.8514360693978713,0.3354814848342569,8.18
20,1,C_Random_Min_Diag,3,0.9710526315789474,0.56,0.7796255235279625,0.21048194230012413,6.091
20,1,C_Random_Min_Diag,4,0.968421052631579,0.7142857142857143,0.9468481607519041,0.4405890071310923,4.428
20,1,C_Random_Min_Diag,5,0.9526315789473684,0.5714285714285714,0.8324555243445694,0.41007393049647445,11.035
20,1,C_Random_Min_Diag,6,0.968421052631579,0.6060606060606061,0.9223433242506811,0.416545274314852,2.198
20,1,C_Random_Min_Diag,7,0.9578947368421052,0.6521739130434783,0.8809674961909598,0.43219781563337245,2.773
20,1,C_Random_Min_Diag,8,0.9578947368421052,0.68,0.9005633802816901,0.5178515218029429,5.213
20,1,C_Random_Min_Diag,9,0.9815789473684211,0.72,0.9708108108108109,0.43777563567037253,15.748
20,1,C_Random_Full,0,0.9736842105263158,0.4,0.731081081081081,0.17081289679230188,6.099
20,1,C_Random_Full,1,0.9447368421052632,0.3142857142857143,0.7677755205688166,0.1679117994675277,55.428
20,1,C_Random_Full,2,0.9578947368421052,0.42857142857142855,0.7157451923076923,0.22620892141024712,9.162
20,1,C_Random_Full,3,0.9552631578947368,0.25,0.685782967032967,0.09060526677804662,21.596
20,1,C_Random_Full,4,0.9315789473684211,0.4235294117647059,0.8152676056338028,0.2335025641528585,9.983
20,1,C_Random_Full,5,0.9342105263157895,0.4117647058823529,0.7607561929595827,0.24088626115102807,8.386
20,1,C_Random_Full,6,0.9447368421052632,0.42857142857142855,0.8882638888888887,0.2578543856852486,9.63
20,1,C_Random_Full,7,0.968421052631579,0.3888888888888889,0.8141983695652175,0.1887137462773063,6.034
20,1,C_Random_Full,8,0.9605263157894737,0.38095238095238093,0.8099141295862607,0.1530001539377105,17.938
20,1,C_Random_Full,9,0.968421052631579,0.32,0.8807588075880759,0.1748399770447514,9.935
20,2,C_ID,0,0.9026315789473685,0.56,0.8369802240769982,0.37037780370511725,5.711
20,2,C_ID,1,0.9052631578947369,0.5773195876288659,0.8850129198966408,0.37278952009847494,7.914
20,2,C_ID,2,0.9026315789473685,0.6021505376344086,0.8559926470588235,0.4410833700713667,6.106
20,2,C_ID,3,0.9184210526315789,0.6,0.8544492894056848,0.502879865960957,4.53
20,2,C_ID,4,0.9105263157894737,0.5555555555555556,0.8376402584155049,0.3367531415515517,8.799
20,2,C_ID,5,0.9,0.5531914893617021,0.797865595942519,0.43993379390438747,3.027
20,2,C_ID,6,0.9157894736842105,0.5301204819277109,0.7857142857142857,0.44654155516976485,3.602
20,2,C_ID,7,0.9210526315789473,0.5588235294117647,0.8068213328403735,0.2804770608698746,13.556
20,2,C_ID,8,0.9026315789473685,0.5833333333333334,0.8195618484080023,0.40830779154877694,6.106
20,2,C_ID,9,0.9289473684210526,0.6086956521739131,0.846288936130881,0.3976873203351202,5.313
20,2,C_Random_Diag,0,0.8947368421052632,0.4918032786885246,0.78879994479332,0.34901863603212246,12.637
20,2,C_Random_Diag,1,0.9315789473684211,0.5813953488372093,0.8265895953757225,0.438305443940188,4.915
20,2,C_Random_Diag,2,0.9026315789473685,0.5,0.7750374280986525,0.26487308609055177,5.312
20,2,C_Random_Diag,3,0.8947368421052632,0.5376344086021505,0.7883455882352941,0.3447953658882392,6.92
20,2,C_Random_Diag,4,0.9157894736842105,0.6097560975609756,0.8782608695652174,0.3794351180941943,5.6
20,2,C_Random_Diag,5,0.8842105263157894,0.5483870967741935,0.8440543831168832,0.3735852432228627,8.745
20,2,C_Random_Diag,6,0.8894736842105263,0.5289256198347108,0.8191391941391941,0.33650069165226904,4.664
20,2,C_Random_Diag,7,0.9289473684210526,0.5882352941176471,0.8408355670579537,0.40321420410890235,4.998
20,2,C_Random_Diag,8,0.9078947368421053,0.4380952380952381,0.7822997416020673,0.2529405618408556,9.486
20,2,C_Random_Diag,9,0.8973684210526316,0.6,0.8383387445887447,0.42237054821766185,4.489
20,2,C_Random_Min_Diag,0,0.9157894736842105,0.5555555555555556,0.8738775143678161,0.3694440634992695,4.821
20,2,C_Random_Min_Diag,1,0.9026315789473685,0.5454545454545454,0.7369500130174433,0.3971247507114918,4.73
20,2,C_Random_Min_Diag,2,0.9263157894736842,0.5625,0.8292247534852091,0.4064651457874755,4.358
20,2,C_Random_Min_Diag,3,0.9105263157894737,0.5494505494505495,0.810396123767426,0.3308792463153895,8.229
20,2,C_Random_Min_Diag,4,0.9236842105263158,0.5869565217391305,0.8995150862068966,0.47155440932019677,5.191
20,2,C_Random_Min_Diag,5,0.8894736842105263,0.5470085470085471,0.8396683250414594,0.4123570494997263,3.068
20,2,C_Random_Min_Diag,6,0.8973684210526316,0.36220472440944884,0.6868267159125885,0.16483966244833395,39.566
20,2,C_Random_Min_Diag,7,0.9131578947368421,0.5569620253164557,0.7467443700985682,0.44283614537003585,5.812
20,2,C_Random_Min_Diag,8,0.8921052631578947,0.5656565656565656,0.8478444632290786,0.37569341589385524,3.678
20,2,C_Random_Min_Diag,9,0.9421052631578948,0.6857142857142857,0.856868395773295,0.42240072035404524,7.668
20,2,C_Random_Full,0,0.9105263157894737,0.44155844155844154,0.7239884393063585,0.24984152092786935,5.583
20,2,C_Random_Full,1,0.9026315789473685,0.4485981308411215,0.710735294117647,0.2979641194126827,7.629
20,2,C_Random_Full,2,0.8763157894736842,0.5128205128205128,0.7370151002343139,0.2724924649572382,6.545
20,2,C_Random_Full,3,0.9131578947368421,0.5217391304347826,0.8122883964296707,0.34493654673217283,10.318
20,2,C_Random_Full,4,0.9131578947368421,0.43037974683544306,0.7362318840579711,0.29416076251738726,18.087
20,2,C_Random_Full,5,0.8842105263157894,0.4835164835164835,0.7234848484848484,0.26330975294549824,9.7
20,2,C_Random_Full,6,0.9315789473684211,0.5,0.7392893573614416,0.4556388083286971,9.52
20,2,C_Random_Full,7,0.9157894736842105,0.4666666666666667,0.8194594109195403,0.2576328180889236,6.966
20,2,C_Random_Full,8,0.9052631578947369,0.4383561643835616,0.7265838509316769,0.21520650698639793,9.442
20,2,C_Random_Full,9,0.9,0.5106382978723404,0.7334386044063463,0.25260693511527493,5.678
20,3,C_ID,0,0.8447368421052631,0.5333333333333333,0.6843711843711844,0.3333073026200544,5.006
20,3,C_ID,1,0.8605263157894737,0.4788732394366197,0.7271074755737332,0.3200647904137942,5.739
20,3,C_ID,2,0.8973684210526316,0.6060606060606061,0.8216479193982473,0.42143052760437677,4.111
20,3,C_ID,3,0.8526315789473684,0.48120300751879697,0.7360284391534391,0.2527594300981579,12.799
20,3,C_ID,4,0.8868421052631579,0.5471698113207547,0.8049964858475498,0.4450011600226379,4.956
20,3,C_ID,5,0.8631578947368421,0.5609756097560976,0.7411520737327189,0.43181908181352,4.274
20,3,C_ID,6,0.8605263157894737,0.5645161290322581,0.7592373708823681,0.4023489161584588,2.885
20,3,C_ID,7,0.881578947368421,0.56,0.7506202758063585,0.35175737156191217,4.603
20,3,C_ID,8,0.8605263157894737,0.5314685314685315,0.7662863756613756,0.3527875466264916,5.555
20,3,C_ID,9,0.8842105263157894,0.6271186440677966,0.785453438831406,0.4896784047500483,4.314
20,3,C_Random_Diag,0,0.868421052631579,0.5,0.7479883156966489,0.37207107381999927,4.541
20,3,C_Random_Diag,1,0.8631578947368421,0.578125,0.7361904761904763,0.39314433676780913,4.247
20,3,C_Random_Diag,2,0.8842105263157894,0.5217391304347826,0.8026202321724709,0.3342887032726376,3.939
20,3,C_Random_Diag,3,0.9026315789473685,0.5531914893617021,0.8051271645021646,0.4482594644833304,4.646
20,3,C_Random_Diag,4,0.8631578947368421,0.5432098765432098,0.781912615121011,0.4146231429675751,7.389
20,3,C_Random_Diag,5,0.9236842105263158,0.6172839506172839,0.8097601323407774,0.43817749616697005,5.203
20,3,C_Random_Diag,6,0.8736842105263158,0.5079365079365079,0.7349613039399625,0.3201565795748741,6.554
20,3,C_Random_Diag,7,0.8552631578947368,0.5673758865248227,0.7380903437997841,0.35149472348873,5.817
20,3,C_Random_Diag,8,0.8473684210526315,0.5671641791044776,0.7532922737970057,0.3360578910082949,4.694
20,3,C_Random_Diag,9,0.8657894736842106,0.56,0.7777681610986095,0.33485304609629746,5.611
20,3,C_Random_Min_Diag,0,0.8763157894736842,0.5573770491803278,0.7658500710083181,0.43767201769358155,6.675
20,3,C_Random_Min_Diag,1,0.868421052631579,0.609375,0.8057902097902099,0.3808028914514027,4.599
20,3,C_Random_Min_Diag,2,0.9052631578947369,0.6170212765957447,0.862256277430031,0.4758734584739104,4.308
20,3,C_Random_Min_Diag,3,0.8789473684210526,0.5736434108527132,0.771305197979469,0.42313050278034087,4.287
20,3,C_Random_Min_Diag,4,0.8552631578947368,0.5481481481481482,0.811444245288143,0.37803166997081583,4.227
20,3,C_Random_Min_Diag,5,0.8631578947368421,0.5166666666666667,0.7365489202175405,0.35492761916146165,3.909
20,3,C_Random_Min_Diag,6,0.8763157894736842,0.5128205128205128,0.8004350676440789,0.3493015448380853,4.931
20,3,C_Random_Min_Diag,7,0.8763157894736842,0.5882352941176471,0.7866251226126594,0.4072321366855342,4.613
20,3,C_Random_Min_Diag,8,0.8315789473684211,0.5341614906832298,0.7287385246283611,0.3253490974778927,6.45
20,3,C_Random_Min_Diag,9,0.85,0.5874125874125874,0.7281061463046757,0.3900837353516214,4.633
20,3,C_Random_Full,0,0.8473684210526315,0.4134078212290503,0.6494699079031914,0.17357050458677944,12.761
20,3,C_Random_Full,1,0.85,0.425531914893617,0.6861115637390691,0.21900374524010785,9.923
20,3,C_Random_Full,2,0.8342105263157895,0.484375,0.6859197066203436,0.2886323473554645,6.214
20,3,C_Random_Full,3,0.8526315789473684,0.4788732394366197,0.6702097902097902,0.22128480693150882,9.511
20,3,C_Random_Full,4,0.8315789473684211,0.4444444444444444,0.6686946071804116,0.21259933248197604,15.159
20,3,C_Random_Full,5,0.8631578947368421,0.3787878787878788,0.6636374127286365,0.22650014598981164,8.902
20,3,C_Random_Full,6,0.8921052631578947,0.4166666666666667,0.7180012950571983,0.2512664748162319,4.892
20,3,C_Random_Full,7,0.8789473684210526,0.45112781954887216,0.7016727414735745,0.19713103548279298,8.553
20,3,C_Random_Full,8,0.8657894736842106,0.5185185185185185,0.7103333333333334,0.24107438714649518,7.513
20,3,C_Random_Full,9,0.8552631578947368,0.45517241379310347,0.6670057828228744,0.2764071341824582,7.18
20,4,C_ID,0,0.8473684210526315,0.5771812080536913,0.7721877649368614,0.4539509395698412,3.337
20,4,C_ID,1,0.8552631578947368,0.5882352941176471,0.7871428571428573,0.4145581232878631,4.625
20,4,C_ID,2,0.8105263157894737,0.5402298850574713,0.717125,0.346425250316224,7.848
20,4,C_ID,3,0.8526315789473684,0.6233766233766234,0.7431100252882432,0.5092334656806383,6.379
20,4,C_ID,4,0.8289473684210527,0.5695364238410596,0.7258266966759002,0.39066964196618303,6.796
20,4,C_ID,5,0.8342105263157895,0.5733333333333334,0.7472406181015452,0.4613818105193771,4.52
20,4,C_ID,6,0.8157894736842105,0.5317919075144508,0.6778106382066778,0.33172223599633344,6.231
20,4,C_ID,7,0.8473684210526315,0.5735294117647058,0.7370334125541731,0.3655134221115989,4.115
20,4,C_ID,8,0.8289473684210527,0.5714285714285714,0.7094407530454041,0.4291932432629517,5.475
20,4,C_ID,9,0.8342105263157895,0.5714285714285714,0.7696496909037386,0.43231217738294864,3.196
20,4,C_Random_Diag,0,0.8394736842105263,0.5853658536585366,0.7291195324283559,0.38921407372818495,4.603
20,4,C_Random_Diag,1,0.8157894736842105,0.5108695652173914,0.6591492839352429,0.39005332052825664,5.601
20,4,C_Random_Diag,2,0.7973684210526316,0.5520833333333334,0.6915517973666938,0.3747195178465298,5.779
20,4,C_Random_Diag,3,0.8552631578947368,0.632258064516129,0.7656337062277656,0.45040013294243453,4.31
20,4,C_Random_Diag,4,0.8315789473684211,0.569620253164557,0.7636175115207372,0.4046014816425298,5.035
20,4,C_Random_Diag,5,0.8105263157894737,0.5497076023391813,0.7304595565465131,0.36532155309496805,4.739
20,4,C_Random_Diag,6,0.8,0.5057471264367817,0.6777500409232281,0.33253957401159406,3.766
20,4,C_Random_Diag,7,0.8131578947368421,0.5,0.6946308724832215,0.32465711618909426,3.926
20,4,C_Random_Diag,8,0.8447368421052631,0.5223880597014925,0.7409737933634993,0.35222592077999987,5.037
20,4,C_Random_Diag,9,0.8289473684210527,0.5903614457831325,0.7282751744765703,0.46084189399196873,5.612
20,4,C_Random_Min_Diag,0,0.8394736842105263,0.5662650602409639,0.768489819274236,0.3662709910895463,6.502
20,4,C_Random_Min_Diag,1,0.8657894736842106,0.5413533834586466,0.7641514041514041,0.4408108405340285,3.541
20,4,C_Random_Min_Diag,2,0.8315789473684211,0.5952380952380952,0.7713342762847714,0.4414313583712079,5.593
20,4,C_Random_Min_Diag,3,0.8210526315789474,0.5194805194805194,0.6826875000000001,0.379170281129799,5.694
20,4,C_Random_Min_Diag,4,0.8289473684210527,0.5146198830409356,0.6996509525211321,0.4398390120510026,3.171
20,4,C_Random_Min_Diag,5,0.7947368421052632,0.5617977528089888,0.7342572283150548,0.3880873699896855,6.036
20,4,C_Random_Min_Diag,6,0.8184210526315789,0.4484848484848485,0.6635431094182825,0.3425511456627141,3.761
20,4,C_Random_Min_Diag,7,0.8289473684210527,0.6,0.72468754943838,0.42675557400681213,5.02
20,4,C_Random_Min_Diag,8,0.8368421052631579,0.5798816568047337,0.7694394213381555,0.44485598685886685,10.452
20,4,C_Random_Min_Diag,9,0.8184210526315789,0.5402298850574713,0.7307978142076503,0.4053829691195816,4.187
20,4,C_Random_Full,0,0.8105263157894737,0.43312101910828027,0.644144144144144,0.2490934948841325,4.554
20,4,C_Random_Full,1,0.8184210526315789,0.46875,0.6445371417797888,0.19914476803373266,23.741
20,4,C_Random_Full,2,0.8526315789473684,0.5131578947368421,0.7250763607230484,0.3734350041809248,5.925
20,4,C_Random_Full,3,0.7789473684210526,0.45136186770428016,0.6335666023166023,0.231656872229351,5.458
20,4,C_Random_Full,4,0.7763157894736842,0.4891304347826087,0.6454506537982566,0.3047275322877406,6.187
20,4,C_Random_Full,5,0.7894736842105263,0.45652173913043476,0.6387240942888783,0.3033481009945133,5.64
20,4,C_Random_Full,6,0.8184210526315789,0.3916083916083916,0.6206221198156683,0.24638360803717366,4.452
20,4,C_Random_Full,7,0.7868421052631579,0.5082872928176796,0.6389358108108107,0.28805359526037044,5.502
20,4,C_Random_Full,8,0.8210526315789474,0.4675324675324675,0.6712514858210222,0.36797633659650003,5.377
20,4,C_Random_Full,9,0.7736842105263158,0.46956521739130436,0.6364499288087326,0.24860754756281228,5.777
25,1,C_ID,0,0.9383333333333334,0.5652173913043478,0.8834958628841607,0.3384510701266395,16.324
25,1,C_ID,1,0.9633333333333334,0.5846153846153846,0.8929997739431843,0.37630013465988993,10.408
25,1,C_ID,2,0.9616666666666667,0.5333333333333333,0.8088469328703703,0.33909850942048764,5.502
25,1,C_ID,3,0.9616666666666667,0.5862068965517241,0.9111973476000302,0.36796841432648714,5.882
25,1,C_ID,4,0.9633333333333334,0.5714285714285714,0.9572120949074074,0.4612410309936119,8.029
25,1,C_ID,5,0.97,0.5483870967741935,0.9050015728216421,0.49857427136822907,5.628
25,1,C_ID,6,0.9583333333333334,0.5757575757575758,0.906504347826087,0.3592836010292061,6.221
25,1,C_ID,7,0.965,0.49122807017543857,0.8694382761740274,0.2612221478960972,12.229
25,1,C_ID,8,0.96,0.5555555555555556,0.8232712409541678,0.30847579699235644,7.039
25,1,C_ID,9,0.9666666666666667,0.65625,0.9022687609075043,0.5105002294010796,11.424
25,1,C_Random_Diag,0,0.9683333333333334,0.5957446808510638,0.8274529155358171,0.3626742267148297,8.731
25,1,C_Random_Diag,1,0.9633333333333334,0.3125,0.8060695780903034,0.13563911372625276,81.46
25,1,C_Random_Diag,2,0.9566666666666667,0.46875,0.796368265880461,0.2784645600015705,13.607
25,1,C_Random_Diag,3,0.9833333333333333,0.6666666666666666,0.8487799657534247,0.5748036694556783,42.563
25,1,C_Random_Diag,4,0.9433333333333334,0.4731182795698925,0.7830341340075853,0.31340342278979,14.584
25,1,C_Random_Diag,5,0.9733333333333334,0.47619047619047616,0.8304794520547946,0.20872717713090783,13.626
25,1,C_Random_Diag,6,0.9516666666666667,0.5588235294117647,0.8485964912280703,0.3198460782013116,22.385
25,1,C_Random_Diag,7,0.965,0.5,0.8072900283107896,0.3019463769782713,10.067
25,1,C_Random_Diag,8,0.9633333333333334,0.5,0.8232148474363008,0.25025388934513704,10.143
25,1,C_Random_Diag,9,0.965,0.52,0.8543876963566082,0.2957399000908562,19.729
25,1,C_Random_Min_Diag,0,0.9633333333333334,0.6333333333333333,0.8980836236933798,0.42747940927940886,8.162
25,1,C_Random_Min_Diag,1,0.96,0.6031746031746031,0.8883990579141252,0.4807054560317504,17.361
25,1,C_Random_Min_Diag,2,0.9616666666666667,0.4057971014492754,0.8622260869565217,0.2537698932241236,19.74
25,1,C_Random_Min_Diag,3,0.9583333333333334,0.5230769230769231,0.8808691308691308,0.4184090973882646,5.788
25,1,C_Random_Min_Diag,4,0.9683333333333334,0.5238095238095238,0.8679228190959326,0.2641769779263833,7.557
25,1,C_Random_Min_Diag,5,0.96,0.647887323943662,0.819762323943662,0.5564024314500124,3.643
25,1,C_Random_Min_Diag,6,0.9666666666666667,0.48148148148148145,0.870948275862069,0.28069967953552066,8.997
25,1,C_Random_Min_Diag,7,0.9616666666666667,0.6567164179104478,0.9546703296703298,0.4978807516719266,6.415
25,1,C_Random_Min_Diag,8,0.975,0.6363636363636364,0.8907692307692308,0.3098636466748179,9.735
25,1,C_Random_Min_Diag,9,0.9666666666666667,0.5862068965517241,0.8531007459874915,0.42535791236971876,3.854
25,1,C_Random_Full,0,0.955,0.47761194029850745,0.8601086413586413,0.346943031561597,7.166
25,1,C_Random_Full,1,0.955,0.30434782608695654,0.7505978928317497,0.18369984590414778,9.598
25,1,C_Random_Full,2,0.9633333333333334,0.4,0.8457162233441338,0.2725039016453191,11.867
25,1,C_Random_Full,3,0.9616666666666667,0.42105263157894735,0.8653067129629629,0.3757402326109904,5.111
25,1,C_Random_Full,4,0.9683333333333334,0.4528301886792453,0.7951293103448276,0.27148427615252,12.964
25,1,C_Random_Full,5,0.9616666666666667,0.3958333333333333,0.8561901891342024,0.19133547515330449,63.34
25,1,C_Random_Full,6,0.9683333333333334,0.3655913978494624,0.920418516169943,0.2556141924709735,5.619
25,1,C_Random_Full,7,0.975,0.23684210526315788,0.791470462328767,0.16551107711873136,67.337
25,1,C_Random_Full,8,0.965,0.3950617283950617,0.8426679825643557,0.24084799053633477,10.631
25,1,C_Random_Full,9,0.9633333333333334,0.48,0.8077010021852158,0.3171381023335624,15.949
25,2,C_ID,0,0.94,0.5714285714285714,0.8480580357142857,0.3879463917604103,6.136
25,2,C_ID,1,0.9266666666666666,0.43243243243243246,0.7831031031031032,0.2681684343943902,17.963
25,2,C_ID,2,0.9283333333333333,0.5467625899280576,0.8734262589928057,0.3828448080298408,13.049
25,2,C_ID,3,0.9216666666666666,0.5692307692307692,0.8377427477493015,0.45756437574018727,3.9
25,2,C_ID,4,0.9283333333333333,0.5904761904761905,0.8438198498748957,0.4275040487917469,12.617
25,2,C_ID,5,0.9216666666666666,0.5,0.8528144357662268,0.2952153088594229,6.598
25,2,C_ID,6,0.925,0.4583333333333333,0.7841841841841841,0.2577456943659117,16.289
25,2,C_ID,7,0.9316666666666666,0.5849056603773585,0.8290545454545454,0.4688571117689629,6.14
25,2,C_ID,8,0.9166666666666666,0.46511627906976744,0.7331567835845773,0.19008102158851442,44.652
25,2,C_ID,9,0.9166666666666666,0.49230769230769234,0.7840909090909092,0.3053493083869817,6.759
25,2,C_Random_Diag,0,0.91,0.5285714285714286,0.7953157876582387,0.3070368536740394,9.592
25,2,C_Random_Diag,1,0.9333333333333333,0.5283018867924528,0.7852883454106281,0.38837375745814806,6.385
25,2,C_Random_Diag,2,0.93,0.5357142857142857,0.8710530807305001,0.3284997859137249,6.776
25,2,C_Random_Diag,3,0.9183333333333333,0.56,0.8439571835993926,0.36178207151995695,7.945
25,2,C_Random_Diag,4,0.9066666666666666,0.5306122448979592,0.8183922006302521,0.33203283054286686,6.157
25,2,C_Random_Diag,5,0.915,0.5826771653543307,0.8236840320173654,0.39907260857204674,7.681
25,2,C_Random_Diag,6,0.9283333333333333,0.5391304347826087,0.8125725725725726,0.3733043673381903,10.547
25,2,C_Random_Diag,7,0.925,0.5192307692307693,0.7755842808992927,0.3526611899498267,9.426
25,2,C_Random_Diag,8,0.9183333333333333,0.5230769230769231,0.7926902021336327,0.36207504004464464,10.316
25,2,C_Random_Diag,9,0.91,0.528,0.8156797331109258,0.3231254863275856,7.297
25,2,C_Random_Min_Diag,0,0.9233333333333333,0.41904761904761906,0.7788388388388389,0.24111691057355844,14.345
25,2,C_Random_Min_Diag,1,0.9066666666666666,0.5263157894736842,0.7908350840336136,0.3039339270349361,17.886
25,2,C_Random_Min_Diag,2,0.9066666666666666,0.5581395348837209,0.7674739183558381,0.365527439864936,13.711
25,2,C_Random_Min_Diag,3,0.9233333333333333,0.5984251968503937,0.8747835789311684,0.3680509493691947,13.627
25,2,C_Random_Min_Diag,4,0.9433333333333334,0.5957446808510638,0.8899115044247787,0.350004484137945,8.522
25,2,C_Random_Min_Diag,5,0.9133333333333333,0.5413533834586466,0.8304046573091897,0.32885257091595377,12.918
25,2,C_Random_Min_Diag,6,0.9266666666666666,0.5217391304347826,0.8283683683683685,0.3391653200309173,14.585
25,2,C_Random_Min_Diag,7,0.94,0.6407766990291263,0.9117478744277305,0.4807439593374121,14.713
25,2,C_Random_Min_Diag,8,0.9266666666666666,0.46153846153846156,0.7970857166715377,0.24708222807887728,9.972
25,2,C_Random_Min_Diag,9,0.9133333333333333,0.5581395348837209,0.8185563287815125,0.44162800073794306,8.44
25,2,C_Random_Full,0,0.9166666666666666,0.4460431654676259,0.7882909090909092,0.2649093933079103,14.658
25,2,C_Random_Full,1,0.8983333333333333,0.4460431654676259,0.7165820128349403,0.22697615031526128,18.697
25,2,C_Random_Full,2,0.93,0.3971631205673759,0.7048401369704898,0.2858374398314735,16.263
25,2,C_Random_Full,3,0.915,0.4258064516129032,0.7545448051716133,0.21815220873293673,10.504
25,2,C_Random_Full,4,0.935,0.45045045045045046,0.7440320470896011,0.36394672694040153,5.664
25,2,C_Random_Full,5,0.935,0.4122137404580153,0.7694592988710636,0.19585762889290997,10.052
25,2,C_Random_Full,6,0.9333333333333333,0.3969465648854962,0.7930133928571428,0.23483096319438018,10.275
25,2,C_Random_Full,7,0.9133333333333333,0.4148936170212766,0.7517195395845031,0.21128159276861658,11.622
25,2,C_Random_Full,8,0.9183333333333333,0.411214953271028,0.7424719434053114,0.2700098530296372,8.36
25,2,C_Random_Full,9,0.9166666666666666,0.4307692307692308,0.7583695957327343,0.30230920157326846,9.761
25,3,C_ID,0,0.9033333333333333,0.48,0.7736830385545235,0.2745496072660794,28.408
25,3,C_ID,1,0.8733333333333333,0.4975609756097561,0.775738248292487,0.2572851685091295,32.243
25,3,C_ID,2,0.8816666666666667,0.574585635359116,0.7648176635598588,0.39559885163917324,10.044
25,3,C_ID,3,0.8733333333333333,0.47337278106508873,0.7293078887906475,0.2716733021087689,8.683
25,3,C_ID,4,0.895,0.5202312138728323,0.766181208232381,0.3378208056172359,7.05
25,3,C_ID,5,0.8833333333333333,0.5869565217391305,0.7936620080156203,0.34015207554794036,12.874
25,3,C_ID,6,0.8916666666666667,0.5064935064935064,0.8166602167182663,0.3562123265532105,9.369
25,3,C_ID,7,0.8866666666666667,0.5347593582887701,0.7806361898140101,0.4455777557880366,5.816
25,3,C_ID,8,0.8966666666666666,0.5428571428571428,0.785967526461823,0.38199098721907804,5.5
25,3,C_ID,9,0.8966666666666666,0.5454545454545454,0.8288281811646299,0.38276886799731974,10.081
25,3,C_Random_Diag,0,0.9133333333333333,0.6231884057971014,0.8201435566775146,0.41896824413109884,5.917
25,3,C_Random_Diag,1,0.9033333333333333,0.5857142857142857,0.771078167115903,0.4494320712054075,11.702
25,3,C_Random_Diag,2,0.89,0.5714285714285714,0.8025785656728446,0.38881484959685575,9.832
25,3,C_Random_Diag,3,0.89,0.5443037974683544,0.7935010783608915,0.31966357047379584,12.211
25,3,C_Random_Diag,4,0.9066666666666666,0.5531914893617021,0.8014808768656716,0.38275935327372296,8.522
25,3,C_Random_Diag,5,0.8933333333333333,0.49635036496350365,0.7553582363747703,0.3767806987405974,9.866
25,3,C_Random_Diag,6,0.8616666666666667,0.5204081632653061,0.7522043140790254,0.3755537438301606,6.413
25,3,C_Random_Diag,7,0.875,0.56,0.7801802884615385,0.3864541589750893,7.654
25,3,C_Random_Diag,8,0.8666666666666667,0.518918918918919,0.7313565974452294,0.32548244517640135,7.963
25,3,C_Random_Diag,9,0.89,0.5369127516778524,0.7987063246351171,0.37034380491267316,11.535
25,3,C_Random_Min_Diag,0,0.92,0.6106870229007634,0.8462971266944914,0.3711081178571722,9.017
25,3,C_Random_Min_Diag,1,0.895,0.5398773006134969,0.7660081471817672,0.4085083341803886,6.779
25,3,C_Random_Min_Diag,2,0.8983333333333333,0.6120218579234973,0.834463492063492,0.4536151330315614,7.518
25,3,C_Random_Min_Diag,3,0.8816666666666667,0.49101796407185627,0.7642109747330865,0.29010288355915326,11.456
25,3,C_Random_Min_Diag,4,0.8833333333333333,0.5837837837837838,0.8238421465781773,0.46879562672883274,7.559
25,3,C_Random_Min_Diag,5,0.8866666666666667,0.5521472392638037,0.8387051608748005,0.33304319951583217,14.356
25,3,C_Random_Min_Diag,6,0.89,0.547486033519553,0.7934615384615386,0.43778391719852816,8.826
25,3,C_Random_Min_Diag,7,0.8983333333333333,0.5,0.7702857610742652,0.3724429041303989,6.611
25,3,C_Random_Min_Diag,8,0.8983333333333333,0.5534591194968553,0.8110902255639099,0.3824107245907,11.647
25,3,C_Random_Min_Diag,9,0.8916666666666667,0.5380116959064327,0.827843665768194,0.39522861914734797,7.206
25,3,C_Random_Full,0,0.8866666666666667,0.4539877300613497,0.6918448307995421,0.3203740742731865,13.014
25,3,C_Random_Full,1,0.8816666666666667,0.4342105263157895,0.7451476343885619,0.27780835907114443,10.852
25,3,C_Random_Full,2,0.885,0.46987951807228917,0.7537341249767033,0.3251309889730235,10.046
25,3,C_Random_Full,3,0.885,0.4205128205128205,0.7186322164747472,0.2901953942275839,7.7
25,3,C_Random_Full,4,0.9166666666666666,0.4716981132075472,0.7208316374983041,0.31229270849808544,7.516
25,3,C_Random_Full,5,0.8916666666666667,0.36470588235294116,0.6881850513059702,0.19217699709664446,11.212
25,3,C_Random_Full,6,0.8766666666666667,0.4507042253521127,0.7472252912816391,0.32506401048429,6.643
25,3,C_Random_Full,7,0.8566666666666667,0.45569620253164556,0.7284182426929691,0.2610963405820464,6.465
25,3,C_Random_Full,8,0.8833333333333333,0.4329896907216495,0.701847757853653,0.1974988492319334,8.241
25,3,C_Random_Full,9,0.8933333333333333,0.4050632911392405,0.7093196128731343,0.20503124144249069,18.068
25,4,C_ID,0,0.8833333333333333,0.5833333333333334,0.7259044194465366,0.3725834212048059,6.982
25,4,C_ID,1,0.8666666666666667,0.574468085106383,0.797318983224923,0.45920013543429844,8.402
25,4,C_ID,2,0.84,0.47509578544061304,0.7282707312647433,0.33879105920081715,7.327
25,4,C_ID,3,0.855,0.5150214592274678,0.7517887633140906,0.38149004410060744,5.721
25,4,C_ID,4,0.8533333333333334,0.5507246376811594,0.7515245141881454,0.42366696902557605,5.445
25,4,C_ID,5,0.8633333333333333,0.5544554455445545,0.7750060467468503,0.3829171394637233,6.542
25,4,C_ID,6,0.8733333333333333,0.5319148936170213,0.7300047072920233,0.3863303452922635,5.372
25,4,C_ID,7,0.855,0.5233644859813084,0.7450810185185186,0.41662550281884014,5.566
25,4,C_ID,8,0.89,0.54421768707483,0.7792788461538462,0.3863485229951499,7.872
25,4,C_ID,9,0.8383333333333334,0.5104602510460251,0.7108060789834669,0.40164971983533315,6.817
25,4,C_Random_Diag,0,0.8416666666666667,0.5142857142857142,0.7339026142707125,0.4345348742544524,8.333
25,4,C_Random_Diag,1,0.8716666666666667,0.5943396226415094,0.796762666894899,0.45270648941512204,7.74
25,4,C_Random_Diag,2,0.855,0.5245901639344263,0.7065812268682573,0.344289251082161,6.885
25,4,C_Random_Diag,3,0.8566666666666667,0.5794392523364486,0.7722360028348689,0.4060532764373927,5.707
25,4,C_Random_Diag,4,0.8633333333333333,0.5297297297297298,0.7374785087322413,0.36518393308637775,7.991
25,4,C_Random_Diag,5,0.8433333333333334,0.5333333333333333,0.7308994708994707,0.3718538285121365,9.204
25,4,C_Random_Diag,6,0.8433333333333334,0.5081967213114754,0.69574375935113,0.32470033739608484,7.955
25,4,C_Random_Diag,7,0.855,0.49056603773584906,0.7414689341489098,0.3149165799253185,8.536
25,4,C_Random_Diag,8,0.83,0.5198237885462555,0.7052355238326575,0.37235315546171127,8.043
25,4,C_Random_Diag,9,0.8316666666666667,0.43333333333333335,0.656130960520404,0.22911491243506196,22.758
25,4,C_Random_Min_Diag,0,0.8616666666666667,0.5769230769230769,0.7781635802469136,0.4798849518661928,5.376
25,4,C_Random_Min_Diag,1,0.8266666666666667,0.5169491525423728,0.7369413760739296,0.4078506564445118,7.87
25,4,C_Random_Min_Diag,2,0.8616666666666667,0.543778801843318,0.7436500000000001,0.47402440722727024,7.424
25,4,C_Random_Min_Diag,3,0.8666666666666667,0.5240174672489083,0.761236703490398,0.4038712069359933,6.955
25,4,C_Random_Min_Diag,4,0.8716666666666667,0.5142857142857142,0.7445802398629355,0.3564122584116288,9.633
25,4,C_Random_Min_Diag,5,0.825,0.5152838427947598,0.709590957823772,0.3793065546512963,5.483
25,4,C_Random_Min_Diag,6,0.8666666666666667,0.574468085106383,0.7571785780164375,0.377474146248958,7.497
25,4,C_Random_Min_Diag,7,0.8666666666666667,0.5180722891566265,0.7279993408042189,0.33369095850069275,5.451
25,4,C_Random_Min_Diag,8,0.8516666666666667,0.5,0.6903836019697989,0.41116733691732543,5.38
25,4,C_Random_Min_Diag,9,0.8716666666666667,0.5549738219895288,0.7532350013573432,0.4134176428854356,5.607
25,4,C_Random_Full,0,0.8616666666666667,0.46788990825688076,0.730170265780731,0.2811075452240618,8.615
25,4,C_Random_Full,1,0.8383333333333334,0.4444444444444444,0.6916132073538153,0.2874730379154906,9.744
25,4,C_Random_Full,2,0.8833333333333333,0.4688995215311005,0.7544130567906493,0.29404137627372134,13.75
25,4,C_Random_Full,3,0.8766666666666667,0.4321608040201005,0.7223659100040176,0.2915800794779186,8.683
25,4,C_Random_Full,4,0.835,0.4357976653696498,0.6831085304139196,0.2604995763285878,10.415
25,4,C_Random_Full,5,0.8366666666666667,0.4292237442922374,0.6736590764690209,0.24658807398266794,12.494
25,4,C_Random_Full,6,0.86,0.44813278008298757,0.703826936434317,0.2682937478901124,7.372
25,4,C_Random_Full,7,0.8516666666666667,0.44881889763779526,0.68263,0.3094312713817551,11.729
25,4,C_Random_Full,8,0.84,0.4489795918367347,0.6949869723814487,0.24376410115297478,9.522
25,4,C_Random_Full,9,0.8716666666666667,0.4473684210526316,0.7197859501874799,0.24877282557267646,9.785
30,1,C_ID,0,0.9551724137931035,0.3853211009174312,0.8097442068561203,0.22571757694126707,109.103
30,1,C_ID,1,0.9747126436781609,0.6451612903225806,0.8509925347811333,0.4730235315871041,8.315
30,1,C_ID,2,0.9655172413793104,0.5,0.8039140297589297,0.2837934008484527,6.374
30,1,C_ID,3,0.9632183908045977,0.4935064935064935,0.8777346303202738,0.2825880471860717,24.92
30,1,C_ID,4,0.9873563218390805,0.717948717948718,0.9462822014051522,0.5843205429107791,5.514
30,1,C_ID,5,0.9655172413793104,0.547945205479452,0.8636309523809524,0.3189689666470851,14.28
30,1,C_ID,6,0.9712643678160919,0.5230769230769231,0.8562309127926704,0.37568940956855623,8.893
30,1,C_ID,7,0.9735632183908046,0.5185185185185185,0.8794556213017752,0.3019232273493486,17.078
30,1,C_ID,8,0.9735632183908046,0.6461538461538462,0.9407872412623006,0.4926271840427887,9.997
30,1,C_ID,9,0.964367816091954,0.4406779661016949,0.8269047619047619,0.23256075204153612,30.962
30,1,C_Random_Diag,0,0.960919540229885,0.5806451612903226,0.8389288569144684,0.3415256017175875,18.052
30,1,C_Random_Diag,1,0.9655172413793104,0.5714285714285714,0.8978046060978893,0.34942845442477266,11.177
30,1,C_Random_Diag,2,0.960919540229885,0.43902439024390244,0.9184135259404077,0.25821258830572613,19.097
30,1,C_Random_Diag,3,0.9632183908045977,0.5057471264367817,0.8164259078237572,0.2897913326962491,19.88
30,1,C_Random_Diag,4,0.9804597701149426,0.45161290322580644,0.9146778821074596,0.3415182919408522,15.528
30,1,C_Random_Diag,5,0.9586206896551724,0.5773195876288659,0.9266733720515234,0.39636709812416443,15.174
30,1,C_Random_Diag,6,0.9839080459770115,0.7083333333333334,0.8672009005145798,0.5609638836966935,75.481
30,1,C_Random_Diag,7,0.9701149425287356,0.6060606060606061,0.9428773240977033,0.3868822284947642,8.947
30,1,C_Random_Diag,8,0.9758620689655172,0.47619047619047616,0.8744930958369694,0.3374937917339998,38.192
30,1,C_Random_Diag,9,0.9735632183908046,0.6101694915254238,0.913053029304512,0.4383093815333897,6.993
30,1,C_Random_Min_Diag,0,0.9655172413793104,0.5555555555555556,0.8942063492063492,0.33835526826034,8.113
30,1,C_Random_Min_Diag,1,0.9747126436781609,0.6071428571428571,0.8637581828566407,0.3486564986835078,12.042
30,1,C_Random_Min_Diag,2,0.9735632183908046,0.625,0.9186859732072499,0.42269801447696836,10.997
30,1,C_Random_Min_Diag,3,0.9666666666666667,0.40540540540540543,0.8172331788921234,0.22393215212358017,40.75
30,1,C_Random_Min_Diag,4,0.967816091954023,0.5483870967741935,0.8726402399169518,0.414593024569049,6.98
30,1,C_Random_Min_Diag,5,0.9632183908045977,0.5066666666666667,0.887185628742515,0.36044322383145855,22.636
30,1,C_Random_Min_Diag,6,0.964367816091954,0.5684210526315789,0.9075884290938055,0.39417457467052913,9.547
30,1,C_Random_Min_Diag,7,0.9666666666666667,0.5432098765432098,0.9249872751951138,0.3109907451209994,7.689
30,1,C_Random_Min_Diag,8,0.9586206896551724,0.4946236559139785,0.864297070179423,0.3496403349399672,10.829
30,1,C_Random_Min_Diag,9,0.9712643678160919,0.5,0.8904852071005918,0.3007776241718417,7.672
30,1,C_Random_Full,0,0.9735632183908046,0.3185840707964602,0.8900980442482418,0.17775932642657694,16.506
30,1,C_Random_Full,1,0.9655172413793104,0.4339622641509434,0.8507476195648239,0.3639048566593074,12.961
30,1,C_Random_Full,2,0.964367816091954,0.34615384615384615,0.8654888692375717,0.20598044777426666,27.047
30,1,C_Random_Full,3,0.9735632183908046,0.32558139534883723,0.8375340074944819,0.1830825768331412,103.175
30,1,C_Random_Full,4,0.9701149425287356,0.4,0.8529940828402367,0.20891484408026467,10.652
30,1,C_Random_Full,5,0.9758620689655172,0.46153846153846156,0.8785226631076433,0.28719894875656615,16.046
30,1,C_Random_Full,6,0.964367816091954,0.4,0.8031241204615818,0.29708550769115205,9.418
30,1,C_Random_Full,7,0.964367816091954,0.36363636363636365,0.8091850403678361,0.28521347458906543,9.143
30,1,C_Random_Full,8,0.9632183908045977,0.3076923076923077,0.8530168556085919,0.1684957176294054,15.034
30,1,C_Random_Full,9,0.964367816091954,0.4578313253012048,0.895043626226422,0.3560920344572506,10.305
30,2,C_ID,0,0.9425287356321839,0.5806451612903226,0.8663022866703849,0.40378366910988867,9.566
30,2,C_ID,1,0.9218390804597701,0.5432098765432098,0.8053939517852828,0.3171829628108847,17.777
30,2,C_ID,2,0.9436781609195403,0.6016260162601627,0.8319626317470457,0.4106095543067118,9.885
30,2,C_ID,3,0.9367816091954023,0.5084745762711864,0.8655478395061729,0.29394776290823016,12.184
30,2,C_ID,4,0.9367816091954023,0.5669291338582677,0.8019493549928334,0.43849386227276116,11.484
30,2,C_ID,5,0.9494252873563218,0.5636363636363636,0.8930834347120844,0.4124872238546331,10.828
30,2,C_ID,6,0.9264367816091954,0.47435897435897434,0.8223277551635761,0.3057683477967945,15.559
30,2,C_ID,7,0.9367816091954023,0.5375,0.8264303264303265,0.3569223581522001,9.45
30,2,C_ID,8,0.9459770114942528,0.5517241379310345,0.8838395711867593,0.41251553538229097,10.18
30,2,C_ID,9,0.9413793103448276,0.59375,0.8641861837327524,0.3396758543776431,17.598
30,2,C_Random_Diag,0,0.9448275862068966,0.4892086330935252,0.8587807967736099,0.2476027555781654,29.992
30,2,C_Random_Diag,1,0.9356321839080459,0.5531914893617021,0.7710559006211181,0.35308884787581746,9.94
30,2,C_Random_Diag,2,0.9229885057471264,0.52,0.7734893403468337,0.3015301984559627,15.234
30,2,C_Random_Diag,3,0.9367816091954023,0.5408805031446541,0.8663346788346789,0.37997568267614257,10.612
30,2,C_Random_Diag,4,0.957471264367816,0.5617977528089888,0.8038922558922559,0.4036015632494941,7.433
30,2,C_Random_Diag,5,0.957471264367816,0.3917525773195876,0.7635225153210765,0.16954453860182958,108.789
30,2,C_Random_Diag,6,0.9448275862068966,0.5619834710743802,0.833635441617574,0.44943051296161557,6.709
30,2,C_Random_Diag,7,0.9356321839080459,0.5655172413793104,0.8552123552123552,0.35883442520991415,9.788
30,2,C_Random_Diag,8,0.9333333333333333,0.567741935483871,0.8666358024691359,0.39177199706574795,10.026
30,2,C_Random_Diag,9,0.9310344827586207,0.48322147651006714,0.7926497941440784,0.26235137822347687,12.282
30,2,C_Random_Min_Diag,0,0.9206896551724137,0.573170731707317,0.8367712717438268,0.47639591578736973,10.323
30,2,C_Random_Min_Diag,1,0.9390804597701149,0.5255474452554745,0.8304658091037158,0.3172540071633258,10.659
30,2,C_Random_Min_Diag,2,0.9264367816091954,0.5106382978723404,0.7742379359770665,0.30490875633085757,10.244
30,2,C_Random_Min_Diag,3,0.9505747126436782,0.628099173553719,0.8639819353667393,0.448537173415808,7.36
30,2,C_Random_Min_Diag,4,0.9356321839080459,0.543046357615894,0.8570596232278114,0.3109123256502519,13.141
30,2,C_Random_Min_Diag,5,0.9264367816091954,0.5029940119760479,0.8341346153846154,0.3125761787629256,11.68
30,2,C_Random_Min_Diag,6,0.9229885057471264,0.5748502994011976,0.8476310272536688,0.4113390074763487,10.423
30,2,C_Random_Min_Diag,7,0.9310344827586207,0.5616438356164384,0.8371333014811275,0.38249491526618323,8.262
30,2,C_Random_Min_Diag,8,0.9436781609195403,0.5289256198347108,0.8393545452368982,0.3759246117586389,17.434
30,2,C_Random_Min_Diag,9,0.9264367816091954,0.5375,0.8372945099255584,0.3326220332113649,10.717
30,2,C_Random_Full,0,0.9287356321839081,0.4472049689440994,0.810483870967742,0.3081897530876912,15.671
30,2,C_Random_Full,1,0.9505747126436782,0.4084507042253521,0.8314726807457608,0.20015237921505827,12.737
30,2,C_Random_Full,2,0.9252873563218391,0.36363636363636365,0.7242071184863523,0.1768134113390882,37.464
30,2,C_Random_Full,3,0.9287356321839081,0.41935483870967744,0.8033076493133184,0.27003357986465165,11.691
30,2,C_Random_Full,4,0.9310344827586207,0.4277456647398844,0.7892118957553972,0.2390898551968936,10.524
30,2,C_Random_Full,5,0.9310344827586207,0.48,0.817746913580247,0.2900696185400977,11.581
30,2,C_Random_Full,6,0.9275862068965517,0.44086021505376344,0.7819476406837,0.2615300162848798,11.725
30,2,C_Random_Full,7,0.9344827586206896,0.4177215189873418,0.7596297015601734,0.23635830076729908,31.035
30,2,C_Random_Full,8,0.9344827586206896,0.43010752688172044,0.8212421024921025,0.2739268953430876,21.384
30,2,C_Random_Full,9,0.9333333333333333,0.41025641025641024,0.7988631222831966,0.3215236368877257,12.356
30,3,C_ID,0,0.9287356321839081,0.6077348066298343,0.836651774151774,0.4731286916715933,6.028
30,3,C_ID,1,0.8942528735632184,0.5271966527196653,0.8061056448153223,0.3443331774766138,13.86
30,3,C_ID,2,0.9080459770114943,0.5520833333333334,0.8029855837683911,0.3711005133327193,11.589
30,3,C_ID,3,0.9183908045977012,0.5615763546798029,0.7988609966279505,0.38525602354199373,8.016
30,3,C_ID,4,0.9080459770114943,0.5321100917431193,0.8063734399612261,0.3495981896332002,11.495
30,3,C_ID,5,0.9172413793103448,0.5813953488372093,0.7903200778682165,0.45046585443409204,8.407
30,3,C_ID,6,0.8931034482758621,0.44954128440366975,0.7587772103901136,0.2579050073457128,24.157
30,3,C_ID,7,0.8977011494252873,0.49586776859504134,0.7905927835051546,0.3628225175892248,16.255
30,3,C_ID,8,0.9,0.5242718446601942,0.758935064935065,0.35409159685490255,11.268
30,3,C_ID,9,0.9057471264367816,0.5232558139534884,0.777777043459871,0.43916142360848703,10.554
30,3,C_Random_Diag,0,0.9183908045977012,0.5025641025641026,0.8097526205450734,0.36674156258364804,10.923
30,3,C_Random_Diag,1,0.8873563218390804,0.5018450184501845,0.7591202284022418,0.28266348275021475,16.189
30,3,C_Random_Diag,2,0.906896551724138,0.47513812154696133,0.745809895121495,0.34824048246179146,10.973
30,3,C_Random_Diag,3,0.9091954022988505,0.5158371040723982,0.7769360529899715,0.3285311450457964,21.223
30,3,C_Random_Diag,4,0.9057471264367816,0.59,0.8058808997907463,0.35668653507479914,10.743
30,3,C_Random_Diag,5,0.9183908045977012,0.5232558139534884,0.7359142130134497,0.3653555914829778,12.347
30,3,C_Random_Diag,6,0.896551724137931,0.53125,0.7936742004632494,0.3061871892579334,11.416
30,3,C_Random_Diag,7,0.896551724137931,0.5592417061611374,0.8184132940230501,0.3607420955395995,10.171
30,3,C_Random_Diag,8,0.9149425287356322,0.48520710059171596,0.8296465435284531,0.30184149731851695,17.643
30,3,C_Random_Diag,9,0.8839080459770114,0.4682926829268293,0.7418854369182042,0.28927908812522674,7.6
30,3,C_Random_Min_Diag,0,0.9,0.48132780082987553,0.7904974489795918,0.2759665911434045,11.467
30,3,C_Random_Min_Diag,1,0.9022988505747126,0.5074626865671642,0.7666780374940674,0.3076063372577986,7.01
30,3,C_Random_Min_Diag,2,0.9126436781609195,0.5026737967914439,0.7875485170567138,0.31072167539756534,12.752
30,3,C_Random_Min_Diag,3,0.9172413793103448,0.5121951219512195,0.775296452175583,0.32561922269642657,11.714
30,3,C_Random_Min_Diag,4,0.9218390804597701,0.5357142857142857,0.7358682983682985,0.37999167866685146,9.065
30,3,C_Random_Min_Diag,5,0.9126436781609195,0.5673076923076923,0.8231667841574472,0.412079235948701,9.226
30,3,C_Random_Min_Diag,6,0.8954022988505748,0.5232067510548524,0.7903765041120625,0.3193155211669662,14.175
30,3,C_Random_Min_Diag,7,0.9126436781609195,0.5252525252525253,0.8520670859538784,0.32876026237565203,11.634
30,3,C_Random_Min_Diag,8,0.9126436781609195,0.5357142857142857,0.8158075821344557,0.3397641864114112,8.076
30,3,C_Random_Min_Diag,9,0.9022988505747126,0.5104166666666666,0.746037672687945,0.4213698466198365,7.91
30,3,C_Random_Full,0,0.9126436781609195,0.379746835443038,0.6840033806177913,0.15743273426011703,19.343
30,3,C_Random_Full,1,0.9057471264367816,0.43902439024390244,0.7350543478260869,0.3116711636153835,10.286
30,3,C_Random_Full,2,0.9241379310344827,0.4444444444444444,0.793506471184751,0.3420203542751402,8.082
30,3,C_Random_Full,3,0.9080459770114943,0.4028776978417266,0.750363924050633,0.22797467747550515,16.073
30,3,C_Random_Full,4,0.9172413793103448,0.45901639344262296,0.7713598995728785,0.35596701512353923,9.908
30,3,C_Random_Full,5,0.9,0.38926174496644295,0.7310887978743705,0.22990349668117122,22.367
30,3,C_Random_Full,6,0.9091954022988505,0.45384615384615384,0.7910776412560003,0.3592013712834432,14.268
30,3,C_Random_Full,7,0.9,0.4409448818897638,0.7432706555985555,0.2583846268509055,11.715
30,3,C_Random_Full,8,0.8988505747126436,0.42105263157894735,0.7301068926326086,0.2629255054395456,17.983
30,3,C_Random_Full,9,0.9045977011494253,0.43555555555555553,0.7331078989723907,0.2261686657332249,19.208
30,4,C_ID,0,0.8908045977011494,0.4738955823293173,0.7419315641100418,0.37984900818276607,14.156
30,4,C_ID,1,0.8839080459770114,0.5039370078740157,0.7728289122711434,0.4129080102648593,8.241
30,4,C_ID,2,0.8954022988505748,0.5106382978723404,0.7604696169816636,0.4067429203524392,8.466
30,4,C_ID,3,0.9045977011494253,0.5533980582524272,0.7887664190353143,0.43670410897464185,9.42
30,4,C_ID,4,0.8666666666666667,0.5271317829457365,0.7124440909419578,0.3388187034976868,11.274
30,4,C_ID,5,0.8793103448275862,0.4980237154150198,0.7621033177064551,0.3599558020522485,14.328
30,4,C_ID,6,0.8873563218390804,0.5714285714285714,0.7767108205355217,0.4261297961244951,8.554
30,4,C_ID,7,0.8827586206896552,0.536,0.7558665384752341,0.35730805763117407,8.706
30,4,C_ID,8,0.8724137931034482,0.5058365758754864,0.7324873782906599,0.36810622912414254,6.645
30,4,C_ID,9,0.8655172413793103,0.4868913857677903,0.7154028218442987,0.32009482454203425,10.657
30,4,C_Random_Diag,0,0.8747126436781609,0.546875,0.766353389859366,0.3355585262216234,10.204
30,4,C_Random_Diag,1,0.8747126436781609,0.5247148288973384,0.7444605780664044,0.3417073289032405,8.859
30,4,C_Random_Diag,2,0.8574712643678161,0.5323741007194245,0.7453378378378379,0.3282464866698874,10.522
30,4,C_Random_Diag,3,0.8850574712643678,0.5795918367346938,0.7578833333333335,0.3725464223005247,13.195
30,4,C_Random_Diag,4,0.8793103448275862,0.496,0.7369099102166832,0.3815407482900608,9.868
30,4,C_Random_Diag,5,0.8942528735632184,0.5358851674641149,0.8042467532467532,0.384572656673742,12.903
30,4,C_Random_Diag,6,0.8816091954022989,0.5761316872427984,0.7479467152743189,0.43203483826100475,7.359
30,4,C_Random_Diag,7,0.8850574712643678,0.48221343873517786,0.7578270985786447,0.381324014946199,11.363
30,4,C_Random_Diag,8,0.8758620689655172,0.46774193548387094,0.6790777777777779,0.3261811817900572,6.926
30,4,C_Random_Diag,9,0.8574712643678161,0.5173745173745173,0.7261986301369863,0.40542767466809015,10.403
30,4,C_Random_Min_Diag,0,0.8747126436781609,0.5161290322580645,0.7594139358252261,0.43078560798222754,10.367
30,4,C_Random_Min_Diag,1,0.8804597701149425,0.5367965367965368,0.7435864899756148,0.423749180051436,7.136
30,4,C_Random_Min_Diag,2,0.8827586206896552,0.5240174672489083,0.7765615585458927,0.33635487598299735,21.459
30,4,C_Random_Min_Diag,3,0.8896551724137931,0.5787234042553191,0.7549846075759414,0.42400145118640165,8.044
30,4,C_Random_Min_Diag,4,0.8724137931034482,0.5393258426966292,0.757511047996524,0.3919590206871515,8.745
30,4,C_Random_Min_Diag,5,0.860919540229885,0.5064102564102564,0.7493261455525606,0.37920687043781437,10.352
30,4,C_Random_Min_Diag,6,0.867816091954023,0.48221343873517786,0.713165100671141,0.3419014445740824,9.124
30,4,C_Random_Min_Diag,7,0.864367816091954,0.4864864864864865,0.725711117387984,0.3803809185921613,6.21
30,4,C_Random_Min_Diag,8,0.8850574712643678,0.5294117647058824,0.7743362333213127,0.4414770405135751,8.111
30,4,C_Random_Min_Diag,9,0.8747126436781609,0.48760330578512395,0.7365032863443743,0.3706984689785655,10.217
30,4,C_Random_Full,0,0.867816091954023,0.43278688524590164,0.6886261776273668,0.23363654463101846,16.03
30,4,C_Random_Full,1,0.8919540229885058,0.5104895104895105,0.7677632250816993,0.36519459973565854,9.814
30,4,C_Random_Full,2,0.8793103448275862,0.47491638795986624,0.7558028441591846,0.3147250171081031,14.714
30,4,C_Random_Full,3,0.867816091954023,0.38823529411764707,0.7122759078020671,0.24808317601871094,14.257
30,4,C_Random_Full,4,0.8655172413793103,0.4430379746835443,0.7213079962124922,0.329786185429518,17.178
30,4,C_Random_Full,5,0.8563218390804598,0.4630225080385852,0.6981513483529613,0.2606810332328761,15.856
30,4,C_Random_Full,6,0.860919540229885,0.4267990074441687,0.6898760353065378,0.2566272393971067,10.278
30,4,C_Random_Full,7,0.8931034482758621,0.39662447257383965,0.7015100129198966,0.2684439648660758,12.962
30,4,C_Random_Full,8,0.860919540229885,0.4294478527607362,0.6895710966950118,0.26434700385939575,11.257
30,4,C_Random_Full,9,0.8816091954022989,0.43781094527363185,0.7366013071895425,0.3074258886897437,8.92
40,1,C_ID,0,0.975,0.4897959183673469,0.8955056558606854,0.2924209294045238,28.481
40,1,C_ID,1,0.9814102564102564,0.5365853658536586,0.918714596949891,0.41335176179065447,22.288
40,1,C_ID,2,0.9756410256410256,0.5777777777777777,0.8726777886607042,0.39163264349605276,14.859
40,1,C_ID,3,0.9743589743589743,0.5849056603773585,0.872506381771769,0.5005669299082612,15.284
40,1,C_ID,4,0.9743589743589743,0.5294117647058824,0.9593127848404894,0.4286922125819994,19.179
40,1,C_ID,5,0.9730769230769231,0.53125,0.9196993032636597,0.4261430464616043,18.362
40,1,C_ID,6,0.9705128205128205,0.36809815950920244,0.901829303313997,0.1857495096966521,52.344
40,1,C_ID,7,0.9705128205128205,0.5535714285714286,0.8985842283613805,0.3699994808467029,19.631
40,1,C_ID,8,0.9788461538461538,0.5783132530120482,0.9438491000377052,0.32934110556278867,17.302
40,1,C_ID,9,0.9756410256410256,0.4583333333333333,0.8817518500587869,0.3063256177771045,21.192
40,1,C_Random_Diag,0,0.9634615384615385,0.5594405594405595,0.87761903094396,0.32338640982764605,10.163
40,1,C_Random_Diag,1,0.9814102564102564,0.4722222222222222,0.8442156862745098,0.29474349216969836,29.097
40,1,C_Random_Diag,2,0.9782051282051282,0.48484848484848486,0.8521617089530475,0.27520401601221856,24.988
40,1,C_Random_Diag,3,0.9794871794871794,0.4444444444444444,0.8625667447306792,0.31689655640511033,28.982
40,1,C_Random_Diag,4,0.9737179487179487,0.45901639344262296,0.8257438301835289,0.24899175556244058,34.638
40,1,C_Random_Diag,5,0.9743589743589743,0.4793388429752066,0.8881909153648284,0.3391802117544345,16.444
40,1,C_Random_Diag,6,0.9801282051282051,0.5617977528089888,0.8550470295317796,0.41972650408323636,20.44
40,1,C_Random_Diag,7,0.9775641025641025,0.5979381443298969,0.9602488241541496,0.41048356233038596,13.931
40,1,C_Random_Diag,8,0.9730769230769231,0.4727272727272727,0.8966450216450215,0.3070008330263721,23.066
40,1,C_Random_Diag,9,0.9698717948717949,0.5081967213114754,0.8724037068807919,0.31038791648286634,37.891
40,1,C_Random_Min_Diag,0,0.9794871794871794,0.5681818181818182,0.9150134980366491,0.37123351121257775,30.44
40,1,C_Random_Min_Diag,1,0.9717948717948718,0.45217391304347826,0.8633815063564403,0.25956832024026544,34.127
40,1,C_Random_Min_Diag,2,0.9737179487179487,0.5048543689320388,0.9537993421052631,0.29510788095371554,27.84
40,1,C_Random_Min_Diag,3,0.9839743589743589,0.5714285714285714,0.9085912396414679,0.4277991166029954,23.115
40,1,C_Random_Min_Diag,4,0.9788461538461538,0.5063291139240507,0.8966978230239528,0.2967397485983786,25.404
40,1,C_Random_Min_Diag,5,0.9801282051282051,0.6436781609195402,0.9208743103861836,0.4541059326692821,17.33
40,1,C_Random_Min_Diag,6,0.9794871794871794,0.5070422535211268,0.9149649739040702,0.3846124421551672,26.938
40,1,C_Random_Min_Diag,7,0.982051282051282,0.6,0.8077792359288423,0.43094864176838377,12.924
40,1,C_Random_Min_Diag,8,0.9782051282051282,0.5405405405405406,0.8779345290172061,0.3350931755565207,34.503
40,1,C_Random_Min_Diag,9,0.9737179487179487,0.4444444444444444,0.921273623532812,0.2865185443763816,36.403
40,1,C_Random_Full,0,0.9666666666666667,0.2807017543859649,0.8253225743577748,0.1633045862493507,41.034
40,1,C_Random_Full,1,0.9756410256410256,0.44642857142857145,0.8646875,0.3579713212459191,27.061
40,1,C_Random_Full,2,0.9711538461538461,0.3728813559322034,0.8885263883224818,0.2609499988836932,23.384
40,1,C_Random_Full,3,0.9698717948717949,0.41818181818181815,0.8203301880159188,0.22201913702623333,30.019
40,1,C_Random_Full,4,0.9743589743589743,0.39344262295081966,0.8141508373609081,0.2631848543496607,25.392
40,1,C_Random_Full,5,0.9826923076923076,0.21052631578947367,0.8475151603005484,0.15141193021472676,80.667
40,1,C_Random_Full,6,0.9743589743589743,0.40860215053763443,0.8890557009585895,0.2826701592215389,26.641
40,1,C_Random_Full,7,0.9769230769230769,0.32167832167832167,0.8869477252843394,0.18347362534828135,44.358
40,1,C_Random_Full,8,0.9737179487179487,0.4397163120567376,0.9544469243244111,0.31145897448583065,24.719
40,1,C_Random_Full,9,0.9769230769230769,0.4266666666666667,0.8951007025761124,0.268507461275889,26.655
40,2,C_ID,0,0.9576923076923077,0.6333333333333333,0.8797743055555556,0.39275141300590677,20.91
40,2,C_ID,1,0.9455128205128205,0.5531914893617021,0.8687451606658925,0.3261633340053025,20.471
40,2,C_ID,2,0.9512820512820512,0.5056179775280899,0.8184471662150958,0.36079847379482055,17.189
40,2,C_ID,3,0.9532051282051283,0.5517241379310345,0.8358774216970857,0.3937577686325349,15.403
40,2,C_ID,4,0.9442307692307692,0.49572649572649574,0.8123994193935188,0.23648705442550327,23.897
40,2,C_ID,5,0.9461538461538461,0.5428571428571428,0.8505008710801394,0.34715309791873483,20.853
40,2,C_ID,6,0.9474358974358974,0.5473684210526316,0.8553407949806131,0.43644237539554387,41.124
40,2,C_ID,7,0.9519230769230769,0.5414364640883977,0.8953121215266965,0.4217073520832855,19.738
40,2,C_ID,8,0.9544871794871795,0.494949494949495,0.8582362604540024,0.34752919610124433,52.051
40,2,C_ID,9,0.9487179487179487,0.5454545454545454,0.8749282094594593,0.32693454304383873,17.987
40,2,C_Random_Diag,0,0.9570512820512821,0.5433526011560693,0.8367855964650958,0.2939131905204991,25.492
40,2,C_Random_Diag,1,0.9525641025641025,0.46226415094339623,0.8429576952457167,0.2887880473303934,23.96
40,2,C_Random_Diag,2,0.9461538461538461,0.5346534653465347,0.8596526006328592,0.40591050883862617,15.755
40,2,C_Random_Diag,3,0.9442307692307692,0.5079365079365079,0.8053114448897163,0.287552328025326,20.063
40,2,C_Random_Diag,4,0.9429487179487179,0.47058823529411764,0.8537490551776267,0.3304051405226595,26.059
40,2,C_Random_Diag,5,0.9596153846153846,0.5205479452054794,0.8073549124743731,0.3677035521282156,20.312
40,2,C_Random_Diag,6,0.9429487179487179,0.5164319248826291,0.824856520878686,0.3500505940854601,25.267
40,2,C_Random_Diag,7,0.9551282051282052,0.5573770491803278,0.9007538830890108,0.4192491441148485,23.118
40,2,C_Random_Diag,8,0.9461538461538461,0.5333333333333333,0.8353465833274808,0.3709233904763228,21.1
40,2,C_Random_Diag,9,0.9532051282051283,0.5743589743589743,0.8612457770270271,0.41655568454213565,20.548
40,2,C_Random_Min_Diag,0,0.9448717948717948,0.463768115942029,0.860527814843427,0.31515365951812613,47.046
40,2,C_Random_Min_Diag,1,0.966025641025641,0.5034965034965035,0.8343436409836771,0.4624310734188414,23.951
40,2,C_Random_Min_Diag,2,0.95,0.504950495049505,0.8661803469625452,0.32463386399054356,31.598
40,2,C_Random_Min_Diag,3,0.9487179487179487,0.45217391304347826,0.8247677364864865,0.2507889041212631,38.986
40,2,C_Random_Min_Diag,4,0.9467948717948718,0.4945054945054945,0.8597409271479961,0.31433644371933994,24.138
40,2,C_Random_Min_Diag,5,0.958974358974359,0.6363636363636364,0.8254983108108108,0.379740684791793,16.401
40,2,C_Random_Min_Diag,6,0.9570512820512821,0.5208333333333334,0.8608862900585647,0.39816783483934515,17.373
40,2,C_Random_Min_Diag,7,0.9602564102564103,0.5571428571428572,0.7961372995181988,0.43196349614994384,15.694
40,2,C_Random_Min_Diag,8,0.9461538461538461,0.5373134328358209,0.844814653503678,0.3322659032081603,15.145
40,2,C_Random_Min_Diag,9,0.9570512820512821,0.5476190476190477,0.8350460150594741,0.3567358577166859,16.536
40,2,C_Random_Full,0,0.9525641025641025,0.30824372759856633,0.7768468277583809,0.13334580109743455,92.666
40,2,C_Random_Full,1,0.9493589743589743,0.39378238341968913,0.8027034419097598,0.2221095272624285,19.575
40,2,C_Random_Full,2,0.9538461538461539,0.44019138755980863,0.8247453827359426,0.35275728709106635,28.242
40,2,C_Random_Full,3,0.9442307692307692,0.4180327868852459,0.8080584622827759,0.2627578077311255,18.151
40,2,C_Random_Full,4,0.9474358974358974,0.4066390041493776,0.8174199896760873,0.2987458645899044,26.414
40,2,C_Random_Full,5,0.9512820512820512,0.36065573770491804,0.8345768799102132,0.19769786278235307,78.323
40,2,C_Random_Full,6,0.95,0.4365482233502538,0.8074587355963874,0.2676351399329946,28.338
40,2,C_Random_Full,7,0.9519230769230769,0.37623762376237624,0.8232008978675645,0.2228374090705905,59.246
40,2,C_Random_Full,8,0.9512820512820512,0.44155844155844154,0.8542581369248035,0.279986227594255,33.035
40,2,C_Random_Full,9,0.9416666666666667,0.36792452830188677,0.7688118552652249,0.21455818540132474,26.565
40,3,C_ID,0,0.9282051282051282,0.525096525096525,0.8304678802467278,0.38537807045107886,20.157
40,3,C_ID,1,0.925,0.5440613026819924,0.7852453488310825,0.39943711363287254,23.602
40,3,C_ID,2,0.9288461538461539,0.5163934426229508,0.8165477663730558,0.36202426393270953,28.604
40,3,C_ID,3,0.926923076923077,0.5367647058823529,0.8055277877617038,0.39777372364237396,22.319
40,3,C_ID,4,0.925,0.5182186234817814,0.8094460546189329,0.33252596963773495,20.987
40,3,C_ID,5,0.933974358974359,0.5531914893617021,0.8174103304995701,0.36952065326727307,25.913
40,3,C_ID,6,0.9294871794871795,0.5461847389558233,0.8290262308606926,0.37608732064522576,19.809
40,3,C_ID,7,0.9282051282051282,0.5081967213114754,0.7710543302850995,0.4091954652612264,13.324
40,3,C_ID,8,0.9256410256410257,0.512987012987013,0.7889730810864273,0.3921477264825156,15.161
40,3,C_ID,9,0.9378205128205128,0.547085201793722,0.8209437222313642,0.4482292450775318,15.111
40,3,C_Random_Diag,0,0.941025641025641,0.43478260869565216,0.7835157268096197,0.21987236736946347,56.122
40,3,C_Random_Diag,1,0.9314102564102564,0.5151515151515151,0.8447168692014605,0.4135834042394583,16.755
40,3,C_Random_Diag,2,0.9262820512820513,0.5017421602787456,0.8080785402294157,0.332865672480227,24.842
40,3,C_Random_Diag,3,0.9211538461538461,0.5051194539249146,0.8167108013937281,0.33115788972851745,14.977
40,3,C_Random_Diag,4,0.9282051282051282,0.48507462686567165,0.7881961572612471,0.27120164270620883,23.894
40,3,C_Random_Diag,5,0.9262820512820513,0.5390070921985816,0.8606231467337586,0.4392689865268313,18.586
40,3,C_Random_Diag,6,0.9333333333333333,0.5070422535211268,0.7850043310845414,0.3685485926841386,14.522
40,3,C_Random_Diag,7,0.9256410256410257,0.555956678700361,0.8120170275855871,0.3690435147091692,16.549
40,3,C_Random_Diag,8,0.9320512820512821,0.5352112676056338,0.8388403244712179,0.36494339410937515,17.673
40,3,C_Random_Diag,9,0.9243589743589744,0.45255474452554745,0.7878123604222009,0.263394368819427,24.971
40,3,C_Random_Min_Diag,0,0.9326923076923077,0.5387755102040817,0.8267735190812113,0.4009093247837283,19.95
40,3,C_Random_Min_Diag,1,0.9352564102564103,0.5,0.8325611285266459,0.38989190876981594,20.673
40,3,C_Random_Min_Diag,2,0.9256410256410257,0.5251798561151079,0.8263713105358678,0.3111172308115313,20.046
40,3,C_Random_Min_Diag,3,0.9198717948717948,0.4695121951219512,0.7599815146886276,0.2871509630189688,20.173
40,3,C_Random_Min_Diag,4,0.9371794871794872,0.5405405405405406,0.8008342391828702,0.40548177368794497,14.716
40,3,C_Random_Min_Diag,5,0.9346153846153846,0.5176470588235295,0.8130010108371142,0.38843482127755885,14.392
40,3,C_Random_Min_Diag,6,0.9320512820512821,0.5333333333333333,0.8258626337628303,0.41983151331969754,11.932
40,3,C_Random_Min_Diag,7,0.9378205128205128,0.5174825174825175,0.8007106555522259,0.3706683491846182,13.209
40,3,C_Random_Min_Diag,8,0.9423076923076923,0.5360824742268041,0.8280182718579234,0.3765108001554025,14.779
40,3,C_Random_Min_Diag,9,0.9307692307692308,0.4978902953586498,0.78994379583025,0.37783301387484153,17.951
40,3,C_Random_Full,0,0.9211538461538461,0.4536741214057508,0.7666010956585765,0.32090406487327267,24.1
40,3,C_Random_Full,1,0.9320512820512821,0.41007194244604317,0.7887934390490774,0.2576415669262123,18.22
40,3,C_Random_Full,2,0.9262820512820513,0.38961038961038963,0.7664389950353542,0.21741745191891157,65.551
40,3,C_Random_Full,3,0.9211538461538461,0.43425076452599387,0.7709149675676872,0.31035043355262826,20.992
40,3,C_Random_Full,4,0.9237179487179488,0.4015444015444015,0.7535091760507118,0.26829063198042397,19.914
40,3,C_Random_Full,5,0.9301282051282052,0.3468208092485549,0.7517624668845908,0.21079742627856884,75.112
40,3,C_Random_Full,6,0.9275641025641026,0.4235294117647059,0.8027748591078421,0.2741077789655775,22.258
40,3,C_Random_Full,7,0.9307692307692308,0.41767068273092367,0.80851412803674,0.269248782776823,26.564
40,3,C_Random_Full,8,0.9224358974358975,0.38461538461538464,0.7430295138888889,0.1813166374226618,26.64
40,3,C_Random_Full,9,0.9121794871794872,0.44141689373297005,0.7289641044456674,0.2519121673339867,23.637
40,4,C_ID,0,0.9083333333333333,0.4419889502762431,0.7739684451046482,0.25915008400390094,60.057
40,4,C_ID,1,0.9108974358974359,0.5493333333333333,0.8270339600777512,0.4054059989496067,16.563
40,4,C_ID,2,0.9301282051282052,0.5176470588235295,0.7818230866617877,0.36808791700848414,19.927
40,4,C_ID,3,0.9025641025641026,0.49343832020997375,0.7603540784185945,0.3624041234885095,15.36
40,4,C_ID,4,0.9064102564102564,0.46735395189003437,0.770613116910472,0.37616226856945295,15.995
40,4,C_ID,5,0.9128205128205128,0.4678362573099415,0.7356459330143541,0.3321043968155932,12.941
40,4,C_ID,6,0.9134615384615384,0.5341614906832298,0.7904783324400888,0.38404917214104695,14.899
40,4,C_ID,7,0.9147435897435897,0.5099337748344371,0.7610187977160454,0.39722510499220554,18.482
40,4,C_ID,8,0.8878205128205128,0.453781512605042,0.7237523811087756,0.29975720127895217,14.926
40,4,C_ID,9,0.9006410256410257,0.45569620253164556,0.7279040178571429,0.31436011868928176,15.382
40,4,C_Random_Diag,0,0.916025641025641,0.48,0.770093257415587,0.3124752184569274,14.667
40,4,C_Random_Diag,1,0.9121794871794872,0.5119453924914675,0.7717376189435625,0.3400209840127736,14.32
40,4,C_Random_Diag,2,0.9083333333333333,0.47715736040609136,0.7766755149096122,0.3359518738157796,16.289
40,4,C_Random_Diag,3,0.9121794871794872,0.5273311897106109,0.7874046295098927,0.3801693297203282,13.016
40,4,C_Random_Diag,4,0.9019230769230769,0.515527950310559,0.7548724809692859,0.3338709821581017,16.232
40,4,C_Random_Diag,5,0.9115384615384615,0.526984126984127,0.7736879052668527,0.37940899810605916,16.346
40,4,C_Random_Diag,6,0.9224358974358975,0.5093632958801498,0.797585445094217,0.37853643200823006,16.856
40,4,C_Random_Diag,7,0.9083333333333333,0.49876543209876545,0.7949449985441517,0.29610290735746747,27.898
40,4,C_Random_Diag,8,0.8967948717948718,0.47802197802197804,0.7352912840962402,0.32712447865088845,19.515
40,4,C_Random_Diag,9,0.9,0.46866485013623976,0.7605810322156477,0.28035236172419675,16.654
40,4,C_Random_Min_Diag,0,0.9025641025641026,0.5159420289855072,0.7954540236482608,0.3662411284052661,16.84
40,4,C_Random_Min_Diag,1,0.907051282051282,0.5201238390092879,0.7615900944933204,0.36201149325675447,14.072
40,4,C_Random_Min_Diag,2,0.9032051282051282,0.5232558139534884,0.7834690995981319,0.39125203199092806,16.495
40,4,C_Random_Min_Diag,3,0.9057692307692308,0.5345345345345346,0.7853422619047619,0.39703092288306563,11.675
40,4,C_Random_Min_Diag,4,0.8961538461538462,0.4195121951219512,0.7216823019104153,0.21497422256798215,35.383
40,4,C_Random_Min_Diag,5,0.892948717948718,0.45843828715365237,0.749386354600612,0.26505425578850905,19.768
40,4,C_Random_Min_Diag,6,0.8974358974358975,0.49586776859504134,0.7660997067448679,0.3487798254261091,14.115
40,4,C_Random_Min_Diag,7,0.9173076923076923,0.506578947368421,0.7787438724302959,0.3908072092125803,25.767
40,4,C_Random_Min_Diag,8,0.8987179487179487,0.5159574468085106,0.7544507478081484,0.405113572551461,13.063
40,4,C_Random_Min_Diag,9,0.908974358974359,0.49032258064516127,0.7790969183143888,0.34702284029581254,15.394
40,4,C_Random_Full,0,0.8935897435897436,0.4050632911392405,0.715514282611057,0.20695659577460196,27.233
40,4,C_Random_Full,1,0.8967948717948718,0.3933649289099526,0.7159777085867612,0.2625532365729553,20.326
40,4,C_Random_Full,2,0.8967948717948718,0.4329896907216495,0.7362358428007431,0.29117712637268484,18.516
40,4,C_Random_Full,3,0.8980769230769231,0.42048517520215634,0.7400819805341374,0.2552737889870228,18.37
40,4,C_Random_Full,4,0.8878205128205128,0.40268456375838924,0.7137555440948943,0.24718840986329904,25.875
40,4,C_Random_Full,5,0.9051282051282051,0.42201834862385323,0.7480260891202818,0.2690729275145843,21.246
40,4,C_Random_Full,6,0.8923076923076924,0.4056603773584906,0.7084520139400843,0.26883624330492417,20.549
40,4,C_Random_Full,7,0.8987179487179487,0.4250559284116331,0.7208415996658661,0.2393459795830425,27.882
40,4,C_Random_Full,8,0.889102564102564,0.4229390681003584,0.7362961604660951,0.24228265411471409,21.578
40,4,C_Random_Full,9,0.8967948717948718,0.3760217983651226,0.6997411638304201,0.2306584526298037,17.667
50,1,C_ID,0,0.9848979591836735,0.5294117647058824,0.9497299542999584,0.44154025309386635,31.471
50,1,C_ID,1,0.9783673469387755,0.5669291338582677,0.9352856612873306,0.41992606018624523,23.515
50,1,C_ID,2,0.9742857142857143,0.48148148148148145,0.882082842912336,0.2380463433910885,43.939
50,1,C_ID,3,0.9844897959183674,0.4155844155844156,0.8775803209648088,0.25265674777565406,44.712
50,1,C_ID,4,0.9755102040816327,0.4861111111111111,0.8939100723759295,0.2980656557178121,34.22
50,1,C_ID,5,0.9836734693877551,0.509090909090909,0.8885285285285285,0.36920669718070837,21.308
50,1,C_ID,6,0.9783673469387755,0.49230769230769234,0.8830692453617337,0.31214456736601875,26.548
50,1,C_ID,7,0.9804081632653061,0.375,0.8431791820508052,0.2077319688178516,66.439
50,1,C_ID,8,0.9848979591836735,0.5510204081632653,0.8620850622406638,0.39460175453155066,23.446
50,1,C_ID,9,0.9808163265306122,0.5982905982905983,0.9169953007296858,0.4152364920628505,25.849
50,1,C_Random_Diag,0,0.9836734693877551,0.5714285714285714,0.9216432691471579,0.46325647923281643,21.604
50,1,C_Random_Diag,1,0.9828571428571429,0.5346534653465347,0.9182954754060346,0.38541562904928645,29.317
50,1,C_Random_Diag,2,0.9783673469387755,0.4409448818897638,0.877999428156685,0.33210070894525173,52.831
50,1,C_Random_Diag,3,0.98,0.4782608695652174,0.9080145177604569,0.22349175391843595,37.789
50,1,C_Random_Diag,4,0.9791836734693877,0.42962962962962964,0.8935299838985198,0.226125796306044,43.888
50,1,C_Random_Diag,5,0.9848979591836735,0.46938775510204084,0.8893941600116486,0.26302301127915534,25.509
50,1,C_Random_Diag,6,0.98,0.40789473684210525,0.870425,0.2668685122489247,34.399
50,1,C_Random_Diag,7,0.9804081632653061,0.3464566929133858,0.7862710265280624,0.1835732320006323,98.693
50,1,C_Random_Diag,8,0.9824489795918367,0.5904761904761905,0.889805296570776,0.37933440225174236,49.01
50,1,C_Random_Diag,9,0.9791836734693877,0.4915254237288136,0.8553890918601705,0.31302223923335765,31.262
50,1,C_Random_Min_Diag,0,0.9820408163265306,0.5688073394495413,0.8778875696159942,0.39087676613295597,82.041
50,1,C_Random_Min_Diag,1,0.9795918367346939,0.43333333333333335,0.9017708333333333,0.23995937431090658,91.658
50,1,C_Random_Min_Diag,2,0.9779591836734693,0.4696969696969697,0.8614936931923576,0.3320327991438609,24.037
50,1,C_Random_Min_Diag,3,0.9857142857142858,0.46464646464646464,0.8539192672374114,0.2935886151316752,45.571
50,1,C_Random_Min_Diag,4,0.9816326530612245,0.6218487394957983,0.8864775938476556,0.4803027340098494,29.473
50,1,C_Random_Min_Diag,5,0.983265306122449,0.5656565656565656,0.9185998202915913,0.37898707773431134,32.631
50,1,C_Random_Min_Diag,6,0.9804081632653061,0.4129032258064516,0.9191515750763253,0.2750384464092943,66.563
50,1,C_Random_Min_Diag,7,0.9836734693877551,0.6126126126126126,0.8924658051840096,0.4463106480320972,30.755
50,1,C_Random_Min_Diag,8,0.9844897959183674,0.5238095238095238,0.8618879668049793,0.3123739023897974,121.666
50,1,C_Random_Min_Diag,9,0.9844897959183674,0.5714285714285714,0.8706611709098242,0.3408455052546306,26.225
50,1,C_Random_Full,0,0.9779591836734693,0.4105263157894737,0.9135866876893588,0.24809451466411617,32.567
50,1,C_Random_Full,1,0.9779591836734693,0.3137254901960784,0.7857578989674148,0.1772282253667737,175.433
50,1,C_Random_Full,2,0.9755102040816327,0.3877551020408163,0.8445606694560669,0.27177013815840156,62.378
50,1,C_Random_Full,3,0.9771428571428571,0.3108108108108108,0.8144429683051813,0.1509642465810054,47.623
50,1,C_Random_Full,4,0.9767346938775511,0.35714285714285715,0.8653180570473804,0.21045859043962517,29.503
50,1,C_Random_Full,5,0.9840816326530613,0.39622641509433965,0.8913626745233829,0.2625646666526408,44.068
50,1,C_Random_Full,6,0.9759183673469388,0.37410071942446044,0.9038389121338912,0.3183291354382021,36.452
50,1,C_Random_Full,7,0.9783673469387755,0.40609137055837563,0.8600560113195651,0.34973637623145326,27.721
50,1,C_Random_Full,8,0.9767346938775511,0.36129032258064514,0.8451267154884096,0.24749278213821216,48.486
50,1,C_Random_Full,9,0.9751020408163266,0.35978835978835977,0.8464774989522214,0.23905491809220036,39.809
50,2,C_ID,0,0.9563265306122449,0.48580441640378547,0.8764903211395247,0.33453800992096594,33.324
50,2,C_ID,1,0.9591836734693877,0.5338983050847458,0.8900914893617021,0.35804290470562045,26.95
50,2,C_ID,2,0.9612244897959183,0.5234375,0.8575810426211301,0.383717716257085,41.334
50,2,C_ID,3,0.9624489795918367,0.5163934426229508,0.8743959236070644,0.3657120483661359,27.497
50,2,C_ID,4,0.9673469387755103,0.5752212389380531,0.8740552428490512,0.45272159194226547,27.245
50,2,C_ID,5,0.9624489795918367,0.5636363636363636,0.8824640398538328,0.36338807120693867,26.438
50,2,C_ID,6,0.9620408163265306,0.47244094488188976,0.874740534942815,0.3281687596276814,33.12
50,2,C_ID,7,0.9571428571428572,0.5,0.8589579644566857,0.33176803514963554,33.494
50,2,C_ID,8,0.9620408163265306,0.47191011235955055,0.8262941318698362,0.2154739492148864,51.886
50,2,C_ID,9,0.9628571428571429,0.5575221238938053,0.8609937908753583,0.38151620135959385,24.008
50,2,C_Random_Diag,0,0.9677551020408163,0.5149700598802395,0.8847432630322738,0.3524642338189594,28.917
50,2,C_Random_Diag,1,0.96,0.5606694560669456,0.8705687242480097,0.35520342707908,21.692
50,2,C_Random_Diag,2,0.96,0.4851063829787234,0.797051759620879,0.30459045304448684,22.602
50,2,C_Random_Diag,3,0.9640816326530612,0.504424778761062,0.8789171374764595,0.3046933962721301,38.136
50,2,C_Random_Diag,4,0.9571428571428572,0.5140562248995983,0.873203370900599,0.3352137290283649,31.77
50,2,C_Random_Diag,5,0.9612244897959183,0.43346007604562736,0.8602368782285157,0.25550081557382065,59.708
50,2,C_Random_Diag,6,0.9620408163265306,0.4666666666666667,0.8554180865963203,0.3250793123533941,56.951
50,2,C_Random_Diag,7,0.9567346938775511,0.44534412955465585,0.8521918668298023,0.277947560226968,49.781
50,2,C_Random_Diag,8,0.9595918367346938,0.4953271028037383,0.8879112869637651,0.33029310097410247,29.509
50,2,C_Random_Diag,9,0.9546938775510204,0.5384615384615384,0.8323365382188911,0.3623524433197166,24.489
50,2,C_Random_Min_Diag,0,0.9657142857142857,0.5209302325581395,0.8628710023872422,0.2856670725064574,28.4
50,2,C_Random_Min_Diag,1,0.9657142857142857,0.4891304347826087,0.8400934663944529,0.33875706628338476,151.106
50,2,C_Random_Min_Diag,2,0.953469387755102,0.4752475247524752,0.8423174267003124,0.2714226397205767,69.217
50,2,C_Random_Min_Diag,3,0.9587755102040816,0.4715447154471545,0.8557359567374361,0.27805609951177457,30.933
50,2,C_Random_Min_Diag,4,0.9616326530612245,0.5357142857142857,0.8634111253196931,0.4143826968165636,29.142
50,2,C_Random_Min_Diag,5,0.9591836734693877,0.44029850746268656,0.8774106382978724,0.283177140237169,42.797
50,2,C_Random_Min_Diag,6,0.9648979591836735,0.4954128440366973,0.8698520084566597,0.255781505301521,48.496
50,2,C_Random_Min_Diag,7,0.9620408163265306,0.5738396624472574,0.8632153091957431,0.3946141140676564,22.972
50,2,C_Random_Min_Diag,8,0.9571428571428572,0.5208333333333334,0.8652524749343706,0.36949035520488277,28.462
50,2,C_Random_Min_Diag,9,0.9587755102040816,0.5217391304347826,0.8602228038895845,0.3574428500964675,29.722
50,2,C_Random_Full,0,0.9681632653061224,0.3794466403162055,0.8654683919228607,0.22927203342346125,40.544
50,2,C_Random_Full,1,0.9546938775510204,0.381294964028777,0.815683445609491,0.27126136629006964,32.897
50,2,C_Random_Full,2,0.9493877551020408,0.4090909090909091,0.8036588494716113,0.23969183359404123,66.403
50,2,C_Random_Full,3,0.9640816326530612,0.4065040650406504,0.8423159565877893,0.3155300766382878,44.333
50,2,C_Random_Full,4,0.9616326530612245,0.3964757709251101,0.7900138947890116,0.2795039968681627,37.294
50,2,C_Random_Full,5,0.9644897959183674,0.3629032258064516,0.8305837563451777,0.2296702870982968,46.145
50,2,C_Random_Full,6,0.9575510204081633,0.41830065359477125,0.8514854299928927,0.267308390066266,67.226
50,2,C_Random_Full,7,0.96,0.37681159420289856,0.7886622459574504,0.29533102649043314,31.795
50,2,C_Random_Full,8,0.96,0.3715415019762846,0.8313734166955105,0.21522280949155198,36.565
50,2,C_Random_Full,9,0.96,0.41025641025641024,0.8389082673885879,0.23555368938491467,37.07
50,3,C_ID,0,0.950204081632653,0.5379310344827586,0.8121993966920795,0.4083915195652941,18.235
50,3,C_ID,1,0.9497959183673469,0.5394736842105263,0.815243953690358,0.4107154698652024,19.808
50,3,C_ID,2,0.9542857142857143,0.5514705882352942,0.8560826758045881,0.40752151264904635,25.788
50,3,C_ID,3,0.9375510204081633,0.49283667621776506,0.8260787412395219,0.314339997934176,38.823
50,3,C_ID,4,0.9391836734693878,0.481994459833795,0.8109710144927536,0.3217732677801693,34.678
50,3,C_ID,5,0.9481632653061225,0.535593220338983,0.8381434662278406,0.4076745632729306,23.263
50,3,C_ID,6,0.9408163265306122,0.47953216374269003,0.8241057971014492,0.3232076181961421,32.955
50,3,C_ID,7,0.9412244897959183,0.5,0.8262970391249878,0.29197283222193005,28.832
50,3,C_ID,8,0.9477551020408164,0.5592705167173252,0.8546299715034982,0.41225796557448696,23.142
50,3,C_ID,9,0.950204081632653,0.5187713310580204,0.8263411757129153,0.3552280309165191,24.516
50,3,C_Random_Diag,0,0.9416326530612245,0.4936708860759494,0.810572143740487,0.3394726005813761,26.331
50,3,C_Random_Diag,1,0.9371428571428572,0.37250554323725055,0.7314485219425166,0.16774653195086708,201.271
50,3,C_Random_Diag,2,0.9359183673469388,0.5221932114882507,0.8246515624442377,0.3363605161800087,22.929
50,3,C_Random_Diag,3,0.9346938775510204,0.4787234042553192,0.7942846702089068,0.33827124876781545,23.141
50,3,C_Random_Diag,4,0.9387755102040817,0.49221183800623053,0.8027241590995581,0.3702612154148305,28.4
50,3,C_Random_Diag,5,0.9469387755102041,0.49707602339181284,0.8212459963988163,0.29030908217677914,28.514
50,3,C_Random_Diag,6,0.9457142857142857,0.46228710462287104,0.847492940622794,0.28092325532580353,18.752
50,3,C_Random_Diag,7,0.9448979591836735,0.5041095890410959,0.8307188405797101,0.43045804983064007,19.998
50,3,C_Random_Diag,8,0.9448979591836735,0.5032258064516129,0.8240780737540996,0.2950011369805331,95.038
50,3,C_Random_Diag,9,0.9416326530612245,0.47761194029850745,0.7736768115942029,0.3510536953530588,23.09
50,3,C_Random_Min_Diag,0,0.9469387755102041,0.5050505050505051,0.7895162018373185,0.32007745054638126,24.311
50,3,C_Random_Min_Diag,1,0.9391836734693878,0.5314285714285715,0.8202731391995943,0.33559883448988315,21.727
50,3,C_Random_Min_Diag,2,0.94,0.4073226544622426,0.8086228846727574,0.21707426800196972,41.053
50,3,C_Random_Min_Diag,3,0.9461224489795919,0.49221183800623053,0.81170626349892,0.3432239704869013,26.783
50,3,C_Random_Min_Diag,4,0.9477551020408164,0.5232558139534884,0.84487777418047,0.46637592777687586,21.669
50,3,C_Random_Min_Diag,5,0.9485714285714286,0.5307443365695793,0.794282622139765,0.3586106511110118,25.356
50,3,C_Random_Min_Diag,6,0.9514285714285714,0.5182186234817814,0.8171784168212739,0.3738435272069276,22.928
50,3,C_Random_Min_Diag,7,0.9355102040816327,0.5076923076923077,0.8160395727973029,0.3511970474008333,27.914
50,3,C_Random_Min_Diag,8,0.9493877551020408,0.5205479452054794,0.8444646080938768,0.39179073695965766,24.261
50,3,C_Random_Min_Diag,9,0.9387755102040817,0.5180722891566265,0.7898186114936772,0.39196206430099956,22.861
50,3,C_Random_Full,0,0.9444897959183673,0.4064665127020785,0.7971698264138869,0.22352969570851164,36.884
50,3,C_Random_Full,1,0.9375510204081633,0.3670212765957447,0.7368836173331501,0.21850802725384774,46.678
50,3,C_Random_Full,2,0.9338775510204081,0.4041237113402062,0.7987705918488335,0.27838985535426736,38.005
50,3,C_Random_Full,3,0.9457142857142857,0.38509316770186336,0.7939786172763127,0.22802302405307381,43.794
50,3,C_Random_Full,4,0.9448979591836735,0.3841059602649007,0.7746436285097194,0.26014094684193817,30.708
50,3,C_Random_Full,5,0.9351020408163265,0.3991507430997877,0.7629329865023085,0.21865120528598103,44.694
50,3,C_Random_Full,6,0.9424489795918367,0.39263803680981596,0.8018367346938775,0.24329220809720134,44.015
50,3,C_Random_Full,7,0.9436734693877551,0.40302267002518893,0.8269163120390749,0.2861770504339202,43.235
50,3,C_Random_Full,8,0.9375510204081633,0.4172661870503597,0.8072236876175516,0.27920714243686795,38.238
50,3,C_Random_Full,9,0.9326530612244898,0.4037122969837587,0.7906943008461166,0.2668397939614178,38.982
50,4,C_ID,0,0.9257142857142857,0.48128342245989303,0.7879460990552112,0.36454910034154325,26.398
50,4,C_ID,1,0.9248979591836735,0.5077262693156733,0.7736767115323632,0.3736962150148683,36.842
50,4,C_ID,2,0.9285714285714286,0.5074626865671642,0.8050642395378735,0.3976445450938535,30.664
50,4,C_ID,3,0.9318367346938775,0.5116279069767442,0.7991933655509815,0.40486250078636293,30.473
50,4,C_ID,4,0.9461224489795919,0.5229681978798587,0.8186882828550599,0.4565077428005062,24.121
50,4,C_ID,5,0.9236734693877551,0.4759493670886076,0.7781025950726581,0.3700479950450695,26.345
50,4,C_ID,6,0.9224489795918367,0.48,0.7847135337154874,0.33128900967202607,32.901
50,4,C_ID,7,0.9187755102040817,0.44395604395604393,0.7688461404152043,0.30300317127372123,41.784
50,4,C_ID,8,0.9326530612244898,0.5411255411255411,0.8285279925503697,0.44877579944555995,34.014
50,4,C_ID,9,0.9236734693877551,0.4945770065075922,0.7935119951809753,0.38783276994201654,25.813
50,4,C_Random_Diag,0,0.9310204081632653,0.46588235294117647,0.8060231198109205,0.3359799075921018,28.484
50,4,C_Random_Diag,1,0.9220408163265306,0.4523281596452328,0.7915688775510203,0.39624255603941877,24.656
50,4,C_Random_Diag,2,0.9302040816326531,0.5013774104683195,0.8124425750862649,0.34112218621441587,23.335
50,4,C_Random_Diag,3,0.9171428571428571,0.462882096069869,0.7722622185748864,0.3494501196047779,26.439
50,4,C_Random_Diag,4,0.9195918367346939,0.4597156398104265,0.7584560076789206,0.2857232557559583,29.581
50,4,C_Random_Diag,5,0.923265306122449,0.48337028824833705,0.8064604994019757,0.3469184772357241,32.608
50,4,C_Random_Diag,6,0.9257142857142857,0.4719626168224299,0.7599478710055507,0.3102120370504533,30.323
50,4,C_Random_Diag,7,0.92,0.5032258064516129,0.8020766666666668,0.34766612219220694,25.955
50,4,C_Random_Diag,8,0.9204081632653062,0.4794816414686825,0.7864372469635628,0.36289383482261955,27.134
50,4,C_Random_Diag,9,0.9179591836734694,0.4594059405940594,0.7983551138792611,0.33479461488782003,25.204
50,4,C_Random_Min_Diag,0,0.9244897959183673,0.48,0.7632900173903725,0.3601342630382971,25.414
50,4,C_Random_Min_Diag,1,0.9244897959183673,0.5105386416861827,0.8069117546146984,0.41009652651253736,21.425
50,4,C_Random_Min_Diag,2,0.9187755102040817,0.4594059405940594,0.7595306608564814,0.2848616871095137,25.873
50,4,C_Random_Min_Diag,3,0.9175510204081633,0.49079754601226994,0.7921299364441307,0.3528955111668562,24.075
50,4,C_Random_Min_Diag,4,0.9314285714285714,0.5166240409207161,0.8036365738519935,0.4172008996269977,24.493
50,4,C_Random_Min_Diag,5,0.926530612244898,0.5071090047393365,0.8014086125436812,0.3924794584385333,25.51
50,4,C_Random_Min_Diag,6,0.9257142857142857,0.5068493150684932,0.8140611111111111,0.39317850844765095,24.561
50,4,C_Random_Min_Diag,7,0.9285714285714286,0.5236907730673317,0.8202029349751596,0.4216543172072479,31.489
50,4,C_Random_Min_Diag,8,0.9338775510204081,0.5481481481481482,0.8133765131384707,0.44102790881370946,22.387
50,4,C_Random_Min_Diag,9,0.9163265306122449,0.4969450101832994,0.7789444992471835,0.3199599097407789,32.979
50,4,C_Random_Full,0,0.9204081632653062,0.35580524344569286,0.70803,0.2435303299372178,53.283
50,4,C_Random_Full,1,0.9277551020408163,0.4079822616407982,0.7796864491962368,0.29063392870318183,51.608
50,4,C_Random_Full,2,0.9281632653061225,0.40963855421686746,0.7860266527713184,0.3238510208346515,53.827
50,4,C_Random_Full,3,0.9220408163265306,0.3987635239567233,0.7662496254289262,0.2918669865344144,51.569
50,4,C_Random_Full,4,0.9175510204081633,0.41061946902654867,0.7512546942872472,0.2637943628585837,58.765
50,4,C_Random_Full,5,0.9146938775510204,0.34782608695652173,0.6927762385919165,0.16014692644044234,88.717
50,4,C_Random_Full,6,0.913469387755102,0.4114285714285714,0.7308045861220069,0.2585144091399629,48.797
50,4,C_Random_Full,7,0.9191836734693878,0.3563025210084034,0.7385302394325897,0.19748505979884615,47.64
50,4,C_Random_Full,8,0.9310204081632653,0.4009216589861751,0.7649117674983128,0.2784569187178319,40.958
50,4,C_Random_Full,9,0.9159183673469388,0.4014336917562724,0.7534933999674072,0.2287932397829859,37.048
