p,k,c_choice,rep,n,c_scale,method,max_f1,auc,aupr,bic_f1,bic_edges,bic_reversed,bic_hedged,bic_skeleton_f1,search_f1,search_reversed,search_skeleton_f1,seconds_paths
10,1,C_ID,0,1000,identity,lasso,0.6363636363636364,0.7957422324510932,0.35763390649754284,0.5263157894736842,8,2,1,0.8,0.47619047619047616,2,0.7058823529411765,40.43716495891567
10,1,C_ID,0,1000,identity,MCP_down,0.36363636363636365,0.593210586881473,0.19837624496715406,0.36363636363636365,11,2,0,0.6,0.38095238095238093,2,0.631578947368421,40.43716495891567
10,1,C_ID,0,1000,identity,MCP_up,0.6666666666666666,0.8342922899884926,0.4700623602119546,0.6666666666666666,10,0,0,0.6666666666666666,0.7,0,0.7058823529411765,40.43716495891567
10,1,C_ID,0,1000,identity,SCAD_up,0.6,0.806674338319908,0.34935855128279253,0.5,9,1,0,0.6666666666666666,,,,40.43716495891567
10,1,C_ID,0,1000,variance,lasso,0.5833333333333334,0.8170310701956273,0.3928080572131374,0.5833333333333334,13,0,3,0.6666666666666666,0.7,0,0.7058823529411765,48.54628549993504
10,1,C_ID,0,1000,variance,MCP_down,0.35294117647058826,0.5874568469505179,0.19436391396463992,0.24,14,3,0,0.5217391304347826,0.19047619047619047,4,0.631578947368421,48.54628549993504
10,1,C_ID,0,1000,variance,MCP_up,0.7058823529411765,0.8308400460299195,0.5789037262789356,0.5454545454545454,11,0,0,0.6,0.6,0,0.6666666666666666,48.54628549993504
10,1,C_ID,0,1000,variance,SCAD_up,0.5714285714285714,0.8009205983889529,0.35334482966061914,0.5454545454545454,11,0,0,0.6,,,,48.54628549993504
10,1,C_ID,1,1000,identity,lasso,0.7,0.8751714677640603,0.45312249478916145,0.631578947368421,10,1,3,0.875,0.7058823529411765,1,0.8235294117647058,41.124949165969156
10,1,C_ID,1,1000,identity,MCP_down,0.75,0.8058984910836763,0.4680776014109347,0.6666666666666666,9,1,0,0.7777777777777778,0.5555555555555556,2,0.7777777777777778,41.124949165969156
10,1,C_ID,1,1000,identity,MCP_up,0.875,0.8470507544581618,0.517382954587157,0.75,7,1,0,0.875,0.7058823529411765,1,0.8235294117647058,41.124949165969156
10,1,C_ID,1,1000,identity,SCAD_up,0.7777777777777778,0.8429355281207133,0.4610162822882121,0.7058823529411765,8,1,0,0.8235294117647058,,,,41.124949165969156
10,1,C_ID,1,1000,variance,lasso,0.6666666666666666,0.8278463648834019,0.47097711065102377,0.631578947368421,10,1,3,0.875,0.7058823529411765,1,0.8235294117647058,56.925876834080555
10,1,C_ID,1,1000,variance,MCP_down,0.7058823529411765,0.7441700960219478,0.45764790764790764,0.7058823529411765,8,1,0,0.8235294117647058,0.5555555555555556,2,0.7777777777777778,56.925876834080555
10,1,C_ID,1,1000,variance,MCP_up,0.75,0.8161865569272977,0.6765743334370786,0.7058823529411765,8,1,0,0.8235294117647058,0.7058823529411765,1,0.8235294117647058,56.925876834080555
10,1,C_ID,1,1000,variance,SCAD_up,0.6666666666666666,0.8065843621399177,0.46710294254153906,0.6666666666666666,9,1,1,0.8235294117647058,,,,56.925876834080555
10,1,C_ID,2,1000,identity,lasso,0.6666666666666666,0.8209876543209876,0.5367058136794979,0.5882352941176471,8,1,2,0.8,0.5882352941176471,2,0.8235294117647058,94.523436541087
10,1,C_ID,2,1000,identity,MCP_down,0.42857142857142855,0.6213991769547325,0.3152457311877602,0.3333333333333333,9,4,0,0.7777777777777778,0.4444444444444444,3,0.8235294117647058,94.523436541087
10,1,C_ID,2,1000,identity,MCP_up,0.8,0.8285322359396433,0.6218294051627384,0.6666666666666666,6,1,0,0.8,0.8888888888888888,1,1.0,94.523436541087
10,1,C_ID,2,1000,identity,SCAD_up,0.8235294117647058,0.8299039780521262,0.5750448933782267,0.7058823529411765,8,1,0,0.8235294117647058,,,,94.523436541087
10,1,C_ID,2,1000,variance,lasso,0.7,0.826474622770919,0.6572260301426969,0.7,11,0,3,0.8235294117647058,0.631578947368421,2,0.8421052631578947,118.85180012497585
10,1,C_ID,2,1000,variance,MCP_down,0.5714285714285714,0.6508916323731139,0.4777216610549944,0.38095238095238093,12,4,0,0.7619047619047619,0.38095238095238093,4,0.7619047619047619,118.85180012497585
10,1,C_ID,2,1000,variance,MCP_up,0.8,0.8155006858710562,0.7068061568061568,0.7777777777777778,9,1,0,0.8888888888888888,0.6666666666666666,2,0.8888888888888888,118.85180012497585
10,1,C_ID,2,1000,variance,SCAD_up,0.7619047619047619,0.8333333333333333,0.7215604541985707,0.75,7,1,0,0.875,,,,118.85180012497585
10,1,C_ID,3,1000,identity,lasso,0.6666666666666666,0.8401162790697674,0.45236813211013793,0.5714285714285714,3,0,1,0.6666666666666666,0.3333333333333333,1,0.6666666666666666,151.79606579092797
10,1,C_ID,3,1000,identity,MCP_down,0.5714285714285714,0.623546511627907,0.4805555555555555,0.5714285714285714,3,0,1,0.6666666666666666,0.3333333333333333,1,0.6666666666666666,151.79606579092797
10,1,C_ID,3,1000,identity,MCP_up,0.6666666666666666,0.8822674418604652,0.6374128919860627,0.5714285714285714,3,0,1,0.6666666666666666,0.3333333333333333,1,0.6666666666666666,151.79606579092797
10,1,C_ID,3,1000,identity,SCAD_up,0.6666666666666666,0.8822674418604651,0.6460511033681765,0.5714285714285714,3,0,1,0.6666666666666666,,,,151.79606579092797
10,1,C_ID,3,1000,variance,lasso,0.2857142857142857,0.6409883720930233,0.09553610780860528,0.2222222222222222,14,1,0,0.375,0.0,1,0.3333333333333333,28.99698004091624
10,1,C_ID,3,1000,variance,MCP_down,0.2857142857142857,0.5901162790697674,0.09448329448329448,0.23529411764705882,13,1,0,0.35294117647058826,0.0,1,0.3333333333333333,28.99698004091624
10,1,C_ID,3,1000,variance,MCP_up,0.75,0.8081395348837209,0.482457729468599,0.6666666666666666,2,0,0,0.6666666666666666,0.6666666666666666,0,0.6666666666666666,28.99698004091624
10,1,C_ID,3,1000,variance,SCAD_up,0.75,0.8081395348837209,0.482457729468599,0.6666666666666666,2,0,0,0.6666666666666666,,,,28.99698004091624
10,1,C_ID,4,1000,identity,lasso,0.5714285714285714,0.7767857142857143,0.34510582010582014,0.36363636363636365,5,3,0,1.0,0.5,2,0.9090909090909091,157.22918187489267
10,1,C_ID,4,1000,identity,MCP_down,0.4,0.5992063492063492,0.27222222222222225,0.4,4,2,0,0.8888888888888888,0.5,2,0.9090909090909091,157.22918187489267
10,1,C_ID,4,1000,identity,MCP_up,0.36363636363636365,0.746031746031746,0.2693713249827801,0.36363636363636365,5,3,0,1.0,0.5,2,0.9090909090909091,157.22918187489267
10,1,C_ID,4,1000,identity,SCAD_up,0.46153846153846156,0.7261904761904763,0.24538722200335472,0.3333333333333333,6,3,0,0.9090909090909091,,,,157.22918187489267
10,1,C_ID,4,1000,variance,lasso,0.9090909090909091,0.8482142857142858,0.7686748436748436,0.3333333333333333,24,1,3,0.47619047619047616,0.6666666666666666,0,0.7692307692307693,86.69838766695466
10,1,C_ID,4,1000,variance,MCP_down,0.7272727272727273,0.751984126984127,0.6554292929292929,0.2857142857142857,22,1,0,0.37037037037037035,0.4,2,0.7142857142857143,86.69838766695466
10,1,C_ID,4,1000,variance,MCP_up,0.7272727272727273,0.8154761904761905,0.6656565656565656,0.42105263157894735,13,1,0,0.5555555555555556,0.4,2,0.7142857142857143,86.69838766695466
10,1,C_ID,4,1000,variance,SCAD_up,0.9090909090909091,0.820436507936508,0.7668650793650793,0.36363636363636365,16,1,0,0.5263157894736842,,,,86.69838766695466
10,1,C_ID,5,1000,identity,lasso,0.782608695652174,0.9766803840877915,0.7900793650793652,0.7619047619047619,12,1,2,0.9473684210526315,0.8888888888888888,1,1.0,109.3628561659716
10,1,C_ID,5,1000,identity,MCP_down,0.8,0.8299039780521261,0.7190035273368607,0.7368421052631579,10,2,0,0.9473684210526315,0.8888888888888888,1,1.0,109.3628561659716
10,1,C_ID,5,1000,identity,MCP_up,0.8421052631578947,0.9657064471879288,0.8174908424908425,0.8421052631578947,10,1,0,0.9473684210526315,0.8888888888888888,1,1.0,109.3628561659716
10,1,C_ID,5,1000,identity,SCAD_up,0.8571428571428571,0.9622770919067216,0.7914357035046691,0.8,11,1,1,0.9473684210526315,,,,109.3628561659716
10,1,C_ID,5,1000,variance,lasso,0.75,0.9396433470507545,0.48213383838383833,0.75,15,0,2,0.8181818181818182,0.7777777777777778,2,1.0,67.03874233306851
10,1,C_ID,5,1000,variance,MCP_down,0.8421052631578947,0.8196159122085047,0.5086691086691087,0.8421052631578947,10,1,0,0.9473684210526315,0.7777777777777778,2,1.0,67.03874233306851
10,1,C_ID,5,1000,variance,MCP_up,0.8888888888888888,0.9272976680384087,0.5790605209655554,0.8421052631578947,10,1,0,0.9473684210526315,0.8421052631578947,1,0.9473684210526315,67.03874233306851
10,1,C_ID,5,1000,variance,SCAD_up,0.782608695652174,0.9060356652949246,0.4710268126934793,0.7619047619047619,12,1,1,0.9,,,,67.03874233306851
10,1,C_ID,6,1000,identity,lasso,0.47058823529411764,0.825301204819277,0.26858826864078966,0.4,8,1,2,0.6666666666666666,0.4,1,0.6153846153846154,84.17420433298685
10,1,C_ID,6,1000,identity,MCP_down,0.3333333333333333,0.5912220309810672,0.1340273761326393,0.25,9,2,0,0.5333333333333333,0.26666666666666666,1,0.42857142857142855,84.17420433298685
10,1,C_ID,6,1000,identity,MCP_up,0.6153846153846154,0.8201376936316694,0.37330322933771204,0.6153846153846154,6,0,1,0.7272727272727273,0.5333333333333333,0,0.6666666666666666,84.17420433298685
10,1,C_ID,6,1000,identity,SCAD_up,0.5714285714285714,0.8020654044750429,0.30508605941447553,0.5714285714285714,7,0,2,0.7272727272727273,,,,84.17420433298685
10,1,C_ID,6,1000,variance,lasso,0.5555555555555556,0.8519793459552495,0.5375051535765821,0.5555555555555556,11,1,2,0.8,0.5714285714285714,0,0.6153846153846154,54.624448459013365
10,1,C_ID,6,1000,variance,MCP_down,0.6,0.7857142857142857,0.5625372151495645,0.5882352941176471,10,1,0,0.75,0.5714285714285714,0,0.6153846153846154,54.624448459013365
10,1,C_ID,6,1000,variance,MCP_up,0.7272727272727273,0.8442340791738382,0.6181355448162171,0.6666666666666666,5,0,0,0.7272727272727273,0.5714285714285714,0,0.6153846153846154,54.624448459013365
10,1,C_ID,6,1000,variance,SCAD_up,0.6666666666666666,0.8562822719449225,0.6264137632425191,0.6153846153846154,6,0,1,0.7272727272727273,,,,54.624448459013365
10,1,C_ID,7,1000,identity,lasso,0.7058823529411765,0.8178353658536586,0.4817501523859283,0.625,8,1,1,0.8571428571428571,0.75,1,0.9333333333333333,24.008862082962878
10,1,C_ID,7,1000,identity,MCP_down,0.4,0.6478658536585366,0.2650927713427713,0.4,7,2,0,0.7142857142857143,0.375,2,0.6666666666666666,24.008862082962878
10,1,C_ID,7,1000,identity,MCP_up,0.7142857142857143,0.8064024390243902,0.5838857323232323,0.6666666666666666,7,1,0,0.8571428571428571,0.75,1,0.9333333333333333,24.008862082962878
10,1,C_ID,7,1000,identity,SCAD_up,0.8,0.7980182926829269,0.46967442279942284,0.7058823529411765,9,1,0,0.875,,,,24.008862082962878
10,1,C_ID,7,1000,variance,lasso,0.7777777777777778,0.7980182926829268,0.46567269536019534,0.4,22,1,2,0.5384615384615384,0.5,1,0.6666666666666666,33.476784999947995
10,1,C_ID,7,1000,variance,MCP_down,0.47058823529411764,0.6570121951219512,0.19954737103174602,0.27586206896551724,21,2,0,0.42857142857142855,0.2,4,0.631578947368421,33.476784999947995
10,1,C_ID,7,1000,variance,MCP_up,0.8,0.7804878048780488,0.5839108144714762,0.37037037037037035,19,2,0,0.5384615384615384,0.6666666666666666,1,0.8235294117647058,33.476784999947995
10,1,C_ID,7,1000,variance,SCAD_up,0.9333333333333333,0.7873475609756098,0.4880605443105443,0.41379310344827586,21,1,0,0.5185185185185185,,,,33.476784999947995
10,1,C_ID,8,1000,identity,lasso,0.72,0.8659188034188035,0.4830474036995776,0.64,13,1,2,0.8181818181818182,0.6666666666666666,1,0.8,45.7681834170362
10,1,C_ID,8,1000,identity,MCP_down,0.6666666666666666,0.7900641025641026,0.4181088314656863,0.6363636363636364,10,1,0,0.7619047619047619,0.6666666666666666,1,0.8,45.7681834170362
10,1,C_ID,8,1000,identity,MCP_up,0.6956521739130435,0.8541666666666666,0.44543749683552314,0.6956521739130435,11,1,0,0.8181818181818182,0.7272727272727273,1,0.8571428571428571,45.7681834170362
10,1,C_ID,8,1000,identity,SCAD_up,0.6206896551724138,0.8493589743589743,0.457438155783744,0.5384615384615384,14,2,1,0.75,,,,45.7681834170362
10,1,C_ID,8,1000,variance,lasso,0.72,0.9129273504273504,0.4844427805405617,0.72,13,0,2,0.8181818181818182,0.6666666666666666,1,0.8,56.819998375023715
10,1,C_ID,8,1000,variance,MCP_down,0.6666666666666666,0.7184829059829059,0.37576920864964336,0.6666666666666666,9,1,0,0.8,0.6666666666666666,1,0.8,56.819998375023715
10,1,C_ID,8,1000,variance,MCP_up,0.6956521739130435,0.8733974358974358,0.42038085513752915,0.6956521739130435,11,1,0,0.8181818181818182,0.7272727272727273,1,0.8571428571428571,56.819998375023715
10,1,C_ID,8,1000,variance,SCAD_up,0.6666666666666666,0.8595085470085471,0.41026644227075254,0.5925925925925926,15,1,2,0.75,,,,56.819998375023715
10,1,C_ID,9,1000,identity,lasso,0.64,0.77625,0.49794639058592793,0.64,15,1,4,0.8571428571428571,0.6666666666666666,2,0.9473684210526315,63.01894108299166
10,1,C_ID,9,1000,identity,MCP_down,0.9,0.783125,0.6363035038576834,0.782608695652174,13,1,0,0.8695652173913043,0.7272727272727273,2,0.9523809523809523,63.01894108299166
10,1,C_ID,9,1000,identity,MCP_up,0.7777777777777778,0.7549999999999999,0.5232907524354893,0.7368421052631579,9,2,0,0.9473684210526315,0.6666666666666666,2,0.9,63.01894108299166
10,1,C_ID,9,1000,identity,SCAD_up,0.7,0.745625,0.455386901377755,0.7,10,2,1,0.9473684210526315,,,,63.01894108299166
10,1,C_ID,9,1000,variance,lasso,0.6666666666666666,0.75625,0.3198107539524415,0.6666666666666666,14,1,2,0.8571428571428571,0.7,2,0.9473684210526315,59.19279624999035
10,1,C_ID,9,1000,variance,MCP_down,0.9473684210526315,0.8293750000000001,0.45822420634920635,0.9,10,1,0,1.0,0.7,3,1.0,59.19279624999035
10,1,C_ID,9,1000,variance,MCP_up,0.9473684210526315,0.7718749999999999,0.4945535714285714,0.8,10,2,0,1.0,0.7,3,1.0,59.19279624999035
10,1,C_ID,9,1000,variance,SCAD_up,0.9,0.76875,0.4075126262626263,0.9,10,1,0,1.0,,,,59.19279624999035
10,2,C_ID,0,1000,identity,lasso,0.5957446808510638,0.7585714285714286,0.47928785639311955,0.5,20,3,4,0.7428571428571429,0.5714285714285714,2,0.7741935483870968,85.73341762495693
10,2,C_ID,0,1000,identity,MCP_down,0.6382978723404256,0.7635714285714286,0.5304982440160458,0.5405405405405406,17,4,0,0.7777777777777778,0.6857142857142857,2,0.8484848484848485,85.73341762495693
10,2,C_ID,0,1000,identity,MCP_up,0.5454545454545454,0.74,0.48238051208354155,0.5263157894736842,18,4,0,0.7567567567567568,0.5,4,0.7428571428571429,85.73341762495693
10,2,C_ID,0,1000,identity,SCAD_up,0.6222222222222222,0.7375,0.45815453616239016,0.6190476190476191,22,1,3,0.7368421052631579,,,,85.73341762495693
10,2,C_ID,0,1000,variance,lasso,0.6,0.6960714285714286,0.34949636079896657,0.5333333333333333,25,4,5,0.8205128205128205,0.5142857142857142,3,0.7272727272727273,113.78509087499697
10,2,C_ID,0,1000,variance,MCP_down,0.7777777777777778,0.8189285714285715,0.5604919829090309,0.7777777777777778,16,1,1,0.8823529411764706,0.7058823529411765,2,0.8484848484848485,113.78509087499697
10,2,C_ID,0,1000,variance,MCP_up,0.6111111111111112,0.6903571428571429,0.36412889716063096,0.4864864864864865,17,5,0,0.7777777777777778,0.5142857142857142,5,0.8235294117647058,113.78509087499697
10,2,C_ID,0,1000,variance,SCAD_up,0.5531914893617021,0.6839285714285713,0.342020179248509,0.5238095238095238,22,6,1,0.85,,,,113.78509087499697
10,2,C_ID,1,1000,identity,lasso,0.6956521739130435,0.6773226773226774,0.4511772890380701,0.6956521739130435,10,0,2,0.8,0.6956521739130435,0,0.7619047619047619,47.71622979210224
10,2,C_ID,1,1000,identity,MCP_down,0.5454545454545454,0.550949050949051,0.3916951955413494,0.4,12,2,0,0.5833333333333334,0.4166666666666667,2,0.6086956521739131,47.71622979210224
10,2,C_ID,1,1000,identity,MCP_up,0.6666666666666666,0.6278721278721279,0.4952580539119001,0.6086956521739131,10,1,0,0.7272727272727273,0.56,1,0.6956521739130435,47.71622979210224
10,2,C_ID,1,1000,identity,SCAD_up,0.7272727272727273,0.6333666333666333,0.4107767724291004,0.7272727272727273,9,0,1,0.8,,,,47.71622979210224
10,2,C_ID,1,1000,variance,lasso,0.6923076923076923,0.7802197802197801,0.4655412550238699,0.6923076923076923,13,0,1,0.782608695652174,0.7272727272727273,0,0.7619047619047619,58.10491858306341
10,2,C_ID,1,1000,variance,MCP_down,0.6363636363636364,0.7242757242757243,0.47462717359269085,0.5,11,2,0,0.6956521739130435,0.7272727272727273,0,0.7619047619047619,58.10491858306341
10,2,C_ID,1,1000,variance,MCP_up,0.7619047619047619,0.7682317682317681,0.5377229668977602,0.7272727272727273,9,0,0,0.7619047619047619,0.7272727272727273,0,0.7619047619047619,58.10491858306341
10,2,C_ID,1,1000,variance,SCAD_up,0.7272727272727273,0.7732267732267732,0.46876670945923976,0.6956521739130435,10,0,0,0.7272727272727273,,,,58.10491858306341
10,2,C_ID,2,1000,identity,lasso,0.56,0.7885338345864662,0.37574208598081493,0.5365853658536586,27,0,3,0.5882352941176471,0.6923076923076923,1,0.8181818181818182,629.7246304999571
10,2,C_ID,2,1000,identity,MCP_down,0.3333333333333333,0.5620300751879699,0.2140508689107827,0.3076923076923077,25,2,0,0.4444444444444444,0.5,0,0.56,629.7246304999571
10,2,C_ID,2,1000,identity,MCP_up,0.6666666666666666,0.819078947368421,0.5583150067962974,0.6666666666666666,13,0,2,0.7272727272727273,0.6923076923076923,1,0.8181818181818182,629.7246304999571
10,2,C_ID,2,1000,identity,SCAD_up,0.5294117647058824,0.7485902255639098,0.3024665257183491,0.5294117647058824,20,1,2,0.6206896551724138,,,,629.7246304999571
10,2,C_ID,2,1000,variance,lasso,0.5454545454545454,0.7546992481203008,0.37399341905593,0.41509433962264153,39,0,5,0.45454545454545453,0.6428571428571429,1,0.782608695652174,257.5951268329518
10,2,C_ID,2,1000,variance,MCP_down,0.38095238095238093,0.5742481203007518,0.2350560707466824,0.2692307692307692,38,3,2,0.425531914893617,0.3333333333333333,4,0.6428571428571429,257.5951268329518
10,2,C_ID,2,1000,variance,MCP_up,0.8333333333333334,0.7843045112781954,0.6455357142857143,0.6896551724137931,15,0,1,0.72,0.7692307692307693,0,0.8181818181818182,257.5951268329518
10,2,C_ID,2,1000,variance,SCAD_up,0.8,0.7640977443609023,0.4580395794681509,0.6666666666666666,16,0,1,0.6923076923076923,,,,257.5951268329518
10,2,C_ID,3,1000,identity,lasso,0.5581395348837209,0.6925866236905721,0.36899667961872984,0.4117647058823529,17,4,3,0.7586206896551724,0.36363636363636365,6,0.75,49.01373095891904
10,2,C_ID,3,1000,identity,MCP_down,0.5555555555555556,0.676873489121676,0.3646354907511674,0.48484848484848486,16,4,0,0.75,0.5,4,0.7741935483870968,49.01373095891904
10,2,C_ID,3,1000,identity,MCP_up,0.4897959183673469,0.6635777598710717,0.3460329530965205,0.45714285714285713,18,5,0,0.7647058823529411,0.5,4,0.7741935483870968,49.01373095891904
10,2,C_ID,3,1000,identity,SCAD_up,0.48,0.6502820306204673,0.32867880485527545,0.2857142857142857,18,7,0,0.7058823529411765,,,,49.01373095891904
10,2,C_ID,3,1000,variance,lasso,0.6046511627906976,0.7236099919419823,0.4251776016960695,0.5238095238095238,25,2,6,0.7058823529411765,0.5806451612903226,3,0.8,56.86771316698287
10,2,C_ID,3,1000,variance,MCP_down,0.47058823529411764,0.6579371474617244,0.398121694205027,0.47058823529411764,17,4,0,0.7272727272727273,0.5,4,0.7741935483870968,56.86771316698287
10,2,C_ID,3,1000,variance,MCP_up,0.4444444444444444,0.66116035455278,0.35767557145878026,0.3125,15,6,0,0.7096774193548387,0.4375,4,0.7333333333333333,56.86771316698287
10,2,C_ID,3,1000,variance,SCAD_up,0.425531914893617,0.6526994359387591,0.3656048751936813,0.35294117647058826,17,6,0,0.7272727272727273,,,,56.86771316698287
10,2,C_ID,4,1000,identity,lasso,0.8125,0.8635555555555556,0.6819404933501061,0.7586206896551724,14,2,1,0.9090909090909091,0.6666666666666666,1,0.8695652173913043,41.614507749909535
10,2,C_ID,4,1000,identity,MCP_down,0.6428571428571429,0.7355555555555555,0.546013431013431,0.6153846153846154,11,2,0,0.8695652173913043,0.8148148148148148,0,0.9090909090909091,41.614507749909535
10,2,C_ID,4,1000,identity,MCP_up,0.6923076923076923,0.8071111111111112,0.6130043456302654,0.6923076923076923,11,1,1,0.9090909090909091,0.5925925925925926,2,0.8333333333333334,41.614507749909535
10,2,C_ID,4,1000,identity,SCAD_up,0.7586206896551724,0.796,0.5769053720112254,0.6,15,1,2,0.8,,,,41.614507749909535
10,2,C_ID,4,1000,variance,lasso,0.7878787878787878,0.8653333333333335,0.7707656679339305,0.7586206896551724,14,2,1,0.9090909090909091,0.8888888888888888,0,0.9090909090909091,38.942888542078435
10,2,C_ID,4,1000,variance,MCP_down,0.6666666666666666,0.6924444444444444,0.6041063127905233,0.5517241379310345,14,2,0,0.7692307692307693,0.7692307692307693,0,0.8695652173913043,38.942888542078435
10,2,C_ID,4,1000,variance,MCP_up,0.6666666666666666,0.804888888888889,0.6684459023038245,0.5517241379310345,14,2,0,0.7692307692307693,0.5925925925925926,2,0.8333333333333334,38.942888542078435
10,2,C_ID,4,1000,variance,SCAD_up,0.7692307692307693,0.8017777777777779,0.6740433387801809,0.6666666666666666,15,0,2,0.8,,,,38.942888542078435
10,2,C_ID,5,1000,identity,lasso,0.42105263157894735,0.6304898648648648,0.35166570700563426,0.2608695652173913,7,2,1,0.5555555555555556,0.36363636363636365,1,0.5555555555555556,45.19968141708523
10,2,C_ID,5,1000,identity,MCP_down,0.5,0.6482263513513513,0.3522628503423192,0.36363636363636365,6,2,0,0.6666666666666666,0.2727272727272727,3,0.6666666666666666,45.19968141708523
10,2,C_ID,5,1000,identity,MCP_up,0.47619047619047616,0.6418918918918919,0.4464815740624022,0.47619047619047616,5,0,0,0.5882352941176471,0.36363636363636365,1,0.5555555555555556,45.19968141708523
10,2,C_ID,5,1000,identity,SCAD_up,0.4444444444444444,0.6309121621621621,0.3593301037027318,0.3333333333333333,8,1,2,0.5555555555555556,,,,45.19968141708523
10,2,C_ID,5,1000,variance,lasso,0.5,0.7128378378378378,0.4556638437608907,0.4444444444444444,11,1,1,0.6363636363636364,0.36363636363636365,1,0.5555555555555556,30.96995404199697
10,2,C_ID,5,1000,variance,MCP_down,0.5333333333333333,0.7048141891891893,0.4829955772431793,0.5,8,1,0,0.7,0.45454545454545453,1,0.6666666666666666,30.96995404199697
10,2,C_ID,5,1000,variance,MCP_up,0.42105263157894735,0.6849662162162162,0.37945169125267814,0.34782608695652173,7,1,0,0.5263157894736842,0.36363636363636365,1,0.5555555555555556,30.96995404199697
10,2,C_ID,5,1000,variance,SCAD_up,0.45454545454545453,0.6913006756756757,0.4415232695233842,0.4444444444444444,11,1,1,0.6363636363636364,,,,30.96995404199697
10,2,C_ID,6,1000,identity,lasso,0.6111111111111112,0.7592407592407592,0.32607656020263126,0.6111111111111112,23,0,5,0.7333333333333333,0.6666666666666666,2,0.8461538461538461,145.58449799998198
10,2,C_ID,6,1000,identity,MCP_down,0.5217391304347826,0.6203796203796204,0.2658639016179502,0.4666666666666667,17,3,0,0.6896551724137931,0.5,3,0.7142857142857143,145.58449799998198
10,2,C_ID,6,1000,identity,MCP_up,0.8,0.7727272727272727,0.40530209453285854,0.5161290322580645,18,3,1,0.7586206896551724,0.6428571428571429,2,0.8461538461538461,145.58449799998198
10,2,C_ID,6,1000,identity,SCAD_up,0.7333333333333333,0.7582417582417582,0.33475651574968196,0.5454545454545454,20,2,2,0.7333333333333333,,,,145.58449799998198
10,2,C_ID,6,1000,variance,lasso,0.5,0.7542457542457541,0.45548694511542814,0.4878048780487805,28,1,7,0.6666666666666666,0.6428571428571429,2,0.8148148148148148,104.2497216250049
10,2,C_ID,6,1000,variance,MCP_down,0.5263157894736842,0.6193806193806194,0.41854226175242726,0.35294117647058826,21,4,1,0.6060606060606061,0.5,4,0.7857142857142857,104.2497216250049
10,2,C_ID,6,1000,variance,MCP_up,0.6666666666666666,0.7782217782217782,0.5617918855773107,0.6206896551724138,16,2,0,0.7586206896551724,0.6923076923076923,2,0.8461538461538461,104.2497216250049
10,2,C_ID,6,1000,variance,SCAD_up,0.6666666666666666,0.7812187812187812,0.5237893624921592,0.6666666666666666,17,1,2,0.7857142857142857,,,,104.2497216250049
10,2,C_ID,7,1000,identity,lasso,0.56,0.7175,0.37672381384495723,0.4878048780487805,21,3,4,0.7222222222222222,0.5405405405405406,3,0.7647058823529411,83.30057645798661
10,2,C_ID,7,1000,identity,MCP_down,0.5777777777777777,0.7053571428571429,0.3957519553002602,0.5581395348837209,23,3,0,0.7142857142857143,0.6666666666666666,2,0.7894736842105263,83.30057645798661
10,2,C_ID,7,1000,identity,MCP_up,0.6666666666666666,0.7507142857142857,0.4380068570259391,0.6190476190476191,22,4,0,0.8292682926829268,0.6842105263157895,3,0.8648648648648649,83.30057645798661
10,2,C_ID,7,1000,identity,SCAD_up,0.6382978723404256,0.735,0.39923528836671573,0.6222222222222222,25,2,1,0.7619047619047619,,,,83.30057645798661
10,2,C_ID,7,1000,variance,lasso,0.5818181818181818,0.7175,0.39402606433204157,0.4782608695652174,26,2,3,0.6341463414634146,0.5945945945945946,3,0.7777777777777778,100.05662725004368
10,2,C_ID,7,1000,variance,MCP_down,0.65,0.7474999999999999,0.4436920779741987,0.6153846153846154,19,3,0,0.7894736842105263,0.7027027027027027,2,0.8571428571428571,100.05662725004368
10,2,C_ID,7,1000,variance,MCP_up,0.6829268292682927,0.7667857142857143,0.49365734122446864,0.6818181818181818,24,1,2,0.7804878048780488,0.7027027027027027,2,0.8333333333333334,100.05662725004368
10,2,C_ID,7,1000,variance,SCAD_up,0.6511627906976745,0.7457142857142857,0.4331453464833154,0.6511627906976745,23,2,0,0.7619047619047619,,,,100.05662725004368
10,2,C_ID,8,1000,identity,lasso,0.6956521739130435,0.7664615384615385,0.6265372325284151,0.6363636363636364,19,3,2,0.8421052631578947,0.5581395348837209,5,0.8717948717948718,58.346212874981575
10,2,C_ID,8,1000,identity,MCP_down,0.6363636363636364,0.7126153846153848,0.5926446565130776,0.6086956521739131,21,3,0,0.7906976744186046,0.47619047619047616,5,0.7692307692307693,58.346212874981575
10,2,C_ID,8,1000,identity,MCP_up,0.7,0.7387692307692308,0.6065797833146505,0.6829268292682927,16,2,0,0.8421052631578947,0.6046511627906976,2,0.7894736842105263,58.346212874981575
10,2,C_ID,8,1000,identity,SCAD_up,0.6666666666666666,0.7313846153846154,0.5868020439530737,0.6666666666666666,20,2,0,0.7804878048780488,,,,58.346212874981575
10,2,C_ID,8,1000,variance,lasso,0.7169811320754716,0.7713846153846154,0.6636042417399475,0.6521739130434783,21,3,2,0.85,0.6976744186046512,2,0.85,57.837891291012056
10,2,C_ID,8,1000,variance,MCP_down,0.5882352941176471,0.704923076923077,0.5798929457811811,0.5882352941176471,26,4,0,0.7916666666666666,0.5333333333333333,4,0.7619047619047619,57.837891291012056
10,2,C_ID,8,1000,variance,MCP_up,0.7727272727272727,0.7692307692307693,0.7000641874091869,0.6666666666666666,17,2,0,0.8205128205128205,0.6511627906976745,2,0.8,57.837891291012056
10,2,C_ID,8,1000,variance,SCAD_up,0.6938775510204082,0.7544615384615385,0.6425182897665016,0.6296296296296297,29,3,0,0.76,,,,57.837891291012056
10,2,C_ID,9,1000,identity,lasso,0.5294117647058824,0.735641891891892,0.4802419984508628,0.5142857142857142,19,1,3,0.6451612903225806,0.6428571428571429,1,0.7692307692307693,61.01731716701761
10,2,C_ID,9,1000,identity,MCP_down,0.4827586206896552,0.5274493243243243,0.41232656232656234,0.45161290322580644,15,3,0,0.6666666666666666,0.5333333333333333,2,0.7142857142857143,61.01731716701761
10,2,C_ID,9,1000,identity,MCP_up,0.5116279069767442,0.7301520270270271,0.4904353837043859,0.42857142857142855,12,3,0,0.6666666666666666,0.4,3,0.6428571428571429,61.01731716701761
10,2,C_ID,9,1000,identity,SCAD_up,0.5625,0.7195945945945946,0.46631553124973124,0.5625,16,1,2,0.6896551724137931,,,,61.01731716701761
10,2,C_ID,9,1000,variance,lasso,0.6206896551724138,0.7411317567567568,0.5695344995848092,0.5945945945945946,21,0,4,0.6875,0.7142857142857143,0,0.8,69.06339649995789
10,2,C_ID,9,1000,variance,MCP_down,0.6896551724137931,0.7407094594594594,0.592211406425116,0.6896551724137931,13,0,0,0.7142857142857143,0.7586206896551724,1,0.8461538461538461,69.06339649995789
10,2,C_ID,9,1000,variance,MCP_up,0.7142857142857143,0.7390202702702703,0.5976179814874668,0.7142857142857143,12,0,0,0.7407407407407407,0.7586206896551724,1,0.8461538461538461,69.06339649995789
10,2,C_ID,9,1000,variance,SCAD_up,0.6285714285714286,0.7326858108108109,0.5638540902494059,0.6285714285714286,19,0,0,0.6470588235294118,,,,69.06339649995789
10,3,C_ID,0,1000,identity,lasso,0.65625,0.7100056529112493,0.5066331341965779,0.509090909090909,26,6,4,0.8260869565217391,0.5531914893617021,5,0.8372093023255814,45.832714499905705
10,3,C_ID,0,1000,identity,MCP_down,0.46153846153846156,0.5514414923685698,0.4201235105628158,0.4,21,9,0,0.8260869565217391,0.5416666666666666,5,0.8181818181818182,45.832714499905705
10,3,C_ID,0,1000,identity,MCP_up,0.5945945945945946,0.7235726399095535,0.5276238379508484,0.5416666666666666,19,5,0,0.8181818181818182,0.5416666666666666,5,0.8181818181818182,45.832714499905705
10,3,C_ID,0,1000,identity,SCAD_up,0.5964912280701754,0.7040700960994912,0.5006811942221491,0.47058823529411764,22,8,0,0.851063829787234,,,,45.832714499905705
10,3,C_ID,0,1000,variance,lasso,0.6376811594202898,0.6936122102882984,0.48857488559240875,0.5964912280701754,28,3,5,0.782608695652174,0.64,3,0.8444444444444444,68.74944170797244
10,3,C_ID,0,1000,variance,MCP_down,0.56,0.5873374788015828,0.4561423106411346,0.5,19,5,0,0.7727272727272727,0.5416666666666666,4,0.7727272727272727,68.74944170797244
10,3,C_ID,0,1000,variance,MCP_up,0.6268656716417911,0.7235726399095535,0.5541463380756727,0.6122448979591837,20,4,0,0.8444444444444444,0.5416666666666666,4,0.7727272727272727,68.74944170797244
10,3,C_ID,0,1000,variance,SCAD_up,0.6792452830188679,0.7020915771622385,0.5031111769403889,0.5925925925925926,25,4,0,0.8,,,,68.74944170797244
10,3,C_ID,1,1000,identity,lasso,0.5,0.6104209799861973,0.28754029989643143,0.4745762711864407,38,1,4,0.5909090909090909,0.46511627906976744,3,0.6470588235294118,488.45390129100997
10,3,C_ID,1,1000,identity,MCP_down,0.4444444444444444,0.6349206349206349,0.3279974129835893,0.39285714285714285,35,2,0,0.5,0.4583333333333333,1,0.5714285714285714,488.45390129100997
10,3,C_ID,1,1000,identity,MCP_up,0.47058823529411764,0.6369910282953761,0.3515091999486124,0.4186046511627907,22,3,1,0.5714285714285714,0.46511627906976744,3,0.6285714285714286,488.45390129100997
10,3,C_ID,1,1000,identity,SCAD_up,0.47368421052631576,0.639751552795031,0.3472915266842781,0.425531914893617,26,3,1,0.5789473684210527,,,,488.45390129100997
10,3,C_ID,1,1000,variance,lasso,0.5396825396825397,0.6576949620427881,0.3163467241843748,0.5396825396825397,42,0,6,0.5957446808510638,0.4878048780487805,1,0.5882352941176471,299.2470084580127
10,3,C_ID,1,1000,variance,MCP_down,0.3050847457627119,0.47377501725327814,0.21799870710433567,0.3050847457627119,38,5,0,0.5283018867924528,0.2978723404255319,4,0.5238095238095238,299.2470084580127
10,3,C_ID,1,1000,variance,MCP_up,0.5306122448979592,0.7032436162870945,0.36285621685750025,0.5,23,2,0,0.6486486486486487,0.4878048780487805,2,0.6470588235294118,299.2470084580127
10,3,C_ID,1,1000,variance,SCAD_up,0.5172413793103449,0.6901311249137336,0.3461786524988992,0.5,23,2,0,0.6486486486486487,,,,299.2470084580127
10,3,C_ID,2,1000,identity,lasso,0.5263157894736842,0.6407995296884186,0.510677307084025,0.4583333333333333,21,3,2,0.6666666666666666,0.4186046511627907,4,0.65,81.58245175005868
10,3,C_ID,2,1000,identity,MCP_down,0.5283018867924528,0.6651969429747208,0.5701990367586245,0.5116279069767442,16,3,0,0.7,0.42857142857142855,4,0.6666666666666666,81.58245175005868
10,3,C_ID,2,1000,identity,MCP_up,0.5142857142857142,0.6287477954144621,0.516519174216057,0.5116279069767442,16,3,1,0.717948717948718,0.46511627906976744,3,0.6666666666666666,81.58245175005868
10,3,C_ID,2,1000,identity,SCAD_up,0.5142857142857142,0.6313932980599648,0.51048123279116,0.5,17,3,2,0.717948717948718,,,,81.58245175005868
10,3,C_ID,2,1000,variance,lasso,0.47058823529411764,0.6116990005878895,0.48504769859038777,0.42105263157894735,30,5,4,0.68,0.46511627906976744,5,0.75,83.53008295898326
10,3,C_ID,2,1000,variance,MCP_down,0.5581395348837209,0.6116990005878895,0.5589408975446672,0.4583333333333333,21,5,0,0.7111111111111111,0.46511627906976744,5,0.75,83.53008295898326
10,3,C_ID,2,1000,variance,MCP_up,0.5581395348837209,0.606114050558495,0.5445211382587595,0.5581395348837209,16,3,0,0.75,0.4878048780487805,3,0.6842105263157895,83.53008295898326
10,3,C_ID,2,1000,variance,SCAD_up,0.5416666666666666,0.6046443268665491,0.4886410382213847,0.5106382978723404,20,4,0,0.7272727272727273,,,,83.53008295898326
10,3,C_ID,3,1000,identity,lasso,0.6885245901639344,0.6932750136686714,0.6263619565453168,0.5660377358490566,22,3,3,0.7727272727272727,0.5652173913043478,2,0.7317073170731707,55.03522737498861
10,3,C_ID,3,1000,identity,MCP_down,0.6530612244897959,0.6878075451066157,0.6253842542736788,0.5660377358490566,22,4,0,0.7916666666666666,0.5882352941176471,3,0.782608695652174,55.03522737498861
10,3,C_ID,3,1000,identity,MCP_up,0.65625,0.6971022416621104,0.6375621058042511,0.5490196078431373,20,3,0,0.7391304347826086,0.5416666666666666,2,0.6976744186046512,55.03522737498861
10,3,C_ID,3,1000,identity,SCAD_up,0.6349206349206349,0.6831601968288682,0.6119387549158574,0.6153846153846154,21,2,1,0.7555555555555555,,,,55.03522737498861
10,3,C_ID,3,1000,variance,lasso,0.676923076923077,0.7405686167304537,0.6492767341604024,0.6461538461538462,34,2,4,0.7777777777777778,0.5306122448979592,3,0.7272727272727273,71.05758400005288
10,3,C_ID,3,1000,variance,MCP_down,0.6545454545454545,0.7014762165117551,0.596552783247691,0.631578947368421,26,3,0,0.8076923076923077,0.5555555555555556,4,0.7755102040816326,71.05758400005288
10,3,C_ID,3,1000,variance,MCP_up,0.7368421052631579,0.7427556041552761,0.6298616817039117,0.7368421052631579,26,1,0,0.8461538461538461,0.6530612244897959,1,0.7727272727272727,71.05758400005288
10,3,C_ID,3,1000,variance,SCAD_up,0.7142857142857143,0.7258064516129031,0.6366098763699074,0.6101694915254238,28,5,0,0.8679245283018868,,,,71.05758400005288
10,3,C_ID,4,1000,identity,lasso,0.5789473684210527,0.6460020242914979,0.6172454356294333,0.5172413793103449,20,1,3,0.6521739130434783,0.43636363636363634,4,0.6808510638297872,36.97640516597312
10,3,C_ID,4,1000,identity,MCP_down,0.5901639344262295,0.6702935222672064,0.6474470842786986,0.48148148148148145,16,3,0,0.6956521739130435,0.4727272727272727,3,0.6808510638297872,36.97640516597312
10,3,C_ID,4,1000,identity,MCP_up,0.5679012345679012,0.6045040485829959,0.563545462348462,0.3508771929824561,19,7,0,0.6938775510204082,0.42105263157894735,6,0.7346938775510204,36.97640516597312
10,3,C_ID,4,1000,identity,SCAD_up,0.5679012345679012,0.6123481781376517,0.5854918687094304,0.4444444444444444,25,7,0,0.7636363636363637,,,,36.97640516597312
10,3,C_ID,4,1000,variance,lasso,0.5789473684210527,0.5915991902834008,0.556365315133071,0.5538461538461539,27,3,3,0.7547169811320755,0.43636363636363634,4,0.6808510638297872,44.673845332930796
10,3,C_ID,4,1000,variance,MCP_down,0.5714285714285714,0.6293016194331984,0.5800360980689888,0.4642857142857143,18,4,0,0.7083333333333334,0.509090909090909,2,0.6808510638297872,44.673845332930796
10,3,C_ID,4,1000,variance,MCP_up,0.4935064935064935,0.5625,0.5317358956253341,0.41379310344827586,20,6,0,0.72,0.43636363636363634,4,0.6808510638297872,44.673845332930796
10,3,C_ID,4,1000,variance,SCAD_up,0.5135135135135135,0.5670546558704452,0.5336599536719033,0.4666666666666667,22,4,1,0.7058823529411765,,,,44.673845332930796
10,3,C_ID,5,1000,identity,lasso,0.6666666666666666,0.7015384615384616,0.46314922193819785,0.4888888888888889,20,5,3,0.7894736842105263,0.46511627906976744,5,0.75,45.40731483302079
10,3,C_ID,5,1000,identity,MCP_down,0.5116279069767442,0.5612307692307692,0.383639480007127,0.4782608695652174,21,6,0,0.7906976744186046,0.4090909090909091,7,0.7804878048780488,45.40731483302079
10,3,C_ID,5,1000,identity,MCP_up,0.5555555555555556,0.6867692307692308,0.46562996664746215,0.46511627906976744,18,6,0,0.8,0.46511627906976744,6,0.8,45.40731483302079
10,3,C_ID,5,1000,identity,SCAD_up,0.5957446808510638,0.6750769230769231,0.43668081268948317,0.5,19,6,1,0.85,,,,45.40731483302079
10,3,C_ID,5,1000,variance,lasso,0.7169811320754716,0.7581538461538462,0.5305849000645565,0.5957446808510638,22,4,4,0.8421052631578947,0.6190476190476191,3,0.8205128205128205,61.29241141595412
10,3,C_ID,5,1000,variance,MCP_down,0.53125,0.6707692307692308,0.45736984565723343,0.391304347826087,21,5,0,0.6511627906976745,0.4090909090909091,5,0.6829268292682927,61.29241141595412
10,3,C_ID,5,1000,variance,MCP_up,0.6521739130434783,0.7381538461538462,0.5373652374876418,0.6190476190476191,17,3,0,0.8205128205128205,0.5853658536585366,3,0.7894736842105263,61.29241141595412
10,3,C_ID,5,1000,variance,SCAD_up,0.6666666666666666,0.7153846153846154,0.48690585366120115,0.625,23,4,1,0.8636363636363636,,,,61.29241141595412
10,3,C_ID,6,1000,identity,lasso,0.5660377358490566,0.6544444444444445,0.5892228306528192,0.5098039215686274,21,4,3,0.7804878048780488,0.5,3,0.7368421052631579,30.790818291017786
10,3,C_ID,6,1000,identity,MCP_down,0.5882352941176471,0.7077777777777776,0.6581822370760921,0.5531914893617021,17,3,0,0.7804878048780488,0.6086956521739131,1,0.75,30.790818291017786
10,3,C_ID,6,1000,identity,MCP_up,0.5106382978723404,0.6327777777777779,0.5733740317156285,0.5,18,6,0,0.8571428571428571,0.5,3,0.7368421052631579,30.790818291017786
10,3,C_ID,6,1000,identity,SCAD_up,0.5925925925925926,0.643888888888889,0.5764489167107724,0.52,20,4,2,0.7804878048780488,,,,30.790818291017786
10,3,C_ID,6,1000,variance,lasso,0.6122448979591837,0.7080555555555554,0.657210896265536,0.5384615384615384,22,4,3,0.7804878048780488,0.4090909090909091,5,0.7368421052631579,38.85387312504463
10,3,C_ID,6,1000,variance,MCP_down,0.5652173913043478,0.6313888888888889,0.613649248222419,0.5,14,3,0,0.7368421052631579,0.5217391304347826,3,0.7692307692307693,38.85387312504463
10,3,C_ID,6,1000,variance,MCP_up,0.5633802816901409,0.648611111111111,0.5227357043997797,0.4090909090909091,14,5,0,0.7368421052631579,0.5333333333333333,3,0.7692307692307693,38.85387312504463
10,3,C_ID,6,1000,variance,SCAD_up,0.5633802816901409,0.6697222222222221,0.5997952382966697,0.3829787234042553,17,5,1,0.7,,,,38.85387312504463
10,3,C_ID,7,1000,identity,lasso,0.6071428571428571,0.73046875,0.5776596667724607,0.5769230769230769,26,1,8,0.7619047619047619,0.6190476190476191,1,0.7,92.6498813329963
10,3,C_ID,7,1000,identity,MCP_down,0.4782608695652174,0.5778245192307692,0.4691427373509417,0.4782608695652174,20,5,0,0.7272727272727273,0.4782608695652174,5,0.7272727272727273,92.6498813329963
10,3,C_ID,7,1000,identity,MCP_up,0.6382978723404256,0.7202524038461539,0.5698194262698817,0.5777777777777777,19,4,0,0.7906976744186046,0.6818181818181818,2,0.8095238095238095,92.6498813329963
10,3,C_ID,7,1000,identity,SCAD_up,0.6521739130434783,0.7220552884615385,0.5711080835325806,0.6363636363636364,18,2,1,0.7804878048780488,,,,92.6498813329963
10,3,C_ID,7,1000,variance,lasso,0.6666666666666666,0.7563100961538461,0.6264058487277785,0.64,24,1,6,0.7804878048780488,0.6363636363636364,3,0.8095238095238095,90.31618679210078
10,3,C_ID,7,1000,variance,MCP_down,0.5652173913043478,0.5817307692307693,0.5384887432074364,0.48,24,8,0,0.8333333333333334,0.5454545454545454,5,0.8095238095238095,90.31618679210078
10,3,C_ID,7,1000,variance,MCP_up,0.6206896551724138,0.7355769230769231,0.6285094794362505,0.5652173913043478,20,5,0,0.8181818181818182,0.5333333333333333,5,0.8095238095238095,90.31618679210078
10,3,C_ID,7,1000,variance,SCAD_up,0.6222222222222222,0.7328725961538461,0.5936062417448226,0.4528301886792453,27,5,1,0.68,,,,90.31618679210078
10,3,C_ID,8,1000,identity,lasso,0.5957446808510638,0.6560674886437379,0.5738786202590865,0.5714285714285714,26,1,3,0.6666666666666666,0.4,4,0.6666666666666666,29.882055292022415
10,3,C_ID,8,1000,identity,MCP_down,0.5106382978723404,0.6080467229072032,0.4881982619689579,0.5106382978723404,24,3,0,0.7317073170731707,0.6,3,0.8823529411764706,29.882055292022415
10,3,C_ID,8,1000,identity,MCP_up,0.5789473684210527,0.5814406229720961,0.4921775548915418,0.42857142857142855,19,3,0,0.6666666666666666,0.4,4,0.7272727272727273,29.882055292022415
10,3,C_ID,8,1000,identity,SCAD_up,0.5945945945945946,0.5940947436729397,0.5207090285861791,0.43478260869565216,23,2,2,0.631578947368421,,,,29.882055292022415
10,3,C_ID,8,1000,variance,lasso,0.6382978723404256,0.6586632057105776,0.5983234767066121,0.6122448979591837,26,1,4,0.6857142857142857,0.46511627906976744,2,0.6666666666666666,40.11355845804792
10,3,C_ID,8,1000,variance,MCP_down,0.6666666666666666,0.7235561323815705,0.6349973459670255,0.6521739130434783,23,1,0,0.8,0.5714285714285714,2,0.7777777777777778,40.11355845804792
10,3,C_ID,8,1000,variance,MCP_up,0.4666666666666667,0.5921479558728099,0.5089606123217992,0.3902439024390244,18,5,0,0.7428571428571429,0.45,3,0.7272727272727273,40.11355845804792
10,3,C_ID,8,1000,variance,SCAD_up,0.5714285714285714,0.5992861778066192,0.5249476940832649,0.3902439024390244,18,5,1,0.7647058823529411,,,,40.11355845804792
10,3,C_ID,9,1000,identity,lasso,0.6818181818181818,0.7777777777777778,0.5742192298439385,0.6818181818181818,23,1,6,0.8823529411764706,0.7567567567567568,1,0.9090909090909091,62.76202916598413
10,3,C_ID,9,1000,identity,MCP_down,0.6153846153846154,0.6832298136645962,0.5171288046288046,0.5714285714285714,21,4,0,0.8421052631578947,0.6,3,0.8108108108108109,62.76202916598413
10,3,C_ID,9,1000,identity,MCP_up,0.7368421052631579,0.7836438923395445,0.5920688389016725,0.7027027027027027,16,2,0,0.8823529411764706,0.6842105263157895,2,0.8571428571428571,62.76202916598413
10,3,C_ID,9,1000,identity,SCAD_up,0.7142857142857143,0.7684610075914422,0.5586222117643381,0.6190476190476191,21,3,1,0.8421052631578947,,,,62.76202916598413
10,3,C_ID,9,1000,variance,lasso,0.7555555555555555,0.8554175293305727,0.6981638168806914,0.7272727272727273,23,0,6,0.8823529411764706,0.7567567567567568,1,0.9090909090909091,72.78612412500661
10,3,C_ID,9,1000,variance,MCP_down,0.7567567567567568,0.7739820565907523,0.705660697327364,0.7567567567567568,16,1,0,0.8823529411764706,0.7567567567567568,1,0.8823529411764706,72.78612412500661
10,3,C_ID,9,1000,variance,MCP_up,0.7567567567567568,0.8592132505175982,0.7462286458872593,0.7567567567567568,16,1,0,0.8823529411764706,0.7567567567567568,1,0.8823529411764706,72.78612412500661
10,3,C_ID,9,1000,variance,SCAD_up,0.75,0.8464458247066942,0.6936283576561189,0.75,19,1,2,0.8823529411764706,,,,72.78612412500661
10,4,C_ID,0,1000,identity,lasso,0.5151515151515151,0.5667532467532468,0.44461810350889525,0.4838709677419355,27,4,5,0.7391304347826086,0.37735849056603776,5,0.6818181818181818,111.10496308305301
10,4,C_ID,0,1000,identity,MCP_down,0.47619047619047616,0.5103896103896104,0.41124040160035674,0.4,20,4,1,0.6521739130434783,0.37037037037037035,5,0.6666666666666666,111.10496308305301
10,4,C_ID,0,1000,identity,MCP_up,0.5671641791044776,0.5820779220779221,0.4520029013107773,0.39285714285714285,21,4,1,0.6382978723404256,0.41509433962264153,4,0.6818181818181818,111.10496308305301
10,4,C_ID,0,1000,identity,SCAD_up,0.5555555555555556,0.5709090909090909,0.4379399215329838,0.45614035087719296,22,4,2,0.723404255319149,,,,111.10496308305301
10,4,C_ID,0,1000,variance,lasso,0.5897435897435898,0.6322077922077922,0.5425732081697869,0.5263157894736842,41,5,7,0.8135593220338984,0.4074074074074074,5,0.6956521739130435,117.39547366602346
10,4,C_ID,0,1000,variance,MCP_down,0.43636363636363634,0.5005194805194806,0.4381204374804654,0.34285714285714286,35,10,0,0.7096774193548387,0.42105263157894735,7,0.7755102040816326,117.39547366602346
10,4,C_ID,0,1000,variance,MCP_up,0.6440677966101694,0.6628571428571428,0.5636771780407244,0.5517241379310345,23,4,0,0.8,0.5454545454545454,3,0.7659574468085106,117.39547366602346
10,4,C_ID,0,1000,variance,SCAD_up,0.6129032258064516,0.6475324675324676,0.5558019004938834,0.5245901639344263,26,5,0,0.7924528301886793,,,,117.39547366602346
10,4,C_ID,1,1000,identity,lasso,0.6329113924050633,0.642,0.6456442960130836,0.5588235294117647,28,2,5,0.72,0.5423728813559322,1,0.6808510638297872,55.59124412504025
10,4,C_ID,1,1000,identity,MCP_down,0.5230769230769231,0.5854999999999999,0.6079222996135036,0.4666666666666667,20,5,0,0.76,0.5084745762711864,4,0.75,55.59124412504025
10,4,C_ID,1,1000,identity,MCP_up,0.6388888888888888,0.62075,0.6047850928535496,0.4838709677419355,22,4,0,0.7307692307692307,0.4918032786885246,4,0.7450980392156863,55.59124412504025
10,4,C_ID,1,1000,identity,SCAD_up,0.6301369863013698,0.62325,0.6279079495951693,0.4307692307692308,25,6,1,0.7169811320754716,,,,55.59124412504025
10,4,C_ID,1,1000,variance,lasso,0.6329113924050633,0.6572500000000001,0.6651190756653076,0.5454545454545454,26,5,1,0.7450980392156863,0.4827586206896552,4,0.723404255319149,45.052283750032075
10,4,C_ID,1,1000,variance,MCP_down,0.5428571428571428,0.5907499999999999,0.6120896299290102,0.47619047619047616,23,7,0,0.8301886792452831,0.4918032786885246,6,0.8235294117647058,45.052283750032075
10,4,C_ID,1,1000,variance,MCP_up,0.5833333333333334,0.6320000000000001,0.6291916622448929,0.4406779661016949,19,5,0,0.7346938775510204,0.36666666666666664,7,0.7346938775510204,45.052283750032075
10,4,C_ID,1,1000,variance,SCAD_up,0.5753424657534246,0.6335000000000001,0.6463684925908506,0.49230769230769234,25,5,1,0.7307692307692307,,,,45.052283750032075
10,4,C_ID,2,1000,identity,lasso,0.6031746031746031,0.6539092400218699,0.5053763899253283,0.5263157894736842,26,4,5,0.7916666666666666,0.4583333333333333,6,0.7727272727272727,39.93684745801147
10,4,C_ID,2,1000,identity,MCP_down,0.5185185185185185,0.5910333515582286,0.4965786021164518,0.5,21,7,0,0.8333333333333334,0.5714285714285714,4,0.8,39.93684745801147
10,4,C_ID,2,1000,identity,MCP_up,0.576271186440678,0.6481683980317113,0.5353090005566316,0.48,19,6,0,0.782608695652174,0.4583333333333333,6,0.7727272727272727,39.93684745801147
10,4,C_ID,2,1000,identity,SCAD_up,0.6440677966101694,0.6492618917441224,0.5080844204651785,0.5185185185185185,23,5,2,0.7916666666666666,,,,39.93684745801147
10,4,C_ID,2,1000,variance,lasso,0.625,0.6804264625478402,0.5053598564643168,0.5517241379310345,27,4,4,0.7916666666666666,0.6530612244897959,2,0.8,33.07088529097382
10,4,C_ID,2,1000,variance,MCP_down,0.6666666666666666,0.6987424822307271,0.5772818668241114,0.6274509803921569,20,4,0,0.851063829787234,0.6530612244897959,2,0.8,33.07088529097382
10,4,C_ID,2,1000,variance,MCP_up,0.56,0.6760524876981957,0.5317303037145295,0.47058823529411764,20,7,0,0.8085106382978723,0.4489795918367347,6,0.7555555555555555,33.07088529097382
10,4,C_ID,2,1000,variance,SCAD_up,0.6206896551724138,0.6711317659923455,0.503804034928843,0.5384615384615384,21,4,2,0.782608695652174,,,,33.07088529097382
10,4,C_ID,3,1000,identity,lasso,0.625,0.6356275303643725,0.6145425845370923,0.43333333333333335,22,6,1,0.6923076923076923,0.3508771929824561,8,0.7058823529411765,23.78832000005059
10,4,C_ID,3,1000,identity,MCP_down,0.5974025974025974,0.6548582995951416,0.663963247451781,0.5079365079365079,25,7,0,0.8070175438596491,0.5666666666666667,4,0.7777777777777778,23.78832000005059
10,4,C_ID,3,1000,identity,MCP_up,0.5783132530120482,0.6166497975708503,0.5606530471010761,0.41935483870967744,24,10,0,0.8214285714285714,0.3508771929824561,8,0.7058823529411765,23.78832000005059
10,4,C_ID,3,1000,identity,SCAD_up,0.5783132530120482,0.6214574898785425,0.6035655694867798,0.5,30,9,1,0.8524590163934426,,,,23.78832000005059
10,4,C_ID,3,1000,variance,lasso,0.5822784810126582,0.61082995951417,0.5661999035068224,0.463768115942029,31,9,3,0.8333333333333334,0.2857142857142857,10,0.72,45.69695725000929
10,4,C_ID,3,1000,variance,MCP_down,0.56,0.6194331983805668,0.6073653358162037,0.47619047619047616,25,10,0,0.8771929824561403,0.3448275862068966,10,0.7692307692307693,45.69695725000929
10,4,C_ID,3,1000,variance,MCP_up,0.5609756097560976,0.58248987854251,0.5017963286811069,0.3870967741935484,24,11,0,0.8214285714285714,0.32142857142857145,8,0.68,45.69695725000929
10,4,C_ID,3,1000,variance,SCAD_up,0.5542168674698795,0.5959008097165991,0.5559333103732225,0.47761194029850745,29,10,1,0.8666666666666667,,,,45.69695725000929
10,4,C_ID,4,1000,identity,lasso,0.5925925925925926,0.6343623481781375,0.5781341905013623,0.5538461538461539,27,4,3,0.7307692307692307,0.5666666666666667,3,0.7450980392156863,39.028537624981254
10,4,C_ID,4,1000,identity,MCP_down,0.49382716049382713,0.5523785425101213,0.5121714439373359,0.39285714285714285,18,6,0,0.6938775510204082,0.38596491228070173,6,0.68,39.028537624981254
10,4,C_ID,4,1000,identity,MCP_up,0.5679012345679012,0.6209514170040484,0.5712908291839482,0.5423728813559322,21,3,0,0.7307692307692307,0.5517241379310345,2,0.7058823529411765,39.028537624981254
10,4,C_ID,4,1000,identity,SCAD_up,0.5679012345679012,0.6141194331983805,0.5610136228364301,0.4918032786885246,23,5,1,0.7547169811320755,,,,39.028537624981254
10,4,C_ID,4,1000,variance,lasso,0.6410256410256411,0.6376518218623481,0.5519426543887204,0.5970149253731343,29,3,4,0.7777777777777778,0.41379310344827586,6,0.7346938775510204,61.334732249961235
10,4,C_ID,4,1000,variance,MCP_down,0.5432098765432098,0.5893218623481782,0.5236343361463716,0.45901639344262296,23,6,0,0.7407407407407407,0.3793103448275862,7,0.7058823529411765,61.334732249961235
10,4,C_ID,4,1000,variance,MCP_up,0.6,0.6406882591093117,0.5739320276878214,0.5161290322580645,24,4,0,0.7272727272727273,0.5172413793103449,2,0.6666666666666666,61.334732249961235
10,4,C_ID,4,1000,variance,SCAD_up,0.6,0.6239878542510121,0.5431863037354758,0.5538461538461539,27,4,0,0.7586206896551724,,,,61.334732249961235
10,4,C_ID,5,1000,identity,lasso,0.6666666666666666,0.7014278429372769,0.7082534243335382,0.5,23,2,4,0.6938775510204082,0.5,5,0.7755102040816326,34.64678583305795
10,4,C_ID,5,1000,identity,MCP_down,0.5666666666666667,0.6216216216216217,0.6592211062209489,0.5263157894736842,20,4,0,0.76,0.6071428571428571,2,0.7755102040816326,34.64678583305795
10,4,C_ID,5,1000,identity,MCP_up,0.6153846153846154,0.677715451300357,0.6767525825979476,0.43636363636363634,18,5,0,0.7083333333333334,0.41509433962264153,5,0.6956521739130435,34.64678583305795
10,4,C_ID,5,1000,identity,SCAD_up,0.6153846153846154,0.682559918408975,0.6901024156873178,0.4444444444444444,26,8,0,0.7857142857142857,,,,34.64678583305795
10,4,C_ID,5,1000,variance,lasso,0.7088607594936709,0.72233554309026,0.7034053358626112,0.5806451612903226,25,1,2,0.6666666666666666,0.509090909090909,2,0.6808510638297872,41.552554333000444
10,4,C_ID,5,1000,variance,MCP_down,0.7246376811594203,0.7715451300356961,0.771972295538472,0.5423728813559322,22,5,0,0.8076923076923077,0.5818181818181818,2,0.75,41.552554333000444
10,4,C_ID,5,1000,variance,MCP_up,0.6578947368421053,0.7269250382457929,0.7277871592834644,0.5172413793103449,21,5,0,0.7843137254901961,0.49122807017543857,5,0.76,41.552554333000444
10,4,C_ID,5,1000,variance,SCAD_up,0.6571428571428571,0.7098419173890872,0.690766928096589,0.5161290322580645,25,6,0,0.8,,,,41.552554333000444
10,4,C_ID,6,1000,identity,lasso,0.6111111111111112,0.6405228758169934,0.5863019951116254,0.5625,25,4,2,0.7755102040816326,0.45614035087719296,4,0.6956521739130435,59.75236450007651
10,4,C_ID,6,1000,identity,MCP_down,0.5194805194805194,0.5839617898441427,0.5376375318991313,0.45161290322580644,23,4,0,0.6923076923076923,0.4406779661016949,3,0.6530612244897959,59.75236450007651
10,4,C_ID,6,1000,identity,MCP_up,0.5365853658536586,0.5920060331825038,0.559728516919972,0.4482758620689655,19,5,0,0.723404255319149,0.42105263157894735,5,0.6956521739130435,59.75236450007651
10,4,C_ID,6,1000,identity,SCAD_up,0.5365853658536586,0.6005530417295123,0.5523704677645793,0.45901639344262296,22,6,0,0.76,,,,59.75236450007651
10,4,C_ID,6,1000,variance,lasso,0.6190476190476191,0.6965811965811965,0.6729638002331909,0.5671641791044776,28,3,4,0.7843137254901961,0.5357142857142857,2,0.7391304347826086,75.1465941669885
10,4,C_ID,6,1000,variance,MCP_down,0.5476190476190477,0.6297134238310709,0.6185195205289715,0.5,21,3,0,0.72,0.3508771929824561,5,0.6382978723404256,75.1465941669885
10,4,C_ID,6,1000,variance,MCP_up,0.6190476190476191,0.685771744595274,0.6608888953483952,0.5333333333333333,21,3,0,0.76,0.4642857142857143,3,0.6956521739130435,75.1465941669885
10,4,C_ID,6,1000,variance,SCAD_up,0.6190476190476191,0.6787330316742081,0.6505102765740698,0.5333333333333333,21,3,1,0.7755102040816326,,,,75.1465941669885
10,4,C_ID,7,1000,identity,lasso,0.7058823529411765,0.6403508771929824,0.4819984918811922,0.5714285714285714,30,2,4,0.7346938775510204,0.5384615384615384,1,0.6976744186046512,103.97738308401313
10,4,C_ID,7,1000,identity,MCP_down,0.5517241379310345,0.6249335459861776,0.5045403999328729,0.5357142857142857,23,2,1,0.723404255319149,0.5769230769230769,1,0.7272727272727273,103.97738308401313
10,4,C_ID,7,1000,identity,MCP_up,0.5671641791044776,0.6119085592769803,0.46654523777440415,0.46153846153846156,19,4,0,0.7272727272727273,0.4230769230769231,6,0.7727272727272727,103.97738308401313
10,4,C_ID,7,1000,identity,SCAD_up,0.5428571428571428,0.6073896863370547,0.4544934147235388,0.42857142857142855,23,7,0,0.7916666666666666,,,,103.97738308401313
10,4,C_ID,7,1000,variance,lasso,0.6956521739130435,0.6786283891547049,0.4966730289432923,0.6865671641791045,34,0,3,0.7450980392156863,0.6415094339622641,1,0.7727272727272727,103.84311304206494
10,4,C_ID,7,1000,variance,MCP_down,0.5675675675675675,0.6483253588516746,0.5018051033828789,0.509090909090909,22,2,0,0.6808510638297872,0.4528301886792453,2,0.6222222222222222,103.84311304206494
10,4,C_ID,7,1000,variance,MCP_up,0.6,0.6648059542796385,0.49887142315287486,0.52,17,1,0,0.6666666666666666,0.5490196078431373,1,0.6976744186046512,103.84311304206494
10,4,C_ID,7,1000,variance,SCAD_up,0.5974025974025974,0.6557682083997874,0.4769957085625441,0.509090909090909,22,1,0,0.6382978723404256,,,,103.84311304206494
10,4,C_ID,8,1000,identity,lasso,0.6031746031746031,0.605795516675779,0.48259629418683114,0.6,29,0,6,0.6956521739130435,0.56,2,0.6976744186046512,87.82883441704325
10,4,C_ID,8,1000,identity,MCP_down,0.4074074074074074,0.5139420448332422,0.4210766449821861,0.3673469387755102,18,4,0,0.5909090909090909,0.4489795918367347,3,0.6046511627906976,87.82883441704325
10,4,C_ID,8,1000,identity,MCP_up,0.6181818181818182,0.6041552761071624,0.4999061411420288,0.5769230769230769,21,1,2,0.7111111111111111,0.56,2,0.6976744186046512,87.82883441704325
10,4,C_ID,8,1000,identity,SCAD_up,0.6551724137931034,0.6126298523783488,0.5145502947357908,0.631578947368421,26,1,2,0.723404255319149,,,,87.82883441704325
10,4,C_ID,8,1000,variance,lasso,0.6153846153846154,0.6282121377802077,0.5236435693146975,0.5666666666666667,29,1,6,0.6956521739130435,0.46153846153846156,3,0.6818181818181818,107.05001550004818
10,4,C_ID,8,1000,variance,MCP_down,0.5,0.5650628758884637,0.46264301806663277,0.49056603773584906,22,5,0,0.75,0.5490196078431373,2,0.7111111111111111,107.05001550004818
10,4,C_ID,8,1000,variance,MCP_up,0.5538461538461539,0.6200109349371241,0.5259178805294678,0.4528301886792453,22,5,1,0.723404255319149,0.43137254901960786,6,0.7555555555555555,107.05001550004818
10,4,C_ID,8,1000,variance,SCAD_up,0.5454545454545454,0.610989611809732,0.519818662866456,0.5357142857142857,25,3,3,0.723404255319149,,,,107.05001550004818
10,4,C_ID,9,1000,identity,lasso,0.676923076923077,0.7088220295767464,0.5895220246731517,0.6666666666666666,32,3,2,0.8148148148148148,0.6333333333333333,2,0.7916666666666666,52.233618000056595
10,4,C_ID,9,1000,identity,MCP_down,0.6071428571428571,0.6177970423253443,0.577941740645139,0.49230769230769234,28,4,0,0.7272727272727273,0.5245901639344263,2,0.6923076923076923,52.233618000056595
10,4,C_ID,9,1000,identity,MCP_up,0.6666666666666666,0.728709841917389,0.661375398887461,0.6461538461538462,28,4,1,0.8679245283018868,0.5806451612903226,4,0.8,52.233618000056595
10,4,C_ID,9,1000,identity,SCAD_up,0.71875,0.7070372259051504,0.5912879587645892,0.6363636363636364,29,4,1,0.8518518518518519,,,,52.233618000056595
10,4,C_ID,9,1000,variance,lasso,0.725,0.7060173380928099,0.5643803766741049,0.5882352941176471,31,4,1,0.7857142857142857,0.6451612903225806,3,0.8235294117647058,91.0154639580287
10,4,C_ID,9,1000,variance,MCP_down,0.5573770491803278,0.5553289138194799,0.5023114226344025,0.5538461538461539,28,4,0,0.7857142857142857,0.5806451612903226,3,0.7924528301886793,91.0154639580287
10,4,C_ID,9,1000,variance,MCP_up,0.7368421052631579,0.7598164201937788,0.6483741761724977,0.6101694915254238,22,1,0,0.76,0.6101694915254238,1,0.76,91.0154639580287
10,4,C_ID,9,1000,variance,SCAD_up,0.7532467532467533,0.7182559918408976,0.5785446663573848,0.676923076923077,28,2,0,0.8571428571428571,,,,91.0154639580287
10,1,C_ID,0,10000,identity,lasso,0.7272727272727273,0.8101265822784811,0.39458693518254645,0.6666666666666666,10,0,2,0.75,0.7,1,0.8235294117647058,21.569471499999054
10,1,C_ID,0,10000,identity,MCP_down,0.35294117647058826,0.5299194476409667,0.17056727138558256,0.2857142857142857,10,4,0,0.7368421052631579,0.2857142857142857,4,0.7368421052631579,21.569471499999054
10,1,C_ID,0,10000,identity,MCP_up,0.8,0.8452243958573074,0.5589126559714795,0.7368421052631579,8,0,0,0.75,0.7,1,0.8235294117647058,21.569471499999054
10,1,C_ID,0,10000,identity,SCAD_up,0.8,0.8130034522439586,0.4009434168525078,0.7619047619047619,10,1,0,0.8888888888888888,,,,21.569471499999054
10,1,C_ID,0,10000,variance,lasso,0.6923076923076923,0.8296892980437285,0.4756660006660007,0.6086956521739131,12,1,3,0.8235294117647058,0.7,1,0.8235294117647058,23.934508458944038
10,1,C_ID,0,10000,variance,MCP_down,0.7058823529411765,0.7894131185270425,0.690368722186904,0.6,9,1,0,0.7777777777777778,0.6,1,0.7777777777777778,23.934508458944038
10,1,C_ID,0,10000,variance,MCP_up,0.782608695652174,0.855005753739931,0.7569788797061525,0.6,9,1,0,0.7777777777777778,0.6,1,0.7777777777777778,23.934508458944038
10,1,C_ID,0,10000,variance,SCAD_up,0.7777777777777778,0.826812428078251,0.46193947169883,0.6,9,1,0,0.7777777777777778,,,,23.934508458944038
10,1,C_ID,1,10000,identity,lasso,0.7272727272727273,0.9163237311385459,0.4609942096376204,0.7272727272727273,13,1,4,1.0,1.0,0,1.0,29.25842183304485
10,1,C_ID,1,10000,identity,MCP_down,0.75,0.7414266117969821,0.44298941798941793,0.631578947368421,10,2,0,0.8421052631578947,0.8888888888888888,0,0.8888888888888888,29.25842183304485
10,1,C_ID,1,10000,identity,MCP_up,0.8888888888888888,0.9396433470507545,0.667283950617284,0.8888888888888888,9,0,0,0.8888888888888888,0.8888888888888888,0,0.8888888888888888,29.25842183304485
10,1,C_ID,1,10000,identity,SCAD_up,0.875,0.9314128943758573,0.5557638308734799,0.8421052631578947,10,1,1,1.0,,,,29.25842183304485
10,1,C_ID,1,10000,variance,lasso,0.7619047619047619,0.9314128943758574,0.48565508565508564,0.7619047619047619,12,1,3,1.0,1.0,0,1.0,33.42051225004252
10,1,C_ID,1,10000,variance,MCP_down,0.631578947368421,0.7359396433470508,0.40736331569664896,0.6,11,2,0,0.8,0.7,1,0.8,33.42051225004252
10,1,C_ID,1,10000,variance,MCP_up,0.8888888888888888,0.9451303155006858,0.7397989212911693,0.8888888888888888,9,0,0,0.8888888888888888,0.8888888888888888,0,0.8888888888888888,33.42051225004252
10,1,C_ID,1,10000,variance,SCAD_up,0.8888888888888888,0.9142661179698217,0.5581243024517996,0.8888888888888888,9,1,0,1.0,,,,33.42051225004252
10,1,C_ID,2,10000,identity,lasso,0.6956521739130435,0.8353909465020577,0.6100006525278264,0.6153846153846154,17,0,5,0.7619047619047619,0.6086956521739131,1,0.8,93.40557470789645
10,1,C_ID,2,10000,identity,MCP_down,0.5714285714285714,0.5740740740740741,0.4161896745230078,0.3333333333333333,15,5,0,0.75,0.45454545454545453,4,0.8181818181818182,93.40557470789645
10,1,C_ID,2,10000,identity,MCP_up,0.8421052631578947,0.8326474622770919,0.7184785557973963,0.7619047619047619,12,1,1,0.9,0.8,1,0.9,93.40557470789645
10,1,C_ID,2,10000,identity,SCAD_up,0.8421052631578947,0.831275720164609,0.6612952588442784,0.7619047619047619,12,1,1,0.9,,,,93.40557470789645
10,1,C_ID,2,10000,variance,lasso,0.6666666666666666,0.8305898491083676,0.6193968761601611,0.6153846153846154,17,0,5,0.7619047619047619,0.6086956521739131,1,0.8,62.551927166990936
10,1,C_ID,2,10000,variance,MCP_down,0.5714285714285714,0.5699588477366255,0.4110830527497194,0.34782608695652173,14,5,0,0.782608695652174,0.45454545454545453,4,0.8181818181818182,62.551927166990936
10,1,C_ID,2,10000,variance,MCP_up,0.8888888888888888,0.8367626886145405,0.7585377585377586,0.8,11,1,0,0.9,0.7,2,0.9,62.551927166990936
10,1,C_ID,2,10000,variance,SCAD_up,0.8888888888888888,0.832647462277092,0.6880952380952381,0.8,11,1,0,0.9,,,,62.551927166990936
10,1,C_ID,3,10000,identity,lasso,0.6666666666666666,0.8023255813953488,0.3597222222222222,0.6666666666666666,5,1,1,1.0,0.6666666666666666,1,1.0,115.31954795797355
10,1,C_ID,3,10000,identity,MCP_down,0.25,0.42441860465116277,0.05625,0.25,4,2,0,0.75,0.25,2,0.75,115.31954795797355
10,1,C_ID,3,10000,identity,MCP_up,0.6666666666666666,0.8081395348837209,0.6513888888888889,0.6666666666666666,5,1,1,1.0,0.6666666666666666,1,1.0,115.31954795797355
10,1,C_ID,3,10000,identity,SCAD_up,0.6666666666666666,0.8081395348837209,0.6513888888888889,0.6666666666666666,5,1,1,1.0,,,,115.31954795797355
10,1,C_ID,3,10000,variance,lasso,0.6666666666666666,0.9215116279069768,0.35180821718931476,0.6,6,0,0,0.6666666666666666,0.6666666666666666,0,0.75,28.731825790950097
10,1,C_ID,3,10000,variance,MCP_down,0.6666666666666666,0.7994186046511628,0.31805555555555554,0.5,8,1,0,0.6666666666666666,0.2222222222222222,3,0.8888888888888888,28.731825790950097
10,1,C_ID,3,10000,variance,MCP_up,0.8571428571428571,0.8909883720930233,0.4518556005398111,0.8571428571428571,3,0,0,0.8571428571428571,1.0,0,1.0,28.731825790950097
10,1,C_ID,3,10000,variance,SCAD_up,0.8888888888888888,0.8866279069767442,0.5395833333333333,0.8571428571428571,3,0,0,0.8571428571428571,,,,28.731825790950097
10,1,C_ID,4,10000,identity,lasso,0.7272727272727273,0.6845238095238095,0.47999512670565303,0.7272727272727273,5,1,0,1.0,0.5454545454545454,2,1.0,70.420170999947
10,1,C_ID,4,10000,identity,MCP_down,0.6666666666666666,0.744047619047619,0.48425925925925917,0.6666666666666666,6,1,0,0.9090909090909091,0.9090909090909091,0,1.0,70.420170999947
10,1,C_ID,4,10000,identity,MCP_up,0.3333333333333333,0.5535714285714285,0.21884189384189384,0.3333333333333333,6,3,0,0.9090909090909091,0.36363636363636365,3,1.0,70.420170999947
10,1,C_ID,4,10000,identity,SCAD_up,0.7272727272727273,0.5625,0.33745430324377695,0.36363636363636365,5,3,0,1.0,,,,70.420170999947
10,1,C_ID,4,10000,variance,lasso,0.8333333333333334,0.7529761904761905,0.6542388167388167,0.32,19,1,2,0.5,0.3076923076923077,3,0.8333333333333334,37.69961175008211
10,1,C_ID,4,10000,variance,MCP_down,0.9090909090909091,0.876984126984127,0.8481481481481481,0.8333333333333334,6,0,0,0.9090909090909091,0.46153846153846156,2,0.8333333333333334,37.69961175008211
10,1,C_ID,4,10000,variance,MCP_up,0.7272727272727273,0.6815476190476191,0.4288527163527164,0.2727272727272727,16,2,0,0.47619047619047616,0.3076923076923077,3,0.8333333333333334,37.69961175008211
10,1,C_ID,4,10000,variance,SCAD_up,0.8333333333333334,0.6825396825396824,0.5752266421473738,0.2727272727272727,16,2,0,0.5,,,,37.69961175008211
10,1,C_ID,5,10000,identity,lasso,0.8571428571428571,0.9821673525377229,0.8299823633156965,0.782608695652174,14,0,5,1.0,0.8571428571428571,0,1.0,70.1339530000696
10,1,C_ID,5,10000,identity,MCP_down,0.8888888888888888,0.9115226337448559,0.8128306878306878,0.7272727272727273,13,1,0,0.8181818181818182,0.7272727272727273,1,0.8181818181818182,70.1339530000696
10,1,C_ID,5,10000,identity,MCP_up,0.9411764705882353,0.9561042524005486,0.8433166248955722,0.7272727272727273,13,1,2,0.9,0.8571428571428571,0,0.9473684210526315,70.1339530000696
10,1,C_ID,5,10000,identity,SCAD_up,0.9,0.9492455418381345,0.7943974884764359,0.7272727272727273,13,1,2,0.9,,,,70.1339530000696
10,1,C_ID,5,10000,variance,lasso,0.8571428571428571,0.9478737997256516,0.5401751026751027,0.8571428571428571,12,0,2,0.9473684210526315,0.9473684210526315,0,0.9473684210526315,40.1033929589903
10,1,C_ID,5,10000,variance,MCP_down,0.8888888888888888,0.9032921810699588,0.6679012345679012,0.8421052631578947,10,1,0,0.9473684210526315,0.8,1,0.9,40.1033929589903
10,1,C_ID,5,10000,variance,MCP_up,0.8888888888888888,0.9561042524005487,0.7335578002244669,0.8888888888888888,9,1,0,1.0,0.9473684210526315,0,0.9473684210526315,40.1033929589903
10,1,C_ID,5,10000,variance,SCAD_up,1.0,0.9224965706447188,0.5229242086698227,1.0,9,0,0,1.0,,,,40.1033929589903
10,1,C_ID,6,10000,identity,lasso,0.5882352941176471,0.7951807228915662,0.2797754478817601,0.5,9,0,2,0.6153846153846154,0.6666666666666666,0,0.7692307692307693,44.4453562090639
10,1,C_ID,6,10000,identity,MCP_down,0.5,0.6996557659208261,0.22596371882086166,0.4444444444444444,11,1,0,0.5882352941176471,0.4,2,0.7142857142857143,44.4453562090639
10,1,C_ID,6,10000,identity,MCP_up,0.6666666666666666,0.8141135972461273,0.3736378962626836,0.6666666666666666,8,0,1,0.7692307692307693,0.6666666666666666,0,0.7692307692307693,44.4453562090639
10,1,C_ID,6,10000,identity,SCAD_up,0.6666666666666666,0.806368330464716,0.32329776020826184,0.6666666666666666,8,0,2,0.8333333333333334,,,,44.4453562090639
10,1,C_ID,6,10000,variance,lasso,0.7142857142857143,0.8201376936316696,0.5798080472499076,0.7142857142857143,7,0,1,0.8333333333333334,0.8333333333333334,0,0.9090909090909091,30.820298417005688
10,1,C_ID,6,10000,variance,MCP_down,0.8333333333333334,0.8278829604130808,0.7152681298030135,0.8333333333333334,5,0,0,0.9090909090909091,0.8333333333333334,0,0.9090909090909091,30.820298417005688
10,1,C_ID,6,10000,variance,MCP_up,0.8333333333333334,0.8356282271944921,0.73495115995116,0.8333333333333334,5,0,0,0.9090909090909091,0.8333333333333334,0,0.9090909090909091,30.820298417005688
10,1,C_ID,6,10000,variance,SCAD_up,0.7692307692307693,0.8287435456110155,0.6228174603174603,0.7272727272727273,4,0,0,0.8,,,,30.820298417005688
10,1,C_ID,7,10000,identity,lasso,0.7777777777777778,0.8711890243902439,0.4029671717171717,0.7777777777777778,10,0,2,0.9333333333333333,0.9333333333333333,0,1.0,32.924291332950816
10,1,C_ID,7,10000,identity,MCP_down,0.42857142857142855,0.5975609756097561,0.19180021367521366,0.3333333333333333,10,3,0,0.7058823529411765,0.35294117647058826,3,0.75,32.924291332950816
10,1,C_ID,7,10000,identity,MCP_up,0.9333333333333333,0.9009146341463414,0.6902777777777778,0.9333333333333333,7,0,0,1.0,0.9333333333333333,0,1.0,32.924291332950816
10,1,C_ID,7,10000,identity,SCAD_up,0.9333333333333333,0.8833841463414634,0.48514384920634923,0.9333333333333333,7,0,0,1.0,,,,32.924291332950816
10,1,C_ID,7,10000,variance,lasso,0.7,0.7942073170731707,0.36163942052099946,0.6666666666666666,13,0,3,0.875,0.625,2,0.9333333333333333,18.47557075007353
10,1,C_ID,7,10000,variance,MCP_down,0.3076923076923077,0.5015243902439024,0.12469734105763519,0.23529411764705882,9,4,0,0.75,0.0,6,0.75,18.47557075007353
10,1,C_ID,7,10000,variance,MCP_up,0.7142857142857143,0.7690548780487805,0.43647030651341,0.625,8,2,0,0.9333333333333333,0.625,2,0.9333333333333333,18.47557075007353
10,1,C_ID,7,10000,variance,SCAD_up,0.8235294117647058,0.7522865853658537,0.30159350198412693,0.625,8,2,0,0.9333333333333333,,,,18.47557075007353
10,1,C_ID,8,10000,identity,lasso,0.7407407407407407,0.8338675213675215,0.4668091168091168,0.7407407407407407,15,0,3,0.8695652173913043,0.8695652173913043,0,0.9523809523809523,30.400381917017512
10,1,C_ID,8,10000,identity,MCP_down,0.5833333333333334,0.75,0.3926558370442779,0.5384615384615384,14,2,0,0.72,0.6956521739130435,1,0.8181818181818182,30.400381917017512
10,1,C_ID,8,10000,identity,MCP_up,0.8181818181818182,0.8493589743589745,0.5359089580746559,0.72,13,1,0,0.8333333333333334,0.75,1,0.8695652173913043,30.400381917017512
10,1,C_ID,8,10000,identity,SCAD_up,0.8,0.825854700854701,0.4367654906746094,0.6923076923076923,14,1,0,0.8,,,,30.400381917017512
10,1,C_ID,8,10000,variance,lasso,0.7142857142857143,0.8327991452991454,0.42000279812779817,0.6428571428571429,16,1,3,0.8333333333333334,0.72,1,0.8695652173913043,31.36298262490891
10,1,C_ID,8,10000,variance,MCP_down,0.5714285714285714,0.7184829059829059,0.3418283714336346,0.5185185185185185,15,3,0,0.7692307692307693,0.5384615384615384,3,0.8,31.36298262490891
10,1,C_ID,8,10000,variance,MCP_up,0.9090909090909091,0.857905982905983,0.5462962962962963,0.9090909090909091,10,0,0,0.9523809523809523,0.9090909090909091,0,0.9523809523809523,31.36298262490891
10,1,C_ID,8,10000,variance,SCAD_up,0.9565217391304348,0.8376068376068377,0.4371873496873497,0.9090909090909091,10,0,0,0.9523809523809523,,,,31.36298262490891
10,1,C_ID,9,10000,identity,lasso,0.6956521739130435,0.885625,0.6128146853146853,0.64,15,1,5,0.9,0.6956521739130435,1,0.9,54.55695954198018
10,1,C_ID,9,10000,identity,MCP_down,0.9473684210526315,0.918125,0.8048412698412699,0.75,14,1,0,0.8333333333333334,0.782608695652174,1,0.8695652173913043,54.55695954198018
10,1,C_ID,9,10000,identity,MCP_up,0.6,0.8518749999999999,0.565454014939309,0.5833333333333334,14,2,3,0.8571428571428571,0.6086956521739131,2,0.8181818181818182,54.55695954198018
10,1,C_ID,9,10000,identity,SCAD_up,0.8571428571428571,0.8724999999999999,0.6447195125007481,0.75,14,1,3,0.9523809523809523,,,,54.55695954198018
10,1,C_ID,9,10000,variance,lasso,0.6923076923076923,0.86625,0.38063659131434074,0.6923076923076923,16,0,5,0.8571428571428571,0.6956521739130435,1,0.8571428571428571,47.1811785409227
10,1,C_ID,9,10000,variance,MCP_down,0.5263157894736842,0.6012500000000001,0.22674603174603175,0.43478260869565216,13,4,0,0.782608695652174,0.5,3,0.782608695652174,47.1811785409227
10,1,C_ID,9,10000,variance,MCP_up,0.6666666666666666,0.866875,0.43455572205572207,0.5454545454545454,12,3,0,0.8181818181818182,0.5454545454545454,3,0.8181818181818182,47.1811785409227
10,1,C_ID,9,10000,variance,SCAD_up,0.7058823529411765,0.85375,0.3800907413560361,0.56,15,3,0,0.8,,,,47.1811785409227
10,2,C_ID,0,10000,identity,lasso,0.5833333333333334,0.739642857142857,0.48069846453807613,0.5333333333333333,25,4,6,0.8648648648648649,0.46511627906976744,5,0.8108108108108109,62.18170866696164
10,2,C_ID,0,10000,identity,MCP_down,0.45454545454545453,0.6282142857142857,0.3892594941910357,0.4444444444444444,25,7,0,0.7727272727272727,0.4,8,0.7727272727272727,62.18170866696164
10,2,C_ID,0,10000,identity,MCP_up,0.5,0.6728571428571428,0.39008719433184863,0.3,20,8,1,0.7368421052631579,0.35,7,0.7368421052631579,62.18170866696164
10,2,C_ID,0,10000,identity,SCAD_up,0.5142857142857142,0.6746428571428571,0.4126683161112858,0.2857142857142857,22,9,1,0.75,,,,62.18170866696164
10,2,C_ID,0,10000,variance,lasso,0.6037735849056604,0.772142857142857,0.45391321766000087,0.4782608695652174,26,5,5,0.8,0.5454545454545454,4,0.8648648648648649,80.41771850001533
10,2,C_ID,0,10000,variance,MCP_down,0.8205128205128205,0.8217857142857143,0.6066162096084946,0.8205128205128205,19,2,1,0.972972972972973,0.8947368421052632,1,0.972972972972973,80.41771850001533
10,2,C_ID,0,10000,variance,MCP_up,0.8717948717948718,0.8503571428571428,0.6415989693925823,0.8717948717948718,19,1,0,0.9473684210526315,0.9473684210526315,0,0.972972972972973,80.41771850001533
10,2,C_ID,0,10000,variance,SCAD_up,0.9,0.8317857142857142,0.5648842609129857,0.8717948717948718,19,1,1,0.972972972972973,,,,80.41771850001533
10,2,C_ID,1,10000,identity,lasso,0.8,0.8336663336663337,0.6015646645797242,0.625,19,1,6,0.88,0.46153846153846156,4,0.8333333333333334,52.61350883299019
10,2,C_ID,1,10000,identity,MCP_down,0.5454545454545454,0.6053946053946054,0.3692801847779224,0.32,12,3,0,0.5833333333333334,0.32,3,0.6086956521739131,52.61350883299019
10,2,C_ID,1,10000,identity,MCP_up,0.6086956521739131,0.8166833166833167,0.518836365578926,0.46153846153846156,13,4,1,0.8333333333333334,0.46153846153846156,4,0.8333333333333334,52.61350883299019
10,2,C_ID,1,10000,identity,SCAD_up,0.75,0.8096903096903096,0.5278602355412311,0.46153846153846156,13,4,1,0.8333333333333334,,,,52.61350883299019
10,2,C_ID,1,10000,variance,lasso,0.7142857142857143,0.8311688311688312,0.5381587905824154,0.625,19,0,3,0.7142857142857143,0.6666666666666666,2,0.88,43.252631166018546
10,2,C_ID,1,10000,variance,MCP_down,0.96,0.9420579420579421,0.8383727383727384,0.96,12,0,0,1.0,1.0,0,1.0,43.252631166018546
10,2,C_ID,1,10000,variance,MCP_up,0.8181818181818182,0.8126873126873126,0.7008416870485835,0.6666666666666666,14,3,1,0.96,0.6923076923076923,1,0.8695652173913043,43.252631166018546
10,2,C_ID,1,10000,variance,SCAD_up,0.9230769230769231,0.8111888111888113,0.5717453094327247,0.9230769230769231,13,0,1,1.0,,,,43.252631166018546
10,2,C_ID,2,10000,identity,lasso,0.6470588235294118,0.7706766917293232,0.3904566152617347,0.5555555555555556,22,0,5,0.6923076923076923,0.6666666666666666,0,0.75,330.29318379203323
10,2,C_ID,2,10000,identity,MCP_down,0.4,0.5733082706766917,0.23409482458415273,0.28,36,4,1,0.5,0.5161290322580645,2,0.6896551724137931,330.29318379203323
10,2,C_ID,2,10000,identity,MCP_up,0.7692307692307693,0.8007518796992481,0.5155871586171126,0.6896551724137931,15,0,2,0.75,0.7333333333333333,0,0.8,330.29318379203323
10,2,C_ID,2,10000,identity,SCAD_up,0.7142857142857143,0.7927631578947367,0.4278289244926231,0.6896551724137931,15,0,2,0.782608695652174,,,,330.29318379203323
10,2,C_ID,2,10000,variance,lasso,0.5925925925925926,0.7528195488721805,0.409529535885287,0.5116279069767442,29,0,5,0.5714285714285714,0.8461538461538461,0,0.8695652173913043,141.5103076660307
10,2,C_ID,2,10000,variance,MCP_down,0.5,0.6320488721804511,0.33742839501768074,0.3111111111111111,31,3,2,0.4878048780487805,0.5,3,0.8,141.5103076660307
10,2,C_ID,2,10000,variance,MCP_up,0.782608695652174,0.7800751879699248,0.6167207792207793,0.7142857142857143,14,0,2,0.782608695652174,0.7692307692307693,0,0.8181818181818182,141.5103076660307
10,2,C_ID,2,10000,variance,SCAD_up,0.782608695652174,0.7711466165413534,0.46813635049343805,0.7692307692307693,12,0,1,0.8181818181818182,,,,141.5103076660307
10,2,C_ID,3,10000,identity,lasso,0.6666666666666666,0.8376309427880742,0.46190270134770217,0.6382978723404256,30,0,7,0.7368421052631579,0.7567567567567568,0,0.8484848484848485,55.836634667008184
10,2,C_ID,3,10000,identity,MCP_down,0.5142857142857142,0.6764705882352942,0.37151471841933703,0.4782608695652174,29,4,0,0.6666666666666666,0.36363636363636365,6,0.6511627906976745,55.836634667008184
10,2,C_ID,3,10000,identity,MCP_up,0.8484848484848485,0.9004834810636584,0.6317237525340904,0.8205128205128205,22,0,1,0.8648648648648649,0.8888888888888888,0,0.9411764705882353,55.836634667008184
10,2,C_ID,3,10000,identity,SCAD_up,0.8,0.8694601128122482,0.521406661891248,0.7567567567567568,20,1,0,0.8333333333333334,,,,55.836634667008184
10,2,C_ID,3,10000,variance,lasso,0.625,0.8493150684931506,0.5629391464428735,0.625,31,0,8,0.7567567567567568,0.8235294117647058,0,0.9032258064516129,44.04126141697634
10,2,C_ID,3,10000,variance,MCP_down,0.6111111111111112,0.7723609991941982,0.5491490177013127,0.5853658536585366,24,3,0,0.75,0.631578947368421,3,0.8108108108108109,44.04126141697634
10,2,C_ID,3,10000,variance,MCP_up,0.9696969696969697,0.9238517324738114,0.7800377726848315,0.9696969696969697,16,0,0,1.0,0.9696969696969697,0,1.0,44.04126141697634
10,2,C_ID,3,10000,variance,SCAD_up,0.8888888888888888,0.8932312651087833,0.6597358086681525,0.8823529411764706,17,1,0,0.9696969696969697,,,,44.04126141697634
10,2,C_ID,4,10000,identity,lasso,0.8125,0.8786666666666667,0.6710890175468182,0.7741935483870968,16,1,3,0.9090909090909091,0.8275862068965517,1,0.9090909090909091,54.52630229201168
10,2,C_ID,4,10000,identity,MCP_down,0.72,0.7368888888888889,0.5621091871091871,0.5294117647058824,19,1,0,0.6451612903225806,0.5625,1,0.6896551724137931,54.52630229201168
10,2,C_ID,4,10000,identity,MCP_up,0.8666666666666667,0.8857777777777778,0.7019297466665888,0.8571428571428571,13,0,1,0.9090909090909091,0.8275862068965517,0,0.9090909090909091,54.52630229201168
10,2,C_ID,4,10000,identity,SCAD_up,0.8666666666666667,0.8751111111111112,0.6580942571074151,0.8275862068965517,14,0,1,0.8695652173913043,,,,54.52630229201168
10,2,C_ID,4,10000,variance,lasso,0.8387096774193549,0.8893333333333333,0.7846820309320308,0.8387096774193549,16,0,3,0.9090909090909091,0.896551724137931,1,0.9565217391304348,61.139257666887715
10,2,C_ID,4,10000,variance,MCP_down,0.64,0.6435555555555554,0.5348148148148147,0.48484848484848486,18,2,0,0.6666666666666666,0.48484848484848486,2,0.7142857142857143,61.139257666887715
10,2,C_ID,4,10000,variance,MCP_up,0.896551724137931,0.8924444444444445,0.7916280016280015,0.896551724137931,14,1,0,0.9565217391304348,0.896551724137931,1,0.9565217391304348,61.139257666887715
10,2,C_ID,4,10000,variance,SCAD_up,0.8387096774193549,0.888,0.7768916296122179,0.8387096774193549,16,1,0,0.88,,,,61.139257666887715
10,2,C_ID,5,10000,identity,lasso,0.6875,0.7842060810810811,0.5412402952493413,0.6470588235294118,18,0,5,0.8333333333333334,0.6666666666666666,0,0.8,45.82640854094643
10,2,C_ID,5,10000,identity,MCP_down,0.3333333333333333,0.44045608108108103,0.2312158948787785,0.24242424242424243,17,6,1,0.7142857142857143,0.41379310344827586,4,0.8,45.82640854094643
10,2,C_ID,5,10000,identity,MCP_up,0.6428571428571429,0.7690033783783783,0.46463855640039886,0.6206896551724138,13,1,1,0.8333333333333334,0.6,1,0.8,45.82640854094643
10,2,C_ID,5,10000,identity,SCAD_up,0.6451612903225806,0.7576013513513513,0.4700342710957521,0.6,14,1,2,0.8333333333333334,,,,45.82640854094643
10,2,C_ID,5,10000,variance,lasso,0.6857142857142857,0.7875844594594594,0.5903145508602164,0.6666666666666666,20,0,2,0.7586206896551724,0.7142857142857143,0,0.8333333333333334,42.293726291973144
10,2,C_ID,5,10000,variance,MCP_down,0.5833333333333334,0.6532939189189189,0.5571778048340549,0.4117647058823529,18,4,1,0.7586206896551724,0.7142857142857143,0,0.8333333333333334,42.293726291973144
10,2,C_ID,5,10000,variance,MCP_up,0.7142857142857143,0.7964527027027027,0.7298734924677812,0.7142857142857143,12,0,0,0.8333333333333334,0.7142857142857143,0,0.8333333333333334,42.293726291973144
10,2,C_ID,5,10000,variance,SCAD_up,0.72,0.7922297297297297,0.6641191159228843,0.7142857142857143,12,0,0,0.8333333333333334,,,,42.293726291973144
10,2,C_ID,6,10000,identity,lasso,0.6666666666666666,0.8776223776223777,0.3801333316798309,0.6111111111111112,23,0,3,0.7096774193548387,0.6666666666666666,0,0.7586206896551724,114.08193595893681
10,2,C_ID,6,10000,identity,MCP_down,0.6666666666666666,0.7122877122877124,0.3466410726026111,0.48484848484848486,20,3,0,0.6666666666666666,0.5,3,0.6875,114.08193595893681
10,2,C_ID,6,10000,identity,MCP_up,0.7857142857142857,0.9370629370629371,0.535949655757348,0.7586206896551724,16,0,4,0.88,0.7586206896551724,0,0.88,114.08193595893681
10,2,C_ID,6,10000,identity,SCAD_up,0.7096774193548387,0.9090909090909091,0.4364609689746627,0.6857142857142857,22,0,4,0.7741935483870968,,,,114.08193595893681
10,2,C_ID,6,10000,variance,lasso,0.6666666666666666,0.9145854145854146,0.5110672107716252,0.6666666666666666,20,0,4,0.7586206896551724,1.0,0,1.0,70.21097033307888
10,2,C_ID,6,10000,variance,MCP_down,0.5925925925925926,0.7807192807192807,0.5043727361453114,0.5555555555555556,23,2,1,0.6857142857142857,0.5806451612903226,2,0.7333333333333333,70.21097033307888
10,2,C_ID,6,10000,variance,MCP_up,1.0,0.987012987012987,0.8352722064260525,1.0,13,0,0,1.0,1.0,0,1.0,70.21097033307888
10,2,C_ID,6,10000,variance,SCAD_up,0.9230769230769231,0.9545454545454546,0.6246314582853044,0.9230769230769231,13,0,0,0.9230769230769231,,,,70.21097033307888
10,2,C_ID,7,10000,identity,lasso,0.5357142857142857,0.7160714285714286,0.3798840621470483,0.5306122448979592,29,2,9,0.7894736842105263,0.46511627906976744,5,0.7692307692307693,137.25874979200307
10,2,C_ID,7,10000,identity,MCP_down,0.5294117647058824,0.6342857142857143,0.34312403553360743,0.4583333333333333,28,7,0,0.7659574468085106,0.46808510638297873,7,0.782608695652174,137.25874979200307
10,2,C_ID,7,10000,identity,MCP_up,0.5853658536585366,0.7307142857142856,0.41259868459305316,0.5714285714285714,22,3,2,0.7692307692307693,0.5909090909090909,2,0.75,137.25874979200307
10,2,C_ID,7,10000,identity,SCAD_up,0.6511627906976745,0.7378571428571428,0.4087626505331614,0.6046511627906976,23,3,2,0.8,,,,137.25874979200307
10,2,C_ID,7,10000,variance,lasso,0.5818181818181818,0.7385714285714287,0.38100691573389567,0.5416666666666666,28,2,5,0.7317073170731707,0.5714285714285714,4,0.8205128205128205,114.65669666603208
10,2,C_ID,7,10000,variance,MCP_down,0.5128205128205128,0.6282142857142857,0.3526520485247578,0.45454545454545453,24,6,0,0.7441860465116279,0.5853658536585366,4,0.8,114.65669666603208
10,2,C_ID,7,10000,variance,MCP_up,0.8,0.8150000000000001,0.5677475541348684,0.8,20,1,1,0.8947368421052632,0.8,1,0.8947368421052632,114.65669666603208
10,2,C_ID,7,10000,variance,SCAD_up,0.8947368421052632,0.8053571428571429,0.5038060701982916,0.8947368421052632,18,0,0,0.918918918918919,,,,114.65669666603208
10,2,C_ID,8,10000,identity,lasso,0.7407407407407407,0.7944615384615386,0.6294974820016822,0.7307692307692307,27,1,5,0.8837209302325582,0.6122448979591837,4,0.8372093023255814,47.69857966701966
10,2,C_ID,8,10000,identity,MCP_down,0.6938775510204082,0.7812307692307693,0.6113369510606352,0.6666666666666666,26,3,0,0.8333333333333334,0.5882352941176471,5,0.8333333333333334,47.69857966701966
10,2,C_ID,8,10000,identity,MCP_up,0.6440677966101694,0.7698461538461538,0.5919292937210873,0.64,25,4,1,0.8444444444444444,0.64,4,0.8444444444444444,47.69857966701966
10,2,C_ID,8,10000,identity,SCAD_up,0.7111111111111111,0.7643076923076924,0.5893051706145416,0.5490196078431373,26,5,1,0.8085106382978723,,,,47.69857966701966
10,2,C_ID,8,10000,variance,lasso,0.7636363636363637,0.8338461538461537,0.6995763819935427,0.7169811320754716,28,1,4,0.8636363636363636,0.9130434782608695,0,0.9523809523809523,71.72956929192878
10,2,C_ID,8,10000,variance,MCP_down,0.6666666666666666,0.7507692307692307,0.6271477165873719,0.6666666666666666,29,4,0,0.8627450980392157,0.7450980392156863,2,0.875,71.72956929192878
10,2,C_ID,8,10000,variance,MCP_up,0.8260869565217391,0.8529230769230769,0.7793995133638965,0.8163265306122449,24,1,0,0.8888888888888888,0.9130434782608695,0,0.9523809523809523,71.72956929192878
10,2,C_ID,8,10000,variance,SCAD_up,0.7924528301886793,0.8369230769230769,0.7046851781715626,0.7843137254901961,26,0,0,0.8333333333333334,,,,71.72956929192878
10,2,C_ID,9,10000,identity,lasso,0.6666666666666666,0.7922297297297297,0.556095054447715,0.5714285714285714,19,1,4,0.7333333333333333,0.6060606060606061,1,0.7586206896551724,42.719139000051655
10,2,C_ID,9,10000,identity,MCP_down,0.6153846153846154,0.7200168918918919,0.5224380379105988,0.5,24,4,2,0.7567567567567568,0.5294117647058824,3,0.7741935483870968,42.719139000051655
10,2,C_ID,9,10000,identity,MCP_up,0.6666666666666666,0.7960304054054055,0.5811101672744817,0.6060606060606061,17,1,2,0.7333333333333333,0.6060606060606061,1,0.7586206896551724,42.719139000051655
10,2,C_ID,9,10000,identity,SCAD_up,0.6451612903225806,0.7994087837837838,0.5759771003613916,0.625,16,2,1,0.8,,,,42.719139000051655
10,2,C_ID,9,10000,variance,lasso,0.6875,0.8137668918918919,0.6553238551404312,0.6875,16,0,3,0.7857142857142857,0.7857142857142857,0,0.8148148148148148,38.503862499957904
10,2,C_ID,9,10000,variance,MCP_down,0.72,0.7863175675675675,0.6867793948118075,0.7142857142857143,12,0,0,0.7407407407407407,0.7857142857142857,0,0.8148148148148148,38.503862499957904
10,2,C_ID,9,10000,variance,MCP_up,0.7586206896551724,0.8331925675675675,0.7484988651996378,0.7586206896551724,13,0,0,0.7857142857142857,0.7857142857142857,0,0.8148148148148148,38.503862499957904
10,2,C_ID,9,10000,variance,SCAD_up,0.7586206896551724,0.8277027027027027,0.6822444157570361,0.7586206896551724,13,0,0,0.7857142857142857,,,,38.503862499957904
10,3,C_ID,0,10000,identity,lasso,0.676056338028169,0.7490107405313737,0.5942317851545795,0.6557377049180327,32,4,6,0.8979591836734694,0.6037735849056604,4,0.8,49.58787975006271
10,3,C_ID,0,10000,identity,MCP_down,0.5106382978723404,0.6198417184850198,0.5288490347648308,0.4642857142857143,27,5,0,0.6923076923076923,0.42105263157894735,6,0.6792452830188679,49.58787975006271
10,3,C_ID,0,10000,identity,MCP_up,0.7241379310344828,0.7928208027133974,0.6677774829199669,0.711864406779661,30,1,3,0.8235294117647058,0.7407407407407407,1,0.8695652173913043,49.58787975006271
10,3,C_ID,0,10000,identity,SCAD_up,0.7419354838709677,0.7622950819672132,0.6102878983665181,0.7,31,1,2,0.7924528301886793,,,,49.58787975006271
10,3,C_ID,0,10000,variance,lasso,0.65625,0.738552854720181,0.5050320375176335,0.65625,35,3,6,0.8461538461538461,0.6545454545454545,5,0.8979591836734694,51.23361624998506
10,3,C_ID,0,10000,variance,MCP_down,0.6296296296296297,0.689655172413793,0.5250552570020516,0.5862068965517241,29,6,0,0.8518518518518519,0.5818181818181818,5,0.84,51.23361624998506
10,3,C_ID,0,10000,variance,MCP_up,0.8076923076923077,0.8256076879592991,0.6547130657964138,0.7777777777777778,25,1,1,0.8979591836734694,0.7777777777777778,1,0.9166666666666666,51.23361624998506
10,3,C_ID,0,10000,variance,SCAD_up,0.7540983606557377,0.7801017524024874,0.5592795441091756,0.75,27,3,0,0.9230769230769231,,,,51.23361624998506
10,3,C_ID,1,10000,identity,lasso,0.47619047619047616,0.6135265700483091,0.29064340046124226,0.4666666666666667,39,1,4,0.5454545454545454,0.44,1,0.55,422.12972695799544
10,3,C_ID,1,10000,identity,MCP_down,0.43333333333333335,0.6200828157349896,0.32093685401002603,0.42105263157894735,36,2,1,0.5714285714285714,0.4528301886792453,2,0.6086956521739131,422.12972695799544
10,3,C_ID,1,10000,identity,MCP_up,0.4745762711864407,0.608695652173913,0.2896944509842209,0.36,29,3,3,0.55,0.36,3,0.55,422.12972695799544
10,3,C_ID,1,10000,identity,SCAD_up,0.4745762711864407,0.613871635610766,0.3012139986978292,0.36,29,3,3,0.55,,,,422.12972695799544
10,3,C_ID,1,10000,variance,lasso,0.5,0.6356107660455487,0.31539590754972985,0.4444444444444444,42,2,5,0.5909090909090909,0.49056603773584906,2,0.5853658536585366,312.1009825828951
10,3,C_ID,1,10000,variance,MCP_down,0.40816326530612246,0.5324361628709455,0.2588396828235776,0.3389830508474576,38,5,1,0.5660377358490566,0.40816326530612246,3,0.5909090909090909,312.1009825828951
10,3,C_ID,1,10000,variance,MCP_up,0.5641025641025641,0.6704623878536922,0.3658210829383442,0.509090909090909,34,2,3,0.6190476190476191,0.49056603773584906,2,0.5853658536585366,312.1009825828951
10,3,C_ID,1,10000,variance,SCAD_up,0.5853658536585366,0.6718426501035196,0.3613554026405208,0.5185185185185185,33,2,3,0.6190476190476191,,,,312.1009825828951
10,3,C_ID,2,10000,identity,lasso,0.5454545454545454,0.6252204585537919,0.5072630745348407,0.42105263157894735,30,6,6,0.7659574468085106,0.4444444444444444,6,0.75,62.35416979203001
10,3,C_ID,2,10000,identity,MCP_down,0.5263157894736842,0.6187536743092299,0.5377630313423974,0.4642857142857143,29,7,0,0.7547169811320755,0.49056603773584906,6,0.7346938775510204,62.35416979203001
10,3,C_ID,2,10000,identity,MCP_up,0.4444444444444444,0.5978835978835979,0.48829295923981036,0.43636363636363634,28,8,2,0.8,0.4074074074074074,7,0.75,62.35416979203001
10,3,C_ID,2,10000,identity,SCAD_up,0.5128205128205128,0.6099353321575545,0.486036302972168,0.4482758620689655,31,8,3,0.8076923076923077,,,,62.35416979203001
10,3,C_ID,2,10000,variance,lasso,0.5588235294117647,0.6925338036449147,0.581961263291912,0.5161290322580645,35,3,6,0.7307692307692307,0.5,5,0.76,80.57343737501651
10,3,C_ID,2,10000,variance,MCP_down,0.5652173913043478,0.6502057613168725,0.5998574782425222,0.4444444444444444,27,6,0,0.7058823529411765,0.4528301886792453,6,0.7346938775510204,80.57343737501651
10,3,C_ID,2,10000,variance,MCP_up,0.5277777777777778,0.6710758377425043,0.5385693414524118,0.45614035087719296,30,6,2,0.7307692307692307,0.4642857142857143,6,0.7450980392156863,80.57343737501651
10,3,C_ID,2,10000,variance,SCAD_up,0.5306122448979592,0.6845972957084068,0.5793741095320433,0.45614035087719296,30,7,0,0.7407407407407407,,,,80.57343737501651
10,3,C_ID,3,10000,identity,lasso,0.6885245901639344,0.7422088572990706,0.6240819761602583,0.6470588235294118,37,2,8,0.8461538461538461,0.6779661016949152,2,0.8571428571428571,49.23301495902706
10,3,C_ID,3,10000,identity,MCP_down,0.6666666666666666,0.7288135593220338,0.6766019952020255,0.6206896551724138,27,4,0,0.8301886792452831,0.6333333333333333,2,0.7777777777777778,49.23301495902706
10,3,C_ID,3,10000,identity,MCP_up,0.7868852459016393,0.7769272826681247,0.704089404027334,0.75,25,1,1,0.8571428571428571,0.7142857142857143,1,0.8333333333333334,49.23301495902706
10,3,C_ID,3,10000,identity,SCAD_up,0.7586206896551724,0.7413887370147622,0.6373470301127528,0.7333333333333333,29,2,2,0.8846153846153846,,,,49.23301495902706
10,3,C_ID,3,10000,variance,lasso,0.7352941176470589,0.7793876435210497,0.6586504577161593,0.7272727272727273,35,3,5,0.9056603773584906,0.8070175438596491,1,0.92,53.058009000029415
10,3,C_ID,3,10000,variance,MCP_down,0.7407407407407407,0.7490431930016401,0.6544110562727935,0.6666666666666666,29,3,0,0.8363636363636363,0.711864406779661,2,0.8518518518518519,53.058009000029415
10,3,C_ID,3,10000,variance,MCP_up,0.8363636363636363,0.8225806451612903,0.7151141376022214,0.8214285714285714,25,1,0,0.9411764705882353,0.8363636363636363,0,0.92,53.058009000029415
10,3,C_ID,3,10000,variance,SCAD_up,0.8070175438596491,0.8059048660470202,0.6979432017947034,0.8070175438596491,26,2,0,0.9615384615384616,,,,53.058009000029415
10,3,C_ID,4,10000,identity,lasso,0.6363636363636364,0.6778846153846154,0.656709169093842,0.6086956521739131,31,3,3,0.8070175438596491,0.53125,6,0.8,33.71519579098094
10,3,C_ID,4,10000,identity,MCP_down,0.6666666666666666,0.7021761133603239,0.6875902521331114,0.6268656716417911,29,4,0,0.847457627118644,0.59375,5,0.8727272727272727,33.71519579098094
10,3,C_ID,4,10000,identity,MCP_up,0.625,0.6748481781376519,0.6507775336895847,0.5806451612903226,24,4,0,0.8148148148148148,0.5396825396825397,5,0.8,33.71519579098094
10,3,C_ID,4,10000,identity,SCAD_up,0.6176470588235294,0.6687753036437247,0.6453333833018768,0.5538461538461539,27,4,0,0.7719298245614035,,,,33.71519579098094
10,3,C_ID,4,10000,variance,lasso,0.6285714285714286,0.6573886639676113,0.6287739454727436,0.6285714285714286,32,4,3,0.8620689655172413,0.59375,5,0.8727272727272727,39.10303741705138
10,3,C_ID,4,10000,variance,MCP_down,0.6666666666666666,0.6513157894736843,0.6390579991152516,0.65625,26,4,0,0.8928571428571429,0.65625,4,0.8928571428571429,39.10303741705138
10,3,C_ID,4,10000,variance,MCP_up,0.6111111111111112,0.6568825910931173,0.6303984703031044,0.5714285714285714,25,4,0,0.8,0.5483870967741935,5,0.8301886792452831,39.10303741705138
10,3,C_ID,4,10000,variance,SCAD_up,0.6031746031746031,0.6485323886639676,0.6170668626660959,0.5625,26,4,0,0.7857142857142857,,,,39.10303741705138
10,3,C_ID,5,10000,identity,lasso,0.6909090909090909,0.8033846153846154,0.5776559255624316,0.6181818181818182,30,2,8,0.8372093023255814,0.7083333333333334,1,0.8571428571428571,41.05047366593499
10,3,C_ID,5,10000,identity,MCP_down,0.6190476190476191,0.6796923076923078,0.5575742418338537,0.5,27,5,0,0.7346938775510204,0.43137254901960786,6,0.7083333333333334,41.05047366593499
10,3,C_ID,5,10000,identity,MCP_up,0.7142857142857143,0.8058461538461538,0.6305380539838743,0.5714285714285714,24,3,1,0.7555555555555555,0.6086956521739131,3,0.8095238095238095,41.05047366593499
10,3,C_ID,5,10000,identity,SCAD_up,0.723404255319149,0.7984615384615383,0.5790496206251001,0.6153846153846154,27,2,1,0.75,,,,41.05047366593499
10,3,C_ID,5,10000,variance,lasso,0.7457627118644068,0.8163076923076922,0.5945354575378525,0.6923076923076923,27,2,5,0.8837209302325582,0.7555555555555555,1,0.8571428571428571,43.8401929999236
10,3,C_ID,5,10000,variance,MCP_down,0.5172413793103449,0.6563076923076925,0.4920189199678974,0.5172413793103449,33,6,0,0.7636363636363637,0.5283018867924528,6,0.7916666666666666,43.8401929999236
10,3,C_ID,5,10000,variance,MCP_up,0.8,0.8483076923076922,0.7098248398431062,0.8,20,0,0,0.8571428571428571,0.7555555555555555,1,0.8571428571428571,43.8401929999236
10,3,C_ID,5,10000,variance,SCAD_up,0.75,0.8126153846153845,0.6021370699264292,0.75,23,0,0,0.8181818181818182,,,,43.8401929999236
10,3,C_ID,6,10000,identity,lasso,0.5573770491803278,0.6511111111111112,0.579273259573479,0.5333333333333333,30,5,3,0.7916666666666666,0.4727272727272727,5,0.7659574468085106,38.9779482500162
10,3,C_ID,6,10000,identity,MCP_down,0.5714285714285714,0.6536111111111111,0.6390196041017244,0.4827586206896552,28,5,0,0.7307692307692307,0.5660377358490566,4,0.8085106382978723,38.9779482500162
10,3,C_ID,6,10000,identity,MCP_up,0.5373134328358209,0.6072222222222223,0.5019133938610684,0.37037037037037035,24,8,0,0.75,0.4074074074074074,7,0.7659574468085106,38.9779482500162
10,3,C_ID,6,10000,identity,SCAD_up,0.5373134328358209,0.6288888888888889,0.5514049012221311,0.4827586206896552,28,5,2,0.76,,,,38.9779482500162
10,3,C_ID,6,10000,variance,lasso,0.5333333333333333,0.6408333333333334,0.5517890142429974,0.5084745762711864,29,5,4,0.782608695652174,0.49056603773584906,4,0.7391304347826086,70.04369441699237
10,3,C_ID,6,10000,variance,MCP_down,0.5,0.6044444444444443,0.5706064750177325,0.4444444444444444,24,5,0,0.7083333333333334,0.43636363636363634,5,0.7083333333333334,70.04369441699237
10,3,C_ID,6,10000,variance,MCP_up,0.48,0.6086111111111112,0.5074684025741781,0.37037037037037035,24,7,2,0.7391304347826086,0.33962264150943394,7,0.7111111111111111,70.04369441699237
10,3,C_ID,6,10000,variance,SCAD_up,0.5,0.6111111111111112,0.5236385481658375,0.3508771929824561,27,7,2,0.6938775510204082,,,,70.04369441699237
10,3,C_ID,7,10000,identity,lasso,0.6274509803921569,0.7475961538461539,0.6048826626789463,0.6071428571428571,30,1,7,0.7391304347826086,0.6538461538461539,1,0.7727272727272727,60.99350558395963
10,3,C_ID,7,10000,identity,MCP_down,0.49056603773584906,0.6192908653846154,0.5220456091526853,0.4528301886792453,27,6,0,0.7058823529411765,0.4230769230769231,6,0.6938775510204082,60.99350558395963
10,3,C_ID,7,10000,identity,MCP_up,0.6551724137931034,0.7680288461538461,0.6391430636189142,0.5833333333333334,22,3,2,0.7441860465116279,0.5833333333333334,3,0.7441860465116279,60.99350558395963
10,3,C_ID,7,10000,identity,SCAD_up,0.6440677966101694,0.7554086538461539,0.6131491089883385,0.6382978723404256,21,3,0,0.7727272727272727,,,,60.99350558395963
10,3,C_ID,7,10000,variance,lasso,0.723404255319149,0.7980769230769231,0.6525341986146227,0.6666666666666666,25,1,5,0.7906976744186046,0.6938775510204082,1,0.8095238095238095,84.36821612506174
10,3,C_ID,7,10000,variance,MCP_down,0.6666666666666666,0.7193509615384615,0.655678135834423,0.6037735849056604,27,5,0,0.8235294117647058,0.52,6,0.7916666666666666,84.36821612506174
10,3,C_ID,7,10000,variance,MCP_up,0.7659574468085106,0.8125,0.7237589548500192,0.7058823529411765,25,1,2,0.782608695652174,0.7346938775510204,1,0.8181818181818182,84.36821612506174
10,3,C_ID,7,10000,variance,SCAD_up,0.7692307692307693,0.7926682692307692,0.6436223649918149,0.7692307692307693,26,1,2,0.851063829787234,,,,84.36821612506174
10,3,C_ID,8,10000,identity,lasso,0.7346938775510204,0.7933160285528877,0.7104118485164962,0.6666666666666666,31,1,3,0.7317073170731707,0.6222222222222222,1,0.7428571428571429,34.19331337499898
10,3,C_ID,8,10000,identity,MCP_down,0.6666666666666666,0.6937053861129137,0.6059415169229747,0.5833333333333334,25,3,0,0.8095238095238095,0.6222222222222222,3,0.8717948717948718,34.19331337499898
10,3,C_ID,8,10000,identity,MCP_up,0.6,0.7439974042829332,0.6256358554749262,0.4888888888888889,22,2,0,0.6666666666666666,0.45454545454545453,3,0.6842105263157895,34.19331337499898
10,3,C_ID,8,10000,identity,SCAD_up,0.6666666666666666,0.736859182349124,0.6281231946513276,0.5,21,2,0,0.6842105263157895,,,,34.19331337499898
10,3,C_ID,8,10000,variance,lasso,0.7111111111111111,0.764114211550941,0.6888594749845711,0.6808510638297872,24,2,2,0.8,0.6511627906976745,2,0.8,37.54641704203095
10,3,C_ID,8,10000,variance,MCP_down,0.717948717948718,0.7365347177157691,0.6900664251207729,0.6521739130434783,23,2,0,0.85,0.6363636363636364,3,0.8947368421052632,37.54641704203095
10,3,C_ID,8,10000,variance,MCP_up,0.5714285714285714,0.7193380921479559,0.6145195220919695,0.5217391304347826,23,3,1,0.7368421052631579,0.45454545454545453,3,0.6842105263157895,37.54641704203095
10,3,C_ID,8,10000,variance,SCAD_up,0.5882352941176471,0.718689162881246,0.6120943807583177,0.5217391304347826,23,3,1,0.7368421052631579,,,,37.54641704203095
10,3,C_ID,9,10000,identity,lasso,0.6956521739130435,0.818840579710145,0.5823818209618716,0.6666666666666666,30,0,8,0.7894736842105263,0.6086956521739131,3,0.8717948717948718,57.352372457971796
10,3,C_ID,9,10000,identity,MCP_down,0.5945945945945946,0.6155969634230504,0.4609866246420868,0.4,29,7,0,0.723404255319149,0.43478260869565216,6,0.7441860465116279,57.352372457971796
10,3,C_ID,9,10000,identity,MCP_up,0.8,0.8385093167701863,0.6297611392065817,0.7619047619047619,21,1,1,0.8947368421052632,0.7804878048780488,1,0.918918918918919,57.352372457971796
10,3,C_ID,9,10000,identity,SCAD_up,0.7272727272727273,0.8357487922705314,0.6074752090799154,0.7142857142857143,21,2,0,0.8717948717948718,,,,57.352372457971796
10,3,C_ID,9,10000,variance,lasso,0.6956521739130435,0.888543823326432,0.7166501965130787,0.64,29,0,8,0.7894736842105263,0.7619047619047619,0,0.8648648648648649,44.956303042010404
10,3,C_ID,9,10000,variance,MCP_down,0.7692307692307693,0.8122843340234643,0.7420154697465622,0.75,19,1,0,0.8648648648648649,0.8571428571428571,0,0.918918918918919,44.956303042010404
10,3,C_ID,9,10000,variance,MCP_up,0.8717948717948718,0.9496204278812974,0.8524110795749871,0.8571428571428571,21,0,0,0.9230769230769231,0.8095238095238095,1,0.9230769230769231,44.956303042010404
10,3,C_ID,9,10000,variance,SCAD_up,0.8636363636363636,0.9347826086956521,0.7986690229324567,0.8636363636363636,23,0,0,0.9,,,,44.956303042010404
10,4,C_ID,0,10000,identity,lasso,0.5230769230769231,0.5722077922077922,0.43781204532934265,0.5151515151515151,31,4,7,0.8,0.47619047619047616,6,0.8235294117647058,111.44182575005107
10,4,C_ID,0,10000,identity,MCP_down,0.4482758620689655,0.49402597402597404,0.40958820215230357,0.43333333333333335,25,7,0,0.7843137254901961,0.4406779661016949,7,0.8,111.44182575005107
10,4,C_ID,0,10000,identity,MCP_up,0.576271186440678,0.6111688311688311,0.47979442072754636,0.5245901639344263,26,4,2,0.7843137254901961,0.5161290322580645,4,0.7692307692307693,111.44182575005107
10,4,C_ID,0,10000,identity,SCAD_up,0.5671641791044776,0.5838961038961039,0.44740640362845546,0.45901639344262296,26,7,1,0.7843137254901961,,,,111.44182575005107
10,4,C_ID,0,10000,variance,lasso,0.5333333333333333,0.6202597402597403,0.5157280114373242,0.5066666666666667,40,4,6,0.7333333333333333,0.5483870967741935,3,0.7692307692307693,143.4749111669371
10,4,C_ID,0,10000,variance,MCP_down,0.47368421052631576,0.5503896103896103,0.46016328329004946,0.45714285714285713,35,9,1,0.819672131147541,0.45454545454545453,7,0.7719298245614035,143.4749111669371
10,4,C_ID,0,10000,variance,MCP_up,0.5405405405405406,0.6171428571428572,0.5109058353302436,0.417910447761194,32,7,3,0.75,0.4838709677419355,5,0.7843137254901961,143.4749111669371
10,4,C_ID,0,10000,variance,SCAD_up,0.5352112676056338,0.6171428571428572,0.5126324749465183,0.463768115942029,34,5,5,0.75,,,,143.4749111669371
10,4,C_ID,1,10000,identity,lasso,0.5882352941176471,0.63175,0.6156710111586416,0.5316455696202531,39,5,7,0.8135593220338984,0.5970149253731343,3,0.8363636363636363,48.12884512497112
10,4,C_ID,1,10000,identity,MCP_down,0.5454545454545454,0.597,0.6079421438219349,0.5294117647058824,28,6,0,0.8275862068965517,0.5373134328358209,6,0.8421052631578947,48.12884512497112
10,4,C_ID,1,10000,identity,MCP_up,0.5822784810126582,0.6452500000000001,0.6417063156012313,0.5757575757575758,26,3,1,0.8,0.5846153846153846,3,0.8148148148148148,48.12884512497112
10,4,C_ID,1,10000,identity,SCAD_up,0.5925925925925926,0.623,0.6023022122481494,0.5,28,5,1,0.7719298245614035,,,,48.12884512497112
10,4,C_ID,1,10000,variance,lasso,0.5952380952380952,0.65125,0.6433914007767286,0.5384615384615384,38,5,6,0.7796610169491526,0.5217391304347826,5,0.8214285714285714,53.7198740830645
10,4,C_ID,1,10000,variance,MCP_down,0.5185185185185185,0.56675,0.5806394691669645,0.5,32,6,0,0.7741935483870968,0.5070422535211268,6,0.7868852459016393,53.7198740830645
10,4,C_ID,1,10000,variance,MCP_up,0.6153846153846154,0.6725,0.674160942899747,0.6153846153846154,25,3,0,0.8363636363636363,0.5846153846153846,4,0.8363636363636363,53.7198740830645
10,4,C_ID,1,10000,variance,SCAD_up,0.625,0.66025,0.6541980035468291,0.5633802816901409,31,5,0,0.819672131147541,,,,53.7198740830645
10,4,C_ID,2,10000,identity,lasso,0.6060606060606061,0.6440677966101694,0.5367924465956978,0.59375,33,5,5,0.8301886792452831,0.6551724137931034,5,0.9019607843137255,36.63549770892132
10,4,C_ID,2,10000,identity,MCP_down,0.5263157894736842,0.6118097320940403,0.5369031375205553,0.46875,33,9,0,0.8,0.5084745762711864,7,0.8,36.63549770892132
10,4,C_ID,2,10000,identity,MCP_up,0.6181818181818182,0.6396938217605248,0.5793929182171471,0.5862068965517241,27,6,2,0.8846153846153846,0.5614035087719298,6,0.8627450980392157,36.63549770892132
10,4,C_ID,2,10000,identity,SCAD_up,0.6129032258064516,0.6260251503553854,0.5262820224718624,0.5573770491803278,30,8,2,0.9090909090909091,,,,36.63549770892132
10,4,C_ID,2,10000,variance,lasso,0.65625,0.6932750136686714,0.5564426053408414,0.6349206349206349,32,6,2,0.8727272727272727,0.6181818181818182,5,0.88,36.84205912495963
10,4,C_ID,2,10000,variance,MCP_down,0.6666666666666666,0.6582832148715145,0.5470279994768811,0.5625,33,5,0,0.7666666666666667,0.6071428571428571,5,0.8461538461538461,36.84205912495963
10,4,C_ID,2,10000,variance,MCP_up,0.6296296296296297,0.7135046473482777,0.5931780461349434,0.5964912280701754,26,7,0,0.9056603773584906,0.7142857142857143,4,0.9019607843137255,36.84205912495963
10,4,C_ID,2,10000,variance,SCAD_up,0.6785714285714286,0.7050300710770911,0.5759407762827647,0.6031746031746031,32,6,2,0.8771929824561403,,,,36.84205912495963
10,4,C_ID,3,10000,identity,lasso,0.5789473684210527,0.6133603238866396,0.5596669039116989,0.5405405405405406,36,7,8,0.9,0.53125,9,0.896551724137931,30.191565291024745
10,4,C_ID,3,10000,identity,MCP_down,0.4358974358974359,0.48886639676113364,0.4508907504667271,0.4225352112676056,33,14,0,0.8923076923076924,0.36363636363636365,15,0.9,30.191565291024745
10,4,C_ID,3,10000,identity,MCP_up,0.5432098765432098,0.6014676113360324,0.5524041328393517,0.5151515151515151,28,10,0,0.9,0.5538461538461539,9,0.9152542372881356,30.191565291024745
10,4,C_ID,3,10000,identity,SCAD_up,0.5428571428571428,0.6060222672064777,0.5532270223299683,0.48484848484848486,28,11,0,0.9,,,,30.191565291024745
10,4,C_ID,3,10000,variance,lasso,0.6341463414634146,0.67332995951417,0.603966377180349,0.6052631578947368,38,5,9,0.9,0.5230769230769231,9,0.896551724137931,64.90230604098178
10,4,C_ID,3,10000,variance,MCP_down,0.5060240963855421,0.5860323886639677,0.551316394720684,0.4927536231884058,31,11,0,0.8888888888888888,0.48484848484848486,10,0.8666666666666667,64.90230604098178
10,4,C_ID,3,10000,variance,MCP_up,0.6265060240963856,0.673076923076923,0.611824249607501,0.45454545454545453,28,12,0,0.9,0.48484848484848486,11,0.9,64.90230604098178
10,4,C_ID,3,10000,variance,SCAD_up,0.6265060240963856,0.6707995951417003,0.602108272164489,0.47761194029850745,29,11,1,0.9,,,,64.90230604098178
10,4,C_ID,4,10000,identity,lasso,0.5974025974025974,0.6303137651821862,0.5418488781324907,0.5945945945945946,36,5,4,0.819672131147541,0.6060606060606061,4,0.8070175438596491,46.07051483297255
10,4,C_ID,4,10000,identity,MCP_down,0.5128205128205128,0.5576923076923076,0.5039302855255274,0.4411764705882353,30,11,0,0.8524590163934426,0.4117647058823529,12,0.8524590163934426,46.07051483297255
10,4,C_ID,4,10000,identity,MCP_up,0.631578947368421,0.6611842105263158,0.5891908227098411,0.5538461538461539,27,5,0,0.7719298245614035,0.5230769230769231,6,0.7719298245614035,46.07051483297255
10,4,C_ID,4,10000,identity,SCAD_up,0.6341463414634146,0.63917004048583,0.550292596961675,0.5507246376811594,31,7,0,0.819672131147541,,,,46.07051483297255
10,4,C_ID,4,10000,variance,lasso,0.6265060240963856,0.6376518218623483,0.5467208306386855,0.5294117647058824,30,6,5,0.8148148148148148,0.34375,12,0.8214285714285714,70.9656203329796
10,4,C_ID,4,10000,variance,MCP_down,0.5454545454545454,0.5779352226720649,0.5157176355495587,0.44776119402985076,29,10,0,0.8333333333333334,0.46153846153846156,9,0.8275862068965517,70.9656203329796
10,4,C_ID,4,10000,variance,MCP_up,0.6097560975609756,0.6778846153846153,0.609844825083253,0.5074626865671642,29,5,0,0.7333333333333333,0.5230769230769231,4,0.7241379310344828,70.9656203329796
10,4,C_ID,4,10000,variance,SCAD_up,0.6486486486486487,0.6500506072874493,0.5608035028930624,0.6,32,4,1,0.8,,,,70.9656203329796
10,4,C_ID,5,10000,identity,lasso,0.6666666666666666,0.7129015808261092,0.7197112041015227,0.631578947368421,39,3,9,0.8813559322033898,0.46153846153846156,10,0.9090909090909091,36.5095670419978
10,4,C_ID,5,10000,identity,MCP_down,0.5555555555555556,0.5894951555328913,0.6538048005599238,0.5074626865671642,30,9,0,0.8666666666666667,0.5074626865671642,9,0.8666666666666667,36.5095670419978
10,4,C_ID,5,10000,identity,MCP_up,0.6341463414634146,0.7121366649668537,0.692979622238124,0.6268656716417911,30,4,2,0.8620689655172413,0.6060606060606061,5,0.8771929824561403,36.5095670419978
10,4,C_ID,5,10000,identity,SCAD_up,0.6410256410256411,0.7167261601223865,0.7188479943861809,0.6285714285714286,33,3,3,0.8333333333333334,,,,36.5095670419978
10,4,C_ID,5,10000,variance,lasso,0.7,0.7715451300356961,0.7570436063740347,0.6575342465753424,36,3,6,0.8813559322033898,0.49230769230769234,9,0.8771929824561403,58.04768054198939
10,4,C_ID,5,10000,variance,MCP_down,0.676923076923077,0.7236104028556858,0.7261725405814357,0.6349206349206349,26,4,0,0.8571428571428571,0.625,5,0.8771929824561403,58.04768054198939
10,4,C_ID,5,10000,variance,MCP_up,0.7352941176470589,0.804691483936767,0.7908482543906878,0.6557377049180327,24,4,0,0.8888888888888888,0.7213114754098361,2,0.8888888888888888,58.04768054198939
10,4,C_ID,5,10000,variance,SCAD_up,0.7088607594936709,0.7876083630800612,0.7672393806404427,0.6875,27,2,1,0.8571428571428571,,,,58.04768054198939
10,4,C_ID,6,10000,identity,lasso,0.6060606060606061,0.6530920060331825,0.6232428476354319,0.5866666666666667,36,3,5,0.75,0.5373134328358209,4,0.7407407407407407,50.972242875024676
10,4,C_ID,6,10000,identity,MCP_down,0.56,0.6209150326797386,0.6181931928102008,0.5217391304347826,30,4,0,0.7457627118644068,0.45454545454545453,6,0.75,50.972242875024676
10,4,C_ID,6,10000,identity,MCP_up,0.5974025974025974,0.6241830065359477,0.5937812539007967,0.5454545454545454,27,5,0,0.8,0.5757575757575758,4,0.8,50.972242875024676
10,4,C_ID,6,10000,identity,SCAD_up,0.5897435897435898,0.6354952237305178,0.5985471459045042,0.47761194029850745,28,5,1,0.7272727272727273,,,,50.972242875024676
10,4,C_ID,6,10000,variance,lasso,0.6486486486486487,0.666415284062343,0.6513485642276485,0.64,36,2,5,0.7636363636363637,0.53125,3,0.7450980392156863,72.14532570797019
10,4,C_ID,6,10000,variance,MCP_down,0.6031746031746031,0.6468074409250879,0.638301310534683,0.5797101449275363,30,4,0,0.8135593220338984,0.6268656716417911,3,0.8421052631578947,72.14532570797019
10,4,C_ID,6,10000,variance,MCP_up,0.5853658536585366,0.6334841628959276,0.604906597396915,0.5757575757575758,27,4,1,0.8363636363636363,0.5538461538461539,4,0.8148148148148148,72.14532570797019
10,4,C_ID,6,10000,variance,SCAD_up,0.6,0.6365007541478129,0.6164821778901396,0.5625,25,3,0,0.7777777777777778,,,,72.14532570797019
10,4,C_ID,7,10000,identity,lasso,0.6875,0.6780967570441255,0.49483070526663736,0.6451612903225806,29,1,4,0.7391304347826086,0.6666666666666666,0,0.7272727272727273,98.98183995904401
10,4,C_ID,7,10000,identity,MCP_down,0.4935064935064935,0.5874534821903243,0.45826797796278534,0.46153846153846156,32,5,0,0.7017543859649122,0.41935483870967744,5,0.6666666666666666,98.98183995904401
10,4,C_ID,7,10000,identity,MCP_up,0.7076923076923077,0.732589048378522,0.5986492611928673,0.6545454545454545,22,0,0,0.6818181818181818,0.631578947368421,0,0.6666666666666666,98.98183995904401
10,4,C_ID,7,10000,identity,SCAD_up,0.696969696969697,0.6842105263157895,0.5085203739195752,0.6206896551724138,25,1,1,0.6956521739130435,,,,98.98183995904401
10,4,C_ID,7,10000,variance,lasso,0.6857142857142857,0.667464114832536,0.47776561135640033,0.65625,31,2,2,0.76,0.6666666666666666,1,0.782608695652174,108.31386662495788
10,4,C_ID,7,10000,variance,MCP_down,0.6,0.6656034024455078,0.5205054100357425,0.5757575757575758,33,4,0,0.7931034482758621,0.53125,4,0.75,108.31386662495788
10,4,C_ID,7,10000,variance,MCP_up,0.711864406779661,0.7227538543328018,0.5823203166845069,0.6779661016949152,26,1,0,0.7755102040816326,0.6440677966101694,1,0.75,108.31386662495788
10,4,C_ID,7,10000,variance,SCAD_up,0.6875,0.665337586390218,0.4846602679105201,0.6153846153846154,32,4,4,0.8627450980392157,,,,108.31386662495788
10,4,C_ID,8,10000,identity,lasso,0.6197183098591549,0.6839803171131765,0.5347828999106303,0.5882352941176471,37,1,7,0.7169811320754716,0.5333333333333333,2,0.72,93.13447012496181
10,4,C_ID,8,10000,identity,MCP_down,0.48148148148148145,0.5511208310552215,0.46042186152482606,0.4482758620689655,27,6,0,0.7307692307692307,0.41379310344827586,7,0.7307692307692307,93.13447012496181
10,4,C_ID,8,10000,identity,MCP_up,0.6333333333333333,0.7200656096227446,0.6038792762566082,0.6333333333333333,29,1,3,0.7450980392156863,0.6,2,0.7450980392156863,93.13447012496181
10,4,C_ID,8,10000,identity,SCAD_up,0.6197183098591549,0.7003827227993439,0.5852891752417968,0.5846153846153846,34,1,3,0.6785714285714286,,,,93.13447012496181
10,4,C_ID,8,10000,variance,lasso,0.5428571428571428,0.631765992345544,0.48117159159744427,0.5373134328358209,36,1,5,0.6296296296296297,0.5172413793103449,3,0.68,105.33266083302442
10,4,C_ID,8,10000,variance,MCP_down,0.43478260869565216,0.5371787862219792,0.4454429874705327,0.4067796610169492,28,8,0,0.7407407407407407,0.3793103448275862,7,0.6923076923076923,105.33266083302442
10,4,C_ID,8,10000,variance,MCP_up,0.6071428571428571,0.6735921268452706,0.5643389078827955,0.5964912280701754,26,1,2,0.6938775510204082,0.5964912280701754,1,0.7083333333333334,105.33266083302442
10,4,C_ID,8,10000,variance,SCAD_up,0.6153846153846154,0.6798797156916347,0.5614622103970077,0.5517241379310345,27,2,2,0.68,,,,105.33266083302442
10,4,C_ID,9,10000,identity,lasso,0.7605633802816901,0.7529321774604794,0.5916012275309318,0.7605633802816901,34,1,4,0.8888888888888888,0.71875,2,0.8571428571428571,60.220344834029675
10,4,C_ID,9,10000,identity,MCP_down,0.5357142857142857,0.569862315145334,0.4897863871818307,0.4788732394366197,34,8,0,0.8064516129032258,0.4411764705882353,9,0.8135593220338984,60.220344834029675
10,4,C_ID,9,10000,identity,MCP_up,0.7088607594936709,0.774604793472718,0.6460606016069567,0.6666666666666666,29,4,1,0.8679245283018868,0.625,4,0.8235294117647058,60.220344834029675
10,4,C_ID,9,10000,identity,SCAD_up,0.7088607594936709,0.7432432432432433,0.5822260013750086,0.5970149253731343,30,5,1,0.8363636363636363,,,,60.220344834029675
10,4,C_ID,9,10000,variance,lasso,0.7435897435897436,0.6955634880163183,0.5610537214198044,0.7105263157894737,39,2,4,0.8666666666666667,0.7761194029850746,1,0.9433962264150944,65.59434837498702
10,4,C_ID,9,10000,variance,MCP_down,0.6268656716417911,0.6565527791942886,0.5633949464758943,0.5945945945945946,37,4,0,0.8,0.5915492957746479,5,0.8387096774193549,65.59434837498702
10,4,C_ID,9,10000,variance,MCP_up,0.78125,0.7511473737888833,0.6547800470076943,0.7058823529411765,31,3,1,0.8928571428571429,0.7272727272727273,2,0.8888888888888888,65.59434837498702
10,4,C_ID,9,10000,variance,SCAD_up,0.75,0.7085670576236615,0.5822914747644434,0.7058823529411765,31,3,1,0.8928571428571429,,,,65.59434837498702
10,1,C_ID,0,inf,identity,lasso,0.8,0.9085155350978136,0.5054783929289858,0.6896551724137931,18,0,4,0.8571428571428571,0.72,1,0.8571428571428571,22.681950875092298
10,1,C_ID,0,inf,identity,MCP_down,0.46153846153846156,0.6478711162255466,0.24839800351163982,0.37037037037037035,16,4,0,0.72,0.38461538461538464,4,0.75,22.681950875092298
10,1,C_ID,0,inf,identity,MCP_up,0.9,0.9338319907940162,0.6881313131313131,0.8,14,0,1,0.8571428571428571,0.8,0,0.8571428571428571,22.681950875092298
10,1,C_ID,0,inf,identity,SCAD_up,0.8571428571428571,0.9136939010356733,0.5304786122967942,0.8,14,0,1,0.8571428571428571,,,,22.681950875092298
10,1,C_ID,0,inf,variance,lasso,0.7692307692307693,0.9085155350978136,0.5505550334601719,0.7407407407407407,16,0,4,0.9,0.9090909090909091,1,1.0,21.748207374941558
10,1,C_ID,0,inf,variance,MCP_down,0.8181818181818182,0.8929804372842348,0.8404729109274565,0.6666666666666666,16,0,0,0.72,0.6153846153846154,1,0.75,21.748207374941558
10,1,C_ID,0,inf,variance,MCP_up,0.8181818181818182,0.9390103567318757,0.8745650813832633,0.782608695652174,12,1,0,0.9,0.782608695652174,1,0.9,21.748207374941558
10,1,C_ID,0,inf,variance,SCAD_up,0.8333333333333334,0.9148446490218644,0.59360286178468,0.782608695652174,12,1,0,0.9,,,,21.748207374941558
10,1,C_ID,1,inf,identity,lasso,0.7272727272727273,0.9506172839506173,0.47826630522708957,0.6666666666666666,18,0,4,0.782608695652174,0.75,0,0.8571428571428571,23.946761333965696
10,1,C_ID,1,inf,identity,MCP_down,0.75,0.8319615912208504,0.49037999037999036,0.5,19,2,0,0.6428571428571429,0.6153846153846154,1,0.6923076923076923,23.946761333965696
10,1,C_ID,1,inf,identity,MCP_up,1.0,0.9876543209876544,0.73070987654321,0.782608695652174,14,0,3,0.9,0.75,0,0.8571428571428571,23.946761333965696
10,1,C_ID,1,inf,identity,SCAD_up,0.9,0.9698216735253773,0.5769079685746352,0.782608695652174,14,0,2,0.8571428571428571,,,,23.946761333965696
10,1,C_ID,1,inf,variance,lasso,0.782608695652174,0.9602194787379972,0.5288618788618789,0.782608695652174,14,0,5,1.0,1.0,0,1.0,12.072380207944661
10,1,C_ID,1,inf,variance,MCP_down,0.631578947368421,0.7743484224965707,0.41562203228869893,0.5217391304347826,14,3,0,0.782608695652174,0.7619047619047619,1,0.8571428571428571,12.072380207944661
10,1,C_ID,1,inf,variance,MCP_up,1.0,0.99039780521262,0.8074294532627866,1.0,9,0,0,1.0,1.0,0,1.0,12.072380207944661
10,1,C_ID,1,inf,variance,SCAD_up,1.0,0.97599451303155,0.6207451499118165,1.0,9,0,0,1.0,,,,12.072380207944661
10,1,C_ID,2,inf,identity,lasso,0.6956521739130435,0.845679012345679,0.602068697539712,0.4827586206896552,20,1,5,0.6956521739130435,0.46153846153846156,2,0.7272727272727273,27.678731583990157
10,1,C_ID,2,inf,identity,MCP_down,0.6666666666666666,0.7215363511659807,0.5172158088824755,0.35714285714285715,19,4,0,0.6428571428571429,0.37037037037037035,4,0.6666666666666666,27.678731583990157
10,1,C_ID,2,inf,identity,MCP_up,0.8421052631578947,0.8573388203017833,0.6388525055191723,0.56,16,1,3,0.7272727272727273,0.48,2,0.7272727272727273,27.678731583990157
10,1,C_ID,2,inf,identity,SCAD_up,0.8,0.8573388203017833,0.6480369938703272,0.5185185185185185,18,1,5,0.7272727272727273,,,,27.678731583990157
10,1,C_ID,2,inf,variance,lasso,0.6956521739130435,0.8518518518518519,0.600804982054982,0.4827586206896552,20,1,4,0.6666666666666666,0.48,2,0.7272727272727273,26.667801667004824
10,1,C_ID,2,inf,variance,MCP_down,0.5714285714285714,0.7187928669410151,0.4863395863395863,0.37037037037037035,18,4,0,0.6666666666666666,0.6666666666666666,1,0.75,26.667801667004824
10,1,C_ID,2,inf,variance,MCP_up,0.8888888888888888,0.8689986282578874,0.7363392780059446,0.56,16,1,2,0.6956521739130435,0.5,2,0.6956521739130435,26.667801667004824
10,1,C_ID,2,inf,variance,SCAD_up,0.8421052631578947,0.8662551440329217,0.6762125220458554,0.5384615384615384,17,1,4,0.7272727272727273,,,,26.667801667004824
10,1,C_ID,3,inf,identity,lasso,0.7272727272727273,0.9825581395348838,0.5422619047619047,0.7272727272727273,7,0,3,1.0,0.6666666666666666,1,1.0,27.31461549992673
10,1,C_ID,3,inf,identity,MCP_down,0.4444444444444444,0.5959302325581396,0.11041666666666665,0.2222222222222222,5,3,0,0.8888888888888888,0.4444444444444444,2,0.8888888888888888,27.31461549992673
10,1,C_ID,3,inf,identity,MCP_up,0.8,0.9883720930232558,0.7958333333333334,0.6666666666666666,5,1,1,1.0,0.6666666666666666,1,1.0,27.31461549992673
10,1,C_ID,3,inf,identity,SCAD_up,0.8,0.9912790697674418,0.8291666666666666,0.6666666666666666,5,1,1,1.0,,,,27.31461549992673
10,1,C_ID,3,inf,variance,lasso,0.7272727272727273,0.9651162790697675,0.34375,0.7272727272727273,7,0,2,0.8888888888888888,0.75,1,1.0,7.578462707926519
10,1,C_ID,3,inf,variance,MCP_down,0.5,0.7281976744186047,0.24027777777777776,0.4444444444444444,5,2,0,0.8888888888888888,0.75,1,1.0,7.578462707926519
10,1,C_ID,3,inf,variance,MCP_up,1.0,0.998546511627907,0.96875,1.0,4,0,0,1.0,1.0,0,1.0,7.578462707926519
10,1,C_ID,3,inf,variance,SCAD_up,1.0,0.9898255813953488,0.6270833333333333,1.0,4,0,0,1.0,,,,7.578462707926519
10,1,C_ID,4,inf,identity,lasso,0.6153846153846154,0.8154761904761904,0.5123015873015873,0.6153846153846154,7,1,2,1.0,0.5454545454545454,2,1.0,7.504963124985807
10,1,C_ID,4,inf,identity,MCP_down,0.7272727272727273,0.8224206349206349,0.5861111111111111,0.7272727272727273,5,1,0,1.0,0.7272727272727273,1,1.0,7.504963124985807
10,1,C_ID,4,inf,identity,MCP_up,0.6153846153846154,0.8164682539682538,0.5359126984126984,0.6153846153846154,7,1,2,1.0,0.5454545454545454,2,1.0,7.504963124985807
10,1,C_ID,4,inf,identity,SCAD_up,0.7272727272727273,0.8115079365079364,0.4724206349206349,0.7272727272727273,5,1,0,1.0,,,,7.504963124985807
10,1,C_ID,4,inf,variance,lasso,0.7692307692307693,0.8253968253968254,0.7257936507936508,0.6153846153846154,7,1,2,1.0,0.5454545454545454,2,1.0,7.635790374944918
10,1,C_ID,4,inf,variance,MCP_down,0.9090909090909091,0.9146825396825398,0.8666666666666666,0.9090909090909091,5,0,0,1.0,0.9090909090909091,0,1.0,7.635790374944918
10,1,C_ID,4,inf,variance,MCP_up,0.7692307692307693,0.8224206349206349,0.6251984126984127,0.6153846153846154,7,1,2,1.0,0.5454545454545454,2,1.0,7.635790374944918
10,1,C_ID,4,inf,variance,SCAD_up,0.7692307692307693,0.8293650793650793,0.7684523809523809,0.7272727272727273,5,1,0,1.0,,,,7.635790374944918
10,1,C_ID,5,inf,identity,lasso,0.8571428571428571,0.9835390946502058,0.8419632836299503,0.6206896551724138,20,0,6,0.8181818181818182,0.6428571428571429,0,0.782608695652174,52.49866662500426
10,1,C_ID,5,inf,identity,MCP_down,0.8888888888888888,0.9128943758573387,0.8276455026455026,0.4444444444444444,27,1,0,0.5,0.6206896551724138,0,0.6206896551724138,52.49866662500426
10,1,C_ID,5,inf,identity,MCP_up,1.0,0.9965706447187929,0.9513227513227512,0.6666666666666666,18,0,4,0.782608695652174,0.6666666666666666,0,0.782608695652174,52.49866662500426
10,1,C_ID,5,inf,identity,SCAD_up,0.9473684210526315,0.9910836762688614,0.8975749559082892,0.6,21,0,4,0.6923076923076923,,,,52.49866662500426
10,1,C_ID,5,inf,variance,lasso,0.782608695652174,0.9471879286694102,0.5710826210826211,0.782608695652174,14,0,2,0.8571428571428571,1.0,0,1.0,11.01721116702538
10,1,C_ID,5,inf,variance,MCP_down,0.8888888888888888,0.9197530864197531,0.690432098765432,0.7272727272727273,13,1,0,0.8181818181818182,1.0,0,1.0,11.01721116702538
10,1,C_ID,5,inf,variance,MCP_up,1.0,0.9890260631001372,0.830246913580247,1.0,9,0,0,1.0,1.0,0,1.0,11.01721116702538
10,1,C_ID,5,inf,variance,SCAD_up,1.0,0.9615912208504801,0.634992784992785,1.0,9,0,0,1.0,,,,11.01721116702538
10,1,C_ID,6,inf,identity,lasso,0.7,0.9466437177280551,0.38912159269302127,0.7,13,0,2,0.8,0.7058823529411765,0,0.8571428571428571,35.87102954101283
10,1,C_ID,6,inf,identity,MCP_down,0.5,0.7934595524956971,0.2548185941043084,0.5,13,2,0,0.6666666666666666,0.5555555555555556,1,0.7058823529411765,35.87102954101283
10,1,C_ID,6,inf,identity,MCP_up,0.7777777777777778,0.972461273666093,0.5554035250463821,0.7058823529411765,10,0,1,0.8,0.7058823529411765,0,0.8,35.87102954101283
10,1,C_ID,6,inf,identity,SCAD_up,0.8235294117647058,0.9664371772805508,0.49200680272108843,0.7777777777777778,11,0,1,0.8,,,,35.87102954101283
10,1,C_ID,6,inf,variance,lasso,0.8235294117647058,0.9793459552495697,0.752125850340136,0.8235294117647058,10,0,3,1.0,0.9230769230769231,0,1.0,14.315199292032048
10,1,C_ID,6,inf,variance,MCP_down,1.0,0.9982788296041308,0.9583333333333333,1.0,7,0,0,1.0,0.9230769230769231,0,1.0,14.315199292032048
10,1,C_ID,6,inf,variance,MCP_up,1.0,0.9982788296041308,0.9523809523809523,0.9230769230769231,6,0,0,1.0,0.9230769230769231,0,1.0,14.315199292032048
10,1,C_ID,6,inf,variance,SCAD_up,1.0,0.995697074010327,0.9142857142857141,1.0,7,0,0,1.0,,,,14.315199292032048
10,1,C_ID,7,inf,identity,lasso,0.7368421052631579,0.8940548780487805,0.433597132034632,0.6666666666666666,13,0,3,0.875,0.7368421052631579,0,0.875,13.329151000012644
10,1,C_ID,7,inf,identity,MCP_down,0.5,0.7332317073170732,0.2586704961704962,0.43478260869565216,15,2,0,0.6363636363636364,0.4,3,0.7368421052631579,13.329151000012644
10,1,C_ID,7,inf,identity,MCP_up,0.9333333333333333,0.9230182926829269,0.6993055555555555,0.7368421052631579,11,0,2,0.875,0.7368421052631579,0,0.875,13.329151000012644
10,1,C_ID,7,inf,identity,SCAD_up,0.9333333333333333,0.9100609756097562,0.5317460317460317,0.7368421052631579,11,0,2,0.875,,,,13.329151000012644
10,1,C_ID,7,inf,variance,lasso,0.7,0.8940548780487805,0.42228535353535357,0.6363636363636364,14,0,5,0.9333333333333333,0.6666666666666666,1,0.875,15.395368375000544
10,1,C_ID,7,inf,variance,MCP_down,0.4,0.6684451219512195,0.2010980339105339,0.4,12,3,0,0.7368421052631579,0.5263157894736842,2,0.7777777777777778,15.395368375000544
10,1,C_ID,7,inf,variance,MCP_up,0.9333333333333333,0.9245426829268293,0.6954594017094016,0.8235294117647058,9,0,0,0.875,0.8235294117647058,0,0.875,15.395368375000544
10,1,C_ID,7,inf,variance,SCAD_up,0.875,0.9070121951219512,0.49731952075702074,0.8235294117647058,9,0,0,0.875,,,,15.395368375000544
10,1,C_ID,8,inf,identity,lasso,0.7741935483870968,0.8995726495726495,0.515328642089478,0.6470588235294118,22,0,2,0.7333333333333333,0.6875,0,0.7586206896551724,26.088755541015416
10,1,C_ID,8,inf,identity,MCP_down,0.6086956521739131,0.7980769230769231,0.4306814947536696,0.5,24,2,0,0.6285714285714286,0.5,2,0.6285714285714286,26.088755541015416
10,1,C_ID,8,inf,identity,MCP_up,0.8461538461538461,0.9155982905982905,0.5956664862914863,0.6875,20,0,2,0.7586206896551724,0.6875,0,0.7586206896551724,26.088755541015416
10,1,C_ID,8,inf,identity,SCAD_up,0.8148148148148148,0.8958333333333333,0.50368450993451,0.6875,20,0,2,0.7586206896551724,,,,26.088755541015416
10,1,C_ID,8,inf,variance,lasso,0.7857142857142857,0.8952991452991452,0.4599454365079365,0.7857142857142857,16,0,4,0.9565217391304348,1.0,0,1.0,23.48589562496636
10,1,C_ID,8,inf,variance,MCP_down,0.6923076923076923,0.813034188034188,0.43362332112332114,0.5454545454545454,21,2,0,0.6875,0.5333333333333333,2,0.7142857142857143,23.48589562496636
10,1,C_ID,8,inf,variance,MCP_up,0.9565217391304348,0.9300213675213674,0.6313932980599647,0.9565217391304348,11,0,0,1.0,1.0,0,1.0,23.48589562496636
10,1,C_ID,8,inf,variance,SCAD_up,0.9565217391304348,0.9059829059829059,0.5041880958547624,0.9565217391304348,11,0,0,1.0,,,,23.48589562496636
10,1,C_ID,9,inf,identity,lasso,0.72,0.8987499999999999,0.6173049173049174,0.5806451612903226,21,0,6,0.72,0.5333333333333333,1,0.72,46.72197712503839
10,1,C_ID,9,inf,identity,MCP_down,0.9523809523809523,0.98875,0.8756493506493506,0.7692307692307693,16,0,0,0.7692307692307693,0.8,0,0.8,46.72197712503839
10,1,C_ID,9,inf,identity,MCP_up,0.6666666666666666,0.8981250000000001,0.6375797732968786,0.5806451612903226,21,0,6,0.72,0.5333333333333333,1,0.72,46.72197712503839
10,1,C_ID,9,inf,identity,SCAD_up,0.9090909090909091,0.9043749999999999,0.6437635975135974,0.6,20,1,4,0.7692307692307693,,,,46.72197712503839
10,1,C_ID,9,inf,variance,lasso,0.75,0.8837499999999999,0.4030372405372406,0.6,20,0,5,0.75,1.0,0,1.0,38.15944058308378
10,1,C_ID,9,inf,variance,MCP_down,0.5263157894736842,0.7150000000000001,0.28532356532356534,0.41379310344827586,19,4,0,0.6896551724137931,1.0,0,1.0,38.15944058308378
10,1,C_ID,9,inf,variance,MCP_up,0.8181818181818182,0.91125,0.538602453102453,0.6923076923076923,16,0,3,0.782608695652174,1.0,0,1.0,38.15944058308378
10,1,C_ID,9,inf,variance,SCAD_up,0.8181818181818182,0.895625,0.4575900488400488,0.6428571428571429,18,0,4,0.75,,,,38.15944058308378
10,2,C_ID,0,inf,identity,lasso,0.6274509803921569,0.7835714285714286,0.5220289462328935,0.5614035087719298,37,1,9,0.723404255319149,0.5769230769230769,3,0.8181818181818182,80.89300570799969
10,2,C_ID,0,inf,identity,MCP_down,0.5625,0.6585714285714286,0.45767498505824417,0.3870967741935484,42,7,0,0.6229508196721312,0.36666666666666664,8,0.6440677966101694,80.89300570799969
10,2,C_ID,0,inf,identity,MCP_up,0.7567567567567568,0.8010714285714287,0.5768483410264931,0.5660377358490566,33,2,7,0.7555555555555555,0.5769230769230769,2,0.7727272727272727,80.89300570799969
10,2,C_ID,0,inf,identity,SCAD_up,0.8,0.7892857142857144,0.5453609784315465,0.5185185185185185,34,3,6,0.723404255319149,,,,80.89300570799969
10,2,C_ID,0,inf,variance,lasso,0.6808510638297872,0.7957142857142858,0.4775982910530469,0.6545454545454545,35,1,7,0.782608695652174,0.7619047619047619,1,0.85,42.049644709099084
10,2,C_ID,0,inf,variance,MCP_down,0.8205128205128205,0.8346428571428572,0.6169579150209956,0.6530612244897959,29,3,0,0.7916666666666666,0.6808510638297872,3,0.8260869565217391,42.049644709099084
10,2,C_ID,0,inf,variance,MCP_up,0.8648648648648649,0.865,0.654740524568311,0.8292682926829268,21,1,0,0.9,0.9473684210526315,0,0.972972972972973,42.049644709099084
10,2,C_ID,0,inf,variance,SCAD_up,0.8717948717948718,0.8407142857142857,0.5691638948856441,0.8292682926829268,21,1,0,0.9,,,,42.049644709099084
10,2,C_ID,1,inf,identity,lasso,0.8,0.905094905094905,0.6478986498669757,0.6,27,0,6,0.7272727272727273,0.6486486486486487,0,0.8,37.516854542074725
10,2,C_ID,1,inf,identity,MCP_down,0.5454545454545454,0.7087912087912088,0.4240459682767375,0.358974358974359,26,4,0,0.5789473684210527,0.32432432432432434,5,0.6111111111111112,37.516854542074725
10,2,C_ID,1,inf,identity,MCP_up,0.7096774193548387,0.907092907092907,0.6188945449974862,0.7058823529411765,21,0,3,0.8,0.7058823529411765,0,0.8,37.516854542074725
10,2,C_ID,1,inf,identity,SCAD_up,0.75,0.8956043956043955,0.6034334443836706,0.6285714285714286,22,0,3,0.7096774193548387,,,,37.516854542074725
10,2,C_ID,1,inf,variance,lasso,0.7142857142857143,0.9055944055944057,0.6017877710524769,0.5945945945945946,24,0,5,0.7096774193548387,0.6875,0,0.8148148148148148,25.440528250066563
10,2,C_ID,1,inf,variance,MCP_down,0.96,0.9535464535464535,0.8646764346764346,0.8275862068965517,16,0,0,0.8571428571428571,0.8275862068965517,0,0.8571428571428571,25.440528250066563
10,2,C_ID,1,inf,variance,MCP_up,0.96,0.954045954045954,0.9031379731379731,0.8888888888888888,14,0,2,1.0,1.0,0,1.0,25.440528250066563
10,2,C_ID,1,inf,variance,SCAD_up,0.96,0.9370629370629371,0.7040481740481741,0.8888888888888888,14,0,2,1.0,,,,25.440528250066563
10,2,C_ID,2,inf,identity,lasso,0.6666666666666666,0.868421052631579,0.45555588979822453,0.631578947368421,24,0,5,0.7586206896551724,0.7058823529411765,0,0.8148148148148148,396.17180237499997
10,2,C_ID,2,inf,identity,MCP_down,0.5,0.6766917293233083,0.3274042950513538,0.37209302325581395,29,3,2,0.5641025641025641,0.46511627906976744,1,0.5641025641025641,396.17180237499997
10,2,C_ID,2,inf,identity,MCP_up,0.7586206896551724,0.9055451127819549,0.6431282794064748,0.6,26,0,3,0.6875,0.6486486486486487,0,0.7096774193548387,396.17180237499997
10,2,C_ID,2,inf,identity,SCAD_up,0.7586206896551724,0.894266917293233,0.5719622613184643,0.6,26,0,3,0.6875,,,,396.17180237499997
10,2,C_ID,2,inf,variance,lasso,0.6666666666666666,0.8538533834586467,0.496889950901318,0.65,26,0,4,0.7333333333333333,1.0,0,1.0,158.41346220800187
10,2,C_ID,2,inf,variance,MCP_down,0.5185185185185185,0.6419172932330827,0.340782466832887,0.32558139534883723,29,4,2,0.5641025641025641,0.3333333333333333,4,0.5789473684210527,158.41346220800187
10,2,C_ID,2,inf,variance,MCP_up,0.8,0.8787593984962407,0.6043467234211735,0.631578947368421,24,0,3,0.6875,0.7058823529411765,0,0.8148148148148148,158.41346220800187
10,2,C_ID,2,inf,variance,SCAD_up,0.8461538461538461,0.87453007518797,0.5742809351450617,0.6666666666666666,22,0,3,0.7857142857142857,,,,158.41346220800187
10,2,C_ID,3,inf,identity,lasso,0.6666666666666666,0.8581788879935536,0.4918735549894354,0.64,33,0,9,0.7692307692307693,0.6808510638297872,0,0.8108108108108109,56.538773166015744
10,2,C_ID,3,inf,identity,MCP_down,0.5294117647058824,0.6825141015310233,0.38421281424892073,0.36666666666666664,43,5,0,0.5423728813559322,0.39285714285714285,5,0.5818181818181818,56.538773166015744
10,2,C_ID,3,inf,identity,MCP_up,0.9032258064516129,0.919822723609992,0.668212289128225,0.7441860465116279,26,0,2,0.8,0.7441860465116279,0,0.8,56.538773166015744
10,2,C_ID,3,inf,identity,SCAD_up,0.8648648648648649,0.8875906526994359,0.5544440882872645,0.7111111111111111,28,0,3,0.8,,,,56.538773166015744
10,2,C_ID,3,inf,variance,lasso,0.6666666666666666,0.8654311039484288,0.5871701027975518,0.6153846153846154,35,0,8,0.7317073170731707,0.9696969696969697,0,1.0,31.37657866696827
10,2,C_ID,3,inf,variance,MCP_down,0.631578947368421,0.7775987107171636,0.570041754695051,0.5098039215686274,34,3,0,0.64,0.47058823529411764,4,0.64,31.37657866696827
10,2,C_ID,3,inf,variance,MCP_up,0.9696969696969697,0.9427880741337632,0.825264885593203,0.9696969696969697,16,0,0,1.0,0.9696969696969697,0,1.0,31.37657866696827
10,2,C_ID,3,inf,variance,SCAD_up,0.9696969696969697,0.9125705076551169,0.6942083872037962,0.9696969696969697,16,0,0,1.0,,,,31.37657866696827
10,2,C_ID,4,inf,identity,lasso,0.8484848484848485,0.9608888888888889,0.7261192902957609,0.7368421052631579,23,0,6,0.8461538461538461,0.8333333333333334,0,0.8571428571428571,42.32439541700296
10,2,C_ID,4,inf,identity,MCP_down,0.72,0.7742222222222221,0.5731443784410316,0.4888888888888889,30,1,0,0.5714285714285714,0.4888888888888889,1,0.5714285714285714,42.32439541700296
10,2,C_ID,4,inf,identity,MCP_up,0.9375,0.9804444444444445,0.8023214476155653,0.8571428571428571,20,0,1,0.8571428571428571,0.8571428571428571,0,0.8571428571428571,42.32439541700296
10,2,C_ID,4,inf,identity,SCAD_up,0.8823529411764706,0.9693333333333333,0.752809281361913,0.8333333333333334,21,0,1,0.8571428571428571,,,,42.32439541700296
10,2,C_ID,4,inf,variance,lasso,0.875,0.9742222222222223,0.8371103270367977,0.8333333333333334,21,0,5,0.96,1.0,0,1.0,17.86637350008823
10,2,C_ID,4,inf,variance,MCP_down,0.64,0.7266666666666666,0.5712587267489228,0.4444444444444444,30,2,0,0.5714285714285714,0.4444444444444444,2,0.5714285714285714,17.86637350008823
10,2,C_ID,4,inf,variance,MCP_up,1.0,0.9871111111111112,0.8853846153846153,1.0,15,0,0,1.0,1.0,0,1.0,17.86637350008823
10,2,C_ID,4,inf,variance,SCAD_up,1.0,0.9835555555555555,0.8721031746031745,1.0,15,0,0,1.0,,,,17.86637350008823
10,2,C_ID,5,inf,identity,lasso,0.7058823529411765,0.8644425675675675,0.5951016951798203,0.6829268292682927,25,0,4,0.8275862068965517,0.6666666666666666,1,0.8,44.44821208296344
10,2,C_ID,5,inf,identity,MCP_down,0.3870967741935484,0.5008445945945946,0.28278379606504606,0.2857142857142857,26,6,0,0.631578947368421,0.32558139534883723,5,0.6153846153846154,44.44821208296344
10,2,C_ID,5,inf,identity,MCP_up,0.7272727272727273,0.8788006756756757,0.7417760555413236,0.6666666666666666,20,0,1,0.7741935483870968,0.6486486486486487,1,0.7741935483870968,44.44821208296344
10,2,C_ID,5,inf,identity,SCAD_up,0.7142857142857143,0.8657094594594594,0.6152482135668277,0.6842105263157895,22,0,1,0.75,,,,44.44821208296344
10,2,C_ID,5,inf,variance,lasso,0.7058823529411765,0.8707770270270271,0.6451313669023615,0.6829268292682927,25,0,4,0.8571428571428571,0.8,0,0.8888888888888888,28.369352125097066
10,2,C_ID,5,inf,variance,MCP_down,0.7407407407407407,0.7702702702702703,0.6964162573537573,0.5945945945945946,21,1,0,0.75,0.6666666666666666,0,0.7741935483870968,28.369352125097066
10,2,C_ID,5,inf,variance,MCP_up,0.8,0.8994932432432432,0.8211818609022556,0.8,19,0,0,0.8571428571428571,0.8,0,0.8571428571428571,28.369352125097066
10,2,C_ID,5,inf,variance,SCAD_up,0.7777777777777778,0.8935810810810811,0.7547199623776636,0.7428571428571429,19,0,0,0.8275862068965517,,,,28.369352125097066
10,2,C_ID,6,inf,identity,lasso,0.6666666666666666,0.8841158841158842,0.3831574817427228,0.5652173913043478,33,0,5,0.65,0.5909090909090909,0,0.6842105263157895,143.01814479206223
10,2,C_ID,6,inf,identity,MCP_down,0.6666666666666666,0.7327672327672328,0.3671943905221497,0.4090909090909091,31,4,0,0.5909090909090909,0.46511627906976744,3,0.6046511627906976,143.01814479206223
10,2,C_ID,6,inf,identity,MCP_up,0.8148148148148148,0.935064935064935,0.5327904054325459,0.5416666666666666,35,0,5,0.6046511627906976,0.6046511627906976,0,0.6842105263157895,143.01814479206223
10,2,C_ID,6,inf,identity,SCAD_up,0.7096774193548387,0.9110889110889111,0.45272384357942497,0.5416666666666666,35,0,5,0.6046511627906976,,,,143.01814479206223
10,2,C_ID,6,inf,variance,lasso,0.7647058823529411,0.9240759240759241,0.546073682509441,0.7647058823529411,21,0,3,0.8387096774193549,1.0,0,1.0,49.70923679100815
10,2,C_ID,6,inf,variance,MCP_down,0.5833333333333334,0.7867132867132867,0.5068542298503,0.5,27,3,2,0.6842105263157895,0.6111111111111112,2,0.7878787878787878,49.70923679100815
10,2,C_ID,6,inf,variance,MCP_up,1.0,0.9875124875124875,0.8374236874236873,1.0,13,0,0,1.0,1.0,0,1.0,49.70923679100815
10,2,C_ID,6,inf,variance,SCAD_up,1.0,0.9665334665334665,0.6939692785846632,1.0,13,0,0,1.0,,,,49.70923679100815
10,2,C_ID,7,inf,identity,lasso,0.5333333333333333,0.7028571428571428,0.3640121660910355,0.4918032786885246,41,1,11,0.6808510638297872,0.5555555555555556,1,0.7441860465116279,102.8227747080382
10,2,C_ID,7,inf,identity,MCP_down,0.46511627906976744,0.604642857142857,0.3225012714917772,0.38596491228070173,37,8,0,0.6785714285714286,0.38596491228070173,8,0.6785714285714286,102.8227747080382
10,2,C_ID,7,inf,identity,MCP_up,0.625,0.7535714285714286,0.45306710254792093,0.5660377358490566,33,1,7,0.7272727272727273,0.5555555555555556,1,0.7272727272727273,102.8227747080382
10,2,C_ID,7,inf,identity,SCAD_up,0.6222222222222222,0.7378571428571429,0.4046361917571157,0.5555555555555556,34,1,7,0.7111111111111111,,,,102.8227747080382
10,2,C_ID,7,inf,variance,lasso,0.5555555555555556,0.7292857142857143,0.3746453321623467,0.5517241379310345,38,0,9,0.7111111111111111,0.5769230769230769,0,0.7142857142857143,109.59020108403638
10,2,C_ID,7,inf,variance,MCP_down,0.5263157894736842,0.5964285714285714,0.31992369800177467,0.36065573770491804,41,8,0,0.6333333333333333,0.4,7,0.6440677966101694,109.59020108403638
10,2,C_ID,7,inf,variance,MCP_up,0.9473684210526315,0.8292857142857144,0.6136931772307026,0.9473684210526315,18,0,0,0.972972972972973,0.9743589743589743,0,1.0,109.59020108403638
10,2,C_ID,7,inf,variance,SCAD_up,0.9743589743589743,0.8182142857142858,0.5416641886245931,0.9473684210526315,18,0,0,0.972972972972973,,,,109.59020108403638
10,2,C_ID,8,inf,identity,lasso,0.7755102040816326,0.854153846153846,0.6622749130970154,0.6666666666666666,38,1,10,0.851063829787234,0.7368421052631579,1,0.8695652173913043,53.09955187491141
10,2,C_ID,8,inf,identity,MCP_down,0.6808510638297872,0.7350769230769232,0.5784962024330446,0.5151515151515151,41,4,0,0.6666666666666666,0.5230769230769231,4,0.6774193548387096,53.09955187491141
10,2,C_ID,8,inf,identity,MCP_up,0.8163265306122449,0.8553846153846153,0.7036558860694785,0.7142857142857143,31,1,7,0.8888888888888888,0.7142857142857143,1,0.8888888888888888,53.09955187491141
10,2,C_ID,8,inf,identity,SCAD_up,0.7924528301886793,0.8387692307692307,0.6528009978727942,0.711864406779661,34,1,7,0.851063829787234,,,,53.09955187491141
10,2,C_ID,8,inf,variance,lasso,0.7931034482758621,0.8812307692307693,0.7461275698346891,0.7796610169491526,34,0,6,0.875,0.92,0,0.9545454545454546,40.750971833011135
10,2,C_ID,8,inf,variance,MCP_down,0.6666666666666666,0.7433846153846154,0.6865050646066981,0.53125,39,4,0,0.6885245901639344,0.6229508196721312,3,0.7368421052631579,40.750971833011135
10,2,C_ID,8,inf,variance,MCP_up,0.9795918367346939,0.9264615384615384,0.875936160682369,0.9795918367346939,24,0,0,1.0,0.9795918367346939,0,1.0,40.750971833011135
10,2,C_ID,8,inf,variance,SCAD_up,0.9795918367346939,0.9018461538461539,0.7860234571218394,0.9795918367346939,24,0,0,1.0,,,,40.750971833011135
10,2,C_ID,9,inf,identity,lasso,0.6896551724137931,0.8433277027027027,0.599593178847726,0.509090909090909,39,0,5,0.6086956521739131,0.5652173913043478,1,0.6666666666666666,44.38907125010155
10,2,C_ID,9,inf,identity,MCP_down,0.6153846153846154,0.6870777027027027,0.4929142453259301,0.40816326530612246,33,5,2,0.6521739130434783,0.40816326530612246,5,0.6521739130434783,44.38907125010155
10,2,C_ID,9,inf,identity,MCP_up,0.7142857142857143,0.8374155405405407,0.6220291688183408,0.5106382978723404,31,2,2,0.6363636363636364,0.4782608695652174,3,0.6511627906976745,44.38907125010155
10,2,C_ID,9,inf,identity,SCAD_up,0.6842105263157895,0.8433277027027027,0.6183775153831674,0.5217391304347826,30,2,2,0.6511627906976745,,,,44.38907125010155
10,2,C_ID,9,inf,variance,lasso,0.7567567567567568,0.9146959459459459,0.6999951413959492,0.7142857142857143,26,0,6,0.8823529411764706,0.8,0,0.875,27.936462000012398
10,2,C_ID,9,inf,variance,MCP_down,0.7272727272727273,0.8716216216216215,0.6965618729821532,0.6666666666666666,20,1,1,0.7647058823529411,0.6666666666666666,1,0.7647058823529411,27.936462000012398
10,2,C_ID,9,inf,variance,MCP_up,0.875,0.948902027027027,0.8402821592037222,0.8,19,0,2,0.875,0.8,0,0.875,27.936462000012398
10,2,C_ID,9,inf,variance,SCAD_up,0.875,0.9400337837837838,0.7808827044917674,0.8,19,0,1,0.8484848484848485,,,,27.936462000012398
10,3,C_ID,0,inf,identity,lasso,0.7058823529411765,0.7560768795929904,0.551344982076419,0.6666666666666666,43,2,6,0.8,0.6363636363636364,2,0.8,45.70754445809871
10,3,C_ID,0,inf,identity,MCP_down,0.5106382978723404,0.6382136800452232,0.5343775883529719,0.4722222222222222,43,7,0,0.7058823529411765,0.4117647058823529,10,0.75,45.70754445809871
10,3,C_ID,0,inf,identity,MCP_up,0.7368421052631579,0.8041266252119842,0.6692221053708685,0.6376811594202898,40,2,6,0.7931034482758621,0.6363636363636364,2,0.8,45.70754445809871
10,3,C_ID,0,inf,identity,SCAD_up,0.7868852459016393,0.7713397399660825,0.5722910219226924,0.6376811594202898,40,1,5,0.7457627118644068,,,,45.70754445809871
10,3,C_ID,0,inf,variance,lasso,0.6865671641791045,0.7357263990955342,0.5107291235838055,0.6301369863013698,44,1,7,0.7540983606557377,0.6086956521739131,2,0.7586206896551724,53.22912475001067
10,3,C_ID,0,inf,variance,MCP_down,0.5660377358490566,0.6359525155455059,0.481055798329205,0.4657534246575342,44,8,0,0.7246376811594203,0.4657534246575342,8,0.7246376811594203,53.22912475001067
10,3,C_ID,0,inf,variance,MCP_up,0.75,0.7919728660260034,0.627999069867735,0.6470588235294118,39,1,5,0.7796610169491526,0.6470588235294118,1,0.7796610169491526,53.22912475001067
10,3,C_ID,0,inf,variance,SCAD_up,0.7241379310344828,0.7518371961560204,0.5366213636736291,0.6470588235294118,39,1,5,0.7796610169491526,,,,53.22912475001067
10,3,C_ID,1,inf,identity,lasso,0.49122807017543857,0.6197377501725327,0.29404820957637684,0.4307692307692308,44,2,3,0.5098039215686274,0.41935483870967744,2,0.52,449.31257208401803
10,3,C_ID,1,inf,identity,MCP_down,0.5,0.6259489302967564,0.32646983116503986,0.4262295081967213,40,2,1,0.5384615384615384,0.4262295081967213,2,0.5384615384615384,449.31257208401803
10,3,C_ID,1,inf,identity,MCP_up,0.4666666666666667,0.621808143547274,0.3106527784198741,0.4444444444444444,42,2,3,0.52,0.45161290322580644,2,0.52,449.31257208401803
10,3,C_ID,1,inf,identity,SCAD_up,0.4666666666666667,0.6304347826086956,0.321777542149694,0.4375,43,2,3,0.5098039215686274,,,,449.31257208401803
10,3,C_ID,1,inf,variance,lasso,0.5151515151515151,0.6687370600414078,0.32905396628307154,0.48484848484848486,45,1,5,0.5714285714285714,0.45901639344262296,2,0.5652173913043478,253.90528449998237
10,3,C_ID,1,inf,variance,MCP_down,0.3728813559322034,0.5472739820565907,0.2660370105499473,0.3492063492063492,42,5,1,0.5714285714285714,0.3333333333333333,4,0.5185185185185185,253.90528449998237
10,3,C_ID,1,inf,variance,MCP_up,0.6153846153846154,0.7277432712215322,0.40978076004564856,0.46875,43,1,5,0.5416666666666666,0.45161290322580644,2,0.5531914893617021,253.90528449998237
10,3,C_ID,1,inf,variance,SCAD_up,0.6046511627906976,0.7229123533471359,0.3928315964194263,0.46875,43,1,5,0.5416666666666666,,,,253.90528449998237
10,3,C_ID,2,inf,identity,lasso,0.5,0.5861258083480305,0.4750266668867955,0.39436619718309857,44,9,5,0.7333333333333333,0.3582089552238806,10,0.7457627118644068,63.83972483302932
10,3,C_ID,2,inf,identity,MCP_down,0.4864864864864865,0.6440329218106996,0.5418027799235889,0.45714285714285713,43,7,0,0.6865671641791045,0.42857142857142855,8,0.6865671641791045,63.83972483302932
10,3,C_ID,2,inf,identity,MCP_up,0.47619047619047616,0.5681951793062904,0.4765569149237733,0.4117647058823529,41,9,5,0.7457627118644068,0.3582089552238806,10,0.7457627118644068,63.83972483302932
10,3,C_ID,2,inf,identity,SCAD_up,0.5,0.5655496766607877,0.4571339513557221,0.4117647058823529,41,9,5,0.7457627118644068,,,,63.83972483302932
10,3,C_ID,2,inf,variance,lasso,0.5333333333333333,0.6596119929453264,0.5685594945341937,0.45714285714285713,43,6,6,0.7457627118644068,0.4411764705882353,7,0.7457627118644068,59.43750795791857
10,3,C_ID,2,inf,variance,MCP_down,0.5128205128205128,0.6246325690770136,0.5779534636852985,0.44776119402985076,40,9,0,0.75,0.44776119402985076,9,0.75,59.43750795791857
10,3,C_ID,2,inf,variance,MCP_up,0.5,0.638154027042916,0.5243773729765873,0.47058823529411764,41,7,4,0.7457627118644068,0.47058823529411764,7,0.7457627118644068,59.43750795791857
10,3,C_ID,2,inf,variance,SCAD_up,0.52,0.6484420928865373,0.5599840745062451,0.417910447761194,40,7,3,0.7,,,,59.43750795791857
10,3,C_ID,3,inf,identity,lasso,0.6875,0.7331875341716785,0.6394163740716423,0.5945945945945946,43,2,7,0.7540983606557377,0.5915492957746479,3,0.7796610169491526,44.297935208072886
10,3,C_ID,3,inf,identity,MCP_down,0.6545454545454545,0.7463094587206123,0.6929267987657521,0.5945945945945946,43,4,0,0.7536231884057971,0.5555555555555556,4,0.7164179104477612,44.297935208072886
10,3,C_ID,3,inf,identity,MCP_up,0.7719298245614035,0.762165117550574,0.7061581520054097,0.6376811594202898,38,2,5,0.7931034482758621,0.6571428571428571,2,0.8135593220338984,44.297935208072886
10,3,C_ID,3,inf,identity,SCAD_up,0.7619047619047619,0.7405686167304537,0.6549219617699344,0.6470588235294118,37,2,5,0.8070175438596491,,,,44.297935208072886
10,3,C_ID,3,inf,variance,lasso,0.7384615384615385,0.7867687260798251,0.6599830379277586,0.704225352112676,40,2,4,0.8135593220338984,0.7246376811594203,2,0.8275862068965517,51.646738125011325
10,3,C_ID,3,inf,variance,MCP_down,0.7407407407407407,0.7271733187534171,0.6266703347652808,0.5714285714285714,39,3,0,0.7076923076923077,0.5797101449275363,3,0.71875,51.646738125011325
10,3,C_ID,3,inf,variance,MCP_up,0.8214285714285714,0.824220885729907,0.7054387386985463,0.78125,33,1,2,0.8727272727272727,0.78125,1,0.8727272727272727,51.646738125011325
10,3,C_ID,3,inf,variance,SCAD_up,0.8070175438596491,0.8083652268999453,0.6916591260594223,0.78125,33,1,2,0.8727272727272727,,,,51.646738125011325
10,3,C_ID,4,inf,identity,lasso,0.6486486486486487,0.6978744939271255,0.669308059034746,0.6075949367088608,41,3,4,0.8,0.6493506493506493,2,0.8125,25.92647737497464
10,3,C_ID,4,inf,identity,MCP_down,0.6470588235294118,0.6907894736842105,0.6663439532090083,0.5974025974025974,39,5,0,0.8115942028985508,0.5714285714285714,6,0.8235294117647058,25.92647737497464
10,3,C_ID,4,inf,identity,MCP_up,0.64,0.6986336032388665,0.6682201075176242,0.6233766233766234,39,3,4,0.8125,0.6493506493506493,2,0.8125,25.92647737497464
10,3,C_ID,4,inf,identity,SCAD_up,0.6666666666666666,0.6887651821862348,0.6562806124170635,0.6133333333333333,37,3,3,0.7936507936507936,,,,25.92647737497464
10,3,C_ID,4,inf,variance,lasso,0.6419753086419753,0.6963562753036437,0.6547214946899238,0.6233766233766234,39,4,3,0.8307692307692308,0.6233766233766234,4,0.8307692307692308,39.09660825005267
10,3,C_ID,4,inf,variance,MCP_down,0.6268656716417911,0.6654858299595141,0.6431259233320704,0.5641025641025641,40,5,0,0.7714285714285715,0.6052631578947368,4,0.7941176470588235,39.09660825005267
10,3,C_ID,4,inf,variance,MCP_up,0.6493506493506493,0.7044534412955465,0.6786472141434203,0.6493506493506493,39,3,3,0.8307692307692308,0.6493506493506493,3,0.8307692307692308,39.09660825005267
10,3,C_ID,4,inf,variance,SCAD_up,0.6493506493506493,0.6912955465587045,0.6512143500474291,0.6493506493506493,39,3,3,0.8307692307692308,,,,39.09660825005267
10,3,C_ID,5,inf,identity,lasso,0.6896551724137931,0.7775384615384616,0.5745044440168728,0.625,39,2,8,0.7843137254901961,0.6229508196721312,3,0.8163265306122449,67.35294358397368
10,3,C_ID,5,inf,identity,MCP_down,0.6046511627906976,0.6427692307692308,0.5347206533836122,0.4375,39,8,0,0.7213114754098361,0.4838709677419355,7,0.7457627118644068,67.35294358397368
10,3,C_ID,5,inf,identity,MCP_up,0.7083333333333334,0.8046153846153846,0.6524525277546896,0.6333333333333333,35,3,7,0.8333333333333334,0.6229508196721312,3,0.8163265306122449,67.35294358397368
10,3,C_ID,5,inf,identity,SCAD_up,0.6956521739130435,0.7766153846153847,0.5769477137828295,0.6551724137931034,33,2,4,0.8,,,,67.35294358397368
10,3,C_ID,5,inf,variance,lasso,0.711864406779661,0.8206153846153845,0.5623970828896943,0.6774193548387096,37,0,9,0.8333333333333334,0.7368421052631579,0,0.851063829787234,60.72541608300526
10,3,C_ID,5,inf,variance,MCP_down,0.5185185185185185,0.633846153846154,0.4347396562568977,0.4411764705882353,43,7,0,0.676923076923077,0.47058823529411764,6,0.676923076923077,60.72541608300526
10,3,C_ID,5,inf,variance,MCP_up,0.84,0.8676923076923077,0.6754075224833899,0.7777777777777778,29,1,2,0.875,0.8301886792452831,0,0.8936170212765957,60.72541608300526
10,3,C_ID,5,inf,variance,SCAD_up,0.8148148148148148,0.8501538461538461,0.6142944487381886,0.7636363636363637,30,1,2,0.8571428571428571,,,,60.72541608300526
10,3,C_ID,6,inf,identity,lasso,0.5423728813559322,0.6241666666666665,0.5603612964753838,0.4722222222222222,42,6,6,0.7368421052631579,0.5454545454545454,4,0.7272727272727273,23.82713229104411
10,3,C_ID,6,inf,identity,MCP_down,0.5666666666666667,0.6777777777777777,0.6372274087421972,0.5373134328358209,37,4,0,0.7213114754098361,0.5,5,0.7213114754098361,23.82713229104411
10,3,C_ID,6,inf,identity,MCP_up,0.5074626865671642,0.6033333333333333,0.5181121634954319,0.463768115942029,39,8,2,0.7666666666666667,0.4927536231884058,7,0.7666666666666667,23.82713229104411
10,3,C_ID,6,inf,identity,SCAD_up,0.5074626865671642,0.6055555555555555,0.5382708663452499,0.42857142857142855,40,8,4,0.7586206896551724,,,,23.82713229104411
10,3,C_ID,6,inf,variance,lasso,0.5,0.6280555555555556,0.5466172468559839,0.4857142857142857,40,7,4,0.7719298245614035,0.5373134328358209,5,0.75,27.625392290996388
10,3,C_ID,6,inf,variance,MCP_down,0.46808510638297873,0.6041666666666666,0.5599232489281865,0.43478260869565216,39,7,0,0.6984126984126984,0.35294117647058826,9,0.6774193548387096,27.625392290996388
10,3,C_ID,6,inf,variance,MCP_up,0.5,0.6222222222222222,0.5126019435877002,0.44776119402985076,37,9,1,0.7796610169491526,0.45454545454545453,9,0.7931034482758621,27.625392290996388
10,3,C_ID,6,inf,variance,SCAD_up,0.4931506849315068,0.6208333333333333,0.5303815272070789,0.4411764705882353,38,9,1,0.7666666666666667,,,,27.625392290996388
10,3,C_ID,7,inf,identity,lasso,0.6415094339622641,0.7472956730769231,0.6125154835305213,0.5797101449275363,43,2,10,0.7407407407407407,0.5625,3,0.7307692307692307,68.03765987500083
10,3,C_ID,7,inf,identity,MCP_down,0.5,0.606670673076923,0.5209981355983381,0.4126984126984127,37,8,0,0.6885245901639344,0.4126984126984127,8,0.6885245901639344,68.03765987500083
10,3,C_ID,7,inf,identity,MCP_up,0.7407407407407407,0.791766826923077,0.6797690519636221,0.6451612903225806,36,3,5,0.7924528301886793,0.6557377049180327,2,0.7692307692307693,68.03765987500083
10,3,C_ID,7,inf,identity,SCAD_up,0.7407407407407407,0.7770432692307693,0.6436890012010898,0.6666666666666666,37,3,6,0.8301886792452831,,,,68.03765987500083
10,3,C_ID,7,inf,variance,lasso,0.6896551724137931,0.8176081730769231,0.6543395839084695,0.6268656716417911,41,0,10,0.7169811320754716,0.6229508196721312,2,0.76,60.258947291993536
10,3,C_ID,7,inf,variance,MCP_down,0.6190476190476191,0.6547475961538461,0.5657773913651248,0.4411764705882353,42,8,0,0.696969696969697,0.45454545454545453,8,0.71875,60.258947291993536
10,3,C_ID,7,inf,variance,MCP_up,0.7555555555555555,0.8239182692307693,0.6854812808713965,0.6557377049180327,35,2,6,0.7843137254901961,0.6557377049180327,2,0.7843137254901961,60.258947291993536
10,3,C_ID,7,inf,variance,SCAD_up,0.6567164179104478,0.7995793269230769,0.6247571229134062,0.6129032258064516,36,2,6,0.7450980392156863,,,,60.258947291993536
10,3,C_ID,8,inf,identity,lasso,0.72,0.8166774821544451,0.6982326603505016,0.6229508196721312,38,1,3,0.723404255319149,0.509090909090909,3,0.7111111111111111,40.50584949995391
10,3,C_ID,8,inf,identity,MCP_down,0.6046511627906976,0.6512005191434133,0.5285496325289701,0.41935483870967744,39,4,0,0.6071428571428571,0.4262295081967213,4,0.6181818181818182,40.50584949995391
10,3,C_ID,8,inf,identity,MCP_up,0.68,0.7959117456197273,0.6651847001355683,0.5964912280701754,34,1,3,0.723404255319149,0.5357142857142857,2,0.6956521739130435,40.50584949995391
10,3,C_ID,8,inf,identity,SCAD_up,0.6666666666666666,0.7852044127190135,0.6513972776762639,0.5925925925925926,31,2,3,0.7727272727272727,,,,40.50584949995391
10,3,C_ID,8,inf,variance,lasso,0.7111111111111111,0.7326411421155095,0.6858220204274017,0.5084745762711864,36,2,6,0.6976744186046512,0.49122807017543857,2,0.6976744186046512,36.8209897079505
10,3,C_ID,8,inf,variance,MCP_down,0.6666666666666666,0.6739130434782608,0.6406365675387413,0.4262295081967213,38,4,0,0.6181818181818182,0.4,5,0.6296296296296297,36.8209897079505
10,3,C_ID,8,inf,variance,MCP_up,0.5957446808510638,0.7248539909149903,0.6289642108276743,0.5454545454545454,32,3,3,0.7441860465116279,0.6181818181818182,1,0.7441860465116279,36.8209897079505
10,3,C_ID,8,inf,variance,SCAD_up,0.5818181818181818,0.7206359506813758,0.620853307843547,0.5818181818181818,32,2,3,0.7441860465116279,,,,36.8209897079505
10,3,C_ID,9,inf,identity,lasso,0.6956521739130435,0.8423050379572118,0.5975664541606309,0.5714285714285714,42,1,9,0.7083333333333334,0.6206896551724138,1,0.7555555555555555,61.367335582966916
10,3,C_ID,9,inf,identity,MCP_down,0.6111111111111112,0.6459627329192547,0.4785353096581535,0.3870967741935484,41,6,0,0.6101694915254238,0.36065573770491804,6,0.5862068965517241,61.367335582966916
10,3,C_ID,9,inf,identity,MCP_up,0.8108108108108109,0.8823326432022083,0.6830560048248783,0.6101694915254238,38,1,8,0.7555555555555555,0.6206896551724138,1,0.7555555555555555,61.367335582966916
10,3,C_ID,9,inf,identity,SCAD_up,0.7619047619047619,0.8602484472049688,0.6242970039450713,0.6101694915254238,38,1,8,0.7555555555555555,,,,61.367335582966916
10,3,C_ID,9,inf,variance,lasso,0.723404255319149,0.8743961352657005,0.7115936358924093,0.6206896551724138,37,1,8,0.782608695652174,0.7346938775510204,1,0.8571428571428571,42.569201958947815
10,3,C_ID,9,inf,variance,MCP_down,0.7692307692307693,0.8112491373360937,0.7406460317311614,0.5517241379310345,37,2,0,0.6545454545454545,0.5964912280701754,0,0.6415094339622641,42.569201958947815
10,3,C_ID,9,inf,variance,MCP_up,0.975609756097561,0.9527260179434092,0.8902130082802353,0.8695652173913043,25,0,0,0.8780487804878049,1.0,0,1.0,42.569201958947815
10,3,C_ID,9,inf,variance,SCAD_up,0.9523809523809523,0.9330572808833678,0.8211921227607821,0.851063829787234,26,0,0,0.8780487804878049,,,,42.569201958947815
10,4,C_ID,0,inf,identity,lasso,0.53125,0.5423376623376622,0.4251577910338485,0.44155844155844154,42,6,5,0.7096774193548387,0.4675324675324675,5,0.7096774193548387,109.90907912503462
10,4,C_ID,0,inf,identity,MCP_down,0.47058823529411764,0.4994805194805195,0.4137208988731521,0.38961038961038963,42,11,0,0.7647058823529411,0.3783783783783784,11,0.7692307692307693,109.90907912503462
10,4,C_ID,0,inf,identity,MCP_up,0.5245901639344263,0.5615584415584415,0.4415876444953121,0.44155844155844154,42,6,5,0.6984126984126984,0.48,5,0.7213114754098361,109.90907912503462
10,4,C_ID,0,inf,identity,SCAD_up,0.5757575757575758,0.556103896103896,0.4414288656504863,0.44155844155844154,42,6,5,0.6984126984126984,,,,109.90907912503462
10,4,C_ID,0,inf,variance,lasso,0.55,0.607012987012987,0.5003594596668316,0.5,41,5,6,0.7540983606557377,0.5333333333333333,4,0.7666666666666667,106.38792579108849
10,4,C_ID,0,inf,variance,MCP_down,0.4722222222222222,0.5394805194805194,0.44594152225675443,0.46153846153846156,43,9,1,0.782608695652174,0.4935064935064935,8,0.7941176470588235,106.38792579108849
10,4,C_ID,0,inf,variance,MCP_up,0.5333333333333333,0.6114285714285714,0.5063025826782872,0.5263157894736842,41,5,5,0.7333333333333333,0.5555555555555556,4,0.7586206896551724,106.38792579108849
10,4,C_ID,0,inf,variance,SCAD_up,0.5333333333333333,0.608051948051948,0.5019723478391682,0.5194805194805194,42,5,5,0.7213114754098361,,,,106.38792579108849
10,4,C_ID,1,inf,identity,lasso,0.5783132530120482,0.6187499999999999,0.6058052979027295,0.5476190476190477,44,5,8,0.7936507936507936,0.5128205128205128,5,0.7540983606557377,48.161047582980245
10,4,C_ID,1,inf,identity,MCP_down,0.5671641791044776,0.5987499999999999,0.6093242098670791,0.5121951219512195,42,9,0,0.8333333333333334,0.49382716049382713,9,0.8169014084507042,48.161047582980245
10,4,C_ID,1,inf,identity,MCP_up,0.5846153846153846,0.6280000000000001,0.631540842649595,0.4810126582278481,39,9,5,0.875,0.5316455696202531,7,0.875,48.161047582980245
10,4,C_ID,1,inf,identity,SCAD_up,0.5797101449275363,0.60225,0.5897079872873054,0.5,40,8,6,0.875,,,,48.161047582980245
10,4,C_ID,1,inf,variance,lasso,0.611764705882353,0.6232500000000001,0.6283967658927039,0.5476190476190477,44,7,7,0.8571428571428571,0.575,6,0.8524590163934426,64.24412699998356
10,4,C_ID,1,inf,variance,MCP_down,0.4634146341463415,0.529,0.560663440602573,0.45,40,11,0,0.8285714285714286,0.45,11,0.8115942028985508,64.24412699998356
10,4,C_ID,1,inf,variance,MCP_up,0.5853658536585366,0.62425,0.6325615916110542,0.5128205128205128,38,7,5,0.8387096774193549,0.5128205128205128,7,0.8387096774193549,64.24412699998356
10,4,C_ID,1,inf,variance,SCAD_up,0.5853658536585366,0.62575,0.6337097079137015,0.5063291139240507,39,7,5,0.8387096774193549,,,,64.24412699998356
10,4,C_ID,2,inf,identity,lasso,0.676923076923077,0.7217058501913614,0.5765297986703973,0.5833333333333334,41,5,8,0.847457627118644,0.5797101449275363,5,0.8620689655172413,34.08175100001972
10,4,C_ID,2,inf,identity,MCP_down,0.5555555555555556,0.6096227446692181,0.528748936414764,0.4444444444444444,41,10,0,0.7647058823529411,0.5,8,0.7647058823529411,34.08175100001972
10,4,C_ID,2,inf,identity,MCP_up,0.631578947368421,0.7307271733187535,0.6103795583691323,0.5373134328358209,36,7,3,0.8333333333333334,0.5507246376811594,6,0.819672131147541,34.08175100001972
10,4,C_ID,2,inf,identity,SCAD_up,0.6101694915254238,0.7083105522143247,0.5633253679962399,0.5373134328358209,36,7,3,0.8333333333333334,,,,34.08175100001972
10,4,C_ID,2,inf,variance,lasso,0.7272727272727273,0.6935483870967742,0.55980854363837,0.5405405405405406,43,6,7,0.8064516129032258,0.5555555555555556,5,0.8,46.14344274997711
10,4,C_ID,2,inf,variance,MCP_down,0.6545454545454545,0.6995626025150355,0.6024798572018436,0.5555555555555556,41,6,0,0.7647058823529411,0.6176470588235294,4,0.78125,46.14344274997711
10,4,C_ID,2,inf,variance,MCP_up,0.6666666666666666,0.7083105522143247,0.6153742698475512,0.5633802816901409,40,5,6,0.8,0.5428571428571428,6,0.8135593220338984,46.14344274997711
10,4,C_ID,2,inf,variance,SCAD_up,0.6785714285714286,0.6883542919628212,0.5619256822308185,0.5633802816901409,40,5,5,0.7868852459016393,,,,46.14344274997711
10,4,C_ID,3,inf,identity,lasso,0.691358024691358,0.6885121457489879,0.585585716401426,0.6419753086419753,43,5,7,0.8787878787878788,0.5714285714285714,9,0.90625,31.46074570901692
10,4,C_ID,3,inf,identity,MCP_down,0.47368421052631576,0.5187246963562753,0.4694894332606865,0.45569620253164556,41,14,0,0.8767123287671232,0.4358974358974359,14,0.8611111111111112,31.46074570901692
10,4,C_ID,3,inf,identity,MCP_up,0.6585365853658537,0.6791497975708503,0.5768523566145299,0.5866666666666667,37,7,4,0.875,0.56,8,0.8615384615384616,31.46074570901692
10,4,C_ID,3,inf,identity,SCAD_up,0.6585365853658537,0.6849696356275303,0.5818455340345846,0.6582278481012658,41,5,7,0.90625,,,,31.46074570901692
10,4,C_ID,3,inf,variance,lasso,0.6746987951807228,0.6773785425101213,0.6213139960727618,0.625,42,5,8,0.8923076923076924,0.5526315789473685,8,0.875,46.84693191701081
10,4,C_ID,3,inf,variance,MCP_down,0.5538461538461539,0.603744939271255,0.578859807865145,0.5185185185185185,43,11,0,0.8533333333333334,0.5822784810126582,9,0.8767123287671232,46.84693191701081
10,4,C_ID,3,inf,variance,MCP_up,0.6419753086419753,0.6809210526315789,0.634453505949442,0.5714285714285714,39,7,5,0.8615384615384616,0.5263157894736842,9,0.8615384615384616,46.84693191701081
10,4,C_ID,3,inf,variance,SCAD_up,0.6341463414634146,0.6761133603238866,0.6214647766148051,0.56,37,7,3,0.8484848484848485,,,,46.84693191701081
10,4,C_ID,4,inf,identity,lasso,0.5945945945945946,0.6128542510121456,0.5526874176597383,0.5432098765432098,43,6,5,0.7761194029850746,0.5714285714285714,6,0.7878787878787878,34.188002999988385
10,4,C_ID,4,inf,identity,MCP_down,0.5070422535211268,0.5551619433198379,0.519604680681903,0.475,42,11,0,0.821917808219178,0.43037974683544306,13,0.8333333333333334,34.188002999988385
10,4,C_ID,4,inf,identity,MCP_up,0.5925925925925926,0.6351214574898785,0.586919991857332,0.5569620253164557,41,6,3,0.7761194029850746,0.5714285714285714,6,0.7878787878787878,34.188002999988385
10,4,C_ID,4,inf,identity,SCAD_up,0.5925925925925926,0.6199392712550607,0.5643874363173227,0.5128205128205128,40,9,1,0.8115942028985508,,,,34.188002999988385
10,4,C_ID,4,inf,variance,lasso,0.5866666666666667,0.5996963562753035,0.5250687835330875,0.55,42,6,5,0.7878787878787878,0.6052631578947368,5,0.8387096774193549,48.82686774991453
10,4,C_ID,4,inf,variance,MCP_down,0.5428571428571428,0.583248987854251,0.5306132798369471,0.5185185185185185,43,10,0,0.8378378378378378,0.5316455696202531,9,0.8333333333333334,48.82686774991453
10,4,C_ID,4,inf,variance,MCP_up,0.5797101449275363,0.64498987854251,0.6033220995686369,0.5714285714285714,39,6,4,0.8125,0.6052631578947368,5,0.8387096774193549,48.82686774991453
10,4,C_ID,4,inf,variance,SCAD_up,0.6027397260273972,0.6181680161943319,0.5448056505507681,0.5454545454545454,39,7,2,0.7878787878787878,,,,48.82686774991453
10,4,C_ID,5,inf,identity,lasso,0.7,0.7320244773074962,0.7239373713164311,0.6582278481012658,42,3,10,0.9,0.6666666666666666,4,0.9152542372881356,36.06823779200204
10,4,C_ID,5,inf,identity,MCP_down,0.5882352941176471,0.6759306476287608,0.6985731408828372,0.5569620253164557,42,7,0,0.8055555555555556,0.56,7,0.8235294117647058,36.06823779200204
10,4,C_ID,5,inf,identity,MCP_up,0.6933333333333334,0.7455379908210098,0.7207682599672495,0.6753246753246753,40,2,8,0.8666666666666667,0.6753246753246753,2,0.8666666666666667,36.06823779200204
10,4,C_ID,5,inf,identity,SCAD_up,0.6842105263157895,0.7455379908210098,0.7387248127147458,0.6666666666666666,38,3,5,0.8524590163934426,,,,36.06823779200204
10,4,C_ID,5,inf,variance,lasso,0.7341772151898734,0.7814890362060174,0.763083698004863,0.7088607594936709,42,2,8,0.8852459016393442,0.6842105263157895,2,0.8666666666666667,42.741809832979925
10,4,C_ID,5,inf,variance,MCP_down,0.696969696969697,0.7327893931667516,0.7377074138959643,0.631578947368421,39,5,0,0.8405797101449275,0.631578947368421,5,0.8405797101449275,42.741809832979925
10,4,C_ID,5,inf,variance,MCP_up,0.7397260273972602,0.7980622131565529,0.7783009084560844,0.7105263157894737,39,2,6,0.8852459016393442,0.7105263157894737,2,0.8852459016393442,42.741809832979925
10,4,C_ID,5,inf,variance,SCAD_up,0.75,0.7934727180010199,0.7754821501451847,0.7105263157894737,39,2,6,0.8852459016393442,,,,42.741809832979925
10,4,C_ID,6,inf,identity,lasso,0.6153846153846154,0.6676721970839619,0.6319128599408228,0.5853658536585366,43,4,5,0.7540983606557377,0.5641025641025641,4,0.7666666666666667,58.526338167022914
10,4,C_ID,6,inf,identity,MCP_down,0.5194805194805194,0.5837104072398189,0.5590879211835962,0.5,41,7,0,0.7714285714285715,0.475,8,0.7714285714285715,58.526338167022914
10,4,C_ID,6,inf,identity,MCP_up,0.5714285714285714,0.6332327802916038,0.5882604161065078,0.55,41,5,4,0.7419354838709677,0.5384615384615384,6,0.7741935483870968,58.526338167022914
10,4,C_ID,6,inf,identity,SCAD_up,0.5714285714285714,0.6354952237305178,0.5823816933879801,0.55,41,5,4,0.7419354838709677,,,,58.526338167022914
10,4,C_ID,6,inf,variance,lasso,0.65,0.6935646053293112,0.670891658660027,0.6419753086419753,42,1,7,0.7586206896551724,0.6233766233766234,1,0.7796610169491526,43.85939283296466
10,4,C_ID,6,inf,variance,MCP_down,0.6129032258064516,0.652589240824535,0.6480794470400976,0.525,41,6,0,0.7714285714285715,0.5526315789473685,5,0.7878787878787878,43.85939283296466
10,4,C_ID,6,inf,variance,MCP_up,0.6024096385542169,0.6744595274007039,0.6574284993146836,0.5822784810126582,40,4,5,0.7666666666666667,0.5822784810126582,4,0.7666666666666667,43.85939283296466
10,4,C_ID,6,inf,variance,SCAD_up,0.6268656716417911,0.6737053795877325,0.6482172618899505,0.5555555555555556,33,5,1,0.8,,,,43.85939283296466
10,4,C_ID,7,inf,identity,lasso,0.6666666666666666,0.7044125465178097,0.5099408995766788,0.631578947368421,43,4,8,0.8363636363636363,0.6575342465753424,4,0.8518518518518519,64.12864612496924
10,4,C_ID,7,inf,identity,MCP_down,0.45454545454545453,0.5260499734183945,0.4139487148916531,0.410958904109589,40,9,0,0.7384615384615385,0.4444444444444444,7,0.71875,64.12864612496924
10,4,C_ID,7,inf,identity,MCP_up,0.6493506493506493,0.7240829346092506,0.5515395870307016,0.6133333333333333,42,4,9,0.8518518518518519,0.6027397260273972,4,0.8518518518518519,64.12864612496924
10,4,C_ID,7,inf,identity,SCAD_up,0.6493506493506493,0.7014885699096227,0.5099087904012893,0.6133333333333333,42,4,9,0.8518518518518519,,,,64.12864612496924
10,4,C_ID,7,inf,variance,lasso,0.6842105263157895,0.7089314194577352,0.5062955844770807,0.6493506493506493,44,2,9,0.8148148148148148,0.7123287671232876,2,0.8679245283018868,69.86012141604442
10,4,C_ID,7,inf,variance,MCP_down,0.5490196078431373,0.649920255183413,0.5070160940436014,0.5135135135135135,41,4,0,0.696969696969697,0.5,4,0.6875,69.86012141604442
10,4,C_ID,7,inf,variance,MCP_up,0.7666666666666667,0.7666135034556087,0.6089901059815073,0.676056338028169,38,4,5,0.8679245283018868,0.6666666666666666,4,0.8363636363636363,69.86012141604442
10,4,C_ID,7,inf,variance,SCAD_up,0.78125,0.7365762892078682,0.5448593471463625,0.6666666666666666,39,4,5,0.8518518518518519,,,,69.86012141604442
10,4,C_ID,8,inf,identity,lasso,0.6666666666666666,0.7022963367960634,0.5543283931961818,0.6301369863013698,42,2,5,0.7540983606557377,0.6027397260273972,3,0.7540983606557377,112.10139045806136
10,4,C_ID,8,inf,identity,MCP_down,0.46153846153846156,0.5459267359212685,0.4656610065328085,0.40540540540540543,43,11,0,0.7536231884057971,0.37142857142857144,11,0.7384615384615385,112.10139045806136
10,4,C_ID,8,inf,identity,MCP_up,0.6571428571428571,0.7255330781848004,0.5955401984466836,0.6301369863013698,42,1,5,0.7213114754098361,0.5833333333333334,2,0.7,112.10139045806136
10,4,C_ID,8,inf,identity,SCAD_up,0.65625,0.7211591033351559,0.599748093774336,0.6216216216216216,43,1,5,0.7096774193548387,,,,112.10139045806136
10,4,C_ID,8,inf,variance,lasso,0.6197183098591549,0.6919081465281575,0.517849115185006,0.6027397260273972,42,0,7,0.6896551724137931,0.6086956521739131,0,0.6785714285714286,77.1773297500331
10,4,C_ID,8,inf,variance,MCP_down,0.53125,0.6183706943685074,0.4854444342460238,0.4857142857142857,39,7,0,0.7384615384615385,0.43478260869565216,8,0.7301587301587301,77.1773297500331
10,4,C_ID,8,inf,variance,MCP_up,0.6461538461538462,0.7277200656096228,0.5924181888860826,0.6,39,0,6,0.6666666666666666,0.6086956521739131,0,0.6785714285714286,77.1773297500331
10,4,C_ID,8,inf,variance,SCAD_up,0.6551724137931034,0.7184253690541279,0.5651075079411254,0.6,39,0,6,0.6785714285714286,,,,77.1773297500331
10,4,C_ID,9,inf,identity,lasso,0.7671232876712328,0.749107598164202,0.5849082097688617,0.725,43,2,5,0.8524590163934426,0.6933333333333334,3,0.8813559322033898,46.90916095895227
10,4,C_ID,9,inf,identity,MCP_down,0.6206896551724138,0.6012238653748088,0.5380217953115695,0.4691358024691358,44,8,0,0.7605633802816901,0.5063291139240507,7,0.782608695652174,46.90916095895227
10,4,C_ID,9,inf,identity,MCP_up,0.7619047619047619,0.8021417644059154,0.6961426621666741,0.6923076923076923,41,2,5,0.8524590163934426,0.7012987012987013,2,0.8666666666666667,46.90916095895227
10,4,C_ID,9,inf,identity,SCAD_up,0.7160493827160493,0.7381438041815401,0.5699418348027225,0.7012987012987013,40,2,5,0.8666666666666667,,,,46.90916095895227
10,4,C_ID,9,inf,variance,lasso,0.7692307692307693,0.7355940846506885,0.5795197660208435,0.7407407407407407,44,1,6,0.8524590163934426,0.7532467532467533,2,0.8666666666666667,49.63718949991744
10,4,C_ID,9,inf,variance,MCP_down,0.6865671641791045,0.670066292707802,0.5763159611011806,0.5822784810126582,42,5,0,0.8,0.6233766233766234,3,0.7941176470588235,49.63718949991744
10,4,C_ID,9,inf,variance,MCP_up,0.7741935483870968,0.8041815400305967,0.6816211618854975,0.7341772151898734,42,2,4,0.8524590163934426,0.7631578947368421,1,0.8813559322033898,49.63718949991744
10,4,C_ID,9,inf,variance,SCAD_up,0.7671232876712328,0.7623661397246304,0.61388872729497,0.7272727272727273,40,2,3,0.8333333333333334,,,,49.63718949991744
