p,k,c_choice,rep,n,c_treatment,direction,max_f1,auc,aupr,max_acc,edges_at_lambda_max,c_logcorr_best,c_logcorr_mid,c_min_best,c_max_best,resc_logcorr,max_iter_hit,seconds
10,1,C_ID,0,1000,fixed_I,down,0.7058823529411765,0.8285385500575375,0.5226242398958294,0.9444444444444444,0,nan,nan,1.0,1.0,1.0,0,3.8241363749839365
10,1,C_ID,0,1000,fixed_I,up,0.7777777777777778,0.8406214039125431,0.7276113695154941,0.9555555555555556,0,nan,nan,1.0,1.0,1.0,0,3.8241363749839365
10,1,C_ID,0,1000,fixed_resc,up,0.7777777777777778,0.8181818181818182,0.7191659881656013,0.9555555555555556,1,1.0,1.0,0.43922737507295456,1.6501326254849473,1.0,0,3.8241363749839365
10,1,C_ID,0,1000,est_0.01,up,0.5454545454545454,0.806674338319908,0.5357955340934514,0.9,8,0.536762019298688,0.38329871388776654,0.019256981376353156,0.9877920644941534,1.0,0,3.8241363749839365
10,1,C_ID,0,1000,est_1,up,0.7777777777777778,0.8181818181818182,0.7092635512599028,0.9555555555555556,0,0.39134037155664503,0.4004391398198795,0.9237724521275732,0.9999999515146635,1.0,0,3.8241363749839365
10,1,C_ID,1,1000,fixed_I,down,0.7058823529411765,0.8010973936899863,0.450405149346797,0.9444444444444444,0,nan,nan,1.0,1.0,1.0,0,9.582291000057012
10,1,C_ID,1,1000,fixed_I,up,0.631578947368421,0.8388203017832647,0.39306855981961464,0.9222222222222223,0,nan,nan,1.0,1.0,1.0,0,9.582291000057012
10,1,C_ID,1,1000,fixed_resc,up,0.631578947368421,0.8347050754458162,0.6438152342291776,0.9333333333333333,0,1.0,1.0,0.2616250391681637,1.9816877573839051,1.0,0,9.582291000057012
10,1,C_ID,1,1000,est_0.01,up,0.6363636363636364,0.8573388203017832,0.5742563221887387,0.9111111111111111,5,-0.2169895356639118,-0.42588601618168703,0.010514488562077363,0.774211133618465,1.0,0,9.582291000057012
10,1,C_ID,1,1000,est_1,up,0.7368421052631579,0.8600823045267489,0.48373847088168265,0.9444444444444444,0,-0.42452679489130885,-0.39768130757904085,0.9453014842155759,0.9989865779072437,1.0,0,9.582291000057012
10,1,C_ID,5,1000,fixed_I,down,0.9,0.9286694101508917,0.6898492897484834,0.9777777777777777,0,nan,nan,1.0,1.0,1.0,0,10.345183833967894
10,1,C_ID,5,1000,fixed_I,up,0.8571428571428571,0.9855967078189299,0.8416666666666668,0.9666666666666667,0,nan,nan,1.0,1.0,1.0,0,10.345183833967894
10,1,C_ID,5,1000,fixed_resc,up,0.8571428571428571,0.9931412894375857,0.9434523809523812,0.9666666666666667,0,1.0,1.0,0.22376652776448036,1.8796589053699404,1.0,0,10.345183833967894
10,1,C_ID,5,1000,est_0.01,up,0.9473684210526315,0.9972565157750343,0.9775533108866442,0.9888888888888889,7,0.17538189608357552,-0.1346050647747176,0.015098347882617194,0.7750305151607767,1.0,0,10.345183833967894
10,1,C_ID,5,1000,est_1,up,0.8181818181818182,0.9780521262002744,0.7809634809634811,0.9555555555555556,0,-0.04781513595100722,-0.11066936411399238,0.9455047726270548,0.9959436997019792,1.0,0,10.345183833967894
10,1,C_ID,3,1000,fixed_I,down,0.6666666666666666,0.7965116279069767,0.4927009456264775,0.9777777777777777,0,nan,nan,1.0,1.0,1.0,0,16.285135957878083
10,1,C_ID,3,1000,fixed_I,up,0.6666666666666666,0.7674418604651163,0.536307575491464,0.9777777777777777,0,nan,nan,1.0,1.0,1.0,1,16.285135957878083
10,1,C_ID,3,1000,fixed_resc,up,0.6666666666666666,0.7151162790697675,0.5289569442185722,0.9777777777777777,1,1.0,1.0,0.077438039758928,2.8027237242866407,1.0,1,16.285135957878083
10,1,C_ID,3,1000,est_0.01,up,0.6666666666666666,0.7834302325581396,0.5389902693655229,0.9777777777777777,1,0.40128647679467677,0.5839501244698649,0.0005984331193487748,0.9501154898943536,1.0,0,16.285135957878083
10,1,C_ID,3,1000,est_1,up,0.5714285714285714,0.8299418604651163,0.4149461722488038,0.9666666666666667,0,0.5976996219511029,0.6054339897865719,0.9346729900098849,1.0000086965940456,1.0,0,16.285135957878083
10,1,C_ID,8,1000,fixed_I,down,0.9090909090909091,0.9123931623931624,0.7547814415621321,0.9777777777777777,0,nan,nan,1.0,1.0,1.0,0,9.5695702501107
10,1,C_ID,8,1000,fixed_I,up,0.8695652173913043,0.9027777777777779,0.8121571099750634,0.9666666666666667,0,nan,nan,1.0,1.0,1.0,0,9.5695702501107
10,1,C_ID,8,1000,fixed_resc,up,0.8181818181818182,0.9043803418803419,0.6645966527360389,0.9555555555555556,0,1.0,1.0,0.2763150662216535,1.9330172168436568,1.0,0,9.5695702501107
10,1,C_ID,8,1000,est_0.01,up,0.782608695652174,0.9113247863247863,0.753014453794608,0.9444444444444444,11,-0.4615020624800824,-0.7227354947581986,0.00014109760305334692,0.9531084943406373,1.0,1,9.5695702501107
10,1,C_ID,8,1000,est_1,up,0.7407407407407407,0.8862179487179488,0.6233732023968812,0.9333333333333333,0,-0.6965888913484143,-0.716680198557919,0.9525893084895322,0.9998194495104479,1.0,0,9.5695702501107
10,1,C_ID,6,1000,fixed_I,down,0.3333333333333333,0.6764199655765921,0.2627777593250739,0.9222222222222223,0,nan,nan,1.0,1.0,1.0,0,20.620351916877553
10,1,C_ID,6,1000,fixed_I,up,0.6153846153846154,0.8898450946643718,0.4709724799010513,0.9444444444444444,0,nan,nan,1.0,1.0,1.0,0,20.620351916877553
10,1,C_ID,6,1000,fixed_resc,up,0.6153846153846154,0.8571428571428571,0.3956138852658377,0.9444444444444444,1,1.0,1.0,0.12504792069738768,1.7951451641357994,1.0,2,20.620351916877553
10,1,C_ID,6,1000,est_0.01,up,0.6153846153846154,0.8975903614457831,0.5514009315711974,0.9444444444444444,5,-0.19763424972610713,0.005430374749906763,9.52293611945119e-05,0.8724001412568857,1.0,0,20.620351916877553
10,1,C_ID,6,1000,est_1,up,0.5454545454545454,0.9122203098106713,0.47490208204493917,0.9444444444444444,2,0.25918816486375096,0.19483278515443828,0.8033921406770113,0.9999999994324278,1.0,0,20.620351916877553
10,1,C_ID,7,1000,fixed_I,down,0.7058823529411765,0.8010670731707317,0.5233134920634921,0.9444444444444444,0,nan,nan,1.0,1.0,1.0,0,22.508708416018635
10,1,C_ID,7,1000,fixed_I,up,0.6666666666666666,0.8528963414634146,0.5382743637966243,0.9333333333333333,0,nan,nan,1.0,1.0,1.0,0,22.508708416018635
10,1,C_ID,7,1000,fixed_resc,up,0.6666666666666666,0.9161585365853657,0.5548031266915772,0.9444444444444444,0,1.0,1.0,0.015534883627995627,2.292032443040381,1.0,1,22.508708416018635
10,1,C_ID,7,1000,est_0.01,up,0.6666666666666666,0.9214939024390244,0.7392425810904071,0.9555555555555556,4,-0.2440030199298367,-0.4599543684718291,0.006539385245965565,0.9074622562541234,1.0,0,22.508708416018635
10,1,C_ID,7,1000,est_1,up,0.7,0.9382621951219512,0.6106366080156402,0.9333333333333333,0,-0.4213926237072417,-0.4712947593945642,0.9639468645013135,0.9999357929712915,1.0,0,22.508708416018635
10,1,C_ID,2,1000,fixed_I,down,0.5555555555555556,0.7626886145404663,0.407371300105313,0.9111111111111111,0,nan,nan,1.0,1.0,1.0,1,38.31794483307749
10,1,C_ID,2,1000,fixed_I,up,0.6666666666666666,0.8662551440329218,0.5535504863884089,0.9222222222222223,0,nan,nan,1.0,1.0,1.0,0,38.31794483307749
10,1,C_ID,2,1000,fixed_resc,up,0.6666666666666666,0.8799725651577504,0.4852138935472269,0.9222222222222223,1,1.0,1.0,0.09730467970457832,1.7727123738865231,1.0,5,38.31794483307749
10,1,C_ID,2,1000,est_0.01,up,0.7058823529411765,0.9032921810699589,0.653985269341427,0.9444444444444444,7,-0.22417376883328158,-0.3609885694574327,6.252770382917632e-05,0.8324460493625463,1.0,1,38.31794483307749
10,1,C_ID,2,1000,est_1,up,0.64,0.934156378600823,0.5888667883291538,0.9222222222222223,1,-0.3270699343894673,-0.27717487669714236,0.9634562428040827,0.9981891694623473,1.0,0,38.31794483307749
10,1,C_ID,9,1000,fixed_I,down,0.6956521739130435,0.7549999999999999,0.5237747252747252,0.9333333333333333,0,nan,nan,1.0,1.0,1.0,0,14.086035416927189
10,1,C_ID,9,1000,fixed_I,up,0.7777777777777778,0.8775,0.7184729723586107,0.9555555555555556,0,nan,nan,1.0,1.0,1.0,0,14.086035416927189
10,1,C_ID,9,1000,fixed_resc,up,0.7777777777777778,0.879375,0.7224175350991461,0.9555555555555556,1,1.0,1.0,0.13091491684842524,2.1177268720026663,1.0,0,14.086035416927189
10,1,C_ID,9,1000,est_0.01,up,0.7368421052631579,0.875625,0.6897445512698954,0.9444444444444444,9,-0.4595943352096935,-0.5457007288052202,5.601325221160522e-06,0.9557691580539288,1.0,0,14.086035416927189
10,1,C_ID,9,1000,est_1,up,0.7368421052631579,0.89375,0.6859109900867195,0.9444444444444444,0,-0.5531711853849202,-0.5376286832893399,0.9085277697966,1.0001272512011068,1.0,0,14.086035416927189
10,1,C_Random_Diag,2,1000,fixed_I,down,0.3333333333333333,0.375,0.21040660225442834,0.9555555555555556,0,nan,nan,1.0,1.0,0.7872533001132161,0,5.713558500166982
10,1,C_Random_Diag,2,1000,fixed_I,up,0.4444444444444444,0.6191860465116279,0.17642819509257868,0.9555555555555556,0,nan,nan,1.0,1.0,0.7872533001132161,0,5.713558500166982
10,1,C_Random_Diag,2,1000,fixed_resc,up,0.5,0.6337209302325582,0.18965637560754897,0.9555555555555556,0,0.7872533001132161,0.7872533001132161,0.21735518161794687,2.2361556178864035,0.7872533001132161,0,5.713558500166982
10,1,C_Random_Diag,2,1000,est_0.01,up,0.4,0.6511627906976744,0.2901941758438535,0.9444444444444444,3,0.15814222415631707,0.17509028169955554,0.012854919475795656,0.9073380289292865,0.7872533001132161,0,5.713558500166982
10,1,C_Random_Diag,2,1000,est_1,up,0.5714285714285714,0.6424418604651163,0.4190949593210862,0.9666666666666667,0,0.24476776705756068,0.24638884373321365,0.9344162744442638,0.9999990039714628,0.7872533001132161,0,5.713558500166982
10,1,C_ID,4,1000,fixed_I,down,0.5,0.6180555555555556,0.3610930735930736,0.9333333333333333,0,nan,nan,1.0,1.0,1.0,0,45.41746708378196
10,1,C_ID,4,1000,fixed_I,up,0.7272727272727273,0.8412698412698412,0.6664096730704415,0.9666666666666667,0,nan,nan,1.0,1.0,1.0,0,45.41746708378196
10,1,C_ID,4,1000,fixed_resc,up,0.625,0.9692460317460316,0.706926406926407,0.9555555555555556,0,1.0,1.0,0.008068752939524767,2.073449476727054,1.0,13,45.41746708378196
10,1,C_ID,4,1000,est_0.01,up,0.3870967741935484,0.8650793650793651,0.4144435776529598,0.8777777777777778,11,-0.6283110728326388,-0.6128782768674159,0.5381895158624056,0.9515804163592917,1.0,0,45.41746708378196
10,1,C_ID,4,1000,est_1,up,0.75,0.9732142857142857,0.6583333333333333,0.9555555555555556,0,-0.6292932671925346,-0.6193019457693157,0.9672839860655329,1.0001734680824128,1.0,0,45.41746708378196
10,1,C_Random_Diag,3,1000,fixed_I,down,0.625,0.65625,0.5221094203185149,0.9333333333333333,0,nan,nan,1.0,1.0,0.4852638812958258,0,9.136017708806321
10,1,C_Random_Diag,3,1000,fixed_I,up,0.7692307692307693,0.8849085365853658,0.7646497600541718,0.9666666666666667,0,nan,nan,1.0,1.0,0.4852638812958258,0,9.136017708806321
10,1,C_Random_Diag,3,1000,fixed_resc,up,0.5882352941176471,0.875,0.4875907512626262,0.9333333333333333,0,0.4852638812958258,0.4852638812958258,0.3011860869568055,2.2146769114629445,0.4852638812958258,0,9.136017708806321
10,1,C_Random_Diag,3,1000,est_0.01,up,0.7058823529411765,0.8910060975609756,0.6323292242958191,0.9444444444444444,6,0.0770129664563746,-0.12025828478324388,0.01580262082861326,0.894742016351524,0.4852638812958258,0,9.136017708806321
10,1,C_Random_Diag,3,1000,est_1,up,0.56,0.8940548780487805,0.5412378112284075,0.9333333333333333,0,-0.04997330395998524,-0.0990911135465972,0.968050221266558,0.9978853491126946,0.4852638812958258,0,9.136017708806321
10,1,C_Random_Min_Diag,0,1000,fixed_I,down,0.8571428571428571,0.8442340791738381,0.43912898492730423,0.9777777777777777,0,nan,nan,1.0,1.0,0.9456907995832768,0,11.175157750025392
10,1,C_Random_Min_Diag,0,1000,fixed_I,up,0.8333333333333334,0.9406196213425129,0.7878571428571428,0.9777777777777777,0,nan,nan,1.0,1.0,0.9456907995832768,0,11.175157750025392
10,1,C_Random_Min_Diag,0,1000,fixed_resc,up,0.6153846153846154,0.9148020654044751,0.6285838820654119,0.9555555555555556,3,0.9456907995832768,0.9456907995832768,0.32840453804858966,1.812080224481576,0.9456907995832768,0,11.175157750025392
10,1,C_Random_Min_Diag,0,1000,est_0.01,up,0.6,0.9251290877796903,0.6357142857142858,0.9111111111111111,16,0.4969443155818719,0.39119363992147854,0.011292542188888635,0.8765305095710544,0.9456907995832768,0,11.175157750025392
10,1,C_Random_Min_Diag,0,1000,est_1,up,0.631578947368421,0.9483648881239243,0.6833049886621314,0.9555555555555556,0,0.353892862029487,0.4002989375170663,0.9073221630892571,1.0001450314936406,0.9456907995832768,0,11.175157750025392
10,1,C_Random_Diag,1,1000,fixed_I,down,0.5555555555555556,0.6912499999999999,0.34698553448839486,0.9111111111111111,0,nan,nan,1.0,1.0,0.7704697161933867,0,20.639426999958232
10,1,C_Random_Diag,1,1000,fixed_I,up,0.6666666666666666,0.83875,0.383091556371765,0.9222222222222223,0,nan,nan,1.0,1.0,0.7704697161933867,0,20.639426999958232
10,1,C_Random_Diag,1,1000,fixed_resc,up,0.5714285714285714,0.850625,0.539427332117792,0.9111111111111111,2,0.7704697161933867,0.7704697161933867,0.24764176902353113,3.453863302182075,0.7704697161933867,2,20.639426999958232
10,1,C_Random_Diag,1,1000,est_0.01,up,0.6666666666666666,0.854375,0.47007797197182083,0.9333333333333333,3,0.6800436599587917,0.799208222223515,3.1368912642327685e-37,0.9093473237039569,0.7704697161933867,0,20.639426999958232
10,1,C_Random_Diag,1,1000,est_1,up,0.6086956521739131,0.8575,0.3679694922759439,0.9,1,0.7818629931254716,0.8054645943802609,0.9314650855393081,0.9999999858054099,0.7704697161933867,0,20.639426999958232
10,1,C_Random_Min_Diag,3,1000,fixed_I,down,0.7272727272727273,0.7876984126984128,0.506960191484001,0.9666666666666667,0,nan,nan,1.0,1.0,0.9358400116824676,0,11.31724741589278
10,1,C_Random_Min_Diag,3,1000,fixed_I,up,0.8,0.9206349206349207,0.7333333333333334,0.9777777777777777,2,nan,nan,1.0,1.0,0.9358400116824676,1,11.31724741589278
10,1,C_Random_Min_Diag,3,1000,fixed_resc,up,0.6666666666666666,0.8293650793650793,0.5873456532563373,0.9666666666666667,2,0.9358400116824676,0.9358400116824676,0.3647507446112702,2.1664885321097587,0.9358400116824676,0,11.31724741589278
10,1,C_Random_Min_Diag,3,1000,est_0.01,up,0.5,0.861111111111111,0.4711818961818962,0.9333333333333333,6,0.21865442929193535,0.038064180699555715,0.0012300174503659445,0.930619517400755,0.9358400116824676,0,11.31724741589278
10,1,C_Random_Min_Diag,3,1000,est_1,up,0.5,0.8591269841269841,0.49755291005291,0.9555555555555556,2,0.044730501454292644,0.06543723992123418,0.9395343121001062,1.00033360508528,0.9358400116824676,0,11.31724741589278
10,1,C_Random_Min_Diag,4,1000,fixed_I,down,0.4,0.5779914529914529,0.25679523777654834,0.8666666666666667,0,nan,nan,1.0,1.0,0.8182074042538577,0,8.644674916984513
10,1,C_Random_Min_Diag,4,1000,fixed_I,up,0.6153846153846154,0.8466880341880342,0.37351965492124245,0.8888888888888888,0,nan,nan,1.0,1.0,0.8182074042538577,0,8.644674916984513
10,1,C_Random_Min_Diag,4,1000,fixed_resc,up,0.6923076923076923,0.8498931623931625,0.4450658865952032,0.9111111111111111,1,0.8182074042538577,0.8182074042538577,0.6370828881004168,1.8868376137514227,0.8182074042538577,0,8.644674916984513
10,1,C_Random_Min_Diag,4,1000,est_0.01,up,0.6666666666666666,0.875,0.6488762030148681,0.9111111111111111,16,-0.4589485481399543,-0.5856570926610182,0.0011897747259199515,0.7350446465671049,0.8182074042538577,0,8.644674916984513
10,1,C_Random_Min_Diag,4,1000,est_1,up,0.6666666666666666,0.8867521367521367,0.4680226224035251,0.9111111111111111,0,-0.5548595714324801,-0.5623946504371783,0.9668926381787266,0.9979886440330711,0.8182074042538577,0,8.644674916984513
10,1,C_Random_Min_Diag,1,1000,fixed_I,down,0.5,0.6987951807228916,0.34086562161096323,0.9222222222222223,0,nan,nan,1.0,1.0,0.9901039607239248,0,35.6744877921883
10,1,C_Random_Min_Diag,1,1000,fixed_I,up,0.6,0.9509466437177281,0.502122387416505,0.9222222222222223,0,nan,nan,1.0,1.0,0.9901039607239248,1,35.6744877921883
10,1,C_Random_Min_Diag,1,1000,fixed_resc,up,0.631578947368421,0.9440619621342513,0.5785034013605441,0.9333333333333333,3,0.9901039607239248,0.9901039607239248,0.07072753381213961,2.2855934348532165,0.9901039607239248,8,35.6744877921883
10,1,C_Random_Min_Diag,1,1000,est_0.01,up,0.625,0.8864027538726333,0.5765779621872058,0.9333333333333333,8,0.2942644672925735,0.251940872642763,0.0016413395795728833,0.870533325564418,0.9901039607239248,0,35.6744877921883
10,1,C_Random_Min_Diag,1,1000,est_1,up,0.6363636363636364,0.9466437177280551,0.4811482168625026,0.9222222222222223,2,0.3512933706486039,0.34356169713531803,0.9401961637405822,0.9999956159890963,0.9901039607239248,0,35.6744877921883
10,1,C_Random_Diag,0,1000,fixed_I,down,0.35294117647058826,0.49161585365853655,0.11007338072555461,0.9111111111111111,0,nan,nan,1.0,1.0,0.9027538670908158,0,56.08488779095933
10,1,C_Random_Diag,0,1000,fixed_I,up,0.631578947368421,0.8826219512195123,0.37669164068121364,0.9222222222222223,0,nan,nan,1.0,1.0,0.9027538670908158,1,56.08488779095933
10,1,C_Random_Diag,0,1000,fixed_resc,up,0.7368421052631579,0.9207317073170732,0.7175926677489177,0.9444444444444444,5,0.9027538670908158,0.9027538670908158,0.07917650907898878,5.4249038106199325,0.9027538670908158,10,56.08488779095933
10,1,C_Random_Diag,0,1000,est_0.01,up,0.7368421052631579,0.9161585365853658,0.7352238820429357,0.9444444444444444,11,0.8705721828640272,0.8150088281529397,0.0002639045314556424,0.9252609930618336,0.9027538670908158,1,56.08488779095933
10,1,C_Random_Diag,0,1000,est_1,up,0.6086956521739131,0.926829268292683,0.6778661747411747,0.9444444444444444,3,0.8581947285070695,0.8559048037720605,0.883695689297535,0.9999999988310577,0.9027538670908158,0,56.08488779095933
10,1,C_Random_Full,1,1000,fixed_I,down,0.3333333333333333,0.6438434982738781,0.22333060602180818,0.8777777777777778,0,nan,nan,1.0,1.0,0.892549758552287,0,13.65147054195404
10,1,C_Random_Full,1,1000,fixed_I,up,0.3888888888888889,0.6777905638665133,0.25137659867244494,0.8777777777777778,0,nan,nan,1.0,1.0,0.892549758552287,0,13.65147054195404
10,1,C_Random_Full,1,1000,fixed_resc,up,0.3076923076923077,0.6133486766398158,0.14614040725667868,0.8555555555555555,2,0.892549758552287,0.892549758552287,0.46008267570915645,2.4684916538510353,0.892549758552287,0,13.65147054195404
10,1,C_Random_Full,1,1000,est_0.01,up,0.34285714285714286,0.6536248561565017,0.37311443866385685,0.7555555555555555,21,-0.8413600932890607,-0.7083285906539364,3.813597256749968e-05,0.5202459809395303,0.892549758552287,0,13.65147054195404
10,1,C_Random_Full,1,1000,est_1,up,0.38095238095238093,0.6887226697353279,0.24033372299614447,0.8777777777777778,0,-0.11629941348631184,-0.5732187063432433,0.9346250019044602,0.987735161486792,0.892549758552287,0,13.65147054195404
10,1,C_Random_Full,2,1000,fixed_I,down,0.6666666666666666,0.7710843373493976,0.6298881673881673,0.9555555555555556,0,nan,nan,1.0,1.0,0.7127469854785372,0,12.502132333116606
10,1,C_Random_Full,2,1000,fixed_I,up,0.5454545454545454,0.8201376936316694,0.5260403036899667,0.9444444444444444,0,nan,nan,1.0,1.0,0.7127469854785372,0,12.502132333116606
10,1,C_Random_Full,2,1000,fixed_resc,up,0.6666666666666666,0.9363166953528399,0.6839947089947089,0.9555555555555556,2,0.7127469854785372,0.7127469854785372,0.2563744435835824,2.5032522584939247,0.7127469854785372,0,12.502132333116606
10,1,C_Random_Full,2,1000,est_0.01,up,0.38095238095238093,0.8476764199655765,0.4091213254811906,0.8888888888888888,9,-0.5092082482694776,-0.4944031375959519,1.2076143423386397e-05,0.9295663827524367,0.7127469854785372,0,12.502132333116606
10,1,C_Random_Full,2,1000,est_1,up,0.5,0.9018932874354562,0.5655454626568072,0.9444444444444444,0,-0.609249864347205,-0.514566326422889,0.9310142117578197,0.9991049906247762,0.7127469854785372,0,12.502132333116606
10,1,C_Random_Full,0,1000,fixed_I,down,0.37037037037037035,0.5892094017094017,0.27500202596265216,0.8666666666666667,0,nan,nan,1.0,1.0,0.32890297603711915,0,27.47292016702704
10,1,C_Random_Full,0,1000,fixed_I,up,0.3157894736842105,0.5373931623931625,0.25637527691914014,0.8777777777777778,0,nan,nan,1.0,1.0,0.32890297603711915,0,27.47292016702704
10,1,C_Random_Full,0,1000,fixed_resc,up,0.37037037037037035,0.5507478632478633,0.34487824710644377,0.8888888888888888,2,0.32890297603711915,0.32890297603711915,0.33084116505755634,3.001493813150445,0.32890297603711915,1,27.47292016702704
10,1,C_Random_Full,0,1000,est_0.01,up,0.35714285714285715,0.5592948717948718,0.3228696524661725,0.8111111111111111,13,-0.4497405853758755,-0.5429185608618515,9.588243616087024e-07,0.5679813393444295,0.32890297603711915,0,27.47292016702704
10,1,C_Random_Full,0,1000,est_1,up,0.4,0.5902777777777779,0.3308071479073017,0.8777777777777778,0,-0.16785198942190352,-0.1373320683497977,0.7299776111270972,0.9944086245166255,0.32890297603711915,0,27.47292016702704
10,2,C_ID,0,1000,fixed_I,down,0.6666666666666666,0.7849999999999999,0.6186287882516885,0.8444444444444444,0,nan,nan,1.0,1.0,1.0,0,8.364597500069067
10,2,C_ID,0,1000,fixed_I,up,0.6842105263157895,0.865,0.6968822407079458,0.8666666666666667,0,nan,nan,1.0,1.0,1.0,0,8.364597500069067
10,2,C_ID,0,1000,fixed_resc,up,0.6829268292682927,0.8632142857142857,0.6609885027121455,0.8666666666666667,2,1.0,1.0,0.3810308194606762,1.7815270135090304,1.0,0,8.364597500069067
10,2,C_ID,0,1000,est_0.01,up,0.6363636363636364,0.8385714285714286,0.6511405036444122,0.8333333333333334,15,0.34388655722722106,0.22026217713423413,0.02783836536473902,0.847345749754671,1.0,0,8.364597500069067
10,2,C_ID,0,1000,est_1,up,0.6153846153846154,0.8410714285714285,0.5977338009750747,0.8222222222222222,0,0.26210648965297983,0.22695907676100313,0.9636429405917591,0.996117657153033,1.0,0,8.364597500069067
10,2,C_ID,1,1000,fixed_I,down,0.6666666666666666,0.7457542457542459,0.5416896165300421,0.9222222222222223,0,nan,nan,1.0,1.0,1.0,0,9.472802208038047
10,2,C_ID,1,1000,fixed_I,up,0.6,0.7337662337662337,0.5175160739406772,0.9111111111111111,0,nan,nan,1.0,1.0,1.0,0,9.472802208038047
10,2,C_ID,1,1000,fixed_resc,up,0.7272727272727273,0.8161838161838164,0.5982182494851565,0.9333333333333333,0,1.0,1.0,0.3708692931718457,1.8225687285424084,1.0,0,9.472802208038047
10,2,C_ID,1,1000,est_0.01,up,0.7272727272727273,0.8281718281718282,0.7020365159059798,0.9333333333333333,9,-0.21130608151016625,-0.3110798278432687,0.0010379932533825921,0.8986627726989572,1.0,0,9.472802208038047
10,2,C_ID,1,1000,est_1,up,0.6666666666666666,0.8461538461538463,0.6308990414442353,0.9111111111111111,0,-0.3659291610880127,-0.26182830127548834,0.9156332184674612,0.9999997749643484,1.0,0,9.472802208038047
10,1,C_Random_Full,3,1000,fixed_I,down,0.3157894736842105,0.5881410256410257,0.24159047976982762,0.8666666666666667,0,nan,nan,1.0,1.0,0.8569275748138476,0,41.69406091608107
10,1,C_Random_Full,3,1000,fixed_I,up,0.64,0.811965811965812,0.6477536121374774,0.9222222222222223,0,nan,nan,1.0,1.0,0.8569275748138476,1,41.69406091608107
10,1,C_Random_Full,3,1000,fixed_resc,up,0.6363636363636364,0.843482905982906,0.584067637744465,0.9111111111111111,3,0.8569275748138476,0.8569275748138476,0.22386059179506093,2.295329706808227,0.8569275748138476,2,41.69406091608107
10,1,C_Random_Full,3,1000,est_0.01,up,0.42857142857142855,0.7286324786324786,0.5227315923906148,0.7333333333333333,33,-0.259731492470243,-0.21614195485352858,0.01156403763471687,0.639791239259113,0.8569275748138476,1,41.69406091608107
10,1,C_Random_Full,3,1000,est_1,up,0.6666666666666666,0.8194444444444444,0.5469109789846935,0.9222222222222223,2,0.6554616949302876,0.2927041137424478,0.7156128899235611,0.9991167887476269,0.8569275748138476,0,41.69406091608107
10,2,C_ID,3,1000,fixed_I,down,0.45454545454545453,0.6651893634165995,0.33859308099921254,0.8111111111111111,0,nan,nan,1.0,1.0,1.0,0,8.55422924994491
10,2,C_ID,3,1000,fixed_I,up,0.631578947368421,0.8098307816277196,0.48409734434287155,0.8444444444444444,0,nan,nan,1.0,1.0,1.0,0,8.55422924994491
10,2,C_ID,3,1000,fixed_resc,up,0.6486486486486487,0.8130539887187752,0.46142758405028966,0.8555555555555555,0,1.0,1.0,0.5101215784498654,1.5670601056682445,1.0,0,8.55422924994491
10,2,C_ID,3,1000,est_0.01,up,0.631578947368421,0.8142626913779211,0.5732592863344571,0.8444444444444444,16,0.377626827134875,0.14993428949780116,0.024279224905077654,0.6217740244628465,1.0,0,8.55422924994491
10,2,C_ID,3,1000,est_1,up,0.6341463414634146,0.8364222401289283,0.5532915502316124,0.8444444444444444,0,-0.15238761618066893,0.10164520244595386,0.9599252543827637,0.9854411253610466,1.0,0,8.55422924994491
10,2,C_ID,4,1000,fixed_I,down,0.6086956521739131,0.6377777777777778,0.42744763170456845,0.9,0,nan,nan,1.0,1.0,1.0,0,11.001163667067885
10,2,C_ID,4,1000,fixed_I,up,0.7741935483870968,0.867111111111111,0.5908864273710844,0.9222222222222223,0,nan,nan,1.0,1.0,1.0,0,11.001163667067885
10,2,C_ID,4,1000,fixed_resc,up,0.8387096774193549,0.8977777777777778,0.8676117712851139,0.9444444444444444,1,1.0,1.0,0.3309815254267219,1.7816357165591672,1.0,0,11.001163667067885
10,2,C_ID,4,1000,est_0.01,up,0.6896551724137931,0.8617777777777778,0.683084654730678,0.9,13,-0.36312373425839206,-0.5192424345751099,0.0030116371355839657,0.8978012819916427,1.0,0,11.001163667067885
10,2,C_ID,4,1000,est_1,up,0.8148148148148148,0.908888888888889,0.6913400785769207,0.9444444444444444,0,-0.24727055214004035,-0.45070420241888637,0.9367548139301008,0.9999953757918907,1.0,0,11.001163667067885
10,2,C_ID,5,1000,fixed_I,down,0.4444444444444444,0.6596283783783783,0.3799605533581648,0.8444444444444444,0,nan,nan,1.0,1.0,0.9999999999999998,0,14.545756416162476
10,2,C_ID,5,1000,fixed_I,up,0.4444444444444444,0.7293074324324325,0.3704454983718845,0.8444444444444444,0,nan,nan,1.0,1.0,0.9999999999999998,0,14.545756416162476
10,2,C_ID,5,1000,fixed_resc,up,0.4666666666666667,0.7576013513513513,0.405378132540252,0.8555555555555555,1,0.9999999999999998,0.9999999999999998,0.2345481551485642,1.7269096533245734,0.9999999999999998,0,14.545756416162476
10,2,C_ID,5,1000,est_0.01,up,0.41935483870967744,0.7195945945945946,0.3449381950058537,0.8333333333333334,1,0.790455222621598,0.7964369154559711,0.8725480477456237,0.9749018356107446,0.9999999999999998,0,14.545756416162476
10,2,C_ID,5,1000,est_1,up,0.4528301886792453,0.7694256756756757,0.415649765439049,0.8444444444444444,1,0.8061393288557295,0.8229079974739208,0.9885636293638939,0.9989770250267065,0.9999999999999998,0,14.545756416162476
10,1,C_Random_Full,4,1000,fixed_I,down,0.36363636363636365,0.6541353383458646,0.32307265878184743,0.8444444444444444,0,nan,nan,1.0,1.0,0.8212292100127102,0,78.65293845790438
10,1,C_Random_Full,4,1000,fixed_I,up,0.6086956521739131,0.7796052631578948,0.5804492035584472,0.9,0,nan,nan,1.0,1.0,0.8212292100127102,6,78.65293845790438
10,1,C_Random_Full,4,1000,fixed_resc,up,0.5714285714285714,0.7833646616541353,0.556185159570636,0.9,2,0.8212292100127102,0.8212292100127102,0.3122849994117931,2.7055560825496197,0.8212292100127102,6,78.65293845790438
10,1,C_Random_Full,4,1000,est_0.01,up,0.5185185185185185,0.762218045112782,0.5112245207573648,0.8555555555555555,13,-0.24139738807334574,-0.2651622045049657,1.855557083460493e-08,0.8253676777126929,0.8212292100127102,6,78.65293845790438
10,1,C_Random_Full,4,1000,est_1,up,0.5185185185185185,0.7579887218045113,0.5089412978369023,0.8777777777777778,2,0.1291569087903958,-0.09216326156030281,0.7657399027884764,0.9994966302507652,0.8212292100127102,1,78.65293845790438
10,2,C_ID,7,1000,fixed_I,down,0.5116279069767442,0.6992857142857143,0.45026352237811673,0.8,0,nan,nan,1.0,1.0,1.0,0,21.438417040975764
10,2,C_ID,7,1000,fixed_I,up,0.5217391304347826,0.7642857142857143,0.4827442713342762,0.8111111111111111,0,nan,nan,1.0,1.0,1.0,0,21.438417040975764
10,2,C_ID,7,1000,fixed_resc,up,0.6363636363636364,0.8007142857142857,0.615453426952674,0.8333333333333334,2,1.0,1.0,0.28846173962848465,1.7138252154923492,1.0,0,21.438417040975764
10,2,C_ID,7,1000,est_0.01,up,0.6521739130434783,0.7832142857142858,0.6290312498206624,0.8222222222222222,24,-0.003311705394229455,-0.055741748542060855,5.7204713227441235e-05,0.29029551776901197,1.0,1,21.438417040975764
10,2,C_ID,7,1000,est_1,up,0.5217391304347826,0.77,0.5446760639145337,0.8222222222222222,2,0.5410650629944525,0.4668488573156258,0.9490507566853125,0.9780014811271225,1.0,0,21.438417040975764
10,2,C_ID,8,1000,fixed_I,down,0.625,0.7107692307692308,0.5811101189823382,0.8111111111111111,0,nan,nan,1.0,1.0,0.9999999999999998,0,8.864966292167082
10,2,C_ID,8,1000,fixed_I,up,0.6666666666666666,0.7747692307692308,0.5779530799513105,0.8333333333333334,0,nan,nan,1.0,1.0,0.9999999999999998,0,8.864966292167082
10,2,C_ID,8,1000,fixed_resc,up,0.7142857142857143,0.8230769230769232,0.7514653513178533,0.8666666666666667,4,0.9999999999999998,0.9999999999999998,0.29042101412159915,1.6807705203885317,0.9999999999999998,0,8.864966292167082
10,2,C_ID,8,1000,est_0.01,up,0.6461538461538462,0.7606153846153846,0.625627268549185,0.7555555555555555,23,0.19318054005855173,-0.18100766173516372,0.4817223876497713,0.6517149382857228,0.9999999999999998,0,8.864966292167082
10,2,C_ID,8,1000,est_1,up,0.7346938775510204,0.8335384615384616,0.7221154002571288,0.8555555555555555,0,-0.08164201074040904,-0.25137244076758053,0.9570195861901037,0.9770195186594287,0.9999999999999998,0,8.864966292167082
10,1,C_Random_Min_Diag,2,1000,fixed_I,down,0.6,0.7077991452991452,0.42496290783370644,0.9111111111111111,0,nan,nan,1.0,1.0,0.9922996950853906,0,153.4271660828963
10,1,C_Random_Min_Diag,2,1000,fixed_I,up,0.7368421052631579,0.7788461538461537,0.7213976197322336,0.9444444444444444,1,nan,nan,1.0,1.0,0.9922996950853906,1,153.4271660828963
10,1,C_Random_Min_Diag,2,1000,fixed_resc,up,0.6666666666666666,0.8311965811965811,0.6554451220020608,0.9111111111111111,2,0.9922996950853906,0.9922996950853906,0.02208925397349734,2.0065116933014484,0.9922996950853906,26,153.4271660828963
10,1,C_Random_Min_Diag,2,1000,est_0.01,up,0.6363636363636364,0.7393162393162394,0.5796761914331728,0.9111111111111111,6,-0.11694620666714259,-0.11715265607887292,2.2418201786599133e-104,0.8842621240877392,0.9922996950853906,12,153.4271660828963
10,1,C_Random_Min_Diag,2,1000,est_1,up,0.6956521739130435,0.7740384615384616,0.5543386565519616,0.9222222222222223,2,0.4443609145058616,0.5912741745863879,0.7647425191303227,0.999994794069209,0.9922996950853906,0,153.4271660828963
10,2,C_Random_Diag,0,1000,fixed_I,down,0.5882352941176471,0.71875,0.5034716976330246,0.8555555555555555,0,nan,nan,1.0,1.0,0.8205305938809455,0,7.2043334590271115
10,2,C_Random_Diag,0,1000,fixed_I,up,0.7333333333333333,0.8028549382716049,0.7235028458768797,0.9111111111111111,0,nan,nan,1.0,1.0,0.8205305938809455,0,7.2043334590271115
10,2,C_Random_Diag,0,1000,fixed_resc,up,0.7142857142857143,0.8341049382716049,0.7675325196400569,0.9111111111111111,1,0.8205305938809455,0.8205305938809455,0.4689778018066276,1.9552593366719333,0.8205305938809455,0,7.2043334590271115
10,2,C_Random_Diag,0,1000,est_0.01,up,0.625,0.7878086419753086,0.6206087072285698,0.8666666666666667,13,0.5267637067417262,0.09591911551941493,0.012449368515665908,0.6829167805111186,0.8205305938809455,0,7.2043334590271115
10,2,C_Random_Diag,0,1000,est_1,up,0.7027027027027027,0.8032407407407408,0.5635108578490531,0.8777777777777778,0,0.36907949556275743,0.23344910874467972,0.9620007398308001,0.9917571503200817,0.8205305938809455,0,7.2043334590271115
10,2,C_ID,9,1000,fixed_I,down,0.5806451612903226,0.7461993243243243,0.4812673511508868,0.8666666666666667,0,nan,nan,1.0,1.0,1.0,0,23.539320416981354
10,2,C_ID,9,1000,fixed_I,up,0.6451612903225806,0.7804054054054054,0.4981733651796564,0.8777777777777778,0,nan,nan,1.0,1.0,1.0,0,23.539320416981354
10,2,C_ID,9,1000,fixed_resc,up,0.6,0.7854729729729729,0.5576399472321483,0.8666666666666667,3,1.0,1.0,0.1746009057590984,2.434965884824611,1.0,1,23.539320416981354
10,2,C_ID,9,1000,est_0.01,up,0.6666666666666666,0.8010979729729729,0.6296799525852177,0.8888888888888888,7,-0.16848355129572423,0.007667903094457572,1.028072225825415e-14,0.6854081305026489,1.0,0,23.539320416981354
10,2,C_ID,9,1000,est_1,up,0.6153846153846154,0.8086993243243243,0.5279253277110221,0.8888888888888888,1,0.29743827872700707,0.167308904184649,0.8692891046116075,0.9995332458641044,1.0,0,23.539320416981354
10,2,C_Random_Diag,1,1000,fixed_I,down,0.5,0.7457706766917294,0.37221894512633746,0.8444444444444444,0,nan,nan,1.0,1.0,0.5052972488567906,0,24.848180875182152
10,2,C_Random_Diag,1,1000,fixed_I,up,0.7647058823529411,0.9266917293233082,0.6398202270542697,0.9222222222222223,0,nan,nan,1.0,1.0,0.5052972488567906,0,24.848180875182152
10,2,C_Random_Diag,1,1000,fixed_resc,up,0.6857142857142857,0.8919172932330827,0.5747147409113006,0.8888888888888888,2,0.5052972488567906,0.5052972488567906,0.1440061228967474,3.18043344826847,0.5052972488567906,1,24.848180875182152
10,2,C_Random_Diag,1,1000,est_0.01,up,0.7142857142857143,0.9248120300751881,0.6605980806699,0.9111111111111111,7,-0.027494970440477103,-0.030890289233662493,3.6837450505404565e-10,0.9070952560563736,0.5052972488567906,1,24.848180875182152
10,2,C_Random_Diag,1,1000,est_1,up,0.6857142857142857,0.9074248120300753,0.5622302518182822,0.8777777777777778,1,0.06677166292661493,0.028000853868155356,0.9247378028521567,0.9999909280601638,0.5052972488567906,0,24.848180875182152
10,2,C_ID,6,1000,fixed_I,down,0.7142857142857143,0.7872127872127872,0.5228707190245652,0.9111111111111111,0,nan,nan,1.0,1.0,1.0,0,73.61247920920141
10,2,C_ID,6,1000,fixed_I,up,0.7407407407407407,0.8291708291708293,0.6392192596625452,0.9222222222222223,0,nan,nan,1.0,1.0,1.0,1,73.61247920920141
10,2,C_ID,6,1000,fixed_resc,up,0.8333333333333334,0.8491508491508493,0.7790492518989989,0.9555555555555556,3,1.0,1.0,0.13397074118837984,2.252471080931018,1.0,9,73.61247920920141
10,2,C_ID,6,1000,est_0.01,up,0.6923076923076923,0.7967032967032968,0.6475753517338876,0.9111111111111111,13,0.8837283231257403,0.6967240999839118,0.0006474273177993102,0.8092049694383757,1.0,2,73.61247920920141
10,2,C_ID,6,1000,est_1,up,0.6,0.8131868131868133,0.5770451144040144,0.9,3,0.618944278062609,0.6349716028234432,0.8525945232146273,0.99912134122607,1.0,0,73.61247920920141
10,2,C_Random_Diag,2,1000,fixed_I,down,0.6956521739130435,0.741644385026738,0.5660149672315493,0.8444444444444444,0,nan,nan,1.0,1.0,0.7833256351157691,0,22.638797000050545
10,2,C_Random_Diag,2,1000,fixed_I,up,0.6818181818181818,0.7623663101604277,0.5798385000174401,0.8555555555555555,0,nan,nan,1.0,1.0,0.7833256351157691,0,22.638797000050545
10,2,C_Random_Diag,2,1000,fixed_resc,up,0.5853658536585366,0.7369652406417113,0.48970785589815047,0.8111111111111111,2,0.7833256351157691,0.7833256351157691,0.19846994059743542,2.664912541249517,0.7833256351157691,1,22.638797000050545
10,2,C_Random_Diag,2,1000,est_0.01,up,0.631578947368421,0.7510026737967914,0.6560418584942906,0.8444444444444444,16,-0.18468490290483608,-0.21328809637008161,0.0020437090627078956,0.8508320810677603,0.7833256351157691,0,22.638797000050545
10,2,C_Random_Diag,2,1000,est_1,up,0.6956521739130435,0.7680481283422459,0.6650857175513809,0.8444444444444444,0,-0.09047170953110194,-0.10192635517981376,0.929565091696336,0.9982267011793646,0.7833256351157691,0,22.638797000050545
10,1,C_Random_Diag,4,1000,fixed_I,down,0.5,0.6851503759398495,0.4177873066594693,0.8666666666666667,0,nan,nan,1.0,1.0,0.9256789290087302,1,218.22486462490633
10,1,C_Random_Diag,4,1000,fixed_I,up,0.6875,0.912124060150376,0.59594318939422,0.9,3,nan,nan,1.0,1.0,0.9256789290087302,24,218.22486462490633
10,1,C_Random_Diag,4,1000,fixed_resc,up,0.6206896551724138,0.8693609022556391,0.6368771548000871,0.9,5,0.9256789290087302,0.9256789290087302,0.017333092634942274,6.488719609206065,0.9256789290087302,39,218.22486462490633
10,1,C_Random_Diag,4,1000,est_0.01,up,0.7333333333333333,0.9201127819548872,0.6391119804429606,0.9111111111111111,7,-0.08827947278823496,-0.08902250996660771,4.4e-323,0.9187416813695825,0.9256789290087302,10,218.22486462490633
10,1,C_Random_Diag,4,1000,est_1,up,0.6896551724137931,0.9125939849624061,0.609290608256674,0.9,0,0.37401074822399727,0.5466738219986306,0.623800373220662,1.0,0.9256789290087302,0,218.22486462490633
10,2,C_Random_Min_Diag,0,1000,fixed_I,down,0.6875,0.8437500000000001,0.6547547012390762,0.8888888888888888,0,nan,nan,1.0,1.0,0.9547261182208604,0,18.408634416991845
10,2,C_Random_Min_Diag,0,1000,fixed_I,up,0.6470588235294118,0.890625,0.6831497731214276,0.8777777777777778,0,nan,nan,1.0,1.0,0.9547261182208604,0,18.408634416991845
10,2,C_Random_Min_Diag,0,1000,fixed_resc,up,0.6923076923076923,0.9290540540540541,0.7924586182590095,0.9111111111111111,2,0.9547261182208604,0.9547261182208604,0.17746034665997104,1.8149264118791355,0.9547261182208604,0,18.408634416991845
10,2,C_Random_Min_Diag,0,1000,est_0.01,up,0.6451612903225806,0.8931587837837838,0.6740156508750448,0.8777777777777778,14,-0.33546150684166937,-0.29424318532193583,2.1101082769736825e-05,0.7950463334641706,0.9547261182208604,0,18.408634416991845
10,2,C_Random_Min_Diag,0,1000,est_1,up,0.6341463414634146,0.8885135135135136,0.678533076747837,0.8777777777777778,2,-0.2579254330203396,-0.3038019637288605,0.9277412318452815,0.9940125809884948,0.9547261182208604,0,18.408634416991845
10,2,C_ID,2,1000,fixed_I,down,0.5384615384615384,0.6499060150375939,0.3722005702090018,0.8777777777777778,0,nan,nan,1.0,1.0,1.0,0,151.01826866692863
10,2,C_ID,2,1000,fixed_I,up,0.6428571428571429,0.7593984962406015,0.5058402568324432,0.9,2,nan,nan,1.0,1.0,1.0,13,151.01826866692863
10,2,C_ID,2,1000,fixed_resc,up,0.6666666666666666,0.7354323308270677,0.5218150943568844,0.9,4,1.0,1.0,0.10505195606216979,1.9596520386083978,1.0,23,151.01826866692863
10,2,C_ID,2,1000,est_0.01,up,0.5,0.7274436090225564,0.4170556541310026,0.8333333333333334,11,0.12689136156014655,0.3856136709918028,1.7509233757404115e-13,0.9039822410063854,1.0,20,151.01826866692863
10,2,C_ID,2,1000,est_1,up,0.6428571428571429,0.7495300751879699,0.46631698089910156,0.8888888888888888,4,0.7800105279855032,0.7843398173511822,0.6383173905992212,1.0,1.0,0,151.01826866692863
10,2,C_Random_Diag,3,1000,fixed_I,down,0.6341463414634146,0.7535714285714286,0.4987661964358393,0.8333333333333334,0,nan,nan,1.0,1.0,0.7971202781482194,0,40.57891462510452
10,2,C_Random_Diag,3,1000,fixed_I,up,0.7317073170731707,0.8021428571428572,0.6862447093738043,0.8777777777777778,0,nan,nan,1.0,1.0,0.7971202781482194,0,40.57891462510452
10,2,C_Random_Diag,3,1000,fixed_resc,up,0.7142857142857143,0.8085714285714286,0.7102044625019016,0.8666666666666667,2,0.7971202781482194,0.7971202781482194,0.12922521962637087,2.0726681715640636,0.7971202781482194,3,40.57891462510452
10,2,C_Random_Diag,3,1000,est_0.01,up,0.6363636363636364,0.7585714285714287,0.6070848627552782,0.8222222222222222,19,0.35604878984482496,0.27175759372116576,0.01612296709613339,0.656243620768617,0.7971202781482194,0,40.57891462510452
10,2,C_Random_Diag,3,1000,est_1,up,0.625,0.7839285714285713,0.6071892510648368,0.8555555555555555,0,0.45046722402229655,0.4162932770817401,0.9433062613259531,0.9907759969366462,0.7971202781482194,0,40.57891462510452
10,2,C_Random_Min_Diag,3,1000,fixed_I,down,0.7142857142857143,0.8981018981018982,0.6175635647088737,0.9111111111111111,0,nan,nan,1.0,1.0,0.9905434231391393,0,23.068324541905895
10,2,C_Random_Min_Diag,3,1000,fixed_I,up,0.8,0.9205794205794207,0.6223469947650724,0.9333333333333333,0,nan,nan,1.0,1.0,0.9905434231391393,0,23.068324541905895
10,2,C_Random_Min_Diag,3,1000,fixed_resc,up,0.8461538461538461,0.9290709290709291,0.7193471853816682,0.9555555555555556,2,0.9905434231391393,0.9905434231391393,0.14247700012877235,3.000306668612717,0.9905434231391393,1,23.068324541905895
10,2,C_Random_Min_Diag,3,1000,est_0.01,up,0.8275862068965517,0.9305694305694306,0.797490180472467,0.9444444444444444,12,-0.5065001161219764,-0.5817819191065365,1.1050362953394132e-06,0.7982899727655068,0.9905434231391393,0,23.068324541905895
10,2,C_Random_Min_Diag,3,1000,est_1,up,0.8148148148148148,0.9395604395604396,0.8524880292121673,0.9444444444444444,0,-0.4547709840079661,-0.5982480333025489,0.9150081390546558,0.9988367264763524,0.9905434231391393,0,23.068324541905895
10,2,C_Random_Min_Diag,2,1000,fixed_I,down,0.4166666666666667,0.6527255639097744,0.31852669671931844,0.8444444444444444,0,nan,nan,1.0,1.0,0.9691782601771697,0,26.49732437497005
10,2,C_Random_Min_Diag,2,1000,fixed_I,up,0.782608695652174,0.9234022556390977,0.8029675629116895,0.9444444444444444,0,nan,nan,1.0,1.0,0.9691782601771697,0,26.49732437497005
10,2,C_Random_Min_Diag,2,1000,fixed_resc,up,0.6666666666666666,0.9111842105263158,0.7223332387081403,0.9,2,0.9691782601771697,0.9691782601771697,0.12346942388224069,2.831196988423116,0.9691782601771697,0,26.49732437497005
10,2,C_Random_Min_Diag,2,1000,est_0.01,up,0.6428571428571429,0.87546992481203,0.6357189622026806,0.8888888888888888,12,-0.07760803717852031,0.20190156225758252,1.067199433300979e-06,0.7637899834564147,0.9691782601771697,0,26.49732437497005
10,2,C_Random_Min_Diag,2,1000,est_1,up,0.72,0.9219924812030076,0.6070522005684509,0.9222222222222223,1,0.4900414061576505,0.4913197134568158,0.8646265158255007,0.9999914154002443,0.9691782601771697,0,26.49732437497005
10,2,C_Random_Min_Diag,1,1000,fixed_I,down,0.6666666666666666,0.763140817650876,0.6553126239166547,0.8444444444444444,0,nan,nan,1.0,1.0,0.9665091648486787,0,40.351345708128065
10,2,C_Random_Min_Diag,1,1000,fixed_I,up,0.717948717948718,0.7611940298507462,0.7037415628374928,0.8777777777777778,0,nan,nan,1.0,1.0,0.9665091648486787,0,40.351345708128065
10,2,C_Random_Min_Diag,1,1000,fixed_resc,up,0.6666666666666666,0.782608695652174,0.7088637517264643,0.8555555555555555,1,0.9665091648486787,0.9665091648486787,0.33480386128185663,1.8904871331675732,0.9665091648486787,1,40.351345708128065
10,2,C_Random_Min_Diag,1,1000,est_0.01,up,0.6666666666666666,0.7394548994159638,0.6396174976158189,0.8333333333333334,17,0.08629988960102546,-0.3347949434965719,7.290102879054174e-05,0.6018270880862029,0.9665091648486787,3,40.351345708128065
10,2,C_Random_Min_Diag,1,1000,est_1,up,0.6153846153846154,0.7482154445165476,0.6682228759572006,0.8333333333333334,2,-0.3562714792954593,-0.28629543660398993,0.84744159220655,0.9781316274261068,0.9665091648486787,0,40.351345708128065
10,2,C_Random_Full,1,1000,fixed_I,down,0.5128205128205128,0.6300133689839572,0.47622777075490064,0.7888888888888889,0,nan,nan,1.0,1.0,0.375422119033148,0,26.26829475001432
10,2,C_Random_Full,1,1000,fixed_I,up,0.5074626865671642,0.6684491978609626,0.35472917534934534,0.7555555555555555,0,nan,nan,1.0,1.0,0.375422119033148,0,26.26829475001432
10,2,C_Random_Full,1,1000,fixed_resc,up,0.4788732394366197,0.6744652406417112,0.4471593145863963,0.7888888888888889,3,0.375422119033148,0.375422119033148,0.3502359206386093,2.2202457647542184,0.375422119033148,0,26.26829475001432
10,2,C_Random_Full,1,1000,est_0.01,up,0.5,0.6631016042780749,0.4772616048603501,0.6888888888888889,24,-0.6064166092590461,-0.5281609684414847,0.3973256817900242,0.7323560513211353,0.375422119033148,1,26.26829475001432
10,2,C_Random_Full,1,1000,est_1,up,0.5714285714285714,0.7396390374331551,0.5403052197209001,0.8,3,-0.2545430606035315,-0.3500594904486037,0.8997341597952606,0.9798225035174597,0.375422119033148,0,26.26829475001432
10,2,C_Random_Diag,4,1000,fixed_I,down,0.4444444444444444,0.6186655405405406,0.41686297439297193,0.8444444444444444,0,nan,nan,1.0,1.0,0.8588963101902594,0,78.92920966702513
10,2,C_Random_Diag,4,1000,fixed_I,up,0.4166666666666667,0.6541385135135136,0.2545643559045694,0.8222222222222222,0,nan,nan,1.0,1.0,0.8588963101902594,3,78.92920966702513
10,2,C_Random_Diag,4,1000,fixed_resc,up,0.5,0.7483108108108109,0.5643836589562425,0.8777777777777778,3,0.8588963101902594,0.8588963101902594,0.13118713783535743,2.0562354916700025,0.8588963101902594,14,78.92920966702513
10,2,C_Random_Diag,4,1000,est_0.01,up,0.5161290322580645,0.7069256756756757,0.46704010397373175,0.8333333333333334,9,-0.21717325671363139,-0.22355206107949452,5.380925195974018e-51,0.8844848981674955,0.8588963101902594,3,78.92920966702513
10,2,C_Random_Diag,4,1000,est_1,up,0.5365853658536586,0.7242398648648649,0.3939580874785984,0.8222222222222222,5,0.5798443021399675,0.4229967504678917,0.8743022882321816,0.9999741016139632,0.8588963101902594,0,78.92920966702513
10,2,C_Random_Full,0,1000,fixed_I,down,0.5172413793103449,0.6742788461538461,0.47693163967635194,0.7444444444444445,0,nan,nan,1.0,1.0,0.5469770916146917,0,37.85202750004828
10,2,C_Random_Full,0,1000,fixed_I,up,0.5714285714285714,0.7160456730769231,0.4935388459482565,0.7777777777777778,0,nan,nan,1.0,1.0,0.5469770916146917,0,37.85202750004828
10,2,C_Random_Full,0,1000,fixed_resc,up,0.6046511627906976,0.7349759615384616,0.5458473985557293,0.8111111111111111,3,0.5469770916146917,0.5469770916146917,0.23336791607482016,2.463545372074551,0.5469770916146917,2,37.85202750004828
10,2,C_Random_Full,0,1000,est_0.01,up,0.5666666666666667,0.7286658653846153,0.5646605909410514,0.7777777777777778,10,0.17592532679406434,0.36745799768557375,0.004326450411191197,0.5957545632372249,0.5469770916146917,2,37.85202750004828
10,2,C_Random_Full,0,1000,est_1,up,0.5490196078431373,0.7244591346153846,0.4891944408116423,0.7555555555555555,1,0.726641382836459,0.49393932577025185,0.9234998384202411,0.9826338363778002,0.5469770916146917,0,37.85202750004828
10,2,C_Random_Full,3,1000,fixed_I,down,0.6,0.8191808191808192,0.496172040829425,0.8888888888888888,0,nan,nan,1.0,1.0,0.710898736367752,0,13.442918083164841
10,2,C_Random_Full,3,1000,fixed_I,up,0.64,0.7337662337662337,0.534903996178316,0.9,0,nan,nan,1.0,1.0,0.710898736367752,0,13.442918083164841
10,2,C_Random_Full,3,1000,fixed_resc,up,0.64,0.7477522477522478,0.4926226644881511,0.9,3,0.710898736367752,0.710898736367752,0.32110671106646194,3.3084268333133124,0.710898736367752,0,13.442918083164841
10,2,C_Random_Full,3,1000,est_0.01,up,0.5,0.7077922077922078,0.4788988200842785,0.8777777777777778,8,-0.0623951881467058,-0.06337448927340002,2.559538472001823e-22,0.5836437109228083,0.710898736367752,0,13.442918083164841
10,2,C_Random_Full,3,1000,est_1,up,0.5161290322580645,0.7292707292707293,0.48827271724858823,0.8888888888888888,0,-0.3000150388109698,-0.20038152183929203,0.9143539628604219,0.9826735695414199,0.710898736367752,0,13.442918083164841
10,2,C_Random_Full,4,1000,fixed_I,down,0.35294117647058826,0.5021428571428572,0.27960416155097717,0.7777777777777778,0,nan,nan,1.0,1.0,0.7201096845240221,0,12.503292792011052
10,2,C_Random_Full,4,1000,fixed_I,up,0.48717948717948717,0.6821428571428572,0.30849770362599116,0.7777777777777778,0,nan,nan,1.0,1.0,0.7201096845240221,0,12.503292792011052
10,2,C_Random_Full,4,1000,fixed_resc,up,0.4931506849315068,0.6996428571428571,0.34987305742977026,0.7666666666666667,5,0.7201096845240221,0.7201096845240221,0.3267215279173156,2.728841496461674,0.7201096845240221,0,12.503292792011052
10,2,C_Random_Full,4,1000,est_0.01,up,0.5079365079365079,0.7378571428571428,0.5167801063510367,0.7666666666666667,19,-0.2279356460607479,-0.2553422458041435,0.38438700569125783,0.9380291714024408,0.7201096845240221,0,12.503292792011052
10,2,C_Random_Full,4,1000,est_1,up,0.6382978723404256,0.7610714285714286,0.39667560315285766,0.8111111111111111,0,-0.07862449818508992,-0.20318102185420764,0.9157602485096206,0.9975014830883837,0.7201096845240221,0,12.503292792011052
10,3,C_ID,0,1000,fixed_I,down,0.5964912280701754,0.711984171848502,0.6603071559560302,0.7666666666666667,0,nan,nan,1.0,1.0,1.0,0,9.012457042001188
10,3,C_ID,0,1000,fixed_I,up,0.6551724137931034,0.7738835500282646,0.696347264021968,0.7777777777777778,0,nan,nan,1.0,1.0,1.0,0,9.012457042001188
10,3,C_ID,0,1000,fixed_resc,up,0.6785714285714286,0.8063877897117016,0.7251778745581793,0.8,2,1.0,1.0,0.36918782751196916,1.9665378717799902,1.0,0,9.012457042001188
10,3,C_ID,0,1000,est_0.01,up,0.6229508196721312,0.7524024872809497,0.6673013455084946,0.7666666666666667,22,-0.18335258287123282,0.0071374684181063465,0.03281696261761548,0.3740973279221731,1.0,0,9.012457042001188
10,3,C_ID,0,1000,est_1,up,0.631578947368421,0.7501413227812324,0.6550589419403945,0.7666666666666667,0,0.11300856162261083,-0.08088320552576675,0.9433950819558209,0.9732255140410607,1.0,0,9.012457042001188
10,2,C_Random_Min_Diag,4,1000,fixed_I,down,0.417910447761194,0.7084444444444444,0.3433631870816758,0.8333333333333334,0,nan,nan,1.0,1.0,0.9919166841388294,0,63.61002666596323
10,2,C_Random_Min_Diag,4,1000,fixed_I,up,0.5714285714285714,0.7417777777777778,0.4781747800762849,0.8444444444444444,7,nan,nan,1.0,1.0,0.9919166841388294,0,63.61002666596323
10,2,C_Random_Min_Diag,4,1000,fixed_resc,up,0.5833333333333334,0.7288888888888889,0.4814118629908104,0.8888888888888888,10,0.9919166841388294,0.9919166841388294,0.00854983969992259,3.8359492028833913,0.9919166841388294,5,63.61002666596323
10,2,C_Random_Min_Diag,4,1000,est_0.01,up,0.5116279069767442,0.7528888888888889,0.4947855453468336,0.8444444444444444,11,-0.2461157295410801,-0.6519019651200492,4.074949478725425e-34,0.9557418517375427,0.9919166841388294,21,63.61002666596323
10,2,C_Random_Min_Diag,4,1000,est_1,up,0.5,0.7222222222222222,0.4143899638146884,0.8222222222222222,7,0.26921459302350886,-0.7021804791415721,0.6932498498655186,0.9984328909630759,0.9919166841388294,1,63.61002666596323
10,3,C_ID,4,1000,fixed_I,down,0.5185185185185185,0.5298582995951417,0.5611073494034658,0.7111111111111111,0,nan,nan,1.0,1.0,1.0,0,3.8910069160629064
10,3,C_ID,4,1000,fixed_I,up,0.6078431372549019,0.6657388663967612,0.6569583793815623,0.6777777777777778,0,nan,nan,1.0,1.0,1.0,0,3.8910069160629064
10,3,C_ID,4,1000,fixed_resc,up,0.6031746031746031,0.6290485829959513,0.6131795696039722,0.6777777777777778,0,1.0,1.0,0.5401869226848044,1.5313137042828358,1.0,0,3.8910069160629064
10,3,C_ID,4,1000,est_0.01,up,0.6138613861386139,0.6508097165991903,0.6210894880115545,0.6666666666666666,17,-0.43196152628405315,-0.4490566352903196,0.9336681574649631,0.9764118771900812,1.0,0,3.8910069160629064
10,3,C_ID,4,1000,est_1,up,0.6216216216216216,0.6629554655870445,0.6338809508994645,0.6888888888888889,0,-0.4737462260080174,-0.36277670393538536,0.9780689306925754,0.993538064046859,1.0,0,3.8910069160629064
10,3,C_ID,3,1000,fixed_I,down,0.5957446808510638,0.6410606889010387,0.6274861780527775,0.7888888888888889,0,nan,nan,1.0,1.0,0.9999999999999997,0,8.560174250043929
10,3,C_ID,3,1000,fixed_I,up,0.6582278481012658,0.7897758337889557,0.7218685461361168,0.7888888888888889,0,nan,nan,1.0,1.0,0.9999999999999997,0,8.560174250043929
10,3,C_ID,3,1000,fixed_resc,up,0.65625,0.7944231820667031,0.7237153741882945,0.7888888888888889,0,0.9999999999999997,0.9999999999999997,0.29023558749611783,1.7193897273370662,0.9999999999999997,0,8.560174250043929
10,3,C_ID,3,1000,est_0.01,up,0.6666666666666666,0.7927829414980864,0.7210054686787438,0.7888888888888889,14,-0.0870763564090481,-0.18721371029621386,0.02048923318725285,0.517899764919928,0.9999999999999997,0,8.560174250043929
10,3,C_ID,3,1000,est_1,up,0.676923076923077,0.8061782394751231,0.7391142132576193,0.7777777777777778,0,-0.373460185901333,-0.2990360908744743,0.9557852151312027,0.9816805483674736,0.9999999999999997,0,8.560174250043929
10,3,C_ID,5,1000,fixed_I,down,0.5777777777777777,0.6867692307692308,0.539165360254937,0.8,0,nan,nan,1.0,1.0,0.9999999999999999,0,6.206713374936953
10,3,C_ID,5,1000,fixed_I,up,0.6037735849056604,0.7812307692307693,0.5761772505371549,0.8,0,nan,nan,1.0,1.0,0.9999999999999999,0,6.206713374936953
10,3,C_ID,5,1000,fixed_resc,up,0.5957446808510638,0.7772307692307692,0.5230149373250822,0.7888888888888889,1,0.9999999999999999,0.9999999999999999,0.6131808483085237,1.6350563629568984,0.9999999999999999,0,6.206713374936953
10,3,C_ID,5,1000,est_0.01,up,0.65625,0.7858461538461539,0.6401289655944273,0.7777777777777778,19,-0.38751528843903493,-0.581729625531403,0.43038006028648534,0.7360829658371794,0.9999999999999999,0,6.206713374936953
10,3,C_ID,5,1000,est_1,up,0.6206896551724138,0.8027692307692308,0.6081121785475567,0.7888888888888889,0,-0.3581501501981544,-0.4337943927973399,0.9675110486726287,0.9881055113205073,0.9999999999999999,0,6.206713374936953
10,3,C_ID,2,1000,fixed_I,down,0.5396825396825397,0.6654908877131099,0.5436687216793816,0.7444444444444445,0,nan,nan,1.0,1.0,1.0,0,17.354454667074606
10,3,C_ID,2,1000,fixed_I,up,0.5416666666666666,0.6405055849500294,0.49602896080138226,0.7555555555555555,0,nan,nan,1.0,1.0,1.0,0,17.354454667074606
10,3,C_ID,2,1000,fixed_resc,up,0.5217391304347826,0.652557319223986,0.4856955580125572,0.7555555555555555,3,1.0,1.0,0.3263969131988396,1.6271611079378634,1.0,0,17.354454667074606
10,3,C_ID,2,1000,est_0.01,up,0.4909090909090909,0.5896531452087007,0.4668057302429922,0.7111111111111111,13,0.667361716965879,0.6607204122396798,0.9771873135194221,0.9959117342714339,1.0,0,17.354454667074606
10,3,C_ID,2,1000,est_1,up,0.5423728813559322,0.63668430335097,0.48778753105415995,0.7333333333333333,0,0.8006123408023136,0.7613207185250962,0.919627658265819,0.9917425455368668,1.0,0,17.354454667074606
10,3,C_ID,6,1000,fixed_I,down,0.5531914893617021,0.6561111111111111,0.5695503828655202,0.7666666666666667,0,nan,nan,1.0,1.0,1.0,0,6.503412500023842
10,3,C_ID,6,1000,fixed_I,up,0.5833333333333334,0.6986111111111112,0.5716057268622513,0.7555555555555555,0,nan,nan,1.0,1.0,1.0,0,6.503412500023842
10,3,C_ID,6,1000,fixed_resc,up,0.5684210526315789,0.7033333333333334,0.5863788128887271,0.7666666666666667,2,1.0,1.0,0.25621497651277314,1.808968885776979,1.0,0,6.503412500023842
10,3,C_ID,6,1000,est_0.01,up,0.6129032258064516,0.7400000000000001,0.6508831139914929,0.7666666666666667,7,0.06637964090726407,0.10383845240992409,0.4887110302970028,0.9202293493074081,1.0,0,6.503412500023842
10,3,C_ID,6,1000,est_1,up,0.6349206349206349,0.7419444444444444,0.5558137381476526,0.7666666666666667,0,0.007374593930583046,0.034355304642728256,0.9788640751745991,0.9980830655529899,1.0,0,6.503412500023842
10,3,C_ID,8,1000,fixed_I,down,0.5405405405405406,0.645360155743024,0.5119477010822163,0.8111111111111111,0,nan,nan,1.0,1.0,1.0,0,8.344913041917607
10,3,C_ID,8,1000,fixed_I,up,0.5142857142857142,0.6482803374432187,0.5201763300831679,0.8111111111111111,0,nan,nan,1.0,1.0,1.0,0,8.344913041917607
10,3,C_ID,8,1000,fixed_resc,up,0.5,0.6693705386112914,0.5138451307672502,0.8111111111111111,3,1.0,1.0,0.44582692772973814,2.6315653014417,1.0,1,8.344913041917607
10,3,C_ID,8,1000,est_0.01,up,0.5405405405405406,0.6982478909798832,0.5988954466810797,0.8222222222222222,9,0.20900822056994883,-0.06542903342571804,0.0004401091823863979,0.6815959991318293,1.0,0,8.344913041917607
10,3,C_ID,8,1000,est_1,up,0.717948717948718,0.7855288773523685,0.6650257635391709,0.8777777777777778,0,-0.3042778664995471,-0.11418974868579311,0.9451662184763132,0.9928468672497698,1.0,0,8.344913041917607
10,3,C_ID,7,1000,fixed_I,down,0.4878048780487805,0.5718149038461539,0.43776922178097843,0.7666666666666667,0,nan,nan,1.0,1.0,1.0,0,11.768774584168568
10,3,C_ID,7,1000,fixed_I,up,0.6818181818181818,0.77734375,0.727592486088804,0.8444444444444444,0,nan,nan,1.0,1.0,1.0,0,11.768774584168568
10,3,C_ID,7,1000,fixed_resc,up,0.6938775510204082,0.7680288461538461,0.716640668875738,0.8333333333333334,3,1.0,1.0,0.5036849111383455,1.382529293828899,1.0,0,11.768774584168568
10,3,C_ID,7,1000,est_0.01,up,0.6808510638297872,0.7572115384615384,0.6956656503651375,0.8333333333333334,17,0.29997079695517775,0.15558646630073275,4.7401567478196326e-05,0.7370719794681923,1.0,0,11.768774584168568
10,3,C_ID,7,1000,est_1,up,0.6666666666666666,0.7590144230769231,0.6411053730458653,0.8222222222222222,0,0.1685066351543606,0.25723861961832817,0.9382521983101028,0.9941453249774138,1.0,0,11.768774584168568
10,3,C_ID,9,1000,fixed_I,down,0.5957446808510638,0.6953071083505866,0.45563459319985883,0.8222222222222222,0,nan,nan,1.0,1.0,1.0,0,9.745523666962981
10,3,C_ID,9,1000,fixed_I,up,0.717948717948718,0.8550724637681159,0.6479967320864938,0.8777777777777778,0,nan,nan,1.0,1.0,1.0,0,9.745523666962981
10,3,C_ID,9,1000,fixed_resc,up,0.7692307692307693,0.8878536922015182,0.7043135909094176,0.9,3,1.0,1.0,0.5901804809203763,1.9303077322015647,1.0,0,9.745523666962981
10,3,C_ID,9,1000,est_0.01,up,0.75,0.8795721187025535,0.762477916275726,0.8666666666666667,21,0.2851373208295978,0.028445124843965455,0.020915953866181235,0.45854096913116654,1.0,0,9.745523666962981
10,3,C_ID,9,1000,est_1,up,0.7727272727272727,0.8992408557625949,0.7738031562243666,0.9,0,-0.15217727738814396,-0.08172085490001946,0.921812593181839,0.9642750362128072,1.0,0,9.745523666962981
10,3,C_Random_Diag,2,1000,fixed_I,down,0.5098039215686274,0.5735374521596501,0.46244164919151065,0.7222222222222222,0,nan,nan,1.0,1.0,0.4822917886592252,0,12.145426291972399
10,3,C_Random_Diag,2,1000,fixed_I,up,0.5656565656565656,0.7033898305084746,0.5838649750510332,0.7444444444444445,0,nan,nan,1.0,1.0,0.4822917886592252,0,12.145426291972399
10,3,C_Random_Diag,2,1000,fixed_resc,up,0.5747126436781609,0.6752323674138874,0.5198558951570716,0.7222222222222222,0,0.4822917886592252,0.4822917886592252,0.5260083523915141,2.502093723092978,0.4822917886592252,0,12.145426291972399
10,3,C_Random_Diag,2,1000,est_0.01,up,0.5647058823529412,0.7039365773646802,0.6360908735315582,0.7555555555555555,13,0.256011230057906,0.256011230057906,0.825106593475767,0.9558179225393313,0.4822917886592252,1,12.145426291972399
10,3,C_Random_Diag,2,1000,est_1,up,0.5757575757575758,0.697648988518316,0.5405047969105237,0.7333333333333333,0,0.2055591009494151,0.24344463330999397,0.9809385863447452,0.9964044592882818,0.4822917886592252,0,12.145426291972399
10,3,C_Random_Diag,0,1000,fixed_I,down,0.5263157894736842,0.6009615384615384,0.538164126498651,0.8,0,nan,nan,1.0,1.0,0.8646015213644738,0,37.47995708300732
10,3,C_Random_Diag,0,1000,fixed_I,up,0.5660377358490566,0.7415865384615384,0.5971366699034029,0.8,0,nan,nan,1.0,1.0,0.8646015213644738,0,37.47995708300732
10,3,C_Random_Diag,0,1000,fixed_resc,up,0.5714285714285714,0.725060096153846,0.4634039275207064,0.7666666666666667,2,0.8646015213644738,0.8646015213644738,0.12124061991613092,2.94468501380417,0.8646015213644738,2,37.47995708300732
10,3,C_Random_Diag,0,1000,est_0.01,up,0.5531914893617021,0.7247596153846154,0.5892364412958067,0.7666666666666667,15,0.1675385855646408,0.38232124229522685,0.00045706138575304006,0.5488333322093591,0.8646015213644738,5,37.47995708300732
10,3,C_Random_Diag,0,1000,est_1,up,0.5964912280701754,0.752403846153846,0.5393043105951628,0.7777777777777778,0,0.5884531980076302,0.5898699719217956,0.9663805928599581,0.9902685942992455,0.8646015213644738,0,37.47995708300732
10,3,C_Random_Diag,4,1000,fixed_I,down,0.5396825396825397,0.6029094827586207,0.4761756952554649,0.6888888888888889,0,nan,nan,1.0,1.0,0.6203204322949502,0,17.9569553330075
10,3,C_Random_Diag,4,1000,fixed_I,up,0.5882352941176471,0.7007004310344828,0.6939280755553188,0.7666666666666667,0,nan,nan,1.0,1.0,0.6203204322949502,1,17.9569553330075
10,3,C_Random_Diag,4,1000,fixed_resc,up,0.6363636363636364,0.724407327586207,0.7107608300131774,0.7666666666666667,0,0.6203204322949502,0.6203204322949502,0.31474536571519607,1.3959613537211601,0.6203204322949502,0,17.9569553330075
10,3,C_Random_Diag,4,1000,est_0.01,up,0.5945945945945946,0.7039331896551724,0.6520238675203962,0.7555555555555555,14,0.2365795576044499,0.2743482610255479,0.09577408455521744,0.6093123979599827,0.6203204322949502,0,17.9569553330075
10,3,C_Random_Diag,4,1000,est_1,up,0.6071428571428571,0.6807650862068966,0.5369759398557002,0.7555555555555555,0,0.41825412833407893,0.4770087601533759,0.9216957665331126,0.9665108530569639,0.6203204322949502,0,17.9569553330075
10,2,C_Random_Full,2,1000,fixed_I,down,0.32,0.5447635135135136,0.2599234937769434,0.8222222222222222,0,nan,nan,1.0,1.0,0.9614927619266256,0,119.84322475013323
10,2,C_Random_Full,2,1000,fixed_I,up,0.4,0.6490709459459459,0.2967156682443496,0.8222222222222222,0,nan,nan,1.0,1.0,0.9614927619266256,3,119.84322475013323
10,2,C_Random_Full,2,1000,fixed_resc,up,0.49056603773584906,0.7698479729729729,0.4430596714500663,0.8444444444444444,2,0.9614927619266256,0.9614927619266256,0.08127798072841548,2.0694000380457953,0.9614927619266256,23,119.84322475013323
10,2,C_Random_Full,2,1000,est_0.01,up,0.42424242424242425,0.6756756756756757,0.3349918741184368,0.8,7,-0.03741104303853706,-0.04759724925475487,3.912599989589915e-195,0.7453911243126704,0.9614927619266256,7,119.84322475013323
10,2,C_Random_Full,2,1000,est_1,up,0.45161290322580644,0.7208614864864865,0.4024292217870856,0.8333333333333334,5,0.5992287360416075,0.4044838657515095,0.7775267180837946,0.9997021181077076,0.9614927619266256,0,119.84322475013323
10,3,C_Random_Diag,3,1000,fixed_I,down,0.5957446808510638,0.6587692307692308,0.49485697422781816,0.7888888888888889,0,nan,nan,1.0,1.0,0.9268232241696728,0,46.04615658405237
10,3,C_Random_Diag,3,1000,fixed_I,up,0.5373134328358209,0.6929230769230769,0.45506748066408204,0.7666666666666667,0,nan,nan,1.0,1.0,0.9268232241696728,0,46.04615658405237
10,3,C_Random_Diag,3,1000,fixed_resc,up,0.5660377358490566,0.7356923076923076,0.5327559638129749,0.7888888888888889,6,0.9268232241696728,0.9268232241696728,0.05710126763788938,2.2440879715494253,0.9268232241696728,4,46.04615658405237
10,3,C_Random_Diag,3,1000,est_0.01,up,0.5671641791044776,0.7092307692307692,0.5380445703499284,0.7444444444444445,12,0.33127291421403404,0.35805676456941493,0.5580398502442458,0.8186427552838725,0.9268232241696728,3,46.04615658405237
10,3,C_Random_Diag,3,1000,est_1,up,0.6206896551724138,0.7421538461538462,0.5028171712618295,0.7777777777777778,0,0.20091292800761218,0.3485439306949338,0.9557433735203551,0.9878584524191326,0.9268232241696728,0,46.04615658405237
10,3,C_Random_Min_Diag,0,1000,fixed_I,down,0.48,0.568314726209463,0.5379828512335361,0.7111111111111111,0,nan,nan,1.0,1.0,0.901810646162549,0,12.928007583133876
10,3,C_Random_Min_Diag,0,1000,fixed_I,up,0.5783132530120482,0.6685273790536949,0.5794819568135657,0.7333333333333333,0,nan,nan,1.0,1.0,0.901810646162549,0,12.928007583133876
10,3,C_Random_Min_Diag,0,1000,fixed_resc,up,0.5934065934065934,0.6666666666666666,0.5807054637077748,0.7333333333333333,3,0.901810646162549,0.901810646162549,0.3266618151574192,1.8848212977349421,0.901810646162549,0,12.928007583133876
10,3,C_Random_Min_Diag,0,1000,est_0.01,up,0.58,0.6374269005847953,0.5664882327781786,0.6888888888888889,15,0.42068588858018174,0.3916111632932589,0.9639001033301676,0.99463106393419,0.901810646162549,1,12.928007583133876
10,3,C_Random_Min_Diag,0,1000,est_1,up,0.5769230769230769,0.6881977671451356,0.5974077016321692,0.7333333333333333,0,0.42573531525660874,0.4268579602104694,0.9997437507283727,0.9999635190879061,0.901810646162549,0,12.928007583133876
10,3,C_Random_Min_Diag,1,1000,fixed_I,down,0.5531914893617021,0.6651524983776769,0.535962301561284,0.8111111111111111,0,nan,nan,1.0,1.0,0.9243667181349872,0,13.50947408308275
10,3,C_Random_Min_Diag,1,1000,fixed_I,up,0.6363636363636364,0.7920181700194678,0.6145382997705184,0.8222222222222222,0,nan,nan,1.0,1.0,0.9243667181349872,0,13.50947408308275
10,3,C_Random_Min_Diag,1,1000,fixed_resc,up,0.631578947368421,0.81765087605451,0.713644897584091,0.8444444444444444,1,0.9243667181349872,0.9243667181349872,0.44725703239633874,2.0218348940137583,0.9243667181349872,0,13.50947408308275
10,3,C_Random_Min_Diag,1,1000,est_0.01,up,0.6511627906976745,0.8124594419208306,0.6583955462942568,0.8333333333333334,14,-0.2026455042164998,-0.52508744290778,0.0012994478019707463,0.8728103715338726,0.9243667181349872,1,13.50947408308275
10,3,C_Random_Min_Diag,1,1000,est_1,up,0.6530612244897959,0.8293316028552887,0.6580621651215712,0.8111111111111111,0,-0.37292032146208226,-0.34403147496151903,0.9618254605212543,0.9986470099180502,0.9243667181349872,0,13.50947408308275
10,3,C_Random_Min_Diag,2,1000,fixed_I,down,0.6428571428571429,0.7519106407995296,0.575420757023395,0.7888888888888889,0,nan,nan,1.0,1.0,0.9055589921263716,0,12.7554816249758
10,3,C_Random_Min_Diag,2,1000,fixed_I,up,0.7301587301587301,0.871252204585538,0.6479051146318386,0.8222222222222222,0,nan,nan,1.0,1.0,0.9055589921263716,0,12.7554816249758
10,3,C_Random_Min_Diag,2,1000,fixed_resc,up,0.7096774193548387,0.8574368018812464,0.5924634280664558,0.8,1,0.9055589921263716,0.9055589921263716,0.30714483514469765,2.255784826483334,0.9055589921263716,0,12.7554816249758
10,3,C_Random_Min_Diag,2,1000,est_0.01,up,0.7619047619047619,0.8827160493827161,0.7634228995826539,0.8333333333333334,25,-0.5338092802007903,-0.5149936204489676,0.07539328196389217,0.5828833121590843,0.9055589921263716,0,12.7554816249758
10,3,C_Random_Min_Diag,2,1000,est_1,up,0.7428571428571429,0.8812463256907701,0.6619389400082937,0.8,0,-0.524117244127429,-0.5568038114815751,0.9715852142392634,0.9883163019680054,0.9055589921263716,0,12.7554816249758
10,3,C_Random_Min_Diag,3,1000,fixed_I,down,0.5777777777777777,0.6680000000000001,0.502367462357224,0.7888888888888889,0,nan,nan,1.0,1.0,0.9541487122017219,0,25.00402691704221
10,3,C_Random_Min_Diag,3,1000,fixed_I,up,0.68,0.8335384615384616,0.5721541051887267,0.8333333333333334,0,nan,nan,1.0,1.0,0.9541487122017219,1,25.00402691704221
10,3,C_Random_Min_Diag,3,1000,fixed_resc,up,0.7058823529411765,0.8366153846153848,0.6835780766605216,0.8333333333333334,1,0.9541487122017219,0.9541487122017219,0.45583761042110443,2.246280057474076,0.9541487122017219,0,25.00402691704221
10,3,C_Random_Min_Diag,3,1000,est_0.01,up,0.6885245901639344,0.8396923076923076,0.662092405969291,0.8111111111111111,17,-0.3888050949240301,-0.42245040803375594,0.3396311932600352,0.8238182080661677,0.9541487122017219,4,25.00402691704221
10,3,C_Random_Min_Diag,3,1000,est_1,up,0.7213114754098361,0.8778461538461538,0.7142028167426333,0.8444444444444444,0,-0.22482829158750064,-0.26423967615494776,0.9762359746313463,0.9954471069327754,0.9541487122017219,0,25.00402691704221
10,3,C_Random_Full,0,1000,fixed_I,down,0.47058823529411764,0.5150862068965517,0.4153645080002913,0.6555555555555556,0,nan,nan,1.0,1.0,0.7747165115975637,0,21.015784834045917
10,3,C_Random_Full,0,1000,fixed_I,up,0.5742574257425742,0.5851293103448276,0.40150408198422505,0.6444444444444445,0,nan,nan,1.0,1.0,0.7747165115975637,0,21.015784834045917
10,3,C_Random_Full,0,1000,fixed_resc,up,0.5652173913043478,0.5853987068965517,0.3834686678502764,0.6333333333333333,2,0.7747165115975637,0.7747165115975637,0.33063269444587956,1.5795492779790734,0.7747165115975637,1,21.015784834045917
10,3,C_Random_Full,0,1000,est_0.01,up,0.5684210526315789,0.6128771551724137,0.509345102643593,0.6444444444444445,20,-0.6379606087600793,-0.6379606087600793,0.5598683043536358,0.8321276473191769,0.7747165115975637,0,21.015784834045917
10,3,C_Random_Full,0,1000,est_1,up,0.5681818181818182,0.6279633620689655,0.47538383545557183,0.6777777777777778,0,-0.6140761994694541,-0.5837016125901725,0.9696606272727487,0.9908257262948946,0.7747165115975637,0,21.015784834045917
10,3,C_Random_Full,2,1000,fixed_I,down,0.35135135135135137,0.5149253731343284,0.31561016085190186,0.7444444444444445,0,nan,nan,1.0,1.0,0.9345834548377328,0,19.427695750026032
10,3,C_Random_Full,2,1000,fixed_I,up,0.4175824175824176,0.5223880597014926,0.2660532075323473,0.7444444444444445,0,nan,nan,1.0,1.0,0.9345834548377328,0,19.427695750026032
10,3,C_Random_Full,2,1000,fixed_resc,up,0.43037974683544306,0.5243348475016223,0.2438990904804229,0.7444444444444445,0,0.9345834548377328,0.9345834548377328,0.18986892067114003,1.8005567235769757,0.9345834548377328,0,19.427695750026032
10,3,C_Random_Full,2,1000,est_0.01,up,0.4186046511627907,0.5197923426346529,0.3602050096030649,0.6333333333333333,22,-0.3863630636992671,-0.3740250773096604,0.8061563166358445,0.90792664585985,0.9345834548377328,1,19.427695750026032
10,3,C_Random_Full,2,1000,est_1,up,0.4418604651162791,0.5476963011031797,0.27645007846582464,0.7444444444444445,0,-0.3835351517997189,-0.296693790464194,0.9916111182751718,0.9968037828885966,0.9345834548377328,0,19.427695750026032
10,3,C_Random_Full,1,1000,fixed_I,down,0.3287671232876712,0.47265625,0.33130767421857427,0.7333333333333333,0,nan,nan,1.0,1.0,0.6773252919281086,0,22.994222750188783
10,3,C_Random_Full,1,1000,fixed_I,up,0.5411764705882353,0.6313100961538461,0.35146827784922147,0.7111111111111111,0,nan,nan,1.0,1.0,0.6773252919281086,0,22.994222750188783
10,3,C_Random_Full,1,1000,fixed_resc,up,0.5526315789473685,0.7157451923076923,0.5803046018798952,0.7777777777777778,2,0.6773252919281086,0.6773252919281086,0.28436758098646714,2.371923959456769,0.6773252919281086,1,22.994222750188783
10,3,C_Random_Full,1,1000,est_0.01,up,0.5476190476190477,0.6274038461538463,0.3980212308678342,0.6666666666666666,13,0.007925270186133652,-0.008033735975895965,0.619880911260179,0.8939554286797609,0.6773252919281086,2,22.994222750188783
10,3,C_Random_Full,1,1000,est_1,up,0.5675675675675675,0.6977163461538463,0.41865598138124743,0.7333333333333333,0,0.19490438749095515,0.2123038781330886,0.9622083664386104,0.9898633124135346,0.6773252919281086,0,22.994222750188783
10,3,C_Random_Diag,1,1000,fixed_I,down,0.4642857142857143,0.48906506287588847,0.4088875338305701,0.6666666666666666,0,nan,nan,1.0,1.0,0.9188512921761308,0,130.77930375002325
10,3,C_Random_Diag,1,1000,fixed_I,up,0.5333333333333333,0.5656096227446692,0.4275887436773671,0.6666666666666666,2,nan,nan,1.0,1.0,0.9188512921761308,2,130.77930375002325
10,3,C_Random_Diag,1,1000,fixed_resc,up,0.5473684210526316,0.5984144341170038,0.4119055020180392,0.6555555555555556,3,0.9188512921761308,0.9188512921761308,0.048908606225172145,1.802479067870491,0.9188512921761308,21,130.77930375002325
10,3,C_Random_Diag,1,1000,est_0.01,up,0.5555555555555556,0.519409513395298,0.3943641442321648,0.5555555555555556,19,0.3586847475766085,0.09713625437775081,0.7750672281437568,0.9558493704282516,0.9188512921761308,10,130.77930375002325
10,3,C_Random_Diag,1,1000,est_1,up,0.5434782608695652,0.580098414434117,0.4660125480202031,0.6777777777777778,6,0.8799026890901819,0.8461531178823037,0.9844928222782856,0.9986535575437456,0.9188512921761308,0,130.77930375002325
10,3,C_Random_Full,4,1000,fixed_I,down,0.5151515151515151,0.6324884792626728,0.576338963383477,0.7555555555555555,0,nan,nan,1.0,1.0,0.5988892782612825,0,19.721612958004698
10,3,C_Random_Full,4,1000,fixed_I,up,0.49382716049382713,0.5751728110599078,0.3863012219465387,0.7,0,nan,nan,1.0,1.0,0.5988892782612825,0,19.721612958004698
10,3,C_Random_Full,4,1000,fixed_resc,up,0.5,0.5650921658986174,0.4287271011942149,0.7111111111111111,0,0.5988892782612825,0.5988892782612825,0.2711539117391438,1.9015301941595317,0.5988892782612825,0,19.721612958004698
10,3,C_Random_Full,4,1000,est_0.01,up,0.5128205128205128,0.5961981566820277,0.46066073882714664,0.6777777777777778,15,0.027033481434635,0.008509571295992651,0.41798952060721595,0.875910131100529,0.5988892782612825,0,19.721612958004698
10,3,C_Random_Full,4,1000,est_1,up,0.5333333333333333,0.6419930875576036,0.47485613006119093,0.7111111111111111,0,-0.06694657648554343,-0.08064136447353801,0.9562488979749989,0.9948741416031082,0.5988892782612825,0,19.721612958004698
10,3,C_ID,1,1000,fixed_I,down,0.43137254901960786,0.577639751552795,0.333112428809169,0.7666666666666667,0,nan,nan,1.0,1.0,1.0,1,165.25333170802332
10,3,C_ID,1,1000,fixed_I,up,0.5098039215686274,0.7060041407867494,0.5142835578412714,0.8111111111111111,2,nan,nan,1.0,1.0,1.0,13,165.25333170802332
10,3,C_ID,1,1000,fixed_resc,up,0.576271186440678,0.7684610075914424,0.612557804786102,0.8444444444444444,4,1.0,1.0,0.1459577530398546,2.151387488330571,1.0,20,165.25333170802332
10,3,C_ID,1,1000,est_0.01,up,0.5238095238095238,0.7008281573498965,0.4907719470968096,0.7888888888888889,8,-0.13495137931565457,-0.13159439517430244,5.630102890184078e-90,0.5821669778309417,1.0,19,165.25333170802332
10,3,C_ID,1,1000,est_1,up,0.631578947368421,0.7505175983436853,0.6163911472565999,0.8555555555555555,5,0.4035748300765274,0.5281067349175161,0.5387248051722756,0.9440565540321424,1.0,6,165.25333170802332
10,3,C_Random_Full,3,1000,fixed_I,down,0.5454545454545454,0.6484375,0.5792998359383245,0.8,0,nan,nan,1.0,1.0,0.8652420222477404,0,28.476954124867916
10,3,C_Random_Full,3,1000,fixed_I,up,0.5384615384615384,0.6932091346153846,0.5339459876102381,0.7555555555555555,0,nan,nan,1.0,1.0,0.8652420222477404,0,28.476954124867916
10,3,C_Random_Full,3,1000,fixed_resc,up,0.5526315789473685,0.7043269230769231,0.5491615210105291,0.7666666666666667,4,0.8652420222477404,0.8652420222477404,0.128782716369975,3.131582081054334,0.8652420222477404,2,28.476954124867916
10,3,C_Random_Full,3,1000,est_0.01,up,0.5357142857142857,0.6841947115384615,0.5549663186556816,0.7222222222222222,25,0.40535944100412846,0.4311418488428431,0.0021860295965080894,0.8161518763869091,0.8652420222477404,1,28.476954124867916
10,3,C_Random_Full,3,1000,est_1,up,0.547945205479452,0.7286658653846154,0.5803362037810138,0.7777777777777778,0,0.5697496699108331,0.542309822495325,0.9738180682413445,0.9980728800353621,0.8652420222477404,0,28.476954124867916
10,4,C_ID,1,1000,fixed_I,down,0.5934065934065934,0.64075,0.6080667268290865,0.6444444444444445,0,nan,nan,1.0,1.0,0.9999999999999999,0,9.48329587513581
10,4,C_ID,1,1000,fixed_I,up,0.7238095238095238,0.744,0.7365226563756891,0.7,0,nan,nan,1.0,1.0,0.9999999999999999,0,9.48329587513581
10,4,C_ID,1,1000,fixed_resc,up,0.7037037037037037,0.74775,0.7405458892625815,0.7,1,0.9999999999999999,0.9999999999999999,0.3305776407640508,1.6995727258866697,0.9999999999999999,0,9.48329587513581
10,4,C_ID,1,1000,est_0.01,up,0.7155963302752294,0.7364999999999999,0.7034407174714137,0.6777777777777778,12,-0.1482511546041884,-0.06109848939156654,0.9157981297134556,0.9685189354167013,0.9999999999999999,1,9.48329587513581
10,4,C_ID,1,1000,est_1,up,0.7222222222222222,0.73425,0.6634066583391601,0.6777777777777778,0,0.09445071551378564,0.14527355822855337,0.9993087049185038,0.9997626269858805,0.9999999999999999,0,9.48329587513581
10,4,C_ID,2,1000,fixed_I,down,0.5901639344262295,0.691088026243849,0.5639011679254893,0.7666666666666667,0,nan,nan,1.0,1.0,0.9999999999999998,0,7.666464458918199
10,4,C_ID,2,1000,fixed_I,up,0.6329113924050633,0.7717331875341717,0.6550045675101144,0.7666666666666667,0,nan,nan,1.0,1.0,0.9999999999999998,0,7.666464458918199
10,4,C_ID,2,1000,fixed_resc,up,0.5977011494252874,0.7474029524330236,0.6440464125199357,0.7666666666666667,0,0.9999999999999998,0.9999999999999998,0.579637539375466,1.3919177866094854,0.9999999999999998,0,7.666464458918199
10,4,C_ID,2,1000,est_0.01,up,0.64,0.7621651175505741,0.6152867748140144,0.7555555555555555,14,0.09403194611007666,0.0745858299907905,0.6083117238529437,0.8476259918259617,0.9999999999999998,0,7.666464458918199
10,4,C_ID,2,1000,est_1,up,0.6470588235294118,0.7670858392564244,0.6200279630157128,0.7444444444444445,0,0.0767017937362883,0.08177141849355711,0.9684557489481831,0.9891984764994609,0.9999999999999998,0,7.666464458918199
10,4,C_ID,3,1000,fixed_I,down,0.5274725274725275,0.5273279352226721,0.4445231876159046,0.5777777777777777,0,nan,nan,1.0,1.0,1.0,0,4.906210167100653
10,4,C_ID,3,1000,fixed_I,up,0.6292134831460674,0.6247469635627529,0.4792398429951372,0.6444444444444445,0,nan,nan,1.0,1.0,1.0,0,4.906210167100653
10,4,C_ID,3,1000,fixed_resc,up,0.6422018348623854,0.6356275303643725,0.49148388722914693,0.6333333333333333,1,1.0,1.0,0.5401537578712103,1.5464495295391596,1.0,0,4.906210167100653
10,4,C_ID,3,1000,est_0.01,up,0.6341463414634146,0.631578947368421,0.5484346649614638,0.6666666666666666,13,0.25480896736309105,0.30492052762946525,0.6429816244006203,0.8186255473339735,1.0,0,4.906210167100653
10,4,C_ID,3,1000,est_1,up,0.6172839506172839,0.6343623481781376,0.4872483058855216,0.6555555555555556,0,0.13867605007655276,0.3293030658954783,0.9812623785653618,0.9915238120077774,1.0,0,4.906210167100653
10,4,C_ID,5,1000,fixed_I,down,0.6451612903225806,0.7037225905150434,0.7195931319483672,0.7555555555555555,0,nan,nan,1.0,1.0,1.0,0,6.547455749940127
10,4,C_ID,5,1000,fixed_I,up,0.6904761904761905,0.7463029066802652,0.7059454580144472,0.7111111111111111,0,nan,nan,1.0,1.0,1.0,0,6.547455749940127
10,4,C_ID,5,1000,fixed_resc,up,0.6829268292682927,0.7702702702702704,0.7505121017810681,0.7333333333333333,2,1.0,1.0,0.4778207724681096,1.6814158947989046,1.0,0,6.547455749940127
10,4,C_ID,5,1000,est_0.01,up,0.717948717948718,0.7514023457419684,0.7100862076232914,0.7555555555555555,19,0.5743961432534161,0.3935410577686803,0.472134716573852,0.747961839741401,1.0,0,6.547455749940127
10,4,C_ID,5,1000,est_1,up,0.691358024691358,0.7628760836308006,0.7334187573420151,0.7333333333333333,0,0.5607270218565701,0.6092345326010233,0.9765398221988264,0.9884414318122356,1.0,0,6.547455749940127
10,3,C_Random_Min_Diag,4,1000,fixed_I,down,0.5641025641025641,0.7239475500345065,0.595418186023776,0.8333333333333334,0,nan,nan,1.0,1.0,0.9630128722253231,0,83.02581920893863
10,3,C_Random_Min_Diag,4,1000,fixed_I,up,0.5777777777777777,0.7612146307798482,0.5960454652250579,0.8333333333333334,2,nan,nan,1.0,1.0,0.9630128722253231,2,83.02581920893863
10,3,C_Random_Min_Diag,4,1000,fixed_resc,up,0.6341463414634146,0.826432022084196,0.6714227146143751,0.8444444444444444,2,0.9630128722253231,0.9630128722253231,0.13129794088354135,1.8868961031577365,0.9630128722253231,12,83.02581920893863
10,3,C_Random_Min_Diag,4,1000,est_0.01,up,0.5853658536585366,0.759144237405107,0.5680952134206757,0.8222222222222222,7,0.32175779454434666,0.5946000513933122,6.832857052485762e-07,0.6677778350759287,0.9630128722253231,3,83.02581920893863
10,3,C_Random_Min_Diag,4,1000,est_1,up,0.5555555555555556,0.7574189095928225,0.5406575049161915,0.8222222222222222,3,0.7824085530652772,0.7209541230219261,0.8429607418751215,0.9932637635929731,0.9630128722253231,0,83.02581920893863
10,4,C_ID,4,1000,fixed_I,down,0.6046511627906976,0.6437246963562753,0.5709440851390746,0.6666666666666666,0,nan,nan,1.0,1.0,1.0,0,9.553786542033777
10,4,C_ID,4,1000,fixed_I,up,0.6355140186915887,0.6621963562753036,0.6160981932882069,0.7,0,nan,nan,1.0,1.0,1.0,0,9.553786542033777
10,4,C_ID,4,1000,fixed_resc,up,0.6363636363636364,0.707995951417004,0.6881732389826467,0.7333333333333333,0,1.0,1.0,0.5306455272463263,1.6076383521216862,1.0,0,9.553786542033777
10,4,C_ID,4,1000,est_0.01,up,0.6407766990291263,0.6799089068825911,0.6626770530651358,0.7111111111111111,16,0.26565204253872116,0.2746519306186186,0.863791128276344,0.9562710718287127,1.0,1,9.553786542033777
10,4,C_ID,4,1000,est_1,up,0.6355140186915887,0.6748481781376519,0.6377196952906937,0.6777777777777778,0,0.2406676764660766,0.2671393455887758,0.9995018475626272,0.9998688419135912,1.0,0,9.553786542033777
10,4,C_ID,6,1000,fixed_I,down,0.5846153846153846,0.6214177978883861,0.608209142767507,0.7,0,nan,nan,1.0,1.0,1.0,0,16.06104866694659
10,4,C_ID,6,1000,fixed_I,up,0.6666666666666666,0.6739567621920564,0.6579957781668906,0.6777777777777778,0,nan,nan,1.0,1.0,1.0,0,16.06104866694659
10,4,C_ID,6,1000,fixed_resc,up,0.6947368421052632,0.7016088486676721,0.6746941782581046,0.7,1,1.0,1.0,0.30435162619249323,1.8992089682115971,1.0,0,16.06104866694659
10,4,C_ID,6,1000,est_0.01,up,0.673469387755102,0.697335344394168,0.6898255884694852,0.7,9,0.04618101055450034,-0.028060512257856805,0.920186872820101,0.9818823546865135,1.0,0,16.06104866694659
10,4,C_ID,6,1000,est_1,up,0.673469387755102,0.7043740573152338,0.7039678679983273,0.7111111111111111,0,0.2486813870763787,0.16651255946669352,0.9982765726159999,0.9997412503398001,1.0,0,16.06104866694659
10,4,C_ID,9,1000,fixed_I,down,0.6,0.6545130035696074,0.6366366431925733,0.7333333333333333,0,nan,nan,1.0,1.0,1.0,0,20.895148375071585
10,4,C_ID,9,1000,fixed_I,up,0.684931506849315,0.7733299337072923,0.7346501484685031,0.7444444444444445,0,nan,nan,1.0,1.0,1.0,0,20.895148375071585
10,4,C_ID,9,1000,fixed_resc,up,0.7435897435897436,0.8263640999490056,0.7860480569866433,0.7777777777777778,3,1.0,1.0,0.3999533069879402,2.139267969948802,1.0,0,20.895148375071585
10,4,C_ID,9,1000,est_0.01,up,0.704225352112676,0.7980622131565529,0.7799208508606387,0.7777777777777778,23,0.46838404232803543,0.5107780878962893,0.039287208923916024,0.2790012618797746,1.0,0,20.895148375071585
10,4,C_ID,9,1000,est_1,up,0.6933333333333334,0.8052014278429374,0.778040422619803,0.7444444444444445,0,0.6452665683072787,0.7358993667815071,0.9663636143687165,0.9812697108243207,1.0,0,20.895148375071585
10,4,C_Random_Diag,0,1000,fixed_I,down,0.6588235294117647,0.6474517565561604,0.6949394453776354,0.6777777777777778,0,nan,nan,1.0,1.0,0.7324243203147509,0,13.613613999914378
10,4,C_Random_Diag,0,1000,fixed_I,up,0.7521367521367521,0.7392380009896091,0.7520452730429731,0.6777777777777778,0,nan,nan,1.0,1.0,0.7324243203147509,0,13.613613999914378
10,4,C_Random_Diag,0,1000,fixed_resc,up,0.7457627118644068,0.7493814943097477,0.755539130809982,0.7,4,0.7324243203147509,0.7324243203147509,0.32135471118463804,2.911432567342255,0.7324243203147509,0,13.613613999914378
10,4,C_Random_Diag,0,1000,est_0.01,up,0.75,0.73156853043048,0.7534107479787079,0.6888888888888889,11,0.3657173949110921,0.3843366476145516,0.8851638547088833,0.9593264063161808,0.7324243203147509,2,13.613613999914378
10,4,C_Random_Diag,0,1000,est_1,up,0.7586206896551724,0.7488866897575457,0.7672576462360756,0.6888888888888889,0,0.42256403136256504,0.5560880888470562,0.9990073492820272,0.9996708725627899,0.7324243203147509,0,13.613613999914378
10,4,C_ID,7,1000,fixed_I,down,0.5882352941176471,0.682615629984051,0.651348994086646,0.7666666666666667,0,nan,nan,1.0,1.0,1.0,0,26.607255707960576
10,4,C_ID,7,1000,fixed_I,up,0.6774193548387096,0.7450824029771398,0.6774309004988689,0.7777777777777778,0,nan,nan,1.0,1.0,1.0,0,26.607255707960576
10,4,C_ID,7,1000,fixed_resc,up,0.6984126984126984,0.7623604465709729,0.6756124714751637,0.7888888888888889,4,1.0,1.0,0.4846639905244359,1.8101742438112713,1.0,0,26.607255707960576
10,4,C_ID,7,1000,est_0.01,up,0.6233766233766234,0.7171717171717172,0.6481735904352379,0.7111111111111111,24,0.08530799928964805,0.05011854576193639,0.5920625451283223,0.7971592076713307,1.0,0,26.607255707960576
10,4,C_ID,7,1000,est_1,up,0.6493506493506493,0.7615629984051037,0.7030945030207868,0.7666666666666667,0,0.2878325772725081,0.2768392663543831,0.9781177203786514,0.991216535216053,1.0,0,26.607255707960576
10,4,C_Random_Diag,1,1000,fixed_I,down,0.5542168674698795,0.5788949726231956,0.5406199044318126,0.6222222222222222,0,nan,nan,1.0,1.0,0.5165017778725515,0,11.91875262488611
10,4,C_Random_Diag,1,1000,fixed_I,up,0.693069306930693,0.6627675460428074,0.5815858389824533,0.6555555555555556,0,nan,nan,1.0,1.0,0.5165017778725515,0,11.91875262488611
10,4,C_Random_Diag,1,1000,fixed_resc,up,0.673469387755102,0.653061224489796,0.6031334529675674,0.6444444444444445,2,0.5165017778725515,0.5165017778725515,0.4328594485050884,1.6096813897315188,0.5165017778725515,0,11.91875262488611
10,4,C_Random_Diag,1,1000,est_0.01,up,0.6666666666666666,0.6572921851667497,0.6010088768783104,0.6444444444444445,5,0.23765547143062346,0.25293317886223443,0.9755406506091238,0.9957384819880679,0.5165017778725515,0,11.91875262488611
10,4,C_Random_Diag,1,1000,est_1,up,0.6666666666666666,0.6908909905425584,0.6209618492719111,0.6555555555555556,0,0.2544333617480189,0.24438226936885582,0.9996816804738085,0.9999457156423689,0.5165017778725515,0,11.91875262488611
10,4,C_Random_Diag,3,1000,fixed_I,down,0.40540540540540543,0.5408653846153846,0.3574304454274938,0.7333333333333333,0,nan,nan,1.0,1.0,0.6807400308294597,0,14.306216791039333
10,4,C_Random_Diag,3,1000,fixed_I,up,0.5454545454545454,0.698016826923077,0.5862995988267965,0.7777777777777778,0,nan,nan,1.0,1.0,0.6807400308294597,0,14.306216791039333
10,4,C_Random_Diag,3,1000,fixed_resc,up,0.5066666666666667,0.6604567307692307,0.5285867995849177,0.7555555555555555,2,0.6807400308294597,0.6807400308294597,0.19673828607380986,3.024890737976297,0.6807400308294597,0,14.306216791039333
10,4,C_Random_Diag,3,1000,est_0.01,up,0.5714285714285714,0.7043269230769231,0.5770562620239467,0.8,12,0.017912273782886845,0.27087834594024446,0.0010230532980887834,0.5866363719470526,0.6807400308294597,0,14.306216791039333
10,4,C_Random_Diag,3,1000,est_1,up,0.5135135135135135,0.6887019230769231,0.5268484682566584,0.7555555555555555,0,0.4322889835814974,0.39419174049005246,0.9942811809208366,0.9981856566639279,0.6807400308294597,0,14.306216791039333
10,4,C_ID,8,1000,fixed_I,down,0.5769230769230769,0.6612903225806451,0.6003304324117094,0.7555555555555555,0,nan,nan,1.0,1.0,1.0,0,45.55403395788744
10,4,C_ID,8,1000,fixed_I,up,0.5490196078431373,0.6448879168944779,0.6109062427878098,0.7444444444444445,0,nan,nan,1.0,1.0,1.0,0,45.55403395788744
10,4,C_ID,8,1000,fixed_resc,up,0.5538461538461539,0.6459814106068891,0.5822198631531639,0.7333333333333333,2,1.0,1.0,0.13232232317396717,1.6577652468910569,1.0,6,45.55403395788744
10,4,C_ID,8,1000,est_0.01,up,0.6101694915254238,0.666757791142701,0.6182715554071245,0.7666666666666667,5,-0.2058975265912222,0.0032715719287348738,9.44058044480801e-24,0.7003706606074517,1.0,0,45.55403395788744
10,4,C_ID,8,1000,est_1,up,0.576271186440678,0.6509021323127392,0.5733547540791322,0.7333333333333333,2,0.36290814214855766,0.40226435636023,0.9315216364982086,0.9887619277937171,1.0,0,45.55403395788744
10,4,C_Random_Diag,2,1000,fixed_I,down,0.5555555555555556,0.6144444444444445,0.48712043258689264,0.7333333333333333,0,nan,nan,1.0,1.0,0.6713797184883349,0,23.903289416106418
10,4,C_Random_Diag,2,1000,fixed_I,up,0.5818181818181818,0.6358333333333334,0.5388312154443895,0.7555555555555555,0,nan,nan,1.0,1.0,0.6713797184883349,0,23.903289416106418
10,4,C_Random_Diag,2,1000,fixed_resc,up,0.631578947368421,0.6955555555555556,0.5810057555578813,0.7666666666666667,2,0.6713797184883349,0.6713797184883349,0.08900171765603394,2.1669914322838815,0.6713797184883349,3,23.903289416106418
10,4,C_Random_Diag,2,1000,est_0.01,up,0.5277777777777778,0.6405555555555555,0.5580984224918778,0.7333333333333333,14,0.07841020020696472,0.030976820379236065,0.46925198737963936,0.9140406293201794,0.6713797184883349,0,23.903289416106418
10,4,C_Random_Diag,2,1000,est_1,up,0.5714285714285714,0.6636111111111112,0.630272887124633,0.7555555555555555,0,-0.008405587812687451,0.051051614135270984,0.9659070128317754,0.9967394238002917,0.6713797184883349,0,23.903289416106418
10,4,C_Random_Diag,4,1000,fixed_I,down,0.5238095238095238,0.5956477732793523,0.5855083151503842,0.6888888888888889,0,nan,nan,1.0,1.0,0.6684071026085515,0,13.913604084169492
10,4,C_Random_Diag,4,1000,fixed_I,up,0.625,0.6609311740890689,0.6427396349953295,0.6666666666666666,0,nan,nan,1.0,1.0,0.6684071026085515,0,13.913604084169492
10,4,C_Random_Diag,4,1000,fixed_resc,up,0.6126126126126126,0.6568825910931173,0.6655718495214876,0.6777777777777778,3,0.6684071026085515,0.6684071026085515,0.18596737544719322,2.4519332455980845,0.6684071026085515,0,13.913604084169492
10,4,C_Random_Diag,4,1000,est_0.01,up,0.628099173553719,0.6788967611336033,0.6658182413499285,0.6888888888888889,12,0.09762124853843486,-0.027168948718773685,0.9726697861777182,0.9933970418605002,0.6684071026085515,0,13.913604084169492
10,4,C_Random_Diag,4,1000,est_1,up,0.6178861788617886,0.6852226720647774,0.6675745746912626,0.7111111111111111,0,0.16074800233270392,-0.0077946789349753395,0.9997222674201023,0.9999399154278217,0.6684071026085515,0,13.913604084169492
10,4,C_Random_Min_Diag,0,1000,fixed_I,down,0.5,0.622295673076923,0.48167862791095006,0.7555555555555555,0,nan,nan,1.0,1.0,0.9402654694759025,0,9.179426999995485
10,4,C_Random_Min_Diag,0,1000,fixed_I,up,0.5925925925925926,0.7563100961538463,0.5730792238597665,0.7777777777777778,0,nan,nan,1.0,1.0,0.9402654694759025,0,9.179426999995485
10,4,C_Random_Min_Diag,0,1000,fixed_resc,up,0.5862068965517241,0.7824519230769231,0.6287922551704301,0.8,1,0.9402654694759025,0.9402654694759025,0.28911420891984974,1.997494121311588,0.9402654694759025,0,9.179426999995485
10,4,C_Random_Min_Diag,0,1000,est_0.01,up,0.5964912280701754,0.7827524038461539,0.6267642903376887,0.7777777777777778,18,-0.0649845673964573,-0.1464408552959077,0.06866460627649335,0.7248782696189945,0.9402654694759025,0,9.179426999995485
10,4,C_Random_Min_Diag,0,1000,est_1,up,0.6388888888888888,0.8046875,0.6052570583600864,0.7777777777777778,0,-0.08563988490301007,-0.09761323848487281,0.9827023841446029,0.9960088038068111,0.9402654694759025,0,9.179426999995485
10,4,C_Random_Min_Diag,1,1000,fixed_I,down,0.5507246376811594,0.6306584362139918,0.5835536502085534,0.7,0,nan,nan,1.0,1.0,0.8755718837194657,0,6.830444166902453
10,4,C_Random_Min_Diag,1,1000,fixed_I,up,0.6461538461538462,0.6895576131687243,0.6971387373998416,0.7444444444444445,0,nan,nan,1.0,1.0,0.8755718837194657,0,6.830444166902453
10,4,C_Random_Min_Diag,1,1000,fixed_resc,up,0.6764705882352942,0.717849794238683,0.7350256148473076,0.7555555555555555,0,0.8755718837194657,0.8755718837194657,0.42645880330206737,2.2574459886608635,0.8755718837194657,0,6.830444166902453
10,4,C_Random_Min_Diag,1,1000,est_0.01,up,0.6197183098591549,0.671553497942387,0.6723695703025783,0.7333333333333333,13,0.11029221872568962,0.08145432835493412,0.29131660571220463,0.675138945105688,0.8755718837194657,0,6.830444166902453
10,4,C_Random_Min_Diag,1,1000,est_1,up,0.6666666666666666,0.6918724279835391,0.6419217320653353,0.7555555555555555,0,-0.07482867170409556,0.09115779498076523,0.96391917435816,0.9877810289143361,0.8755718837194657,0,6.830444166902453
10,4,C_Random_Min_Diag,3,1000,fixed_I,down,0.5054945054945055,0.5311264822134387,0.5647943666196934,0.6,0,nan,nan,1.0,1.0,0.9100393083707388,0,5.755137583008036
10,4,C_Random_Min_Diag,3,1000,fixed_I,up,0.6567164179104478,0.5311264822134387,0.552860294656828,0.5666666666666667,0,nan,nan,1.0,1.0,0.9100393083707388,0,5.755137583008036
10,4,C_Random_Min_Diag,3,1000,fixed_resc,up,0.6612903225806451,0.5471837944664032,0.5709330060099428,0.5777777777777777,1,0.9100393083707388,0.9100393083707388,0.4358138087761097,1.7955202953962182,0.9100393083707388,0,5.755137583008036
10,4,C_Random_Min_Diag,3,1000,est_0.01,up,0.6666666666666666,0.5461956521739131,0.5937716226905472,0.5666666666666667,19,0.1843213796506681,0.1495773830483492,0.9936965443460132,0.995865682395814,0.9100393083707388,0,5.755137583008036
10,4,C_Random_Min_Diag,3,1000,est_1,up,0.6567164179104478,0.5763339920948617,0.5678175420889582,0.5888888888888889,0,-0.2351689120377372,0.11153249380944688,1.000003307572324,1.0000059262000596,0.9100393083707388,0,5.755137583008036
10,4,C_ID,0,1000,fixed_I,down,0.44,0.5057142857142858,0.45545258900441293,0.6888888888888889,0,nan,nan,1.0,1.0,1.0,0,89.37705329200253
10,4,C_ID,0,1000,fixed_I,up,0.5945945945945946,0.6251948051948052,0.4921453301067019,0.6777777777777778,0,nan,nan,1.0,1.0,1.0,1,89.37705329200253
10,4,C_ID,0,1000,fixed_resc,up,0.6153846153846154,0.6836363636363636,0.6683956249970312,0.7333333333333333,3,1.0,1.0,0.04795133919000798,1.89822673647981,1.0,15,89.37705329200253
10,4,C_ID,0,1000,est_0.01,up,0.6,0.6535064935064935,0.6416218159710407,0.7222222222222222,13,0.26000018196953667,-0.17229954518629806,0.9604126741581275,0.9919900167224326,1.0,3,89.37705329200253
10,4,C_ID,0,1000,est_1,up,0.5892857142857143,0.6597402597402596,0.5982169649480295,0.7,1,0.8357395259920675,0.6658505334583524,0.99932317170439,0.9999198897693603,1.0,0,89.37705329200253
10,4,C_Random_Full,1,1000,fixed_I,down,0.5897435897435898,0.5833745670460168,0.5608875800850217,0.6444444444444445,0,nan,nan,1.0,1.0,0.7799056351523562,0,19.287429166957736
10,4,C_Random_Full,1,1000,fixed_I,up,0.6666666666666666,0.6625432953983177,0.6861716075863404,0.6555555555555556,0,nan,nan,1.0,1.0,0.7799056351523562,0,19.287429166957736
10,4,C_Random_Full,1,1000,fixed_resc,up,0.6612903225806451,0.6266699653636814,0.6044228951572375,0.6111111111111112,4,0.7799056351523562,0.7799056351523562,0.2839969499102511,2.0082571473275346,0.7799056351523562,0,19.287429166957736
10,4,C_Random_Full,1,1000,est_0.01,up,0.671875,0.632112815437902,0.6421890654996758,0.6333333333333333,14,0.03378573852479456,0.014354753434260225,0.9446511931411039,0.9872888945983153,0.7799056351523562,0,19.287429166957736
10,4,C_Random_Full,1,1000,est_1,up,0.656,0.6323602177140029,0.6449280186383928,0.6222222222222222,0,0.09352934254311625,0.07194694009406812,0.9993776599760816,0.999846013424404,0.7799056351523562,0,19.287429166957736
10,4,C_Random_Full,0,1000,fixed_I,down,0.5494505494505495,0.5764061722249876,0.5248374983447772,0.6,0,nan,nan,1.0,1.0,0.7817651783329069,0,26.723542124964297
10,4,C_Random_Full,0,1000,fixed_I,up,0.6666666666666666,0.640119462419114,0.5809778710953648,0.6333333333333333,0,nan,nan,1.0,1.0,0.7817651783329069,0,26.723542124964297
10,4,C_Random_Full,0,1000,fixed_resc,up,0.6909090909090909,0.6679940268790443,0.5994869929481803,0.6444444444444445,4,0.7817651783329069,0.7817651783329069,0.30629232870020806,2.014641493177743,0.7817651783329069,0,26.723542124964297
10,4,C_Random_Full,0,1000,est_0.01,up,0.6724137931034483,0.645345943255351,0.620686049934516,0.6333333333333333,13,-0.17325970118620754,-0.1447152068734962,0.9256402500652564,0.9909369953392747,0.7817651783329069,2,26.723542124964297
10,4,C_Random_Full,0,1000,est_1,up,0.6666666666666666,0.6376306620209059,0.5797605961541993,0.6111111111111112,0,-0.16610292449255645,-0.10356775557145986,0.9992790835275454,0.9999099406994072,0.7817651783329069,0,26.723542124964297
10,4,C_Random_Min_Diag,2,1000,fixed_I,down,0.56,0.6306584362139918,0.6130836702057556,0.6888888888888889,0,nan,nan,1.0,1.0,0.9434614758941496,0,33.03724829107523
10,4,C_Random_Min_Diag,2,1000,fixed_I,up,0.6190476190476191,0.6522633744855967,0.5700770912264872,0.6888888888888889,0,nan,nan,1.0,1.0,0.9434614758941496,0,33.03724829107523
10,4,C_Random_Min_Diag,2,1000,fixed_resc,up,0.6206896551724138,0.6661522633744855,0.641806578958812,0.7,3,0.9434614758941496,0.9434614758941496,0.3304410074024902,1.790211687673256,0.9434614758941496,0,33.03724829107523
10,4,C_Random_Min_Diag,2,1000,est_0.01,up,0.625,0.6301440329218106,0.5793608635522021,0.6666666666666666,23,0.48510556959158474,0.38248433811669746,0.5836788351805922,0.834239874188766,0.9434614758941496,4,33.03724829107523
10,4,C_Random_Min_Diag,2,1000,est_1,up,0.6133333333333333,0.6890432098765432,0.6469945049637892,0.7222222222222222,0,0.5566197294460246,0.5377675051829236,0.9727356683542657,0.9912799368940541,0.9434614758941496,0,33.03724829107523
10,1,C_ID,0,10000,fixed_I,down,0.8,0.8475258918296893,0.7474343638817323,0.9555555555555556,0,nan,nan,1.0,1.0,0.9999999999999999,0,4.33781954087317
10,1,C_ID,0,10000,fixed_I,up,0.7777777777777778,0.8647871116225546,0.7875440027846445,0.9555555555555556,0,nan,nan,1.0,1.0,0.9999999999999999,0,4.33781954087317
10,1,C_ID,0,10000,fixed_resc,up,0.7777777777777778,0.8636363636363636,0.7812328278920897,0.9555555555555556,3,0.9999999999999999,0.9999999999999999,0.45895992690482706,1.6764710268532246,0.9999999999999999,0,4.33781954087317
10,1,C_ID,0,10000,est_0.01,up,0.6666666666666666,0.8734177215189873,0.7053489039908108,0.9333333333333333,7,0.40655762973354326,0.368279922732672,0.33461525722350655,0.9943448527101773,0.9999999999999999,0,4.33781954087317
10,1,C_ID,0,10000,est_1,up,0.7,0.8751438434982738,0.7211708149208149,0.9333333333333333,0,0.37535773544839324,0.38091926140173715,0.9250321834664009,0.9999999999903143,0.9999999999999999,0,4.33781954087317
10,4,C_Random_Full,3,1000,fixed_I,down,0.5747126436781609,0.5960493827160493,0.5889893568666276,0.6111111111111112,0,nan,nan,1.0,1.0,0.160816901782217,0,14.082473500166088
10,4,C_Random_Full,3,1000,fixed_I,up,0.6666666666666666,0.548641975308642,0.5591385523743406,0.5666666666666667,0,nan,nan,1.0,1.0,0.160816901782217,0,14.082473500166088
10,4,C_Random_Full,3,1000,fixed_resc,up,0.6716417910447762,0.548641975308642,0.5655672436077982,0.5666666666666667,1,0.160816901782217,0.160816901782217,0.46440290919882116,1.7926978073140702,0.160816901782217,0,14.082473500166088
10,4,C_Random_Full,3,1000,est_0.01,up,0.6782608695652174,0.5782716049382716,0.6177396425670513,0.5888888888888889,17,0.47854301546846145,0.4730422983731657,0.8184160232732551,0.9582362643159142,0.160816901782217,0,14.082473500166088
10,4,C_Random_Full,3,1000,est_1,up,0.6666666666666666,0.5698765432098766,0.5654462626522113,0.5888888888888889,0,0.5298442668410397,0.4938530392077772,0.9998796296121475,0.9999693875803465,0.160816901782217,0,14.082473500166088
10,4,C_Random_Full,2,1000,fixed_I,down,0.5205479452054794,0.599946836788942,0.49236713225402623,0.6777777777777778,0,nan,nan,1.0,1.0,0.9503644197570031,0,18.291903416160494
10,4,C_Random_Full,2,1000,fixed_I,up,0.5607476635514018,0.5536948431685274,0.43125539653282996,0.6555555555555556,0,nan,nan,1.0,1.0,0.9503644197570031,0,18.291903416160494
10,4,C_Random_Full,2,1000,fixed_resc,up,0.5565217391304348,0.5257841573631048,0.3936045305511755,0.6333333333333333,2,0.9503644197570031,0.9503644197570031,0.3079388166476058,1.8925741814672856,0.9503644197570031,0,18.291903416160494
10,4,C_Random_Full,2,1000,est_0.01,up,0.559322033898305,0.5406698564593302,0.44665390404617716,0.5777777777777777,19,0.24776211505344167,0.06027353757938338,0.9554846092066204,0.9816840148459401,0.9503644197570031,0,18.291903416160494
10,4,C_Random_Full,2,1000,est_1,up,0.5660377358490566,0.5574162679425838,0.4521345676491201,0.6555555555555556,0,0.44358051241303464,0.11361419785602414,0.9989963191490467,0.99964641785156,0.9503644197570031,0,18.291903416160494
10,1,C_ID,1,10000,fixed_I,down,0.7058823529411765,0.7338820301783264,0.45580040526849036,0.9444444444444444,0,nan,nan,1.0,1.0,1.0,0,11.832930292002857
10,1,C_ID,1,10000,fixed_I,up,0.8235294117647058,0.9554183813443073,0.7729287886545952,0.9666666666666667,0,nan,nan,1.0,1.0,1.0,1,11.832930292002857
10,1,C_ID,1,10000,fixed_resc,up,0.875,0.9458161865569272,0.8716153785921228,0.9777777777777777,0,1.0,1.0,0.26217882930126835,1.8675974239708322,1.0,1,11.832930292002857
10,1,C_ID,1,10000,est_0.01,up,0.7777777777777778,0.9643347050754458,0.749537037037037,0.9555555555555556,9,-0.3165966784852271,-0.592129464337503,0.018464601477641847,0.9960036256335424,1.0,0,11.832930292002857
10,1,C_ID,1,10000,est_1,up,0.7368421052631579,0.9561042524005486,0.608029878618114,0.9444444444444444,1,-0.46125841512391164,-0.5173946026626636,0.9554629273930213,0.9999999996313298,1.0,0,11.832930292002857
10,1,C_ID,3,10000,fixed_I,down,0.8,0.9869186046511629,0.6916666666666667,0.9777777777777777,0,nan,nan,1.0,1.0,1.0,0,17.889485124964267
10,1,C_ID,3,10000,fixed_I,up,0.6666666666666666,0.9767441860465116,0.4619047619047619,0.9666666666666667,0,nan,nan,1.0,1.0,1.0,0,17.889485124964267
10,1,C_ID,3,10000,fixed_resc,up,0.6666666666666666,0.9505813953488371,0.673374613003096,0.9777777777777777,2,1.0,1.0,0.07288052719379295,2.895363000297176,1.0,0,17.889485124964267
10,1,C_ID,3,10000,est_0.01,up,0.6666666666666666,0.9825581395348837,0.7777777777777778,0.9777777777777777,2,0.47568533066631913,0.6086324868339321,0.002007454146210274,0.9980371830019072,1.0,0,17.889485124964267
10,1,C_ID,3,10000,est_1,up,0.6666666666666666,0.9709302325581395,0.41666666666666663,0.9666666666666667,1,0.5943326528387072,0.5906850675521056,0.9803283967672816,0.9999999999953282,1.0,0,17.889485124964267
10,4,C_Random_Full,4,1000,fixed_I,down,0.38095238095238093,0.5369318181818181,0.44099470994269124,0.7777777777777778,0,nan,nan,1.0,1.0,0.6579136612807545,0,28.98047495796345
10,4,C_Random_Full,4,1000,fixed_I,up,0.42696629213483145,0.560290404040404,0.43527283933486827,0.7666666666666667,0,nan,nan,1.0,1.0,0.6579136612807545,0,28.98047495796345
10,4,C_Random_Full,4,1000,fixed_resc,up,0.43956043956043955,0.523989898989899,0.34530482399035234,0.7444444444444445,3,0.6579136612807545,0.6579136612807545,0.18370546599547138,2.718708341377171,0.6579136612807545,2,28.98047495796345
10,4,C_Random_Full,4,1000,est_0.01,up,0.42592592592592593,0.5085227272727273,0.3617593434129416,0.7111111111111111,12,0.9525575092379795,0.8673912334139163,0.9413821863462629,0.9881898103254476,0.6579136612807545,0,28.98047495796345
10,4,C_Random_Full,4,1000,est_1,up,0.42105263157894735,0.5520833333333333,0.43609205763038134,0.7666666666666667,0,0.9248576025869085,0.8973974912604514,0.999767153277791,0.9999480537932716,0.6579136612807545,0,28.98047495796345
10,1,C_ID,5,10000,fixed_I,down,0.9411764705882353,0.9821673525377229,0.7555555555555556,0.9888888888888889,0,nan,nan,1.0,1.0,1.0,0,10.235088709043339
10,1,C_ID,5,10000,fixed_I,up,0.9411764705882353,0.9972565157750343,0.9799382716049383,0.9888888888888889,0,nan,nan,1.0,1.0,1.0,0,10.235088709043339
10,1,C_ID,5,10000,fixed_resc,up,0.9473684210526315,0.9993141289437586,0.9944444444444445,0.9888888888888889,0,1.0,1.0,0.22575704537297828,1.914212618689667,1.0,0,10.235088709043339
10,1,C_ID,5,10000,est_0.01,up,0.9473684210526315,0.9993141289437586,0.9944444444444445,0.9888888888888889,7,0.06874531660200169,-0.13948724624592765,0.05158961662428096,0.8347290527021608,1.0,0,10.235088709043339
10,1,C_ID,5,10000,est_1,up,0.7619047619047619,0.9753086419753086,0.7577330077330078,0.9444444444444444,0,-0.037685468653919675,-0.11050044147794269,0.945535208179337,0.996210359275284,1.0,0,10.235088709043339
10,1,C_ID,4,10000,fixed_I,down,0.6153846153846154,0.7291666666666665,0.4056689342403628,0.9444444444444444,0,nan,nan,1.0,1.0,0.9999999999999999,0,20.57583679095842
10,1,C_ID,4,10000,fixed_I,up,0.6153846153846154,0.8561507936507936,0.3889757905746278,0.9444444444444444,0,nan,nan,1.0,1.0,0.9999999999999999,0,20.57583679095842
10,1,C_ID,4,10000,fixed_resc,up,0.7142857142857143,0.9781746031746033,0.7820792633292633,0.9666666666666667,0,0.9999999999999999,0.9999999999999999,0.007772117870400582,1.958153769295436,0.9999999999999999,3,20.57583679095842
10,1,C_ID,4,10000,est_0.01,up,0.75,0.9722222222222223,0.7071428571428571,0.9555555555555556,7,-0.6304387063102996,-0.6264771420855743,0.649301530760526,0.9961642985059125,0.9999999999999999,0,20.57583679095842
10,1,C_ID,4,10000,est_1,up,0.75,0.9672619047619048,0.5523809523809524,0.9555555555555556,0,-0.6312003545343332,-0.6134168736824904,0.9916809805733942,0.9999858351033181,0.9999999999999999,0,20.57583679095842
10,1,C_ID,2,10000,fixed_I,down,0.5263157894736842,0.6906721536351166,0.3564841543394348,0.9111111111111111,0,nan,nan,1.0,1.0,1.0,0,34.255920083029196
10,1,C_ID,2,10000,fixed_I,up,0.6666666666666666,0.8786008230452675,0.4941106072058453,0.9222222222222223,0,nan,nan,1.0,1.0,1.0,0,34.255920083029196
10,1,C_ID,2,10000,fixed_resc,up,0.7,0.9252400548696844,0.5639709462077882,0.9333333333333333,1,1.0,1.0,0.09745626493975047,1.771474232141607,1.0,6,34.255920083029196
10,1,C_ID,2,10000,est_0.01,up,0.7619047619047619,0.9375857338820303,0.6996392496392496,0.9444444444444444,10,-0.31196502375834906,-0.3846515447970626,0.008323464611717726,0.9838489224572361,1.0,2,34.255920083029196
10,1,C_ID,2,10000,est_1,up,0.7272727272727273,0.9513031550068587,0.5515460619627286,0.9333333333333333,1,-0.30282088277620894,-0.3341437158974894,0.9742771350308191,0.9999939179166752,1.0,0,34.255920083029196
10,1,C_ID,8,10000,fixed_I,down,0.9090909090909091,0.8963675213675213,0.7638157394740843,0.9777777777777777,0,nan,nan,1.0,1.0,1.0,0,8.187914500012994
10,1,C_ID,8,10000,fixed_I,up,0.8695652173913043,0.8974358974358975,0.6982605404347426,0.9666666666666667,0,nan,nan,1.0,1.0,1.0,0,8.187914500012994
10,1,C_ID,8,10000,fixed_resc,up,0.8695652173913043,0.9033119658119658,0.7000901185638522,0.9666666666666667,0,1.0,1.0,0.2718781581179532,1.9008777239346935,1.0,0,8.187914500012994
10,1,C_ID,8,10000,est_0.01,up,0.8181818181818182,0.9134615384615384,0.8148896185781431,0.9555555555555556,9,-0.46500710077707624,-0.7371049232679197,0.0006350226178265432,0.9940678582363174,1.0,0,8.187914500012994
10,1,C_ID,8,10000,est_1,up,0.8,0.907051282051282,0.745420549755626,0.9444444444444444,0,-0.6871694536194692,-0.7629500451838683,0.9372990768280683,0.9999999929654858,1.0,0,8.187914500012994
10,1,C_ID,6,10000,fixed_I,down,0.5,0.7779690189328743,0.3554291195283985,0.9333333333333333,0,nan,nan,1.0,1.0,1.0,0,18.21458441694267
10,1,C_ID,6,10000,fixed_I,up,0.6666666666666666,0.7822719449225473,0.46938312361981827,0.9444444444444444,0,nan,nan,1.0,1.0,1.0,0,18.21458441694267
10,1,C_ID,6,10000,fixed_resc,up,0.6153846153846154,0.7358003442340791,0.3516713700368538,0.9444444444444444,1,1.0,1.0,0.13150151417217273,1.715604181718484,1.0,2,18.21458441694267
10,1,C_ID,6,10000,est_0.01,up,0.6666666666666666,0.7788296041308089,0.545189515387113,0.9444444444444444,5,-0.1276433025290859,0.07598163432167913,0.0008391050276196286,0.9991281864269025,1.0,0,18.21458441694267
10,1,C_ID,6,10000,est_1,up,0.5333333333333333,0.7452667814113597,0.4031134564928727,0.9333333333333333,2,0.2068544525348092,0.22922377893064722,0.9479665532852418,1.0,1.0,0,18.21458441694267
10,1,C_ID,9,10000,fixed_I,down,0.782608695652174,0.905,0.663510767010767,0.9444444444444444,0,nan,nan,1.0,1.0,1.0,0,16.828434332972392
10,1,C_ID,9,10000,fixed_I,up,0.782608695652174,0.94625,0.856763006497049,0.9555555555555556,0,nan,nan,1.0,1.0,1.0,0,16.828434332972392
10,1,C_ID,9,10000,fixed_resc,up,0.8235294117647058,0.9725,0.8780267558528428,0.9666666666666667,1,1.0,1.0,0.13170839451889416,2.187480962645745,1.0,1,16.828434332972392
10,1,C_ID,9,10000,est_0.01,up,0.75,0.956875,0.7979532081902772,0.9444444444444444,7,-0.45867376861030984,-0.5595520470315704,2.184906171767501e-07,0.9981950247556772,1.0,0,16.828434332972392
10,1,C_ID,9,10000,est_1,up,0.7368421052631579,0.953125,0.753088023088023,0.9444444444444444,0,-0.5053381570567446,-0.5387089484283238,0.9022559024741107,0.9999999999999953,1.0,0,16.828434332972392
10,1,C_Random_Diag,1,10000,fixed_I,down,0.5217391304347826,0.756875,0.3843165972513799,0.8888888888888888,0,nan,nan,1.0,1.0,0.774210736460505,0,20.995022458024323
10,1,C_Random_Diag,1,10000,fixed_I,up,0.6,0.82,0.5619469881969881,0.9111111111111111,0,nan,nan,1.0,1.0,0.774210736460505,0,20.995022458024323
10,1,C_Random_Diag,1,10000,fixed_resc,up,0.7,0.8825000000000001,0.6972904903067947,0.9333333333333333,2,0.774210736460505,0.774210736460505,0.26054127795428506,3.5593834096357373,0.774210736460505,3,20.995022458024323
10,1,C_Random_Diag,1,10000,est_0.01,up,0.7368421052631579,0.850625,0.661791122813068,0.9444444444444444,5,0.7015700201039451,0.7718084306526755,5.38506053691911e-24,0.9825199131904998,0.774210736460505,0,20.995022458024323
10,1,C_Random_Diag,1,10000,est_1,up,0.6086956521739131,0.865,0.4057785748344068,0.9,1,0.7740855626988368,0.8203656888309651,0.966858241468643,0.9999987926763634,0.774210736460505,0,20.995022458024323
10,1,C_Random_Diag,2,10000,fixed_I,down,0.3333333333333333,0.4811046511627907,0.2168517329842822,0.9555555555555556,0,nan,nan,1.0,1.0,0.7896303917923038,0,10.076399833895266
10,1,C_Random_Diag,2,10000,fixed_I,up,0.6666666666666666,0.7093023255813954,0.5280392156862745,0.9777777777777777,0,nan,nan,1.0,1.0,0.7896303917923038,0,10.076399833895266
10,1,C_Random_Diag,2,10000,fixed_resc,up,0.5714285714285714,0.7325581395348838,0.48940365190365187,0.9666666666666667,0,0.7896303917923038,0.7896303917923038,0.2145698793888361,2.120438020041037,0.7896303917923038,1,10.076399833895266
10,1,C_Random_Diag,2,10000,est_0.01,up,0.5714285714285714,0.7311046511627907,0.48938401523147285,0.9666666666666667,1,0.14814377487694402,0.16368946807208168,7.047494559289411e-05,0.99917418293046,0.7896303917923038,0,10.076399833895266
10,1,C_Random_Diag,2,10000,est_1,up,0.5714285714285714,0.7369186046511628,0.4279943885448916,0.9666666666666667,0,0.26190869068353295,0.20196132611349815,0.9357519003432724,0.9999999999998167,0.7896303917923038,0,10.076399833895266
10,4,C_Random_Min_Diag,4,1000,fixed_I,down,0.5333333333333333,0.6790865384615384,0.5430144737380217,0.7777777777777778,0,nan,nan,1.0,1.0,0.9855782219104766,0,107.41132358298637
10,4,C_Random_Min_Diag,4,1000,fixed_I,up,0.5423728813559322,0.7187500000000001,0.5638349482578987,0.7666666666666667,0,nan,nan,1.0,1.0,0.9855782219104766,2,107.41132358298637
10,4,C_Random_Min_Diag,4,1000,fixed_resc,up,0.5897435897435898,0.7472956730769231,0.46012463031138,0.7444444444444445,3,0.9855782219104766,0.9855782219104766,0.08791496557797193,3.3633000539396845,0.9855782219104766,17,107.41132358298637
10,4,C_Random_Min_Diag,4,1000,est_0.01,up,0.5647058823529412,0.7046274038461539,0.520207077719516,0.7333333333333333,12,-0.13313680580371018,-0.2659158360519575,0.8248733084106701,0.9867914765420254,0.9855782219104766,9,107.41132358298637
10,4,C_Random_Min_Diag,4,1000,est_1,up,0.6071428571428571,0.7605168269230769,0.6472817183872813,0.7777777777777778,1,0.36936861085558037,0.4696885539002704,0.9308664057292829,0.9726879152290834,0.9855782219104766,0,107.41132358298637
10,1,C_ID,7,10000,fixed_I,down,0.5333333333333333,0.5457317073170731,0.2620954427484839,0.9222222222222223,0,nan,nan,1.0,1.0,0.9999999999999999,0,42.313518417067826
10,1,C_ID,7,10000,fixed_I,up,0.7368421052631579,0.9199695121951219,0.7267467877302436,0.9555555555555556,0,nan,nan,1.0,1.0,0.9999999999999999,0,42.313518417067826
10,1,C_ID,7,10000,fixed_resc,up,0.7058823529411765,0.9413109756097561,0.6088978717697253,0.9444444444444444,0,0.9999999999999999,0.9999999999999999,0.014614141062143812,2.42995160552964,0.9999999999999999,4,42.313518417067826
10,1,C_ID,7,10000,est_0.01,up,0.8,0.9352134146341463,0.797517218553804,0.9666666666666667,1,-0.2359782987933976,-0.42732471502404296,0.006353109552251123,0.9947937515761823,0.9999999999999999,0,42.313518417067826
10,1,C_ID,7,10000,est_1,up,0.6666666666666666,0.9085365853658537,0.5226731601731601,0.9333333333333333,0,-0.4003907285614749,-0.415552939163487,0.9598583685184048,0.9999999894831803,0.9999999999999999,0,42.313518417067826
10,1,C_Random_Diag,3,10000,fixed_I,down,0.8888888888888888,0.9855182926829269,0.829861111111111,0.9777777777777777,0,nan,nan,1.0,1.0,0.5206592218173005,0,10.992536291945726
10,1,C_Random_Diag,3,10000,fixed_I,up,0.8,0.9855182926829268,0.8870140276390277,0.9666666666666667,0,nan,nan,1.0,1.0,0.5206592218173005,0,10.992536291945726
10,1,C_Random_Diag,3,10000,fixed_resc,up,0.75,0.9786585365853658,0.8299107142857143,0.9555555555555556,0,0.5206592218173005,0.5206592218173005,0.3029292991507715,2.336404715029532,0.5206592218173005,0,10.992536291945726
10,1,C_Random_Diag,3,10000,est_0.01,up,0.7368421052631579,0.9702743902439025,0.6970643939393939,0.9444444444444444,5,0.04957966598523246,-0.06530529385769486,0.13804992886470258,0.9930311669466916,0.5206592218173005,0,10.992536291945726
10,1,C_Random_Diag,3,10000,est_1,up,0.6956521739130435,0.9527439024390244,0.6188034188034188,0.9333333333333333,0,-0.14740554009397994,-0.09312794861425137,0.9645920211449914,1.0000000441210646,0.5206592218173005,0,10.992536291945726
10,1,C_Random_Min_Diag,0,10000,fixed_I,down,0.8571428571428571,0.8674698795180723,0.5117508908325235,0.9777777777777777,0,nan,nan,1.0,1.0,0.9469044835240598,0,15.236292833928019
10,1,C_Random_Min_Diag,0,10000,fixed_I,up,0.8,0.9122203098106713,0.7862247815078003,0.9666666666666667,0,nan,nan,1.0,1.0,0.9469044835240598,1,15.236292833928019
10,1,C_Random_Min_Diag,0,10000,fixed_resc,up,0.75,0.9070567986230637,0.762796873135219,0.9555555555555556,3,0.9469044835240598,0.9469044835240598,0.3354653077174228,1.7029891290272088,0.9469044835240598,1,15.236292833928019
10,1,C_Random_Min_Diag,0,10000,est_0.01,up,0.631578947368421,0.9027538726333907,0.6634622181381211,0.9222222222222223,12,0.4870715442739497,0.31172089643886086,0.022664337799466652,0.9970549631341978,0.9469044835240598,0,15.236292833928019
10,1,C_Random_Min_Diag,0,10000,est_1,up,0.6666666666666666,0.8975903614457831,0.6839974101528723,0.9555555555555556,0,0.3679692436351364,0.3166877547678139,0.8637649818827644,1.0000330822452244,0.9469044835240598,0,15.236292833928019
10,1,C_Random_Diag,0,10000,fixed_I,down,0.42105263157894735,0.6173780487804879,0.15983608405483404,0.9111111111111111,0,nan,nan,1.0,1.0,0.903391004449417,0,67.75529074994847
10,1,C_Random_Diag,0,10000,fixed_I,up,0.7272727272727273,0.9763719512195123,0.7974093614718615,0.9555555555555556,0,nan,nan,1.0,1.0,0.903391004449417,2,67.75529074994847
10,1,C_Random_Diag,0,10000,fixed_resc,up,0.8235294117647058,0.9382621951219513,0.8036811934677788,0.9666666666666667,4,0.903391004449417,0.903391004449417,0.07830104591488232,5.402365183477873,0.903391004449417,12,67.75529074994847
10,1,C_Random_Diag,0,10000,est_0.01,up,0.7368421052631579,0.9611280487804879,0.753125,0.9444444444444444,12,0.9250876147133312,0.8961612155749284,0.010987394422201037,0.9672441056935636,0.903391004449417,0,67.75529074994847
10,1,C_Random_Diag,0,10000,est_1,up,0.6086956521739131,0.9481707317073171,0.664695374070374,0.9333333333333333,2,0.8846574658127172,0.8726983498480799,0.8787301335334992,1.0000000033901368,0.903391004449417,0,67.75529074994847
10,1,C_Random_Min_Diag,4,10000,fixed_I,down,0.43478260869565216,0.5977564102564104,0.28647153349415294,0.8666666666666667,0,nan,nan,1.0,1.0,0.8205827137115193,0,7.511331540998071
10,1,C_Random_Min_Diag,4,10000,fixed_I,up,0.8461538461538461,0.9391025641025641,0.7444886678194131,0.9555555555555556,0,nan,nan,1.0,1.0,0.8205827137115193,0,7.511331540998071
10,1,C_Random_Min_Diag,4,10000,fixed_resc,up,0.8333333333333334,0.9396367521367521,0.8747327554520952,0.9555555555555556,0,0.8205827137115193,0.8205827137115193,0.6263923917052555,1.7639930303423152,0.8205827137115193,0,7.511331540998071
10,1,C_Random_Min_Diag,4,10000,est_0.01,up,0.7857142857142857,0.9375,0.729092037456008,0.9333333333333333,13,-0.5346858744086371,-0.517257960739507,0.2919834044468209,0.8495307039072726,0.8205827137115193,0,7.511331540998071
10,1,C_Random_Min_Diag,4,10000,est_1,up,0.7333333333333333,0.938034188034188,0.513604582307144,0.9222222222222223,0,-0.5494874064411698,-0.5213964431197836,0.9793048720971415,0.99653115728072,0.8205827137115193,0,7.511331540998071
10,1,C_Random_Min_Diag,3,10000,fixed_I,down,0.6666666666666666,0.8591269841269842,0.6446593915343916,0.9555555555555556,0,nan,nan,1.0,1.0,0.9358507839753515,0,29.975374083034694
10,1,C_Random_Min_Diag,3,10000,fixed_I,up,0.6666666666666666,0.941468253968254,0.6269783758914194,0.9555555555555556,2,nan,nan,1.0,1.0,0.9358507839753515,0,29.975374083034694
10,1,C_Random_Min_Diag,3,10000,fixed_resc,up,0.7692307692307693,0.9732142857142857,0.782097967392085,0.9666666666666667,2,0.9358507839753515,0.9358507839753515,0.3656785091251808,2.223521520025548,0.9358507839753515,0,29.975374083034694
10,1,C_Random_Min_Diag,3,10000,est_0.01,up,0.8571428571428571,0.9692460317460319,0.606845238095238,0.9777777777777777,5,0.07786347760666627,-0.019080890536842914,0.02615568232297775,0.9993540841342544,0.9358507839753515,8,29.975374083034694
10,1,C_Random_Min_Diag,3,10000,est_1,up,0.631578947368421,0.951388888888889,0.5906080031080031,0.9555555555555556,2,0.003214387827118758,-0.009503794476618145,0.9761703589494195,0.9999999999077375,0.9358507839753515,0,29.975374083034694
10,1,C_Random_Full,1,10000,fixed_I,down,0.29411764705882354,0.5552359033371691,0.21588921947617598,0.8777777777777778,0,nan,nan,1.0,1.0,0.8873537819960594,0,15.705670666880906
10,1,C_Random_Full,1,10000,fixed_I,up,0.3333333333333333,0.6248561565017262,0.28187220785661826,0.8777777777777778,0,nan,nan,1.0,1.0,0.8873537819960594,0,15.705670666880906
10,1,C_Random_Full,1,10000,fixed_resc,up,0.3333333333333333,0.6507479861910243,0.2670608132969786,0.8888888888888888,2,0.8873537819960594,0.8873537819960594,0.4857102158935104,2.420263785979375,0.8873537819960594,0,15.705670666880906
10,1,C_Random_Full,1,10000,est_0.01,up,0.25806451612903225,0.5724971231300345,0.30309702455517445,0.7444444444444445,20,-0.8702774270920106,-0.675028250175957,0.0008269132242443948,0.5786405485083179,0.8873537819960594,2,15.705670666880906
10,1,C_Random_Full,1,10000,est_1,up,0.4,0.66283084004603,0.32058769415456123,0.8888888888888888,0,-0.24655874432952674,-0.5971760787068715,0.9377612314965273,0.9746380501433016,0.8873537819960594,0,15.705670666880906
10,1,C_Random_Min_Diag,1,10000,fixed_I,down,0.6666666666666666,0.8080895008605853,0.46388026224982754,0.9444444444444444,0,nan,nan,1.0,1.0,0.9899990686854826,0,60.64189083385281
10,1,C_Random_Min_Diag,1,10000,fixed_I,up,0.875,0.9784853700516352,0.6456916099773241,0.9777777777777777,0,nan,nan,1.0,1.0,0.9899990686854826,2,60.64189083385281
10,1,C_Random_Min_Diag,1,10000,fixed_resc,up,0.7777777777777778,0.9750430292598968,0.6311688311688312,0.9555555555555556,2,0.9899990686854826,0.9899990686854826,0.07482466453884855,2.3178210521028704,0.9899990686854826,8,60.64189083385281
10,1,C_Random_Min_Diag,1,10000,est_0.01,up,0.75,0.9629948364888123,0.5886904761904761,0.9555555555555556,5,0.2891072073747569,0.19943429128407575,0.00016985369299733893,0.9950046541473173,0.9899990686854826,8,60.64189083385281
10,1,C_Random_Min_Diag,1,10000,est_1,up,0.7368421052631579,0.9578313253012047,0.534781488352917,0.9444444444444444,2,0.3006381525171224,0.2865758873188407,0.9482298408752083,0.9999999999977004,0.9899990686854826,0,60.64189083385281
10,1,C_Random_Full,2,10000,fixed_I,down,0.6,0.7590361445783134,0.5547950740579919,0.9555555555555556,0,nan,nan,1.0,1.0,0.7222215466361009,0,12.227871875045821
10,1,C_Random_Full,2,10000,fixed_I,up,0.5454545454545454,0.8175559380378657,0.5207398437799134,0.9444444444444444,0,nan,nan,1.0,1.0,0.7222215466361009,0,12.227871875045821
10,1,C_Random_Full,2,10000,fixed_resc,up,0.6153846153846154,0.9242685025817556,0.6469548320895756,0.9444444444444444,2,0.7222215466361009,0.7222215466361009,0.25345263225440584,2.563741140750737,0.7222215466361009,0,12.227871875045821
10,1,C_Random_Full,2,10000,est_0.01,up,0.42857142857142855,0.8580034423407917,0.4360162142181847,0.9111111111111111,7,-0.5365992167021538,-0.5442947883324563,0.00034142017120204673,0.9449745797485846,0.7222215466361009,0,12.227871875045821
10,1,C_Random_Full,2,10000,est_1,up,0.46153846153846156,0.8734939759036144,0.5390892002734108,0.9444444444444444,0,-0.5068482695273917,-0.5719762590079546,0.861213027134687,0.9999995149252915,0.7222215466361009,0,12.227871875045821
10,1,C_Random_Full,0,10000,fixed_I,down,0.3333333333333333,0.5208333333333334,0.25103498255094,0.8666666666666667,0,nan,nan,1.0,1.0,0.34845078988582723,0,28.828846332849935
10,1,C_Random_Full,0,10000,fixed_I,up,0.4166666666666667,0.609508547008547,0.3897182908472537,0.8888888888888888,0,nan,nan,1.0,1.0,0.34845078988582723,0,28.828846332849935
10,1,C_Random_Full,0,10000,fixed_resc,up,0.38095238095238093,0.6047008547008546,0.3634158686535325,0.8888888888888888,2,0.34845078988582723,0.34845078988582723,0.3242501998719287,3.036540522669279,0.34845078988582723,2,28.828846332849935
10,1,C_Random_Full,0,10000,est_0.01,up,0.35714285714285715,0.5950854700854701,0.3389481225235535,0.8333333333333334,11,-0.43672817913620693,-0.47271186012592986,5.896061397255319e-05,0.5254344753010115,0.34845078988582723,0,28.828846332849935
10,1,C_Random_Full,0,10000,est_1,up,0.38095238095238093,0.6495726495726495,0.33710017674225834,0.8666666666666667,0,-0.016152747812234247,-0.10774933421378369,0.7741636925355457,0.9817784023683191,0.34845078988582723,0,28.828846332849935
10,2,C_ID,0,10000,fixed_I,down,0.6511627906976745,0.8257142857142857,0.5763450969852824,0.8333333333333334,0,nan,nan,1.0,1.0,1.0,0,9.580703875049949
10,2,C_ID,0,10000,fixed_I,up,0.5714285714285714,0.7839285714285715,0.5089216706224833,0.8,0,nan,nan,1.0,1.0,1.0,0,9.580703875049949
10,2,C_ID,0,10000,fixed_resc,up,0.6956521739130435,0.8446428571428571,0.5950964807432177,0.8444444444444444,2,1.0,1.0,0.378443338688059,1.7181289856175284,1.0,0,9.580703875049949
10,2,C_ID,0,10000,est_0.01,up,0.6808510638297872,0.8082142857142859,0.5581267892603554,0.8333333333333334,12,0.354421836647263,0.2650654044124993,0.18165557765569726,0.930097457292849,1.0,0,9.580703875049949
10,2,C_ID,0,10000,est_1,up,0.6274509803921569,0.8049999999999999,0.5613265617751345,0.8111111111111111,0,0.2645655154274693,0.34525201461646726,0.9799190491589084,0.9989437777757395,1.0,0,9.580703875049949
10,2,C_ID,1,10000,fixed_I,down,0.6666666666666666,0.8616383616383616,0.5906734295432108,0.9222222222222223,0,nan,nan,1.0,1.0,1.0,0,12.720995750045404
10,2,C_ID,1,10000,fixed_I,up,0.64,0.8766233766233766,0.6488709929197869,0.9111111111111111,0,nan,nan,1.0,1.0,1.0,0,12.720995750045404
10,2,C_ID,1,10000,fixed_resc,up,0.7272727272727273,0.8696303696303698,0.6757019124666184,0.9333333333333333,0,1.0,1.0,0.38073004237255326,1.7434796436768962,1.0,0,12.720995750045404
10,2,C_ID,1,10000,est_0.01,up,0.7142857142857143,0.9075924075924076,0.7426326010456263,0.9222222222222223,10,-0.1079652936161276,-0.32537546278885865,0.009298077229926194,0.9962161026903051,1.0,0,12.720995750045404
10,2,C_ID,1,10000,est_1,up,0.6666666666666666,0.9040959040959041,0.6644016436955464,0.9111111111111111,0,-0.3009115732778304,-0.27094461006664133,0.9137700789181372,0.9999999999431176,1.0,0,12.720995750045404
10,1,C_Random_Full,3,10000,fixed_I,down,0.3157894736842105,0.5480769230769231,0.22619975865589903,0.8666666666666667,0,nan,nan,1.0,1.0,0.8503247606798541,0,46.44454075000249
10,1,C_Random_Full,3,10000,fixed_I,up,0.5384615384615384,0.8055555555555556,0.5052819299887132,0.8888888888888888,0,nan,nan,1.0,1.0,0.8503247606798541,0,46.44454075000249
10,1,C_Random_Full,3,10000,fixed_resc,up,0.6153846153846154,0.8386752136752137,0.5214034546508189,0.8888888888888888,3,0.8503247606798541,0.8503247606798541,0.2332147212503449,2.242391582017422,0.8503247606798541,0,46.44454075000249
10,1,C_Random_Full,3,10000,est_0.01,up,0.42105263157894735,0.7628205128205128,0.43619668049981564,0.8444444444444444,12,-0.4442201721838557,-0.14840446327938647,9.090617888597225e-10,0.7623734781389502,0.8503247606798541,3,46.44454075000249
10,1,C_Random_Full,3,10000,est_1,up,0.6153846153846154,0.8360042735042735,0.5473290578978962,0.9111111111111111,2,0.504111484326968,0.2477135661140687,0.8377424915976444,0.9805716514177821,0.8503247606798541,0,46.44454075000249
10,2,C_ID,3,10000,fixed_I,down,0.5454545454545454,0.669621273166801,0.4355477812533214,0.8444444444444444,0,nan,nan,1.0,1.0,1.0,0,11.653548249974847
10,2,C_ID,3,10000,fixed_I,up,0.6818181818181818,0.879935535858179,0.5336331175263759,0.8444444444444444,0,nan,nan,1.0,1.0,1.0,0,11.653548249974847
10,2,C_ID,3,10000,fixed_resc,up,0.7,0.9016921837228041,0.7063720496463683,0.8666666666666667,0,1.0,1.0,0.473363833797817,1.5916617581745836,1.0,0,11.653548249974847
10,2,C_ID,3,10000,est_0.01,up,0.7428571428571429,0.8948428686543111,0.7171062498802061,0.9,15,0.22411686151130517,-0.027158263709515795,0.00363468231431775,0.6737213337471453,1.0,0,11.653548249974847
10,2,C_ID,3,10000,est_1,up,0.7368421052631579,0.886784850926672,0.6333159166791897,0.8888888888888888,0,-0.2605611905920111,-0.12134749871495383,0.9539109188229171,0.988197000114207,1.0,0,11.653548249974847
10,2,C_ID,4,10000,fixed_I,down,0.7142857142857143,0.7964444444444445,0.5907324188524485,0.9111111111111111,0,nan,nan,1.0,1.0,0.9999999999999998,0,13.74848962505348
10,2,C_ID,4,10000,fixed_I,up,0.8387096774193549,0.8964444444444444,0.6129793101619649,0.9444444444444444,0,nan,nan,1.0,1.0,0.9999999999999998,0,13.74848962505348
10,2,C_ID,4,10000,fixed_resc,up,0.8387096774193549,0.8835555555555556,0.6553385949560275,0.9444444444444444,1,0.9999999999999998,0.9999999999999998,0.3115108579543277,1.7660987919777622,0.9999999999999998,0,13.74848962505348
10,2,C_ID,4,10000,est_0.01,up,0.7428571428571429,0.8786666666666667,0.7157272910459185,0.9,13,-0.39785726557819284,-0.42926389759062217,0.3081046538199896,0.9964698782385878,0.9999999999999998,2,13.74848962505348
10,2,C_ID,4,10000,est_1,up,0.8275862068965517,0.8995555555555557,0.6469471233034623,0.9444444444444444,0,-0.2900681769098684,-0.3521121317517653,0.948413814302269,0.9999998845054107,0.9999999999999998,0,13.74848962505348
10,2,C_ID,5,10000,fixed_I,down,0.5333333333333333,0.6140202702702703,0.37784567474254627,0.8444444444444444,0,nan,nan,1.0,1.0,1.0,0,22.71728741680272
10,2,C_ID,5,10000,fixed_I,up,0.7333333333333333,0.84375,0.5585606671834462,0.9111111111111111,0,nan,nan,1.0,1.0,1.0,0,22.71728741680272
10,2,C_ID,5,10000,fixed_resc,up,0.7142857142857143,0.84375,0.55614019375116,0.9111111111111111,1,1.0,1.0,0.2317110912033258,1.5845721458545379,1.0,1,22.71728741680272
10,2,C_ID,5,10000,est_0.01,up,0.7096774193548387,0.8458614864864865,0.593902386114133,0.9,2,0.8682224653632967,0.7294918969070874,0.051109384490891314,0.94910433257776,1.0,5,22.71728741680272
10,2,C_ID,5,10000,est_1,up,0.7096774193548387,0.866554054054054,0.6090734356702742,0.9,1,0.8107967947797031,0.8130244959950759,0.966883384401156,0.9999708615699421,1.0,0,22.71728741680272
10,1,C_Random_Full,4,10000,fixed_I,down,0.34782608695652173,0.5775375939849623,0.2994477092416183,0.8444444444444444,0,nan,nan,1.0,1.0,0.8081587244839316,1,92.03157595801167
10,1,C_Random_Full,4,10000,fixed_I,up,0.6086956521739131,0.7142857142857143,0.5555078291349602,0.9,0,nan,nan,1.0,1.0,0.8081587244839316,5,92.03157595801167
10,1,C_Random_Full,4,10000,fixed_resc,up,0.5714285714285714,0.7570488721804511,0.5441256087003632,0.9,2,0.8081587244839316,0.8081587244839316,0.3103788423231215,2.5130200019473348,0.8081587244839316,7,92.03157595801167
10,1,C_Random_Full,4,10000,est_0.01,up,0.46153846153846156,0.7124060150375939,0.4449726513806254,0.8444444444444444,10,-0.23163082385222594,-0.230038807685212,8.427814056368244e-09,0.830874748155546,0.8081587244839316,9,92.03157595801167
10,1,C_Random_Full,4,10000,est_1,up,0.5185185185185185,0.7218045112781954,0.5118106933548203,0.8777777777777778,2,0.05499238334139329,-0.15627570606347133,0.7856101834210356,0.9983289302242981,0.8081587244839316,1,92.03157595801167
10,1,C_Random_Min_Diag,2,10000,fixed_I,down,0.6,0.7729700854700855,0.43489232778356596,0.9111111111111111,0,nan,nan,1.0,1.0,0.9924991780570804,0,164.55700312484987
10,1,C_Random_Min_Diag,2,10000,fixed_I,up,0.7368421052631579,0.8573717948717949,0.7445162491775463,0.9444444444444444,1,nan,nan,1.0,1.0,0.9924991780570804,2,164.55700312484987
10,1,C_Random_Min_Diag,2,10000,fixed_resc,up,0.7,0.8680555555555556,0.7353560311716738,0.9333333333333333,2,0.9924991780570804,0.9924991780570804,0.02155271376280295,1.9414796591236518,0.9924991780570804,30,164.55700312484987
10,1,C_Random_Min_Diag,2,10000,est_0.01,up,0.7,0.8707264957264957,0.7625985717290669,0.9333333333333333,6,-0.11424941797979898,-0.0709225899308741,4.21084085519447e-87,0.8883076263850116,0.9924991780570804,18,164.55700312484987
10,1,C_Random_Min_Diag,2,10000,est_1,up,0.7,0.8493589743589742,0.5816371469175463,0.9333333333333333,2,0.43351811602537876,0.5030707417171247,0.6770960961573343,0.9999929275299599,0.9924991780570804,0,164.55700312484987
10,2,C_ID,8,10000,fixed_I,down,0.75,0.8049230769230769,0.6751283615951809,0.8666666666666667,0,nan,nan,1.0,1.0,1.0,0,8.15347404195927
10,2,C_ID,8,10000,fixed_I,up,0.75,0.8347692307692308,0.6632701405214418,0.8666666666666667,0,nan,nan,1.0,1.0,1.0,0,8.15347404195927
10,2,C_ID,8,10000,fixed_resc,up,0.8571428571428571,0.8966153846153846,0.8873815329597929,0.9222222222222223,1,1.0,1.0,0.3145218248732098,1.6472669813509426,1.0,0,8.15347404195927
10,2,C_ID,8,10000,est_0.01,up,0.8260869565217391,0.8818461538461537,0.8301750397187737,0.9111111111111111,20,0.06745269257727755,-0.17011038134570092,0.05448039373131606,0.3669521304274974,1.0,0,8.15347404195927
10,2,C_ID,8,10000,est_1,up,0.7924528301886793,0.8750769230769231,0.7246945239078241,0.8777777777777778,0,-0.14395397739507826,0.13016773789546943,0.9727985892669373,0.9824206457940363,1.0,0,8.15347404195927
10,2,C_ID,7,10000,fixed_I,down,0.4444444444444444,0.6532142857142857,0.42205804871266583,0.8,0,nan,nan,1.0,1.0,1.0,0,20.315180958015844
10,2,C_ID,7,10000,fixed_I,up,0.6086956521739131,0.775,0.6236049851849128,0.8333333333333334,0,nan,nan,1.0,1.0,1.0,0,20.315180958015844
10,2,C_ID,7,10000,fixed_resc,up,0.631578947368421,0.7778571428571428,0.646084266507675,0.8555555555555555,2,1.0,1.0,0.28287848050192327,1.7410707646306345,1.0,0,20.315180958015844
10,2,C_ID,7,10000,est_0.01,up,0.6046511627906976,0.7667857142857143,0.6021678903294321,0.8111111111111111,19,0.21353244197548218,0.11145152509327405,0.027595496447763136,0.481299620892983,1.0,0,20.315180958015844
10,2,C_ID,7,10000,est_1,up,0.6,0.7710714285714286,0.5894527093793398,0.8333333333333334,2,0.48811137840463137,0.5356695744396389,0.9715695036996375,0.9896115149098194,1.0,0,20.315180958015844
10,2,C_Random_Diag,0,10000,fixed_I,down,0.6896551724137931,0.7692901234567902,0.581490886026403,0.9,0,nan,nan,1.0,1.0,0.8143232945456769,0,6.878723416943103
10,2,C_Random_Diag,0,10000,fixed_I,up,0.7333333333333333,0.8136574074074074,0.7111415675852741,0.9111111111111111,0,nan,nan,1.0,1.0,0.8143232945456769,0,6.878723416943103
10,2,C_Random_Diag,0,10000,fixed_resc,up,0.7096774193548387,0.8063271604938271,0.7235993183770713,0.9,1,0.8143232945456769,0.8143232945456769,0.5027881800614032,1.9445864307257708,0.8143232945456769,0,6.878723416943103
10,2,C_Random_Diag,0,10000,est_0.01,up,0.7096774193548387,0.8271604938271605,0.6848484156117084,0.9,12,0.5286079937852021,0.09869638168282362,0.03670729438681671,0.7520323736999293,0.8143232945456769,0,6.878723416943103
10,2,C_Random_Diag,0,10000,est_1,up,0.7096774193548387,0.8314043209876544,0.5877230571273984,0.9,0,0.43038489936602736,0.45528865953572806,0.9534760601847249,0.9942274791141454,0.8143232945456769,0,6.878723416943103
10,2,C_ID,9,10000,fixed_I,down,0.6666666666666666,0.8108108108108109,0.5698978325352718,0.9,0,nan,nan,1.0,1.0,0.9999999999999999,0,21.483772000065073
10,2,C_ID,9,10000,fixed_I,up,0.7142857142857143,0.8277027027027026,0.580147554662496,0.9111111111111111,0,nan,nan,1.0,1.0,0.9999999999999999,0,21.483772000065073
10,2,C_ID,9,10000,fixed_resc,up,0.7586206896551724,0.8319256756756757,0.643897215875012,0.9222222222222223,2,0.9999999999999999,0.9999999999999999,0.17424143252924673,2.2774571017945373,0.9999999999999999,3,21.483772000065073
10,2,C_ID,9,10000,est_0.01,up,0.6666666666666666,0.8272804054054054,0.6858546676822688,0.9,9,0.031621229465258596,0.08563530860328201,0.002908499495787376,0.7335265508875729,0.9999999999999999,0,21.483772000065073
10,2,C_ID,9,10000,est_1,up,0.6666666666666666,0.8450168918918919,0.5690997922513289,0.8777777777777778,1,0.08865838143415052,0.13460801240942868,0.947638494839762,0.992579862438441,0.9999999999999999,0,21.483772000065073
10,2,C_Random_Diag,1,10000,fixed_I,down,0.5555555555555556,0.7692669172932332,0.4196097239478199,0.8444444444444444,0,nan,nan,1.0,1.0,0.5135944501145364,0,33.09311429201625
10,2,C_Random_Diag,1,10000,fixed_I,up,0.8275862068965517,0.925281954887218,0.6839841908033322,0.9444444444444444,0,nan,nan,1.0,1.0,0.5135944501145364,1,33.09311429201625
10,2,C_Random_Diag,1,10000,fixed_resc,up,0.8,0.9022556390977444,0.634526249056489,0.9333333333333333,2,0.5135944501145364,0.5135944501145364,0.1449726319302161,3.2880542391263616,0.5135944501145364,2,33.09311429201625
10,2,C_Random_Diag,1,10000,est_0.01,up,0.75,0.9107142857142857,0.7432871904172924,0.9111111111111111,9,0.038830427688235435,-0.09206070810990569,0.000377852318653946,0.9862201422644193,0.5135944501145364,1,33.09311429201625
10,2,C_Random_Diag,1,10000,est_1,up,0.7741935483870968,0.8984962406015037,0.6146142926867717,0.9222222222222223,1,0.0972749635673292,-0.01722437740935764,0.933856513101205,0.999999998508187,0.5135944501145364,0,33.09311429201625
10,2,C_Random_Diag,2,10000,fixed_I,down,0.6666666666666666,0.7362967914438503,0.5250228951554083,0.8333333333333334,0,nan,nan,1.0,1.0,0.7718304547223649,0,33.68125562486239
10,2,C_Random_Diag,2,10000,fixed_I,up,0.6190476190476191,0.7566844919786097,0.5558974210043003,0.8444444444444444,0,nan,nan,1.0,1.0,0.7718304547223649,0,33.68125562486239
10,2,C_Random_Diag,2,10000,fixed_resc,up,0.6222222222222222,0.7550133689839573,0.6462252826245212,0.8333333333333334,2,0.7718304547223649,0.7718304547223649,0.19944981158627614,2.51775621320293,0.7718304547223649,3,33.68125562486239
10,2,C_Random_Diag,2,10000,est_0.01,up,0.6666666666666666,0.7784090909090909,0.6686429482276789,0.8444444444444444,14,-0.031438733811478374,-0.1193444491388711,0.03016845450992105,0.9506111471124951,0.7718304547223649,1,33.68125562486239
10,2,C_Random_Diag,2,10000,est_1,up,0.6666666666666666,0.783422459893048,0.6598224757491835,0.8555555555555555,0,-0.14143049036504687,-0.07441966389785633,0.907576507648459,0.9999994384193325,0.7718304547223649,0,33.68125562486239
10,2,C_ID,6,10000,fixed_I,down,0.7692307692307693,0.8446553446553446,0.5723735666043359,0.9333333333333333,0,nan,nan,1.0,1.0,1.0,1,73.0147746661678
10,2,C_ID,6,10000,fixed_I,up,0.7857142857142857,0.9495504495504495,0.7150599400599401,0.9333333333333333,0,nan,nan,1.0,1.0,1.0,0,73.0147746661678
10,2,C_ID,6,10000,fixed_resc,up,0.8695652173913043,0.9840159840159841,0.9302197802197802,0.9666666666666667,3,1.0,1.0,0.13246426507416023,2.271480250052224,1.0,6,73.0147746661678
10,2,C_ID,6,10000,est_0.01,up,0.8,0.9415584415584416,0.7639530776603644,0.9444444444444444,17,0.8611412232471506,0.7186702676125092,0.015899950137870097,0.9239807763893537,1.0,0,73.0147746661678
10,2,C_ID,6,10000,est_1,up,0.6666666666666666,0.9045954045954047,0.6591574708691545,0.9,3,0.5857669372022619,0.6569197962863088,0.8484143690582512,0.9999930260492971,1.0,0,73.0147746661678
10,2,C_ID,2,10000,fixed_I,down,0.6086956521739131,0.706296992481203,0.4819091277942209,0.9,0,nan,nan,1.0,1.0,0.9999999999999998,0,137.3178336659912
10,2,C_ID,2,10000,fixed_I,up,0.6666666666666666,0.8096804511278195,0.5432016034476091,0.8888888888888888,2,nan,nan,1.0,1.0,0.9999999999999998,6,137.3178336659912
10,2,C_ID,2,10000,fixed_resc,up,0.7142857142857143,0.7843045112781954,0.5975434981911067,0.9111111111111111,4,0.9999999999999998,0.9999999999999998,0.10198459646988638,2.057668880641497,0.9999999999999998,16,137.3178336659912
10,2,C_ID,2,10000,est_0.01,up,0.5945945945945946,0.8040413533834587,0.4668861941681325,0.8555555555555555,8,0.3569598690522028,0.41718904869631557,0.017517675035786523,0.9841081718030845,0.9999999999999998,21,137.3178336659912
10,2,C_ID,2,10000,est_1,up,0.6428571428571429,0.8167293233082705,0.51983910582021,0.8888888888888888,4,0.7862681868216654,0.773380836505989,0.738156912039003,1.0,0.9999999999999998,0,137.3178336659912
10,2,C_Random_Min_Diag,0,10000,fixed_I,down,0.6666666666666666,0.8462837837837838,0.6017033259641199,0.8555555555555555,0,nan,nan,1.0,1.0,0.9557789862463343,0,15.126957499887794
10,2,C_Random_Min_Diag,0,10000,fixed_I,up,0.8108108108108109,0.9438344594594594,0.7756155745849895,0.9333333333333333,0,nan,nan,1.0,1.0,0.9557789862463343,0,15.126957499887794
10,2,C_Random_Min_Diag,0,10000,fixed_resc,up,0.8235294117647058,0.9560810810810811,0.8663405740479622,0.9333333333333333,2,0.9557789862463343,0.9557789862463343,0.17395242001979186,1.868828496520279,0.9557789862463343,0,15.126957499887794
10,2,C_Random_Min_Diag,0,10000,est_0.01,up,0.6341463414634146,0.8885135135135135,0.654899377435441,0.8666666666666667,12,-0.24100182250406485,-0.35656799901483266,0.17329347294517958,0.8625982726072717,0.9557789862463343,0,15.126957499887794
10,2,C_Random_Min_Diag,0,10000,est_1,up,0.6222222222222222,0.9020270270270271,0.6737416314064387,0.8666666666666667,2,-0.2666618229271008,-0.3234119658617637,0.9590201478182105,0.99440788611265,0.9557789862463343,0,15.126957499887794
10,2,C_Random_Min_Diag,1,10000,fixed_I,down,0.7391304347826086,0.7715768981181051,0.6268511857734469,0.8666666666666667,0,nan,nan,1.0,1.0,0.9647929160737657,0,40.01826445898041
10,2,C_Random_Min_Diag,1,10000,fixed_I,up,0.7619047619047619,0.8127839065541855,0.7679896949312318,0.8888888888888888,0,nan,nan,1.0,1.0,0.9647929160737657,1,40.01826445898041
10,2,C_Random_Min_Diag,1,10000,fixed_resc,up,0.6101694915254238,0.7972096041531473,0.6581861864783994,0.8333333333333334,3,0.9647929160737657,0.9647929160737657,0.3300578785259521,1.8275406723468786,0.9647929160737657,1,40.01826445898041
10,2,C_Random_Min_Diag,1,10000,est_0.01,up,0.6382978723404256,0.8020765736534718,0.6762362687814492,0.8333333333333334,16,-0.15023789997374787,-0.05606832420803574,8.685597679633095e-06,0.6129588584806978,0.9647929160737657,2,40.01826445898041
10,2,C_Random_Min_Diag,1,10000,est_1,up,0.6511627906976745,0.8007787151200519,0.6673282022286267,0.8444444444444444,0,-0.40693131878577943,-0.1574821867008014,0.8749578704199485,0.9789649938575661,0.9647929160737657,0,40.01826445898041
10,2,C_Random_Min_Diag,2,10000,fixed_I,down,0.5142857142857142,0.7203947368421053,0.37602819302609436,0.8555555555555555,0,nan,nan,1.0,1.0,0.9687726351717216,0,31.59294749982655
10,2,C_Random_Min_Diag,2,10000,fixed_I,up,0.7272727272727273,0.8787593984962405,0.686514883197124,0.9111111111111111,0,nan,nan,1.0,1.0,0.9687726351717216,0,31.59294749982655
10,2,C_Random_Min_Diag,2,10000,fixed_resc,up,0.8148148148148148,0.8975563909774437,0.7920786790986254,0.9444444444444444,2,0.9687726351717216,0.9687726351717216,0.12605314147190547,2.9347032917556706,0.9687726351717216,0,31.59294749982655
10,2,C_Random_Min_Diag,2,10000,est_0.01,up,0.8148148148148148,0.8806390977443609,0.739304234340999,0.9444444444444444,12,-0.08088282118110939,0.3350755095963464,1.649663748127294e-07,0.9312421173726007,0.9687726351717216,1,31.59294749982655
10,2,C_Random_Min_Diag,2,10000,est_1,up,0.7272727272727273,0.8806390977443609,0.5760934635308069,0.9,1,0.44855615900198287,0.5035013662892291,0.9441533731173063,0.9992217892929267,0.9687726351717216,0,31.59294749982655
10,2,C_Random_Diag,3,10000,fixed_I,down,0.5777777777777777,0.7242857142857142,0.47618828035962013,0.8222222222222222,0,nan,nan,1.0,1.0,0.7980623722958348,0,55.33285279199481
10,2,C_Random_Diag,3,10000,fixed_I,up,0.75,0.84,0.7273614505072048,0.8888888888888888,0,nan,nan,1.0,1.0,0.7980623722958348,0,55.33285279199481
10,2,C_Random_Diag,3,10000,fixed_resc,up,0.7428571428571429,0.8503571428571428,0.7586227390043707,0.9,2,0.7980623722958348,0.7980623722958348,0.12686812837772382,2.019824216903631,0.7980623722958348,3,55.33285279199481
10,2,C_Random_Diag,3,10000,est_0.01,up,0.6666666666666666,0.7975000000000001,0.6405313846927354,0.8222222222222222,24,0.1905132267058126,0.19376403048071236,0.009604591608942715,0.6947669217596313,0.7980623722958348,5,55.33285279199481
10,2,C_Random_Diag,3,10000,est_1,up,0.6530612244897959,0.8278571428571428,0.5992987578431606,0.8444444444444444,0,0.3298801182666563,0.29096325851439664,0.9542683541642442,0.9920196256162189,0.7980623722958348,0,55.33285279199481
10,2,C_Random_Min_Diag,3,10000,fixed_I,down,0.7857142857142857,0.9130869130869131,0.6747985347985348,0.9333333333333333,0,nan,nan,1.0,1.0,0.9903386208057013,0,23.485844666836783
10,2,C_Random_Min_Diag,3,10000,fixed_I,up,0.8,0.935064935064935,0.7531941098117569,0.9444444444444444,0,nan,nan,1.0,1.0,0.9903386208057013,0,23.485844666836783
10,2,C_Random_Min_Diag,3,10000,fixed_resc,up,0.8571428571428571,0.9565434565434566,0.9003367657021263,0.9555555555555556,2,0.9903386208057013,0.9903386208057013,0.1466155528506304,3.0755063993912266,0.9903386208057013,1,23.485844666836783
10,2,C_Random_Min_Diag,3,10000,est_0.01,up,0.72,0.9195804195804197,0.753856605100949,0.9222222222222223,12,-0.5069749418368028,-0.4049139224689122,6.123589706155361e-06,0.8812860901953263,0.9903386208057013,0,23.485844666836783
10,2,C_Random_Min_Diag,3,10000,est_1,up,0.8,0.9395604395604396,0.8239349101191207,0.9444444444444444,0,-0.3356678903565202,-0.44710837963601424,0.8806563813205244,1.0000957229639889,0.9903386208057013,0,23.485844666836783
10,2,C_Random_Diag,4,10000,fixed_I,down,0.38461538461538464,0.5747466216216216,0.37678368266632895,0.8444444444444444,0,nan,nan,1.0,1.0,0.8563393386161573,0,83.412952166982
10,2,C_Random_Diag,4,10000,fixed_I,up,0.5416666666666666,0.7951858108108107,0.5686774414510171,0.8666666666666667,0,nan,nan,1.0,1.0,0.8563393386161573,2,83.412952166982
10,2,C_Random_Diag,4,10000,fixed_resc,up,0.6,0.8023648648648649,0.5233881175270614,0.8555555555555555,3,0.8563393386161573,0.8563393386161573,0.1334004978245832,2.016806854998751,0.8563393386161573,11,83.412952166982
10,2,C_Random_Diag,4,10000,est_0.01,up,0.5263157894736842,0.7723817567567568,0.46843976054453995,0.8,12,-0.21629245544918407,-0.2084294839637895,3.3451527682802294e-06,0.9148336901594797,0.8563393386161573,6,83.412952166982
10,2,C_Random_Diag,4,10000,est_1,up,0.5454545454545454,0.7947635135135136,0.4763777348149508,0.8444444444444444,2,0.5351398630671376,0.41097281549937775,0.8976236036639034,0.9974681201617195,0.8563393386161573,0,83.412952166982
10,2,C_Random_Full,0,10000,fixed_I,down,0.5882352941176471,0.70703125,0.5447360835614382,0.7888888888888889,0,nan,nan,1.0,1.0,0.5297249553784583,0,35.26372891594656
10,2,C_Random_Full,0,10000,fixed_I,up,0.5833333333333334,0.7175480769230769,0.45258535949592954,0.7777777777777778,0,nan,nan,1.0,1.0,0.5297249553784583,0,35.26372891594656
10,2,C_Random_Full,0,10000,fixed_resc,up,0.64,0.7181490384615384,0.49378942797663344,0.8,3,0.5297249553784583,0.5297249553784583,0.23103770454706363,2.371396303301869,0.5297249553784583,0,35.26372891594656
10,2,C_Random_Full,0,10000,est_0.01,up,0.6122448979591837,0.7481971153846153,0.5624221490915848,0.8,8,0.009451656377350376,0.29736476707984827,2.3528430347199803e-06,0.5936860773551697,0.5297249553784583,3,35.26372891594656
10,2,C_Random_Full,0,10000,est_1,up,0.6153846153846154,0.7421875,0.4833331704126136,0.7777777777777778,1,0.7669990564984833,0.4983157507988327,0.9478264784465784,0.9873185844468745,0.5297249553784583,0,35.26372891594656
10,2,C_Random_Full,1,10000,fixed_I,down,0.41025641025641024,0.5594919786096256,0.41884344984667116,0.8,0,nan,nan,1.0,1.0,0.3663196916699241,0,24.956951499916613
10,2,C_Random_Full,1,10000,fixed_I,up,0.5,0.6627673796791443,0.46684929818539067,0.7888888888888889,3,nan,nan,1.0,1.0,0.3663196916699241,0,24.956951499916613
10,2,C_Random_Full,1,10000,fixed_resc,up,0.5,0.6537433155080213,0.4566502087601703,0.8,3,0.3663196916699241,0.3663196916699241,0.3477549551661756,2.172357654210467,0.3663196916699241,0,24.956951499916613
10,2,C_Random_Full,1,10000,est_0.01,up,0.5263157894736842,0.6704545454545454,0.5686262411433016,0.7111111111111111,32,-0.34101100151082764,-0.6939346363055189,0.0011313690599130545,0.5908680818815338,0.3663196916699241,0,24.956951499916613
10,2,C_Random_Full,1,10000,est_1,up,0.5714285714285714,0.7145721925133689,0.5396462360424547,0.8222222222222222,3,-0.3479593638091239,-0.5283241882465596,0.9260554886888901,0.9810809784848442,0.3663196916699241,0,24.956951499916613
10,2,C_Random_Full,3,10000,fixed_I,down,0.48,0.6238761238761239,0.3433345318983617,0.8666666666666667,0,nan,nan,1.0,1.0,0.7065191946601143,0,11.793927124934271
10,2,C_Random_Full,3,10000,fixed_I,up,0.47619047619047616,0.6528471528471528,0.4234125905003319,0.8888888888888888,0,nan,nan,1.0,1.0,0.7065191946601143,0,11.793927124934271
10,2,C_Random_Full,3,10000,fixed_resc,up,0.47619047619047616,0.7027972027972028,0.374378020877351,0.8777777777777778,2,0.7065191946601143,0.7065191946601143,0.30784617302472406,3.2529060480624716,0.7065191946601143,0,11.793927124934271
10,2,C_Random_Full,3,10000,est_0.01,up,0.5185185185185185,0.7367632367632367,0.471659748894197,0.8666666666666667,9,-0.11757519185973485,-0.17067036378938757,6.478207219163202e-12,0.7248176296373419,0.7065191946601143,0,11.793927124934271
10,2,C_Random_Full,3,10000,est_1,up,0.5,0.7882117882117883,0.5061437316892725,0.8888888888888888,0,-0.3883848170691927,-0.2806948775405484,0.8932741268888624,0.9867852550747446,0.7065191946601143,0,11.793927124934271
10,2,C_Random_Full,4,10000,fixed_I,down,0.375,0.5196428571428571,0.31782591677866406,0.7777777777777778,0,nan,nan,1.0,1.0,0.6976372783502405,0,12.172836125129834
10,2,C_Random_Full,4,10000,fixed_I,up,0.5,0.6725,0.33025734110607785,0.7777777777777778,0,nan,nan,1.0,1.0,0.6976372783502405,0,12.172836125129834
10,2,C_Random_Full,4,10000,fixed_resc,up,0.5490196078431373,0.7385714285714287,0.42153780051197737,0.7888888888888889,4,0.6976372783502405,0.6976372783502405,0.3370938816807438,2.5433341896973176,0.6976372783502405,0,12.172836125129834
10,2,C_Random_Full,4,10000,est_0.01,up,0.4927536231884058,0.7110714285714285,0.4800350769639643,0.7444444444444445,21,-0.20367388592189928,-0.20651376663633625,0.45106114595158864,0.959252294497779,0.6976372783502405,0,12.172836125129834
10,2,C_Random_Full,4,10000,est_1,up,0.5769230769230769,0.7507142857142858,0.39098102319838757,0.7888888888888889,0,-0.16933017751378734,-0.1519269080321671,0.9338931965949923,0.9989770340949828,0.6976372783502405,0,12.172836125129834
10,3,C_ID,0,10000,fixed_I,down,0.676923076923077,0.7817976257772752,0.6910023337400997,0.7888888888888889,0,nan,nan,1.0,1.0,1.0,0,9.008177125127986
10,3,C_ID,0,10000,fixed_I,up,0.7017543859649122,0.8117580553985303,0.7379337776790835,0.8111111111111111,0,nan,nan,1.0,1.0,1.0,0,9.008177125127986
10,3,C_ID,0,10000,fixed_resc,up,0.6666666666666666,0.8058224985867722,0.7315154519255208,0.7888888888888889,2,1.0,1.0,0.37090465884301105,1.8585918594521282,1.0,0,9.008177125127986
10,3,C_ID,0,10000,est_0.01,up,0.6666666666666666,0.8075183719615602,0.726891331582437,0.8,17,-0.23255362244164204,-0.2608162801859182,0.09277821772284571,0.4303582170351723,1.0,0,9.008177125127986
10,3,C_ID,0,10000,est_1,up,0.6764705882352942,0.8066704352741662,0.7327163362671508,0.7888888888888889,0,-0.03383798395513369,-0.18542249329892446,0.980247417946065,0.9887472263400533,1.0,0,9.008177125127986
10,2,C_Random_Min_Diag,4,10000,fixed_I,down,0.42857142857142855,0.732,0.3655932763997073,0.8333333333333334,0,nan,nan,1.0,1.0,0.9919350063179887,0,71.74549795803614
10,2,C_Random_Min_Diag,4,10000,fixed_I,up,0.64,0.7919999999999999,0.6936905750340294,0.9111111111111111,5,nan,nan,1.0,1.0,0.9919350063179887,0,71.74549795803614
10,2,C_Random_Min_Diag,4,10000,fixed_resc,up,0.5217391304347826,0.8017777777777777,0.5839089423648247,0.8777777777777778,6,0.9919350063179887,0.9919350063179887,0.008510863667222516,3.6794879970942267,0.9919350063179887,8,71.74549795803614
10,2,C_Random_Min_Diag,4,10000,est_0.01,up,0.5263157894736842,0.7768888888888889,0.5340304525700783,0.8555555555555555,10,-0.3504212432613751,-0.3583688696831928,9.105815370754011e-08,1.0880747922046672,0.9919350063179887,21,71.74549795803614
10,2,C_Random_Min_Diag,4,10000,est_1,up,0.6666666666666666,0.8062222222222222,0.4962169661967437,0.8888888888888888,7,0.15621132829707732,-0.3856826767568461,0.5419886881632404,1.016289842479754,0.9919350063179887,1,71.74549795803614
10,3,C_ID,3,10000,fixed_I,down,0.676923076923077,0.753143794423182,0.6916050715950894,0.7888888888888889,0,nan,nan,1.0,1.0,1.0,0,11.145793833071366
10,3,C_ID,3,10000,fixed_I,up,0.6792452830188679,0.7761071623838163,0.7437033312017334,0.8111111111111111,0,nan,nan,1.0,1.0,1.0,0,11.145793833071366
10,3,C_ID,3,10000,fixed_resc,up,0.78125,0.8373428102788409,0.8190742574984892,0.8555555555555555,0,1.0,1.0,0.30420360956304815,1.7314785187925885,1.0,0,11.145793833071366
10,3,C_ID,3,10000,est_0.01,up,0.6557377049180327,0.7834882449425916,0.7415821769517803,0.8,14,-0.07963976255756913,-0.26090476244496225,0.05198897864388834,0.5610865931660511,1.0,0,11.145793833071366
10,3,C_ID,3,10000,est_1,up,0.6909090909090909,0.8026243849097867,0.763979351614707,0.8111111111111111,0,-0.466140047052747,-0.25094779743088214,0.9368865224744098,0.9801944468767912,1.0,0,11.145793833071366
10,3,C_ID,4,10000,fixed_I,down,0.59375,0.6510627530364372,0.6276487606738993,0.7222222222222222,0,nan,nan,1.0,1.0,1.0,0,4.372311166021973
10,3,C_ID,4,10000,fixed_I,up,0.6461538461538462,0.6885121457489878,0.6695239953061799,0.7444444444444445,0,nan,nan,1.0,1.0,1.0,0,4.372311166021973
10,3,C_ID,4,10000,fixed_resc,up,0.6470588235294118,0.7059716599190283,0.6956765609576133,0.7444444444444445,0,1.0,1.0,0.5475082242307576,1.509737326751157,1.0,0,4.372311166021973
10,3,C_ID,4,10000,est_0.01,up,0.6461538461538462,0.6966093117408907,0.7004618694761672,0.7444444444444445,13,-0.29673607647307004,-0.46628776260878674,0.49818507449924965,0.8700127407735333,1.0,0,4.372311166021973
10,3,C_ID,4,10000,est_1,up,0.6129032258064516,0.6943319838056681,0.7081701101658059,0.7333333333333333,0,-0.4279686352040439,-0.5118115126371888,0.9707653853310314,0.9944690757252038,1.0,0,4.372311166021973
10,3,C_ID,2,10000,fixed_I,down,0.5,0.6234567901234569,0.5340877347018995,0.7555555555555555,0,nan,nan,1.0,1.0,1.0,0,30.167641625041142
10,3,C_ID,2,10000,fixed_I,up,0.5376344086021505,0.6557907113462669,0.5041229038338588,0.7444444444444445,0,nan,nan,1.0,1.0,1.0,1,30.167641625041142
10,3,C_ID,2,10000,fixed_resc,up,0.5625,0.7072310405643739,0.5528060635036907,0.7666666666666667,4,1.0,1.0,0.33319203229686506,1.5887571845578952,1.0,2,30.167641625041142
10,3,C_ID,2,10000,est_0.01,up,0.5376344086021505,0.6787184009406231,0.5303442514161192,0.7333333333333333,13,0.6543164424304283,0.6409154915202067,0.9010230883370076,0.9802829112109099,1.0,1,30.167641625041142
10,3,C_ID,2,10000,est_1,up,0.5473684210526316,0.7010582010582009,0.5317350512100623,0.7444444444444445,0,0.761819105248169,0.7455991084561294,0.9969061005068186,0.9995312568397554,1.0,0,30.167641625041142
10,3,C_ID,5,10000,fixed_I,down,0.6046511627906976,0.7233846153846154,0.5558251253292396,0.8111111111111111,0,nan,nan,1.0,1.0,1.0,0,6.808471000054851
10,3,C_ID,5,10000,fixed_I,up,0.7111111111111111,0.8335384615384616,0.6834278609656926,0.8555555555555555,0,nan,nan,1.0,1.0,1.0,0,6.808471000054851
10,3,C_ID,5,10000,fixed_resc,up,0.7307692307692307,0.8498461538461538,0.6793799376634704,0.8555555555555555,1,1.0,1.0,0.6084146667989218,1.6228343064033839,1.0,0,6.808471000054851
10,3,C_ID,5,10000,est_0.01,up,0.75,0.8664615384615385,0.8063224558941678,0.8666666666666667,14,-0.07271005330215508,-0.45850620033461414,0.10481323029240984,0.7213198907116704,1.0,0,6.808471000054851
10,3,C_ID,5,10000,est_1,up,0.6818181818181818,0.8446153846153845,0.6750504357878881,0.8444444444444444,0,-0.22974560878703446,-0.35653563199987165,0.9415637448290983,0.9881890395455051,1.0,0,6.808471000054851
10,3,C_ID,6,10000,fixed_I,down,0.48,0.5969444444444445,0.5114045821086345,0.7333333333333333,0,nan,nan,1.0,1.0,1.0,0,11.380579959135503
10,3,C_ID,6,10000,fixed_I,up,0.5862068965517241,0.6605555555555556,0.5251401888606019,0.7333333333333333,0,nan,nan,1.0,1.0,1.0,0,11.380579959135503
10,3,C_ID,6,10000,fixed_resc,up,0.5263157894736842,0.6513888888888889,0.47417839490074054,0.7111111111111111,1,1.0,1.0,0.28757075806455235,1.80739855334193,1.0,0,11.380579959135503
10,3,C_ID,6,10000,est_0.01,up,0.5714285714285714,0.6827777777777778,0.5903691378612037,0.7444444444444445,7,0.2503555076460139,0.1472042876544586,0.04337599228857447,0.8705107342213511,1.0,0,11.380579959135503
10,3,C_ID,6,10000,est_1,up,0.5862068965517241,0.6766666666666667,0.5194452791155905,0.7333333333333333,0,-0.00929297937015478,0.10653338213516332,0.9747918729657713,0.9968536690226557,1.0,0,11.380579959135503
10,3,C_ID,7,10000,fixed_I,down,0.6086956521739131,0.7040264423076923,0.5567257248613036,0.8,0,nan,nan,1.0,1.0,1.0,0,14.618581666843966
10,3,C_ID,7,10000,fixed_I,up,0.6818181818181818,0.8176081730769231,0.6928237520929396,0.8444444444444444,0,nan,nan,1.0,1.0,1.0,0,14.618581666843966
10,3,C_ID,7,10000,fixed_resc,up,0.7391304347826086,0.8392427884615385,0.7552939060347683,0.8666666666666667,3,1.0,1.0,0.4984545177869005,1.4737668466781402,1.0,0,14.618581666843966
10,3,C_ID,7,10000,est_0.01,up,0.6666666666666666,0.7707331730769231,0.6585092100438433,0.8111111111111111,20,0.3511912139817504,0.20313107969656588,0.3007380405233161,0.8871508821620849,1.0,0,14.618581666843966
10,3,C_ID,7,10000,est_1,up,0.6923076923076923,0.8040865384615384,0.6864312144074081,0.8222222222222222,0,0.24075648726893906,0.23389243128844758,0.9502559550112304,0.9946098380611816,1.0,0,14.618581666843966
10,3,C_ID,8,10000,fixed_I,down,0.6046511627906976,0.7430240103828682,0.591510955682788,0.8111111111111111,0,nan,nan,1.0,1.0,1.0,0,11.564122958108783
10,3,C_ID,8,10000,fixed_I,up,0.6842105263157895,0.853990914990266,0.7221973388064153,0.8666666666666667,0,nan,nan,1.0,1.0,1.0,0,11.564122958108783
10,3,C_ID,8,10000,fixed_resc,up,0.6976744186046512,0.8390655418559376,0.6902774349102226,0.8666666666666667,3,1.0,1.0,0.4693522740419318,2.5471968877399465,1.0,0,11.564122958108783
10,3,C_ID,8,10000,est_0.01,up,0.7037037037037037,0.8942245295262816,0.7639741991311471,0.8555555555555555,9,-0.1143184754355759,-0.1749780211982691,0.41201183456039997,0.910658750125518,1.0,0,11.564122958108783
10,3,C_ID,8,10000,est_1,up,0.7843137254901961,0.9253731343283582,0.7752441990901093,0.8888888888888888,0,-0.1731099401656684,-0.21762690103217958,0.9682373626131404,0.9976061180509931,1.0,0,11.564122958108783
10,3,C_ID,9,10000,fixed_I,down,0.6122448979591837,0.7470669427191167,0.5335605603701057,0.8111111111111111,0,nan,nan,1.0,1.0,1.0,0,12.113782624946907
10,3,C_ID,9,10000,fixed_I,up,0.7368421052631579,0.9047619047619048,0.7296290088487516,0.8888888888888888,0,nan,nan,1.0,1.0,1.0,0,12.113782624946907
10,3,C_ID,9,10000,fixed_resc,up,0.7804878048780488,0.9216701173222913,0.7326628103535486,0.9,3,1.0,1.0,0.5907366146160958,1.9221111147689633,1.0,0,12.113782624946907
10,3,C_ID,9,10000,est_0.01,up,0.75,0.8857832988267771,0.7699062315477484,0.8888888888888888,19,0.2532085540335292,-0.09804624846196071,0.030668807188783304,0.3925234314877927,1.0,0,12.113782624946907
10,3,C_ID,9,10000,est_1,up,0.7804878048780488,0.9133885438233263,0.7900258471687043,0.9,0,-0.14628871304703453,-0.06004731959298805,0.9093135173151187,0.9581698524382357,1.0,0,12.113782624946907
10,3,C_Random_Diag,0,10000,fixed_I,down,0.5853658536585366,0.6240985576923077,0.5664030734294709,0.8111111111111111,0,nan,nan,1.0,1.0,0.8610094757923915,0,34.66209774999879
10,3,C_Random_Diag,0,10000,fixed_I,up,0.625,0.7791466346153846,0.5952037589349757,0.8,0,nan,nan,1.0,1.0,0.8610094757923915,0,34.66209774999879
10,3,C_Random_Diag,0,10000,fixed_resc,up,0.6938775510204082,0.8079927884615384,0.6977011313683226,0.8333333333333334,1,0.8610094757923915,0.8610094757923915,0.12614367400364482,2.8963077410936617,0.8610094757923915,1,34.66209774999879
10,3,C_Random_Diag,0,10000,est_0.01,up,0.6521739130434783,0.7833533653846153,0.6563474685363493,0.8222222222222222,16,0.14078587573471485,0.23449512800678254,0.0004608385966194188,0.5649613415486119,0.8610094757923915,4,34.66209774999879
10,3,C_Random_Diag,0,10000,est_1,up,0.6229508196721312,0.7911658653846154,0.604895981724864,0.8,0,0.37339139339868993,0.3871786357684526,0.9675035705590294,0.9883744991122276,0.8610094757923915,0,34.66209774999879
10,3,C_Random_Diag,2,10000,fixed_I,down,0.5882352941176471,0.6850738108255877,0.5603151254930593,0.7555555555555555,0,nan,nan,1.0,1.0,0.4588949097172469,0,6.573069666977972
10,3,C_Random_Diag,2,10000,fixed_I,up,0.6666666666666666,0.7310005467468563,0.6837248189845402,0.8111111111111111,0,nan,nan,1.0,1.0,0.4588949097172469,0,6.573069666977972
10,3,C_Random_Diag,2,10000,fixed_resc,up,0.6415094339622641,0.723346090759978,0.6427982665402363,0.7888888888888889,0,0.4588949097172469,0.4588949097172469,0.5369453414201901,2.419057905714513,0.4588949097172469,0,6.573069666977972
10,3,C_Random_Diag,2,10000,est_0.01,up,0.64,0.7397484964461455,0.7110188859880866,0.8,17,0.5003296232279888,0.2617192945699032,0.0009321201646227987,0.7543528160248703,0.4588949097172469,1,6.573069666977972
10,3,C_Random_Diag,2,10000,est_1,up,0.6551724137931034,0.7334609075997813,0.6603083274749315,0.8,0,0.04004924021911157,0.04375008178905548,0.9662144827246187,0.9944678501350741,0.4588949097172469,0,6.573069666977972
10,2,C_Random_Full,2,10000,fixed_I,down,0.3870967741935484,0.5641891891891893,0.281130664826317,0.8222222222222222,0,nan,nan,1.0,1.0,0.9608405219680652,0,143.35684666689485
10,2,C_Random_Full,2,10000,fixed_I,up,0.4878048780487805,0.7128378378378378,0.33975595025031535,0.8222222222222222,0,nan,nan,1.0,1.0,0.9608405219680652,1,143.35684666689485
10,2,C_Random_Full,2,10000,fixed_resc,up,0.5217391304347826,0.7820945945945945,0.45238475345026385,0.8444444444444444,2,0.9608405219680652,0.9608405219680652,0.08271151762277058,2.088103034605016,0.9608405219680652,30,143.35684666689485
10,2,C_Random_Full,2,10000,est_0.01,up,0.47058823529411764,0.6980574324324325,0.3523412749065137,0.7888888888888889,9,-0.023355597254086476,-0.04697536208052524,2.9072715549492084e-63,0.7210923362434472,0.9608405219680652,7,143.35684666689485
10,2,C_Random_Full,2,10000,est_1,up,0.4827586206896552,0.7546452702702702,0.41179802438957175,0.8444444444444444,2,0.616337447927412,0.3577348908863829,0.7164717265502842,0.9999956892427326,0.9608405219680652,1,143.35684666689485
10,3,C_Random_Diag,3,10000,fixed_I,down,0.5306122448979592,0.6110769230769231,0.4669350887435536,0.7777777777777778,0,nan,nan,1.0,1.0,0.9310177987790167,0,32.37893854221329
10,3,C_Random_Diag,3,10000,fixed_I,up,0.5769230769230769,0.7236923076923077,0.5175458364773428,0.8,0,nan,nan,1.0,1.0,0.9310177987790167,0,32.37893854221329
10,3,C_Random_Diag,3,10000,fixed_resc,up,0.6,0.7676923076923077,0.6179355609027285,0.8,4,0.9310177987790167,0.9310177987790167,0.052483550354182125,2.321468909563525,0.9310177987790167,1,32.37893854221329
10,3,C_Random_Diag,3,10000,est_0.01,up,0.6071428571428571,0.7243076923076924,0.5543837148348595,0.7666666666666667,15,0.3645932267963346,0.34499664001713787,0.24145644737384717,0.7131182013099244,0.9310177987790167,2,32.37893854221329
10,3,C_Random_Diag,3,10000,est_1,up,0.6296296296296297,0.7538461538461538,0.5445264969053097,0.7888888888888889,0,0.3619652082973812,0.31976855142565774,0.9544971821780059,0.9852986933204181,0.9310177987790167,0,32.37893854221329
10,3,C_Random_Min_Diag,0,10000,fixed_I,down,0.5121951219512195,0.6233386496544391,0.5781754424279058,0.7222222222222222,0,nan,nan,1.0,1.0,0.8976459799283337,0,9.696619792142883
10,3,C_Random_Min_Diag,0,10000,fixed_I,up,0.5882352941176471,0.6996278575225944,0.5990626428180171,0.7444444444444445,0,nan,nan,1.0,1.0,0.8976459799283337,0,9.696619792142883
10,3,C_Random_Min_Diag,0,10000,fixed_resc,up,0.5979381443298969,0.6804891015417331,0.5906242072543492,0.7333333333333333,3,0.8976459799283337,0.8976459799283337,0.34144091087429274,1.8548053731372445,0.8976459799283337,0,9.696619792142883
10,3,C_Random_Min_Diag,0,10000,est_0.01,up,0.6052631578947368,0.7030834662413611,0.628972288922342,0.7222222222222222,18,0.2801982850410959,0.27152915826247165,0.7059688489228656,0.9468682358522688,0.8976459799283337,0,9.696619792142883
10,3,C_Random_Min_Diag,0,10000,est_1,up,0.6206896551724138,0.7243487506645402,0.6316174624988659,0.7555555555555555,0,0.3641516195608066,0.33383634300848275,0.9595440072554124,0.9930734104620865,0.8976459799283337,0,9.696619792142883
10,3,C_Random_Diag,4,10000,fixed_I,down,0.6129032258064516,0.6899245689655172,0.5646928829628226,0.7555555555555555,0,nan,nan,1.0,1.0,0.595403921738962,0,19.439562250161543
10,3,C_Random_Diag,4,10000,fixed_I,up,0.6557377049180327,0.7632004310344828,0.6311880362486223,0.7666666666666667,0,nan,nan,1.0,1.0,0.595403921738962,1,19.439562250161543
10,3,C_Random_Diag,4,10000,fixed_resc,up,0.6666666666666666,0.771551724137931,0.627381772977553,0.7666666666666667,0,0.595403921738962,0.595403921738962,0.3169620380165466,1.3744325012852479,0.595403921738962,0,19.439562250161543
10,3,C_Random_Diag,4,10000,est_0.01,up,0.6666666666666666,0.7702047413793104,0.6521837450344632,0.7555555555555555,16,0.3519400713455271,0.3608826065324891,0.39648623766762053,0.7794408525301599,0.595403921738962,1,19.439562250161543
10,3,C_Random_Diag,4,10000,est_1,up,0.6666666666666666,0.7828663793103448,0.5974941213536034,0.7777777777777778,0,0.41372528629475974,0.4728584946174328,0.9631827365936915,0.9835027072628927,0.595403921738962,0,19.439562250161543
10,3,C_Random_Min_Diag,1,10000,fixed_I,down,0.6521739130434783,0.7258273848150552,0.6166052077718007,0.8444444444444444,0,nan,nan,1.0,1.0,0.928425568538791,0,8.700093833962455
10,3,C_Random_Min_Diag,1,10000,fixed_I,up,0.7619047619047619,0.8708630759247242,0.735729640784724,0.8888888888888888,0,nan,nan,1.0,1.0,0.928425568538791,0,8.700093833962455
10,3,C_Random_Min_Diag,1,10000,fixed_resc,up,0.6938775510204082,0.8608046722907203,0.7535341036588659,0.8555555555555555,2,0.928425568538791,0.928425568538791,0.4010314843232456,2.033168678724661,0.928425568538791,0,8.700093833962455
10,3,C_Random_Min_Diag,1,10000,est_0.01,up,0.7619047619047619,0.8968202465931213,0.8195346571923163,0.8888888888888888,13,-0.19265456341124187,-0.42750245533511616,0.04891396602655195,0.9627096479616151,0.928425568538791,0,8.700093833962455
10,3,C_Random_Min_Diag,1,10000,est_1,up,0.7037037037037037,0.8763789746917587,0.7105137239262798,0.8333333333333334,0,-0.34424416760890214,-0.3277404122324869,0.9764823974396838,0.9994519655007857,0.928425568538791,0,8.700093833962455
10,3,C_Random_Min_Diag,2,10000,fixed_I,down,0.5660377358490566,0.6895943562610228,0.46895794557184556,0.7444444444444445,0,nan,nan,1.0,1.0,0.9012118680764538,0,8.612962082959712
10,3,C_Random_Min_Diag,2,10000,fixed_I,up,0.7419354838709677,0.8292181069958847,0.5569219829558649,0.8222222222222222,0,nan,nan,1.0,1.0,0.9012118680764538,0,8.612962082959712
10,3,C_Random_Min_Diag,2,10000,fixed_resc,up,0.7384615384615385,0.8374485596707818,0.574152987171799,0.8222222222222222,2,0.9012118680764538,0.9012118680764538,0.31616384680421683,2.2389920898864726,0.9012118680764538,0,8.612962082959712
10,3,C_Random_Min_Diag,2,10000,est_0.01,up,0.7924528301886793,0.8733098177542622,0.7866406045384466,0.8777777777777778,21,-0.5691644697716087,-0.6687726993946085,0.03348962686970305,0.5337481664712903,0.9012118680764538,0,8.612962082959712
10,3,C_Random_Min_Diag,2,10000,est_1,up,0.7352941176470589,0.8389182833627279,0.619359562159265,0.8,0,-0.5430860760312143,-0.5991742677771041,0.9746381067298951,0.9865650812519554,0.9012118680764538,0,8.612962082959712
10,3,C_Random_Min_Diag,3,10000,fixed_I,down,0.6296296296296297,0.7652307692307693,0.5698720279850381,0.8111111111111111,0,nan,nan,1.0,1.0,0.9513126851356732,0,17.484777041943744
10,3,C_Random_Min_Diag,3,10000,fixed_I,up,0.7777777777777778,0.8581538461538462,0.6085631070286261,0.8666666666666667,0,nan,nan,1.0,1.0,0.9513126851356732,0,17.484777041943744
10,3,C_Random_Min_Diag,3,10000,fixed_resc,up,0.75,0.8566153846153847,0.7216019558521372,0.8666666666666667,1,0.9513126851356732,0.9513126851356732,0.4795788967126239,2.1074739275270433,0.9513126851356732,0,17.484777041943744
10,3,C_Random_Min_Diag,3,10000,est_0.01,up,0.7457627118644068,0.8304615384615385,0.5779026082797367,0.8444444444444444,12,-0.410198942118852,-0.44842878573650213,0.22469480911657838,0.8409695246479602,0.9513126851356732,0,17.484777041943744
10,3,C_Random_Min_Diag,3,10000,est_1,up,0.8076923076923077,0.8787692307692307,0.6191964738918028,0.8888888888888888,0,-0.2878795129314787,-0.2776711888732673,0.968295474545497,0.995968138818709,0.9513126851356732,0,17.484777041943744
10,3,C_ID,1,10000,fixed_I,down,0.48148148148148145,0.639751552795031,0.369107537904512,0.7666666666666667,0,nan,nan,1.0,1.0,1.0,2,183.39060074998997
10,3,C_ID,1,10000,fixed_I,up,0.4666666666666667,0.6759834368530021,0.4153874840840694,0.7888888888888889,3,nan,nan,1.0,1.0,1.0,12,183.39060074998997
10,3,C_ID,1,10000,fixed_resc,up,0.5614035087719298,0.7967563837129054,0.6203812617823816,0.8333333333333334,4,1.0,1.0,0.14281530925023372,2.1859717274289374,1.0,27,183.39060074998997
10,3,C_ID,1,10000,est_0.01,up,0.45454545454545453,0.6614906832298137,0.4207016562372292,0.7666666666666667,10,0.0296730845622524,-0.15158943631950922,0.5990634004941651,0.9132387310393039,1.0,18,183.39060074998997
10,3,C_ID,1,10000,est_1,up,0.6153846153846154,0.7449965493443753,0.5577118785499653,0.8333333333333334,5,0.42431009618115934,0.5468670633213125,0.5680310658829701,0.9553158543842094,1.0,6,183.39060074998997
10,3,C_Random_Full,0,10000,fixed_I,down,0.35294117647058826,0.4364224137931034,0.3732838111645238,0.6666666666666666,0,nan,nan,1.0,1.0,0.7661014248455957,0,19.149884374812245
10,3,C_Random_Full,0,10000,fixed_I,up,0.5544554455445545,0.5296336206896551,0.3603192615468642,0.6444444444444445,0,nan,nan,1.0,1.0,0.7661014248455957,0,19.149884374812245
10,3,C_Random_Full,0,10000,fixed_resc,up,0.5714285714285714,0.5514547413793103,0.35496847114238916,0.6222222222222222,2,0.7661014248455957,0.7661014248455957,0.3234465746961025,1.5492474623605152,0.7661014248455957,0,19.149884374812245
10,3,C_Random_Full,0,10000,est_0.01,up,0.5656565656565656,0.5627693965517242,0.43261270917853667,0.5777777777777777,21,-0.6217409465447614,-0.6316316449926157,0.6636364335019831,0.8877397267763484,0.7661014248455957,0,19.149884374812245
10,3,C_Random_Full,0,10000,est_1,up,0.5909090909090909,0.6317349137931034,0.4430609814931602,0.6444444444444445,0,-0.5770664038484483,-0.5442096557328141,0.9754568925519231,0.9919375545910842,0.7661014248455957,0,19.149884374812245
10,3,C_Random_Diag,1,10000,fixed_I,down,0.43333333333333335,0.5139420448332422,0.4162603047471024,0.6666666666666666,0,nan,nan,1.0,1.0,0.9148725789309965,0,121.6065882910043
10,3,C_Random_Diag,1,10000,fixed_I,up,0.5263157894736842,0.5183160196828869,0.4062767755091993,0.6888888888888889,0,nan,nan,1.0,1.0,0.9148725789309965,2,121.6065882910043
10,3,C_Random_Diag,1,10000,fixed_resc,up,0.5555555555555556,0.612356478950246,0.49519803195775575,0.6888888888888889,2,0.9148725789309965,0.9148725789309965,0.052349509596406274,1.9273215404825266,0.9148725789309965,26,121.6065882910043
10,3,C_Random_Diag,1,10000,est_0.01,up,0.5263157894736842,0.5262438490978677,0.419153185968801,0.6,19,0.32317655894410324,-0.0064411660619335745,0.9759268361477318,0.9980810923856466,0.9148725789309965,6,121.6065882910043
10,3,C_Random_Diag,1,10000,est_1,up,0.5217391304347826,0.5680699835975943,0.4723089401634198,0.6888888888888889,4,0.8931035050954178,0.8254096869022327,0.9992105382787307,0.9999664175270249,0.9148725789309965,0,121.6065882910043
10,3,C_Random_Full,1,10000,fixed_I,down,0.3561643835616438,0.4612379807692307,0.3126798552711743,0.7333333333333333,0,nan,nan,1.0,1.0,0.6646949197231886,0,22.358135459013283
10,3,C_Random_Full,1,10000,fixed_I,up,0.5333333333333333,0.6231971153846154,0.3472862886833651,0.7111111111111111,0,nan,nan,1.0,1.0,0.6646949197231886,0,22.358135459013283
10,3,C_Random_Full,1,10000,fixed_resc,up,0.5681818181818182,0.6760817307692307,0.43179108140180655,0.7222222222222222,2,0.6646949197231886,0.6646949197231886,0.28712254815216287,2.3909400435823738,0.6646949197231886,0,22.358135459013283
10,3,C_Random_Full,1,10000,est_0.01,up,0.5494505494505495,0.677283653846154,0.4913734969800453,0.7444444444444445,10,0.17542544579818464,0.111683424766357,0.7914945710423247,0.9421715714187814,0.6646949197231886,1,22.358135459013283
10,3,C_Random_Full,1,10000,est_1,up,0.5714285714285714,0.6796875,0.40289632547075305,0.7333333333333333,0,0.18369357724810517,0.19787867718283328,0.9840061209036074,0.9955318722420586,0.6646949197231886,0,22.358135459013283
10,3,C_Random_Full,2,10000,fixed_I,down,0.3561643835616438,0.5243348475016223,0.3239686486866318,0.7444444444444445,0,nan,nan,1.0,1.0,0.9290308188730073,0,20.796363375149667
10,3,C_Random_Full,2,10000,fixed_I,up,0.4578313253012048,0.5502920181700194,0.26225298793265484,0.7444444444444445,0,nan,nan,1.0,1.0,0.9290308188730073,0,20.796363375149667
10,3,C_Random_Full,2,10000,fixed_resc,up,0.46511627906976744,0.5843608046722908,0.2747986660157096,0.7333333333333333,1,0.9290308188730073,0.9290308188730073,0.19608103274241084,1.843198054627949,0.9290308188730073,1,20.796363375149667
10,3,C_Random_Full,2,10000,est_0.01,up,0.4421052631578947,0.5694354315379624,0.39720876090640056,0.6444444444444445,23,-0.2087742162910426,-0.1609867681201326,0.9052182248485809,0.9692772619702114,0.9290308188730073,3,20.796363375149667
10,3,C_Random_Full,2,10000,est_1,up,0.43478260869565216,0.5830629461388708,0.3028678445215475,0.7444444444444445,0,-0.16390555449869443,-0.05269434729632672,0.9974221208102502,0.9991820814558244,0.9290308188730073,0,20.796363375149667
10,3,C_Random_Full,3,10000,fixed_I,down,0.49230769230769234,0.6487379807692308,0.5196300617349772,0.7777777777777778,0,nan,nan,1.0,1.0,0.8608015576941712,0,25.249739208025858
10,3,C_Random_Full,3,10000,fixed_I,up,0.5909090909090909,0.7268629807692308,0.6378547193680622,0.8111111111111111,0,nan,nan,1.0,1.0,0.8608015576941712,0,25.249739208025858
10,3,C_Random_Full,3,10000,fixed_resc,up,0.5915492957746479,0.7151442307692308,0.5445751815484475,0.7555555555555555,3,0.8608015576941712,0.8608015576941712,0.13827645790242707,3.122048726486908,0.8608015576941712,4,25.249739208025858
10,3,C_Random_Full,3,10000,est_0.01,up,0.5316455696202531,0.6754807692307693,0.5454650243416161,0.7222222222222222,21,0.43398752417534353,0.43233680578901995,0.6741243592282784,0.9665103206092421,0.8608015576941712,0,25.249739208025858
10,3,C_Random_Full,3,10000,est_1,up,0.5517241379310345,0.7220552884615383,0.5840158405630382,0.7555555555555555,0,0.6021377107755329,0.5446672268680115,0.9500636779812739,0.9972346119345706,0.8608015576941712,0,25.249739208025858
10,3,C_Random_Min_Diag,4,10000,fixed_I,down,0.6190476190476191,0.7508626639061422,0.6450450885897387,0.8555555555555555,0,nan,nan,1.0,1.0,0.9639930427195648,0,65.88735708314925
10,3,C_Random_Min_Diag,4,10000,fixed_I,up,0.75,0.849896480331263,0.7214671179966458,0.8666666666666667,2,nan,nan,1.0,1.0,0.9639930427195648,2,65.88735708314925
10,3,C_Random_Min_Diag,4,10000,fixed_resc,up,0.7555555555555555,0.8692201518288475,0.7356247206983556,0.8777777777777778,2,0.9639930427195648,0.9639930427195648,0.12755862412405938,1.9243186076998156,0.9639930427195648,6,65.88735708314925
10,3,C_Random_Min_Diag,4,10000,est_0.01,up,0.7083333333333334,0.8243616287094546,0.6208852340984505,0.8444444444444444,7,-0.14522490718802933,0.3720015382324639,2.732070674128529e-13,0.7476656036302458,0.9639930427195648,4,65.88735708314925
10,3,C_Random_Min_Diag,4,10000,est_1,up,0.6538461538461539,0.8222912353347136,0.6129867806524287,0.8222222222222222,2,0.7609457617128043,0.7712851355294885,0.9572297182991505,0.995358097002274,0.9639930427195648,0,65.88735708314925
10,4,C_ID,1,10000,fixed_I,down,0.5227272727272727,0.56925,0.5677108051989082,0.6666666666666666,0,nan,nan,1.0,1.0,1.0,0,7.186240084003657
10,4,C_ID,1,10000,fixed_I,up,0.6285714285714286,0.661,0.6704082536009547,0.6777777777777778,0,nan,nan,1.0,1.0,1.0,0,7.186240084003657
10,4,C_ID,1,10000,fixed_resc,up,0.6666666666666666,0.7030000000000001,0.713045820419179,0.7,1,1.0,1.0,0.31409101066799144,1.6448772516828252,1.0,0,7.186240084003657
10,4,C_ID,1,10000,est_0.01,up,0.6436781609195402,0.6735,0.6910285688165012,0.7,14,0.15574485793731704,0.15764297953886627,0.7653050702196221,0.9174048219180216,1.0,0,7.186240084003657
10,4,C_ID,1,10000,est_1,up,0.6216216216216216,0.675,0.6414793253802161,0.6888888888888889,0,0.2470004935445325,0.21929926931310348,0.9694101347099559,0.9918956735308491,1.0,0,7.186240084003657
10,3,C_Random_Full,4,10000,fixed_I,down,0.4666666666666667,0.5915898617511521,0.5130042502382701,0.7555555555555555,0,nan,nan,1.0,1.0,0.6022931354107339,0,14.320536209037527
10,3,C_Random_Full,4,10000,fixed_I,up,0.49382716049382713,0.5777649769585254,0.3546064326949937,0.7222222222222222,0,nan,nan,1.0,1.0,0.6022931354107339,0,14.320536209037527
10,3,C_Random_Full,4,10000,fixed_resc,up,0.5,0.5921658986175116,0.4566281850220714,0.7222222222222222,0,0.6022931354107339,0.6022931354107339,0.2680717739735371,1.9692889455782627,0.6022931354107339,0,14.320536209037527
10,3,C_Random_Full,4,10000,est_0.01,up,0.5,0.5881336405529953,0.45455184806238125,0.7,13,0.016267660674624727,0.05119947260609872,0.8391222434780703,0.976043500829351,0.6022931354107339,0,14.320536209037527
10,3,C_Random_Full,4,10000,est_1,up,0.5,0.6209677419354839,0.3881952161179383,0.7222222222222222,0,-0.02858913932570994,-0.026433927767072783,0.9549172748955822,0.9945977288279693,0.6022931354107339,0,14.320536209037527
10,4,C_ID,3,10000,fixed_I,down,0.611764705882353,0.6318319838056679,0.5238468750494414,0.6444444444444445,0,nan,nan,1.0,1.0,0.9999999999999999,0,4.132712833117694
10,4,C_ID,3,10000,fixed_I,up,0.6470588235294118,0.6384109311740891,0.5255013622897443,0.6333333333333333,0,nan,nan,1.0,1.0,0.9999999999999999,0,4.132712833117694
10,4,C_ID,3,10000,fixed_resc,up,0.6736842105263158,0.7105263157894737,0.6474551836519635,0.6888888888888889,2,0.9999999999999999,0.9999999999999999,0.5339402282267651,1.5220562137810059,0.9999999999999999,0,4.132712833117694
10,4,C_ID,3,10000,est_0.01,up,0.6464646464646465,0.6675101214574899,0.5953272847482329,0.6666666666666666,10,0.16427273569132517,0.17271080622652418,0.8772023438368889,0.9449127849430883,0.9999999999999999,0,4.132712833117694
10,4,C_ID,3,10000,est_1,up,0.6530612244897959,0.6485323886639676,0.5137408343914596,0.6333333333333333,0,0.1522590475492504,0.22648986806889077,0.9944822908538566,0.9976001725310069,0.9999999999999999,0,4.132712833117694
10,4,C_ID,2,10000,fixed_I,down,0.5925925925925926,0.667851284855112,0.6207531874675352,0.7666666666666667,0,nan,nan,1.0,1.0,1.0,0,5.704537000041455
10,4,C_ID,2,10000,fixed_I,up,0.6097560975609756,0.742755604155276,0.6270095006701681,0.7333333333333333,0,nan,nan,1.0,1.0,1.0,0,5.704537000041455
10,4,C_ID,2,10000,fixed_resc,up,0.6428571428571429,0.7509568069983598,0.6531673327275044,0.7777777777777778,0,1.0,1.0,0.5470985509392005,1.4489847489199277,1.0,0,5.704537000041455
10,4,C_ID,2,10000,est_0.01,up,0.6666666666666666,0.7616183706943684,0.6405412601590588,0.7555555555555555,13,0.16885568268142806,-0.004683968969554801,0.4904332790981626,0.7931036611207555,1.0,0,5.704537000041455
10,4,C_ID,2,10000,est_1,up,0.631578947368421,0.7569710224166212,0.6520360334301092,0.7555555555555555,0,0.10207690455449522,0.05233975226793224,0.9760365191629599,0.9919006284822873,1.0,0,5.704537000041455
10,4,C_ID,4,10000,fixed_I,down,0.4935064935064935,0.5592105263157895,0.5343291626103971,0.6333333333333333,0,nan,nan,1.0,1.0,1.0,0,6.526654083048925
10,4,C_ID,4,10000,fixed_I,up,0.625,0.6766194331983806,0.6569292134860795,0.7333333333333333,0,nan,nan,1.0,1.0,1.0,0,6.526654083048925
10,4,C_ID,4,10000,fixed_resc,up,0.6197183098591549,0.6639676113360324,0.6190117124689042,0.7111111111111111,0,1.0,1.0,0.5299711948409009,1.569773137787106,1.0,0,6.526654083048925
10,4,C_ID,4,10000,est_0.01,up,0.625,0.6546052631578947,0.6477588528234091,0.6888888888888889,13,0.34503347103732274,0.3246265643164745,0.9513716413608443,0.9919752916714002,1.0,0,6.526654083048925
10,4,C_ID,4,10000,est_1,up,0.625,0.6543522267206479,0.612437969089523,0.6777777777777778,0,0.3250619461555468,0.313198045403356,0.9995524618269351,0.9999286367006777,1.0,0,6.526654083048925
10,4,C_ID,5,10000,fixed_I,down,0.6153846153846154,0.6953085160632331,0.7266535931168675,0.7444444444444445,0,nan,nan,1.0,1.0,1.0,0,6.186989541165531
10,4,C_ID,5,10000,fixed_I,up,0.6888888888888889,0.7409484956654768,0.6821927642122716,0.6888888888888889,0,nan,nan,1.0,1.0,1.0,0,6.186989541165531
10,4,C_ID,5,10000,fixed_resc,up,0.7045454545454546,0.7990821009688934,0.7531867427820044,0.7444444444444445,2,1.0,1.0,0.4936272892589578,1.7348802887134334,1.0,0,6.186989541165531
10,4,C_ID,5,10000,est_0.01,up,0.7073170731707317,0.7735849056603774,0.7270606970212877,0.7444444444444445,18,0.5846779166390375,0.4125471770775331,0.5913210697950213,0.798967284414728,1.0,0,6.186989541165531
10,4,C_ID,5,10000,est_1,up,0.7466666666666667,0.7995920448750637,0.7568861598781075,0.7888888888888889,0,0.6466774541278718,0.6076388542741479,0.971355200089706,0.9840950286454464,1.0,0,6.186989541165531
10,4,C_ID,6,10000,fixed_I,down,0.59375,0.6442936148818502,0.6461539901433019,0.7111111111111111,0,nan,nan,1.0,1.0,1.0,0,12.675802958896384
10,4,C_ID,6,10000,fixed_I,up,0.64,0.6699346405228759,0.6321112446420382,0.6888888888888889,0,nan,nan,1.0,1.0,1.0,0,12.675802958896384
10,4,C_ID,6,10000,fixed_resc,up,0.6304347826086957,0.691553544494721,0.668718512400538,0.7222222222222222,1,1.0,1.0,0.2995951425170299,1.8709095573912633,1.0,0,12.675802958896384
10,4,C_ID,6,10000,est_0.01,up,0.6593406593406593,0.6955756661639015,0.6518990275658532,0.6888888888888889,8,-0.14808450106897914,-0.14808450106897914,0.7357514551351705,0.9170585297746338,1.0,1,12.675802958896384
10,4,C_ID,6,10000,est_1,up,0.691358024691358,0.7383107088989441,0.7132156636950701,0.7333333333333333,0,-0.002087637598965676,-0.031014854000886004,0.9782667121412189,0.9951302388432939,1.0,0,12.675802958896384
10,4,C_ID,7,10000,fixed_I,down,0.6229508196721312,0.6874003189792663,0.5696641106122071,0.7555555555555555,0,nan,nan,1.0,1.0,0.9999999999999999,0,17.298701875144616
10,4,C_ID,7,10000,fixed_I,up,0.6875,0.796916533758639,0.747438927678229,0.8,0,nan,nan,1.0,1.0,0.9999999999999999,0,17.298701875144616
10,4,C_ID,7,10000,fixed_resc,up,0.711864406779661,0.796916533758639,0.7339422614879714,0.8111111111111111,4,0.9999999999999999,0.9999999999999999,0.518633591311178,1.8615453444469257,0.9999999999999999,0,17.298701875144616
10,4,C_ID,7,10000,est_0.01,up,0.6666666666666666,0.7660818713450293,0.7049997753667998,0.7666666666666667,19,0.10373872228393269,0.06261482390013476,0.18458297662756779,0.5719109586416988,0.9999999999999999,0,17.298701875144616
10,4,C_ID,7,10000,est_1,up,0.6666666666666666,0.797979797979798,0.7258105967662822,0.7888888888888889,0,0.3517956473568592,0.18208358819935308,0.9768359531381036,0.9895617074134313,0.9999999999999999,0,17.298701875144616
10,4,C_ID,9,10000,fixed_I,down,0.7027027027027027,0.7057623661397247,0.6528350587797911,0.7777777777777778,0,nan,nan,1.0,1.0,0.9999999999999998,0,14.53309129201807
10,4,C_ID,9,10000,fixed_I,up,0.7536231884057971,0.8215196328403875,0.7847702929969409,0.8111111111111111,0,nan,nan,1.0,1.0,0.9999999999999998,0,14.53309129201807
10,4,C_ID,9,10000,fixed_resc,up,0.78125,0.8612952575216726,0.8499495913011779,0.8444444444444444,3,0.9999999999999998,0.9999999999999998,0.41243381035983717,2.180232044325333,0.9999999999999998,0,14.53309129201807
10,4,C_ID,9,10000,est_0.01,up,0.7323943661971831,0.8335033146353901,0.819761982823739,0.8,23,0.51671001017396,0.27473406154024654,0.24056614090780898,0.47970263811154584,0.9999999999999998,0,14.53309129201807
10,4,C_ID,9,10000,est_1,up,0.6956521739130435,0.815910249872514,0.7893756593388885,0.7666666666666667,0,0.5596719884815993,0.5502683710105791,0.9597683519534731,0.9744511485395556,0.9999999999999998,0,14.53309129201807
10,4,C_ID,0,10000,fixed_I,down,0.5238095238095238,0.5984415584415583,0.49350292617192765,0.6666666666666666,0,nan,nan,1.0,1.0,1.0,0,46.795716708060354
10,4,C_ID,0,10000,fixed_I,up,0.5882352941176471,0.6319480519480519,0.5057675762493089,0.6777777777777778,0,nan,nan,1.0,1.0,1.0,1,46.795716708060354
10,4,C_ID,0,10000,fixed_resc,up,0.6428571428571429,0.7002597402597404,0.6070479096473331,0.7333333333333333,3,1.0,1.0,0.04647090743518716,1.9094194254765036,1.0,1,46.795716708060354
10,4,C_ID,0,10000,est_0.01,up,0.5858585858585859,0.6574025974025974,0.6279776237550838,0.7222222222222222,19,-0.0047296480389871975,-0.19704106468424956,0.905251345648964,0.974446057565723,1.0,1,46.795716708060354
10,4,C_ID,0,10000,est_1,up,0.6105263157894737,0.6872727272727273,0.574747150538773,0.6888888888888889,2,0.6635419514979233,0.6103096419001416,0.9967920430062541,0.9993214836059132,1.0,0,46.795716708060354
10,4,C_Random_Diag,0,10000,fixed_I,down,0.5894736842105263,0.6145472538347354,0.68553396366642,0.6222222222222222,0,nan,nan,1.0,1.0,0.723950388584306,0,8.905861458042637
10,4,C_Random_Diag,0,10000,fixed_I,up,0.7238095238095238,0.7268678871845621,0.7557613774424243,0.7,0,nan,nan,1.0,1.0,0.723950388584306,0,8.905861458042637
10,4,C_Random_Diag,0,10000,fixed_resc,up,0.7387387387387387,0.7179614052449282,0.7376669786652899,0.6888888888888889,1,0.723950388584306,0.723950388584306,0.3238831420176417,2.8103228651815892,0.723950388584306,0,8.905861458042637
10,4,C_Random_Diag,0,10000,est_0.01,up,0.7339449541284404,0.748144482929243,0.7814879442518925,0.7111111111111111,15,0.29550995082858916,0.3205216135749226,0.8396355630376082,0.9331242272006822,0.723950388584306,0,8.905861458042637
10,4,C_Random_Diag,0,10000,est_1,up,0.7474747474747475,0.7587827808015835,0.7908371537291162,0.7222222222222222,0,0.4860406699473223,0.4942465442275607,0.989138709322577,0.9956745859293363,0.723950388584306,0,8.905861458042637
10,4,C_Random_Diag,1,10000,fixed_I,down,0.5617977528089888,0.5980587356893976,0.565679480244105,0.6222222222222222,0,nan,nan,1.0,1.0,0.5000464672167266,0,12.139639457920566
10,4,C_Random_Diag,1,10000,fixed_I,up,0.6782608695652174,0.6650074664011946,0.5733315121991048,0.6333333333333333,0,nan,nan,1.0,1.0,0.5000464672167266,0,12.139639457920566
10,4,C_Random_Diag,1,10000,fixed_resc,up,0.6666666666666666,0.6687406669985068,0.6285636982132645,0.6444444444444445,1,0.5000464672167266,0.5000464672167266,0.45109097020307315,1.6214381604357804,0.5000464672167266,0,12.139639457920566
10,4,C_Random_Diag,1,10000,est_0.01,up,0.6837606837606838,0.6834245893479343,0.6184351986317983,0.6777777777777778,5,0.2448161993086487,0.2803163465132316,0.9761548018763494,0.9966263721088743,0.5000464672167266,2,12.139639457920566
10,4,C_Random_Diag,1,10000,est_1,up,0.6842105263157895,0.7127924340467895,0.6258229005798294,0.6777777777777778,0,0.25568068705101116,0.292007925822496,0.999541698470892,0.999937522650172,0.5000464672167266,0,12.139639457920566
10,4,C_Random_Diag,3,10000,fixed_I,down,0.5833333333333334,0.6884014423076923,0.5386539058717433,0.7888888888888889,0,nan,nan,1.0,1.0,0.6861856116846397,0,17.848234083037823
10,4,C_Random_Diag,3,10000,fixed_I,up,0.6363636363636364,0.7767427884615384,0.6741318792618315,0.8333333333333334,0,nan,nan,1.0,1.0,0.6861856116846397,0,17.848234083037823
10,4,C_Random_Diag,3,10000,fixed_resc,up,0.56,0.7427884615384616,0.6230688422567972,0.7888888888888889,2,0.6861856116846397,0.6861856116846397,0.191451503599208,3.0957383999653714,0.6861856116846397,0,17.848234083037823
10,4,C_Random_Diag,3,10000,est_0.01,up,0.6956521739130435,0.7779447115384616,0.6720877691877634,0.8444444444444444,15,0.264130755588184,0.32205068433757406,0.0006110065555445006,0.6159528641532267,0.6861856116846397,2,17.848234083037823
10,4,C_Random_Diag,3,10000,est_1,up,0.625,0.7719350961538461,0.6310202292394224,0.8111111111111111,0,0.3978016828173667,0.4053116913940908,0.9618523247415072,0.9915505517450502,0.6861856116846397,0,17.848234083037823
10,4,C_ID,8,10000,fixed_I,down,0.6037735849056604,0.713231273920175,0.6431300424789193,0.7666666666666667,0,nan,nan,1.0,1.0,0.9999999999999999,0,43.0174675420858
10,4,C_ID,8,10000,fixed_I,up,0.6896551724137931,0.7211591033351559,0.65257103388579,0.8,0,nan,nan,1.0,1.0,0.9999999999999999,0,43.0174675420858
10,4,C_ID,8,10000,fixed_resc,up,0.6451612903225806,0.7225259704756697,0.653011694460446,0.7555555555555555,2,0.9999999999999999,0.9999999999999999,0.1296117651780513,1.6176714237085206,0.9999999999999999,1,43.0174675420858
10,4,C_ID,8,10000,est_0.01,up,0.6440677966101694,0.7241662110442865,0.6619270805053675,0.7666666666666667,6,-0.16387838190554183,0.2771313978742969,6.674369254304873e-10,0.6917156187084839,0.9999999999999999,4,43.0174675420858
10,4,C_ID,8,10000,est_1,up,0.6666666666666666,0.7186987424822308,0.6086192145959353,0.7777777777777778,2,0.4360603039830323,0.47175922270371934,0.9489733663133902,0.9908443822802997,0.9999999999999999,0,43.0174675420858
10,4,C_Random_Diag,2,10000,fixed_I,down,0.6071428571428571,0.6502777777777777,0.5179979365848306,0.7666666666666667,0,nan,nan,1.0,1.0,0.6476899767414456,0,21.740656374953687
10,4,C_Random_Diag,2,10000,fixed_I,up,0.6666666666666666,0.7488888888888889,0.723139170471066,0.8,0,nan,nan,1.0,1.0,0.6476899767414456,0,21.740656374953687
10,4,C_Random_Diag,2,10000,fixed_resc,up,0.6666666666666666,0.7552777777777778,0.6536312554291112,0.8,2,0.6476899767414456,0.6476899767414456,0.0961782204917894,2.188770853244999,0.6476899767414456,2,21.740656374953687
10,4,C_Random_Diag,2,10000,est_0.01,up,0.6779661016949152,0.7541666666666667,0.7233381002816739,0.8,13,-0.04923283358618018,-0.05971890097480403,0.18876370926820527,0.8879488265867591,0.6476899767414456,0,21.740656374953687
10,4,C_Random_Diag,2,10000,est_1,up,0.6567164179104478,0.7402777777777778,0.7074121422149435,0.7777777777777778,0,-0.015146340212659705,-0.06512411824821318,0.9780659671901204,0.9979637797064319,0.6476899767414456,0,21.740656374953687
10,4,C_Random_Diag,4,10000,fixed_I,down,0.5614035087719298,0.6039979757085021,0.6262130054558113,0.7222222222222222,0,nan,nan,1.0,1.0,0.6632422498884005,0,14.182264416944236
10,4,C_Random_Diag,4,10000,fixed_I,up,0.6422018348623854,0.6991396761133604,0.664501204782778,0.6888888888888889,0,nan,nan,1.0,1.0,0.6632422498884005,0,14.182264416944236
10,4,C_Random_Diag,4,10000,fixed_resc,up,0.6470588235294118,0.7325404858299596,0.7163042782322075,0.7333333333333333,3,0.6632422498884005,0.6632422498884005,0.1914842577944915,2.5637077570782596,0.6632422498884005,0,14.182264416944236
10,4,C_Random_Diag,4,10000,est_0.01,up,0.6588235294117647,0.7246963562753037,0.690567148127821,0.7111111111111111,13,-0.08332265335752623,-0.09522160277904167,0.6132801188359682,0.8731015042355061,0.6632422498884005,0,14.182264416944236
10,4,C_Random_Diag,4,10000,est_1,up,0.675,0.7462044534412955,0.706480939516324,0.7333333333333333,0,-0.06928292676669431,0.08298886622791224,0.9724687772230879,0.9927255186614721,0.6632422498884005,0,14.182264416944236
10,4,C_Random_Min_Diag,0,10000,fixed_I,down,0.48,0.588641826923077,0.40095440217589146,0.7222222222222222,0,nan,nan,1.0,1.0,0.9421345442317864,0,7.655060000019148
10,4,C_Random_Min_Diag,0,10000,fixed_I,up,0.625,0.7653245192307692,0.555498534818259,0.8,0,nan,nan,1.0,1.0,0.9421345442317864,0,7.655060000019148
10,4,C_Random_Min_Diag,0,10000,fixed_resc,up,0.5714285714285714,0.7367788461538461,0.49140480117341545,0.7888888888888889,1,0.9421345442317864,0.9421345442317864,0.2891077409995155,1.9177607653560493,0.9421345442317864,0,7.655060000019148
10,4,C_Random_Min_Diag,0,10000,est_0.01,up,0.5974025974025974,0.7860576923076923,0.6228566336264358,0.7777777777777778,16,-0.22373146928660648,-0.23723323196754023,0.8271855019287511,0.9539810277026123,0.9421345442317864,0,7.655060000019148
10,4,C_Random_Min_Diag,0,10000,est_1,up,0.6133333333333333,0.7893629807692308,0.5629651793996386,0.7777777777777778,0,-0.11341016386869333,-0.1223977507332583,0.9914334311322416,0.9981400297258044,0.9421345442317864,0,7.655060000019148
10,4,C_Random_Min_Diag,1,10000,fixed_I,down,0.5333333333333333,0.5733024691358024,0.5157255671588187,0.6666666666666666,0,nan,nan,1.0,1.0,0.8705982351657526,0,11.009121124865487
10,4,C_Random_Min_Diag,1,10000,fixed_I,up,0.6923076923076923,0.7497427983539096,0.6553520523241482,0.7444444444444445,0,nan,nan,1.0,1.0,0.8705982351657526,0,11.009121124865487
10,4,C_Random_Min_Diag,1,10000,fixed_resc,up,0.684931506849315,0.7479423868312757,0.7030842028029733,0.7555555555555555,0,0.8705982351657526,0.8705982351657526,0.42553692251498193,2.2134554521285335,0.8705982351657526,0,11.009121124865487
10,4,C_Random_Min_Diag,1,10000,est_0.01,up,0.6753246753246753,0.7391975308641976,0.7121422336234177,0.7444444444444445,19,0.11468451369859067,0.10372989889473708,0.5321256858221297,0.8411114511030386,0.8705982351657526,1,11.009121124865487
10,4,C_Random_Min_Diag,1,10000,est_1,up,0.696969696969697,0.768775720164609,0.702453106381829,0.7777777777777778,0,0.012098145814699333,0.03334150559774088,0.9663124955118247,0.9894801210323277,0.8705982351657526,0,11.009121124865487
10,4,C_Random_Min_Diag,3,10000,fixed_I,down,0.575,0.6032608695652174,0.6384058967112234,0.6444444444444445,0,nan,nan,1.0,1.0,0.9123815002921626,0,8.86961679207161
10,4,C_Random_Min_Diag,3,10000,fixed_I,up,0.6616541353383458,0.6351284584980237,0.6361495108300231,0.6777777777777778,0,nan,nan,1.0,1.0,0.9123815002921626,0,8.86961679207161
10,4,C_Random_Min_Diag,3,10000,fixed_resc,up,0.688,0.6830533596837944,0.6986028158430787,0.7,2,0.9123815002921626,0.9123815002921626,0.4286985127827612,1.9136038614799278,0.9123815002921626,0,8.86961679207161
10,4,C_Random_Min_Diag,3,10000,est_0.01,up,0.6666666666666666,0.654397233201581,0.707026262178386,0.6777777777777778,23,0.24067884753046306,0.2601625620511319,0.9928951508393655,0.9952633694948131,0.9123815002921626,0,8.86961679207161
10,4,C_Random_Min_Diag,3,10000,est_1,up,0.6567164179104478,0.6269762845849802,0.6033842392005451,0.6111111111111112,0,0.15560984164413016,0.2830914754002725,0.9999993145372891,1.0000020351950683,0.9123815002921626,0,8.86961679207161
10,4,C_Random_Full,0,10000,fixed_I,down,0.6,0.6294176207068194,0.5730304529260077,0.6666666666666666,0,nan,nan,1.0,1.0,0.7937857017206028,0,12.37659908295609
10,4,C_Random_Full,0,10000,fixed_I,up,0.6666666666666666,0.6719761075161772,0.6419485078555498,0.6555555555555556,0,nan,nan,1.0,1.0,0.7937857017206028,0,12.37659908295609
10,4,C_Random_Full,0,10000,fixed_resc,up,0.6909090909090909,0.6767048282727726,0.6199448262419025,0.6555555555555556,5,0.7937857017206028,0.7937857017206028,0.302214571577765,2.0363722623344036,0.7937857017206028,0,12.37659908295609
10,4,C_Random_Full,0,10000,est_0.01,up,0.6727272727272727,0.659283225485316,0.6218594978512542,0.6444444444444445,12,-0.09021095238081778,-0.0654699603759003,0.8461782464370364,0.9731868440342644,0.7937857017206028,0,12.37659908295609
10,4,C_Random_Full,0,10000,est_1,up,0.6727272727272727,0.660776505724241,0.5946913432986727,0.6333333333333333,0,-0.09502099896970567,-0.0564055479593939,0.9986679240556067,0.9998130809086294,0.7937857017206028,0,12.37659908295609
10,4,C_Random_Min_Diag,2,10000,fixed_I,down,0.6956521739130435,0.6779835390946503,0.6921663993945624,0.7666666666666667,0,nan,nan,1.0,1.0,0.9384289414516462,0,20.83522295905277
10,4,C_Random_Min_Diag,2,10000,fixed_I,up,0.631578947368421,0.667695473251029,0.5965002266450176,0.6888888888888889,0,nan,nan,1.0,1.0,0.9384289414516462,0,20.83522295905277
10,4,C_Random_Min_Diag,2,10000,fixed_resc,up,0.6511627906976745,0.7016460905349794,0.6356516322245852,0.7,4,0.9384289414516462,0.9384289414516462,0.3596562441380324,1.7874001097190533,0.9384289414516462,0,20.83522295905277
10,4,C_Random_Min_Diag,2,10000,est_0.01,up,0.6444444444444445,0.690843621399177,0.658103435223384,0.7,22,0.37691739222249415,0.4264873523856025,0.8063739233501336,0.9349762686048424,0.9384289414516462,2,20.83522295905277
10,4,C_Random_Min_Diag,2,10000,est_1,up,0.6410256410256411,0.7186213991769548,0.6748092695537697,0.7555555555555555,0,0.42773054809923633,0.4756330052892784,0.9769648906971728,0.9918106798078307,0.9384289414516462,0,20.83522295905277
10,4,C_Random_Full,1,10000,fixed_I,down,0.5714285714285714,0.598960910440376,0.6005319547035872,0.6333333333333333,0,nan,nan,1.0,1.0,0.7947183997016073,0,14.825623208191246
10,4,C_Random_Full,1,10000,fixed_I,up,0.6466165413533834,0.6232063334982682,0.6324044118760042,0.6333333333333333,0,nan,nan,1.0,1.0,0.7947183997016073,0,14.825623208191246
10,4,C_Random_Full,1,10000,fixed_resc,up,0.6491228070175439,0.6284017812963879,0.633476391320847,0.6555555555555556,4,0.7947183997016073,0.7947183997016073,0.274457334738827,2.1014554584024,0.7947183997016073,0,14.825623208191246
10,4,C_Random_Full,1,10000,est_0.01,up,0.6554621848739496,0.6108362196932212,0.6313569117134841,0.6111111111111112,14,0.017976529270766716,0.03222424025760248,0.853468846689444,0.9635797692976632,0.7947183997016073,0,14.825623208191246
10,4,C_Random_Full,1,10000,est_1,up,0.6466165413533834,0.6212271152894606,0.624472415469925,0.6222222222222222,0,-0.06657919450535955,0.12348455920240842,0.9998674095014811,0.9999763343696265,0.7947183997016073,0,14.825623208191246
10,4,C_Random_Full,3,10000,fixed_I,down,0.6382978723404256,0.6279012345679011,0.601792673718361,0.6222222222222222,0,nan,nan,1.0,1.0,0.12531040727738485,0,11.007378541165963
10,4,C_Random_Full,3,10000,fixed_I,up,0.6902654867256637,0.6323456790123457,0.6337154074094262,0.6111111111111112,0,nan,nan,1.0,1.0,0.12531040727738485,0,11.007378541165963
10,4,C_Random_Full,3,10000,fixed_resc,up,0.6896551724137931,0.6545679012345679,0.6756365284291481,0.6666666666666666,0,0.12531040727738485,0.12531040727738485,0.469670174691402,1.7560035145206712,0.12531040727738485,0,11.007378541165963
10,4,C_Random_Full,3,10000,est_0.01,up,0.7027027027027027,0.6503703703703704,0.6673153192493742,0.6333333333333333,13,0.262403732008802,0.26374456591962203,0.7377705268108877,0.9199652787567408,0.12531040727738485,0,11.007378541165963
10,4,C_Random_Full,3,10000,est_1,up,0.6964285714285714,0.6380246913580248,0.6107683687784254,0.6222222222222222,0,0.32867915608848913,0.3457594437259516,0.9942315075158856,0.9983218016068932,0.12531040727738485,0,11.007378541165963
10,1,C_ID,0,inf,fixed_I,down,0.30434782608695654,0.40966628308400455,0.14526575847020284,0.8777777777777778,52,nan,nan,1.0,1.0,0.9999999999999999,0,0.5847473330795765
10,1,C_ID,0,inf,fixed_I,up,0.35555555555555557,0.4907940161104718,0.31857367643574014,0.6777777777777778,52,nan,nan,1.0,1.0,0.9999999999999999,0,0.5847473330795765
10,1,C_ID,0,inf,fixed_resc,up,0.5714285714285714,0.5874568469505178,0.37883518336782357,0.9,42,0.9999999999999999,0.9999999999999999,0.46777046892827645,1.6764808679696948,0.9999999999999999,0,0.5847473330795765
10,1,C_ID,0,inf,est_0.01,up,0.3728813559322034,0.48331415420023016,0.2782338090628817,0.6888888888888889,50,0.32040497010749674,0.29814686774813487,0.9964138783092864,1.0000000000000007,0.9999999999999999,0,0.5847473330795765
10,1,C_ID,0,inf,est_1,up,0.3142857142857143,0.4666283084004603,0.23253468054461313,0.5444444444444444,36,0.3193297316605832,0.3136638076640378,0.9995171332488483,0.9999999999999987,0.9999999999999999,0,0.5847473330795765
10,1,C_ID,1,inf,fixed_I,down,0.46153846153846156,0.5521262002743483,0.13039569704815512,0.7666666666666667,54,nan,nan,1.0,1.0,1.0,0,0.5987054579891264
10,1,C_ID,1,inf,fixed_I,up,0.35294117647058826,0.48422496570644724,0.15116213822913105,0.7222222222222222,56,nan,nan,1.0,1.0,1.0,0,0.5987054579891264
10,1,C_ID,1,inf,fixed_resc,up,0.4864864864864865,0.5596707818930041,0.2245318683915175,0.7888888888888889,55,1.0,1.0,0.26183323156181004,1.9302329924535424,1.0,0,0.5987054579891264
10,1,C_ID,1,inf,est_0.01,up,0.3684210526315789,0.6083676268861453,0.23638896262544584,0.7333333333333333,56,-0.4440796977534292,-0.3142605084100094,0.9615348679089957,1.0048960124494448,1.0,0,0.5987054579891264
10,1,C_ID,1,inf,est_1,up,0.6666666666666666,0.5679012345679013,0.21941686226147378,0.9333333333333333,25,-0.6199356144852087,-0.25391490692816165,0.971758077588408,1.001633033489882,1.0,0,0.5987054579891264
10,1,C_ID,2,inf,fixed_I,down,0.4090909090909091,0.4588477366255145,0.14816677768783337,0.9,54,nan,nan,1.0,1.0,1.0,0,0.6521497499197721
10,1,C_ID,2,inf,fixed_I,up,0.4,0.5754458161865569,0.2699414992267781,0.7,40,nan,nan,1.0,1.0,1.0,0,0.6521497499197721
10,1,C_ID,2,inf,fixed_resc,up,0.4186046511627907,0.5452674897119342,0.2682673957775377,0.7222222222222222,55,1.0,1.0,0.0954386191669315,1.7935575410601226,1.0,0,0.6521497499197721
10,1,C_ID,2,inf,est_0.01,up,0.38095238095238093,0.5233196159122084,0.21525162572628515,0.7111111111111111,58,-0.5253150560326223,-0.5914053799676543,0.9718319495663867,1.0000001331858557,1.0,0,0.6521497499197721
10,1,C_ID,2,inf,est_1,up,0.4090909090909091,0.4993141289437586,0.11478012960582692,0.7111111111111111,52,-0.45183228742075143,-0.5836019579422697,0.9892500148064112,1.0000917010793107,1.0,0,0.6521497499197721
10,1,C_ID,3,inf,fixed_I,down,0.7272727272727273,0.558139534883721,0.33439379722692747,0.9666666666666667,80,nan,nan,1.0,1.0,0.9999999999999998,0,0.5829205419868231
10,1,C_ID,3,inf,fixed_I,up,0.10126582278481013,0.18459302325581395,0.14911068157266452,0.2111111111111111,82,nan,nan,1.0,1.0,0.9999999999999998,0,0.5829205419868231
10,1,C_ID,3,inf,fixed_resc,up,0.47058823529411764,0.29796511627906974,0.2738694363363512,0.9,80,0.9999999999999998,0.9999999999999998,0.07110938860866163,2.8828539667498196,0.9999999999999998,0,0.5829205419868231
10,1,C_ID,3,inf,est_0.01,up,0.5714285714285714,0.18749999999999994,0.14921825472240635,0.9666666666666667,82,-0.2479738151483001,0.03249387145846515,0.9450271990025664,1.0273699456304781,0.9999999999999998,0,0.5829205419868231
10,1,C_ID,3,inf,est_1,up,0.1,0.19186046511627908,0.1494334627568396,0.2,82,0.002884241603597104,0.24899412091346682,0.9999195052271459,1.0000007325275346,0.9999999999999998,0,0.5829205419868231
10,1,C_ID,4,inf,fixed_I,down,0.21428571428571427,0.3839285714285714,0.06307678110003692,0.9333333333333333,80,nan,nan,1.0,1.0,1.0,0,0.7820562501437962
10,1,C_ID,4,inf,fixed_I,up,0.7058823529411765,0.4285714285714286,0.30056011718105297,0.9444444444444444,73,nan,nan,1.0,1.0,1.0,0,0.7820562501437962
10,1,C_ID,4,inf,fixed_resc,up,0.75,0.6537698412698414,0.4711962420295754,0.9555555555555556,54,1.0,1.0,0.0077875266183556864,1.9712432305918994,1.0,0,0.7820562501437962
10,1,C_ID,4,inf,est_0.01,up,0.6666666666666666,0.367063492063492,0.3697592361975923,0.9333333333333333,88,-0.6150023606462868,-0.6301083936839089,0.9521302347591679,1.0000000000000009,1.0,0,0.7820562501437962
10,1,C_ID,4,inf,est_1,up,0.75,0.42857142857142894,0.3143168604651163,0.9555555555555556,86,-0.6300418599723926,-0.6911540042299037,0.9976621233872216,0.9999999999999997,1.0,0,0.7820562501437962
10,4,C_Random_Full,2,10000,fixed_I,down,0.4307692307692308,0.5236576289207868,0.4332128476183875,0.6666666666666666,0,nan,nan,1.0,1.0,0.9461770563595165,0,19.555752584012225
10,4,C_Random_Full,2,10000,fixed_I,up,0.5918367346938775,0.6135034556087188,0.4768548880865585,0.6555555555555556,0,nan,nan,1.0,1.0,0.9461770563595165,0,19.555752584012225
10,4,C_Random_Full,2,10000,fixed_resc,up,0.5773195876288659,0.5571504518872941,0.39503326699710384,0.6333333333333333,2,0.9461770563595165,0.9461770563595165,0.3387795979081885,1.9413130408087989,0.9461770563595165,0,19.555752584012225
10,4,C_Random_Full,2,10000,est_0.01,up,0.5904761904761905,0.5497076023391813,0.46532733775882307,0.5666666666666667,29,0.16713702317025825,0.05227376217188108,0.9173172980470666,0.9633629640253785,0.9461770563595165,2,19.555752584012225
10,4,C_Random_Full,2,10000,est_1,up,0.5869565217391305,0.5986177565124934,0.46489541958023906,0.6555555555555556,0,-0.04546965769591602,-0.043801566067211216,0.9874261247943281,0.9937765896878635,0.9461770563595165,0,19.555752584012225
10,1,C_ID,6,inf,fixed_I,down,0.5,0.3631669535283993,0.131405564514967,0.9222222222222223,68,nan,nan,1.0,1.0,1.0,0,0.6296636660117656
10,1,C_ID,6,inf,fixed_I,up,0.35714285714285715,0.47418244406196214,0.21100100201087552,0.8,64,nan,nan,1.0,1.0,1.0,0,0.6296636660117656
10,1,C_ID,6,inf,fixed_resc,up,0.4,0.482788296041308,0.33973719794615315,0.8666666666666667,55,1.0,1.0,0.13340187188588615,1.733352758416096,1.0,0,0.6296636660117656
10,1,C_ID,6,inf,est_0.01,up,0.35714285714285715,0.3795180722891566,0.19772218551490703,0.8,63,-0.20509582115159936,-0.22396227542412572,0.9888256967162675,1.000125460627327,1.0,0,0.6296636660117656
10,1,C_ID,6,inf,est_1,up,0.208955223880597,0.4475043029259897,0.20427829484530413,0.6333333333333333,52,-0.22979962005500898,-0.2066866725310873,0.9983981559905292,1.000070042107316,1.0,0,0.6296636660117656
10,1,C_ID,7,inf,fixed_I,down,0.25,0.4375,0.13796773547900887,0.9111111111111111,58,nan,nan,1.0,1.0,1.0,0,1.0368868331424892
10,1,C_ID,7,inf,fixed_I,up,0.36363636363636365,0.46951219512195125,0.1456317281372037,0.6888888888888889,54,nan,nan,1.0,1.0,1.0,0,1.0368868331424892
10,1,C_ID,7,inf,fixed_resc,up,0.2909090909090909,0.725609756097561,0.5754716981132075,0.5666666666666667,53,1.0,1.0,0.014244530337909135,2.461126552144615,1.0,0,1.0368868331424892
10,1,C_ID,7,inf,est_0.01,up,0.6153846153846154,0.7317073170731707,0.5769230769230769,0.8888888888888888,52,-0.574938181294775,-0.5906159514865866,0.9886412657324073,1.000000000494738,1.0,0,1.0368868331424892
10,1,C_ID,7,inf,est_1,up,0.36363636363636365,0.5129573170731707,0.1505307332354746,0.6888888888888889,54,-0.4902797621217746,-0.5834298059979202,0.9951492536453845,1.000000000000043,1.0,0,1.0368868331424892
10,1,C_ID,8,inf,fixed_I,down,0.37037037037037035,0.4914529914529915,0.16442495100327126,0.8666666666666667,36,nan,nan,1.0,1.0,0.9999999999999998,0,0.6784203751012683
10,1,C_ID,8,inf,fixed_I,up,0.4,0.5416666666666666,0.14058250520889148,0.6888888888888889,36,nan,nan,1.0,1.0,0.9999999999999998,0,0.6784203751012683
10,1,C_ID,8,inf,fixed_resc,up,0.3235294117647059,0.5325854700854701,0.16358114336165452,0.6333333333333333,23,0.9999999999999998,0.9999999999999998,0.28004769612616554,1.8659988254997233,0.9999999999999998,0,0.6784203751012683
10,1,C_ID,8,inf,est_0.01,up,0.4,0.6169871794871795,0.27414752994610214,0.7111111111111111,38,-0.6046035127691868,-0.6075921944368545,0.9797724325339227,1.0000000003589677,0.9999999999999998,0,0.6784203751012683
10,1,C_ID,8,inf,est_1,up,0.3829787234042553,0.5908119658119657,0.2621680152453417,0.6777777777777778,38,-0.7257276647044462,-0.6373917767547619,0.969980414398348,1.0016573513018738,0.9999999999999998,0,0.6784203751012683
10,1,C_ID,9,inf,fixed_I,down,0.34146341463414637,0.573125,0.17155946338838163,0.8888888888888888,42,nan,nan,1.0,1.0,1.0,0,0.557626583147794
10,1,C_ID,9,inf,fixed_I,up,0.3,0.56125,0.12090449888605627,0.7111111111111111,21,nan,nan,1.0,1.0,1.0,0,0.557626583147794
10,1,C_ID,9,inf,fixed_resc,up,0.2777777777777778,0.604375,0.35053032137021123,0.7111111111111111,41,1.0,1.0,0.13058641236739107,2.1934069659882667,1.0,0,0.557626583147794
10,1,C_ID,9,inf,est_0.01,up,0.425531914893617,0.6368750000000001,0.36158921173152436,0.7111111111111111,41,-0.5899020336407909,-0.5925512964121439,0.9831030520270582,1.0000003984592112,1.0,0,0.557626583147794
10,1,C_ID,9,inf,est_1,up,0.32558139534883723,0.703125,0.38419887937027575,0.7,27,-0.5532714653992157,-0.5347623958743064,0.9502781176991825,1.000343311348125,1.0,0,0.557626583147794
10,1,C_Random_Diag,0,inf,fixed_I,down,0.4375,0.323170731707317,0.06473980074407874,0.8,56,nan,nan,1.0,1.0,0.9043320582491393,0,0.6220156669151038
10,1,C_Random_Diag,0,inf,fixed_I,up,0.41379310344827586,0.45884146341463405,0.11183083557309563,0.8111111111111111,56,nan,nan,1.0,1.0,0.9043320582491393,0,0.6220156669151038
10,1,C_Random_Diag,0,inf,fixed_resc,up,0.38095238095238093,0.6265243902439025,0.5024618624772312,0.7111111111111111,61,0.9043320582491393,0.9043320582491393,0.07704082581135877,5.403498149673808,0.9043320582491393,0,0.6220156669151038
10,1,C_Random_Diag,0,inf,est_0.01,up,0.30303030303030304,0.6021341463414634,0.3895784683815347,0.7444444444444445,45,0.285223650021891,0.3151557478554733,0.7688543626769984,1.0039647959645173,0.9043320582491393,0,0.6220156669151038
10,1,C_Random_Diag,0,inf,est_1,up,0.24242424242424243,0.42073170731707316,0.19205717845286385,0.5222222222222223,60,-0.18513238918150826,0.41322365873858063,0.9999954986999153,1.0000102248697527,0.9043320582491393,0,0.6220156669151038
10,1,C_Random_Diag,1,inf,fixed_I,down,0.6,0.5543750000000001,0.1636050015998699,0.8888888888888888,38,nan,nan,1.0,1.0,0.7741271239915359,0,0.644795959116891
10,1,C_Random_Diag,1,inf,fixed_I,up,0.4090909090909091,0.620625,0.18215749828454147,0.7111111111111111,23,nan,nan,1.0,1.0,0.7741271239915359,0,0.644795959116891
10,1,C_Random_Diag,1,inf,fixed_resc,up,0.45454545454545453,0.6568750000000001,0.24381836030790735,0.7333333333333333,41,0.7741271239915359,0.7741271239915359,0.2544556441750846,3.5701254950681065,0.7741271239915359,0,0.644795959116891
10,1,C_Random_Diag,1,inf,est_0.01,up,0.4186046511627907,0.6525,0.23895456726923692,0.7222222222222222,28,0.03879572529975892,-0.19904419945324783,0.9723688336334781,1.0184977910365796,0.7741271239915359,0,0.644795959116891
10,1,C_Random_Diag,1,inf,est_1,up,0.5714285714285714,0.59875,0.1787907896981817,0.8333333333333334,27,0.07783146260104601,0.07783146260104601,0.9971247352144685,1.0012591644322266,0.7741271239915359,0,0.644795959116891
10,1,C_Random_Diag,2,inf,fixed_I,down,0.3333333333333333,0.15843023255813957,0.08400715730097913,0.9555555555555556,78,nan,nan,1.0,1.0,0.7852381628994494,0,0.6955760419368744
10,1,C_Random_Diag,2,inf,fixed_I,up,0.5,0.2020348837209302,0.14958556936813,0.9111111111111111,80,nan,nan,1.0,1.0,0.7852381628994494,0,0.6955760419368744
10,1,C_Random_Diag,2,inf,fixed_resc,up,0.6666666666666666,0.2863372093023256,0.1587350039568909,0.9555555555555556,11,0.7852381628994494,0.7852381628994494,0.21643993603769346,2.100472325913913,0.7852381628994494,0,0.6955760419368744
10,1,C_Random_Diag,2,inf,est_0.01,up,0.5,0.42296511627906985,0.27123952936740825,0.9555555555555556,2,-0.3963508726535016,-0.09290453304288068,0.9999552076661261,1.000009668778174,0.7852381628994494,0,0.6955760419368744
10,1,C_Random_Diag,2,inf,est_1,up,0.5,0.18023255813953487,0.1488609508459943,0.9111111111111111,80,-0.49754977017564606,-0.025757085565479437,0.9999772209304513,1.0000282193064851,0.7852381628994494,0,0.6955760419368744
10,1,C_Random_Diag,3,inf,fixed_I,down,0.5263157894736842,0.5503048780487806,0.19682266162073397,0.9111111111111111,54,nan,nan,1.0,1.0,0.5231459522483366,0,0.5501008329447359
10,1,C_Random_Diag,3,inf,fixed_I,up,0.36363636363636365,0.5228658536585367,0.20851614734327983,0.6888888888888889,33,nan,nan,1.0,1.0,0.5231459522483366,0,0.5501008329447359
10,1,C_Random_Diag,3,inf,fixed_resc,up,0.34782608695652173,0.5091463414634146,0.10091327525821626,0.7,34,0.5231459522483366,0.5231459522483366,0.30514040410751464,2.359513491715008,0.5231459522483366,0,0.5501008329447359
10,1,C_Random_Diag,3,inf,est_0.01,up,0.48484848484848486,0.5541158536585366,0.27242919048567593,0.8111111111111111,41,0.028720644691787593,-0.04155215733640507,0.9907682590184841,1.0000000501976034,0.5231459522483366,0,0.5501008329447359
10,1,C_Random_Diag,3,inf,est_1,up,0.6363636363636364,0.5861280487804879,0.16502257518290775,0.9111111111111111,35,-0.07409935391764612,-0.014799999264563246,0.9800382823420257,1.000296070273694,0.5231459522483366,0,0.5501008329447359
10,1,C_ID,5,inf,fixed_I,down,0.8235294117647058,0.8525377229080933,0.518147747314414,0.9666666666666667,16,nan,nan,1.0,1.0,0.9999999999999998,0,12.62000891705975
10,1,C_ID,5,inf,fixed_I,up,0.9473684210526315,0.9320987654320988,0.6799927378358751,0.9888888888888889,17,nan,nan,1.0,1.0,0.9999999999999998,0,12.62000891705975
10,1,C_ID,5,inf,fixed_resc,up,1.0,0.8902606310013718,0.5128654970760234,1.0,16,0.9999999999999998,0.9999999999999998,0.22515570196917928,1.908717247846141,0.9999999999999998,0,12.62000891705975
10,1,C_ID,5,inf,est_0.01,up,1.0,1.0,1.0,1.0,7,0.1010062501514778,-0.20754378339236698,0.01285914825688488,0.8469443770565731,0.9999999999999998,1,12.62000891705975
10,1,C_ID,5,inf,est_1,up,0.7777777777777778,0.8991769547325102,0.4853014155129739,0.9555555555555556,17,-0.07961524187685115,-0.1714611707167302,0.9283497656609185,1.000163657689482,0.9999999999999998,0,12.62000891705975
10,1,C_Random_Min_Diag,0,inf,fixed_I,down,0.3333333333333333,0.3752151462994837,0.14340058583731086,0.9222222222222223,64,nan,nan,1.0,1.0,0.9474741977656584,0,0.5874500828795135
10,1,C_Random_Min_Diag,0,inf,fixed_I,up,0.25925925925925924,0.5998278829604131,0.2918032745843466,0.6666666666666666,29,nan,nan,1.0,1.0,0.9474741977656584,0,0.5874500828795135
10,1,C_Random_Min_Diag,0,inf,fixed_resc,up,0.22580645161290322,0.6153184165232357,0.3564648529764809,0.5333333333333333,43,0.9474741977656584,0.9474741977656584,0.3375595230742578,1.693060411078384,0.9474741977656584,0,0.5874500828795135
10,1,C_Random_Min_Diag,0,inf,est_0.01,up,0.23529411764705882,0.49397590361445776,0.28068002960134913,0.7111111111111111,69,0.16412586638487614,0.04358443813208199,0.801074060912117,1.0000539288366177,0.9474741977656584,0,0.5874500828795135
10,1,C_Random_Min_Diag,0,inf,est_1,up,0.47058823529411764,0.5998278829604131,0.3545985815007554,0.9,46,0.143252194060432,0.09631333276474166,0.95178744102058,1.0027953505240472,0.9474741977656584,0,0.5874500828795135
10,1,C_Random_Min_Diag,1,inf,fixed_I,down,0.20588235294117646,0.3855421686746988,0.06443600071803135,0.9222222222222223,64,nan,nan,1.0,1.0,0.9900375178806863,0,0.7115802918560803
10,1,C_Random_Min_Diag,1,inf,fixed_I,up,0.358974358974359,0.459552495697074,0.20522058237955282,0.7222222222222222,53,nan,nan,1.0,1.0,0.9900375178806863,0,0.7115802918560803
10,1,C_Random_Min_Diag,1,inf,fixed_resc,up,0.4117647058823529,0.5481927710843373,0.4119734374223489,0.7777777777777778,62,0.9900375178806863,0.9900375178806863,0.07542072024117666,2.3787068458120957,0.9900375178806863,0,0.7115802918560803
10,1,C_Random_Min_Diag,1,inf,est_0.01,up,0.2,0.46471600688468157,0.205025021502854,0.5111111111111111,48,-0.09642193041986367,-0.22943600514471124,0.9888251073217941,1.0000000236926343,0.9900375178806863,0,0.7115802918560803
10,1,C_Random_Min_Diag,1,inf,est_1,up,0.35,0.43115318416523235,0.20278479273067748,0.7111111111111111,62,-0.5132802907390488,-0.6174650118363141,0.9992637969208439,1.0000000285679564,0.9900375178806863,0,0.7115802918560803
10,4,C_Random_Full,4,10000,fixed_I,down,0.4,0.5533459595959597,0.4473523149956421,0.7777777777777778,0,nan,nan,1.0,1.0,0.6592527833888817,0,23.95852475007996
10,4,C_Random_Full,4,10000,fixed_I,up,0.4247787610619469,0.5309343434343434,0.40384062984993796,0.7555555555555555,0,nan,nan,1.0,1.0,0.6592527833888817,0,23.95852475007996
10,4,C_Random_Full,4,10000,fixed_resc,up,0.42105263157894735,0.5044191919191918,0.3451941004622602,0.7444444444444445,4,0.6592527833888817,0.6592527833888817,0.18797829789365172,2.802915999521122,0.6592527833888817,2,23.95852475007996
10,4,C_Random_Full,4,10000,est_0.01,up,0.4247787610619469,0.4996843434343434,0.3754103109425646,0.7111111111111111,14,0.8322324658955395,0.8704393429460849,0.9926050081935635,0.9986062878396104,0.6592527833888817,0,23.95852475007996
10,4,C_Random_Full,4,10000,est_1,up,0.4247787610619469,0.5482954545454546,0.4464770372033884,0.7777777777777778,0,0.9277949790713022,0.7352438964487158,0.999498053409576,0.9998999301045914,0.6592527833888817,0,23.95852475007996
10,1,C_Random_Min_Diag,3,inf,fixed_I,down,0.1518987341772152,0.3611111111111111,0.21080771921752026,0.9333333333333333,66,nan,nan,1.0,1.0,0.9363554919152434,0,0.8682699589990079
10,1,C_Random_Min_Diag,3,inf,fixed_I,up,0.3333333333333333,0.3819444444444445,0.21166688190157257,0.7333333333333333,66,nan,nan,1.0,1.0,0.9363554919152434,0,0.8682699589990079
10,1,C_Random_Min_Diag,3,inf,fixed_resc,up,0.4444444444444444,0.4384920634920636,0.18178788549756292,0.8888888888888888,44,0.9363554919152434,0.9363554919152434,0.372799196135656,2.2301483959931017,0.9363554919152434,0,0.8682699589990079
10,1,C_Random_Min_Diag,3,inf,est_0.01,up,0.36363636363636365,0.4285714285714286,0.21560052555884732,0.7666666666666667,66,-0.21326240246497644,-0.21326240246494743,0.999527450960193,1.0006321597421581,0.9363554919152434,0,0.8682699589990079
10,1,C_Random_Min_Diag,3,inf,est_1,up,0.16666666666666666,0.4186507936507936,0.21554520358868184,0.6444444444444445,30,-0.29106355229356223,-0.1321016912248599,0.9995179809593814,1.0008044922809838,0.9363554919152434,0,0.8682699589990079
10,1,C_Random_Min_Diag,4,inf,fixed_I,down,0.43478260869565216,0.6335470085470086,0.3146327174287701,0.8666666666666667,0,nan,nan,1.0,1.0,0.8178849523408758,0,7.048066624905914
10,1,C_Random_Min_Diag,4,inf,fixed_I,up,0.8148148148148148,0.969017094017094,0.7458950664059023,0.9444444444444444,0,nan,nan,1.0,1.0,0.8178849523408758,0,7.048066624905914
10,1,C_Random_Min_Diag,4,inf,fixed_resc,up,0.8181818181818182,0.9738247863247863,0.8199503179282591,0.9555555555555556,0,0.8178849523408758,0.8178849523408758,0.6196432386853253,1.746477618988541,0.8178849523408758,0,7.048066624905914
10,1,C_Random_Min_Diag,4,inf,est_0.01,up,0.7857142857142857,0.9610042735042735,0.7766051413255359,0.9333333333333333,12,-0.5154330372712819,-0.4737864114322874,0.11581723288134695,0.8178704915898939,0.8178849523408758,0,7.048066624905914
10,1,C_Random_Min_Diag,4,inf,est_1,up,0.7741935483870968,0.9556623931623932,0.5604855684964044,0.9222222222222223,0,-0.5264237159838427,-0.49193476690468,0.99051244477256,0.9982329966115064,0.8178849523408758,0,7.048066624905914
10,1,C_Random_Full,0,inf,fixed_I,down,0.35294117647058826,0.610576923076923,0.33888981530284024,0.8777777777777778,2,nan,nan,1.0,1.0,0.3592571542985517,0,27.26955695799552
10,1,C_Random_Full,0,inf,fixed_I,up,0.42105263157894735,0.6239316239316239,0.3865745491468797,0.9,2,nan,nan,1.0,1.0,0.3592571542985517,1,27.26955695799552
10,1,C_Random_Full,0,inf,fixed_resc,up,0.45454545454545453,0.6137820512820513,0.3826871496975115,0.8888888888888888,2,0.3592571542985517,0.3592571542985517,0.31994864725098865,3.026839135890702,0.3592571542985517,1,27.26955695799552
10,1,C_Random_Full,0,inf,est_0.01,up,0.4166666666666667,0.6014957264957265,0.3787982442945678,0.8444444444444444,12,-0.43425725815862914,-0.4252202185887554,0.0004344685467284444,0.49564978349764477,0.3592571542985517,0,27.26955695799552
10,1,C_Random_Full,0,inf,est_1,up,0.4,0.6415598290598291,0.26732354686344306,0.8777777777777778,2,-0.13732431325073005,-0.056321467501695095,0.7345568270598606,0.9945696412923208,0.3592571542985517,0,27.26955695799552
10,4,C_Random_Min_Diag,4,10000,fixed_I,down,0.5531914893617021,0.6640625,0.5670329241202124,0.8,0,nan,nan,1.0,1.0,0.9850863458228625,0,88.5866443340201
10,4,C_Random_Min_Diag,4,10000,fixed_I,up,0.5348837209302325,0.7220552884615385,0.5519447838454553,0.7555555555555555,0,nan,nan,1.0,1.0,0.9850863458228625,2,88.5866443340201
10,4,C_Random_Min_Diag,4,10000,fixed_resc,up,0.5974025974025974,0.7572115384615384,0.5688608140683533,0.7666666666666667,3,0.9850863458228625,0.9850863458228625,0.0934982029217884,3.340925813400368,0.9850863458228625,10,88.5866443340201
10,4,C_Random_Min_Diag,4,10000,est_0.01,up,0.5660377358490566,0.7322716346153846,0.550117059612852,0.7555555555555555,12,-0.15082895034872568,-0.2745731656705973,2.90284174888752e-57,0.9515340725084075,0.9850863458228625,12,88.5866443340201
10,4,C_Random_Min_Diag,4,10000,est_1,up,0.5660377358490566,0.7692307692307692,0.6604220320224937,0.7888888888888889,1,0.4060769122564705,0.4310170540544163,0.9348718073553196,0.9687556340454161,0.9850863458228625,0,88.5866443340201
10,1,C_Random_Full,2,inf,fixed_I,down,0.47619047619047616,0.5671256454388984,0.17962844567107242,0.9222222222222223,50,nan,nan,1.0,1.0,0.7271844514525576,0,9.633036916144192
10,1,C_Random_Full,2,inf,fixed_I,up,0.36363636363636365,0.6549053356282272,0.26077810034576954,0.8444444444444444,48,nan,nan,1.0,1.0,0.7271844514525576,0,9.633036916144192
10,1,C_Random_Full,2,inf,fixed_resc,up,0.47619047619047616,0.6523235800344235,0.2909498834498835,0.8888888888888888,48,0.7271844514525576,0.7271844514525576,0.24433536740057232,2.543952819100004,0.7271844514525576,0,9.633036916144192
10,1,C_Random_Full,2,inf,est_0.01,up,0.4166666666666667,0.7598967297762478,0.36584505878727824,0.8666666666666667,16,-0.5409336127762716,-0.5412837724635554,0.0008654883634527186,0.9820357677535035,0.7271844514525576,0,9.633036916144192
10,1,C_Random_Full,2,inf,est_1,up,0.3870967741935484,0.7383820998278829,0.35023190520902187,0.8333333333333334,23,-0.5504700264173532,-0.557502418196655,0.9415001447372898,0.9999972655000947,0.7271844514525576,0,9.633036916144192
10,1,C_Random_Full,1,inf,fixed_I,down,0.2962962962962963,0.5454545454545454,0.16721248694641155,0.8777777777777778,6,nan,nan,1.0,1.0,0.8904915778002412,0,20.76528783305548
10,1,C_Random_Full,1,inf,fixed_I,up,0.3157894736842105,0.642692750287687,0.1818734291759217,0.8444444444444444,6,nan,nan,1.0,1.0,0.8904915778002412,0,20.76528783305548
10,1,C_Random_Full,1,inf,fixed_resc,up,0.3125,0.6449942462600691,0.1656884026859454,0.8333333333333334,6,0.8904915778002412,0.8904915778002412,0.4888841161996032,2.4444783679868256,0.8904915778002412,0,20.76528783305548
10,1,C_Random_Full,1,inf,est_0.01,up,0.26666666666666666,0.5805523590333717,0.30608111456552956,0.7555555555555555,19,-0.7013868717971429,-0.665580334207775,0.39896254027891254,0.763786249945625,0.8904915778002412,4,20.76528783305548
10,1,C_Random_Full,1,inf,est_1,up,0.35294117647058826,0.665132336018412,0.18322118695341713,0.8333333333333334,6,-0.26253625494112637,-0.6035379864834103,0.9289541919394032,0.9705649387158561,0.8904915778002412,0,20.76528783305548
10,1,C_Random_Full,3,inf,fixed_I,down,0.32,0.5699786324786325,0.1470373678254113,0.8666666666666667,14,nan,nan,1.0,1.0,0.8541963636514636,0,39.08028908399865
10,1,C_Random_Full,3,inf,fixed_I,up,0.5625,0.733974358974359,0.35565256230697406,0.8777777777777778,16,nan,nan,1.0,1.0,0.8541963636514636,0,39.08028908399865
10,1,C_Random_Full,3,inf,fixed_resc,up,0.5925925925925926,0.7692307692307692,0.3992338992495429,0.8777777777777778,18,0.8541963636514636,0.8541963636514636,0.22787088988664478,2.275260420079259,0.8541963636514636,1,39.08028908399865
10,1,C_Random_Full,3,inf,est_0.01,up,0.43478260869565216,0.7473290598290598,0.4534123794994877,0.8555555555555555,11,-0.4105498753188323,-0.17506021311945036,6.515837807208535e-05,0.771717325119959,0.8541963636514636,4,39.08028908399865
10,1,C_Random_Full,3,inf,est_1,up,0.64,0.7259615384615384,0.3848190517488763,0.9,19,0.531995865326227,0.24798454397275516,0.8092447232296772,0.9806614169331435,0.8541963636514636,0,39.08028908399865
10,2,C_ID,0,inf,fixed_I,down,0.6341463414634146,0.7910714285714286,0.5543871548592514,0.8333333333333334,0,nan,nan,1.0,1.0,1.0,0,9.757334250025451
10,2,C_ID,0,inf,fixed_I,up,0.6666666666666666,0.8342857142857143,0.631873957939529,0.8333333333333334,0,nan,nan,1.0,1.0,1.0,0,9.757334250025451
10,2,C_ID,0,inf,fixed_resc,up,0.7555555555555555,0.8967857142857143,0.6705936054064991,0.8888888888888888,2,1.0,1.0,0.37270304189489706,1.735230752960298,1.0,0,9.757334250025451
10,2,C_ID,0,inf,est_0.01,up,0.6976744186046512,0.8414285714285714,0.651498916800534,0.8666666666666667,14,0.33142575949218267,0.2583418471635424,0.06997961531108687,0.9071516066617631,1.0,0,9.757334250025451
10,2,C_ID,0,inf,est_1,up,0.6071428571428571,0.8221428571428571,0.5925919389565494,0.8222222222222222,0,0.27700235808439766,0.26161311960979333,0.9889407237570728,0.9990507103837218,1.0,0,9.757334250025451
10,2,C_ID,1,inf,fixed_I,down,0.6451612903225806,0.5159840159840161,0.1693904453029325,0.8777777777777778,34,nan,nan,1.0,1.0,0.9999999999999999,0,0.7604758332017809
10,2,C_ID,1,inf,fixed_I,up,0.36363636363636365,0.5854145854145854,0.18903014279291078,0.6888888888888889,36,nan,nan,1.0,1.0,0.9999999999999999,0,0.7604758332017809
10,2,C_ID,1,inf,fixed_resc,up,0.5454545454545454,0.6513486513486513,0.4037865018741312,0.8888888888888888,18,0.9999999999999999,0.9999999999999999,0.3883659955393853,1.7509777846968786,0.9999999999999999,0,0.7604758332017809
10,2,C_ID,1,inf,est_0.01,up,0.3548387096774194,0.6228771228771229,0.3628590100291579,0.8666666666666667,5,-0.6343969298633462,-0.6388879699152414,0.9587224740114818,1.0000041485315687,0.9999999999999999,0,0.7604758332017809
10,2,C_ID,1,inf,est_1,up,0.47619047619047616,0.5284715284715286,0.1840566484833195,0.7555555555555555,36,-0.6677738409824345,-0.6420836975564609,0.9854190768368102,1.0000006070819452,0.9999999999999999,0,0.7604758332017809
10,2,C_ID,2,inf,fixed_I,down,0.4827586206896552,0.5949248120300752,0.1871112555793007,0.8333333333333334,28,nan,nan,1.0,1.0,1.0,0,2.903379375115037
10,2,C_ID,2,inf,fixed_I,up,0.5161290322580645,0.6790413533834587,0.25184860786234575,0.8555555555555555,8,nan,nan,1.0,1.0,1.0,0,2.903379375115037
10,2,C_ID,2,inf,fixed_resc,up,0.4583333333333333,0.643327067669173,0.31459538120140074,0.7111111111111111,28,1.0,1.0,0.09994442913593507,2.0891731885471976,1.0,0,2.903379375115037
10,2,C_ID,2,inf,est_0.01,up,0.5555555555555556,0.637218045112782,0.2573635993105642,0.8222222222222222,9,-0.40126163864419273,-0.3063729410337923,0.7848783700810467,1.0502245452233434,1.0,0,2.903379375115037
10,2,C_ID,2,inf,est_1,up,0.5238095238095238,0.674342105263158,0.37473845234881853,0.8555555555555555,7,-0.30819842974471223,-0.19782506551410148,0.9583163312376498,1.0063238412033293,1.0,0,2.903379375115037
10,2,C_ID,3,inf,fixed_I,down,0.5454545454545454,0.6873489121676069,0.43622852342196683,0.8444444444444444,0,nan,nan,1.0,1.0,1.0,0,20.852849249960855
10,2,C_ID,3,inf,fixed_I,up,0.7619047619047619,0.895648670427075,0.5737660334771919,0.8888888888888888,0,nan,nan,1.0,1.0,1.0,0,20.852849249960855
10,2,C_ID,3,inf,fixed_resc,up,0.7441860465116279,0.8859790491539082,0.6897495113554042,0.8777777777777778,0,1.0,1.0,0.4709711127680937,1.6146698619656994,1.0,0,20.852849249960855
10,2,C_ID,3,inf,est_0.01,up,0.7027027027027027,0.8666398066075744,0.7015860087697303,0.8777777777777778,19,0.24739633363369373,-0.04436821847358348,0.0025344805818151793,0.7108252146521229,1.0,4,20.852849249960855
10,2,C_ID,3,inf,est_1,up,0.7567567567567568,0.8698630136986302,0.6732589055796092,0.9,0,-0.3097180748624076,-0.1095287972845952,0.9496789290220764,0.9885389749248906,1.0,0,20.852849249960855
10,1,C_Random_Full,4,inf,fixed_I,down,0.48,0.5441729323308271,0.20529828900066666,0.8555555555555555,26,nan,nan,1.0,1.0,0.8078927451553393,0,72.1336417500861
10,1,C_Random_Full,4,inf,fixed_I,up,0.6086956521739131,0.6823308270676692,0.36194295303445034,0.9,15,nan,nan,1.0,1.0,0.8078927451553393,4,72.1336417500861
10,1,C_Random_Full,4,inf,fixed_resc,up,0.56,0.7434210526315789,0.4071430514041191,0.8888888888888888,16,0.8078927451553393,0.8078927451553393,0.3068571997735959,2.535175840353192,0.8078927451553393,8,72.1336417500861
10,1,C_Random_Full,4,inf,est_0.01,up,0.5,0.7293233082706767,0.4660024495094912,0.8555555555555555,9,-0.23942971746457173,-0.23158047693112674,5.115314049668414e-09,0.8578786909880075,0.8078927451553393,3,72.1336417500861
10,1,C_Random_Full,4,inf,est_1,up,0.5,0.6940789473684211,0.36201606830865385,0.8444444444444444,17,0.056461931004016405,-0.1639845004917577,0.7994209576691943,0.997545459620325,0.8078927451553393,1,72.1336417500861
10,1,C_Random_Min_Diag,2,inf,fixed_I,down,0.6,0.8167735042735043,0.46362675686246024,0.9111111111111111,6,nan,nan,1.0,1.0,0.9925110520740427,0,135.33770804200321
10,1,C_Random_Min_Diag,2,inf,fixed_I,up,0.7368421052631579,0.9193376068376068,0.784300544930616,0.9444444444444444,1,nan,nan,1.0,1.0,0.9925110520740427,4,135.33770804200321
10,1,C_Random_Min_Diag,2,inf,fixed_resc,up,0.7,0.9326923076923077,0.7721122895873073,0.9333333333333333,2,0.9925110520740427,0.9925110520740427,0.021439963700687514,1.9362172913269753,0.9925110520740427,28,135.33770804200321
10,1,C_Random_Min_Diag,2,inf,est_0.01,up,0.72,0.9172008547008547,0.7319021058034364,0.9222222222222223,6,-0.11308547627158633,-0.03134746748947565,6.723933228292591e-44,0.8936408099659792,0.9925110520740427,17,135.33770804200321
10,1,C_Random_Min_Diag,2,inf,est_1,up,0.7,0.9086538461538461,0.640176547989048,0.9333333333333333,2,0.7027494681343223,0.49695671962762117,0.6031267231296682,1.0000000000560252,0.9925110520740427,0,135.33770804200321
10,2,C_ID,4,inf,fixed_I,down,0.8,0.9062222222222223,0.6218909592822637,0.9333333333333333,4,nan,nan,1.0,1.0,1.0,0,9.278465750161558
10,2,C_ID,4,inf,fixed_I,up,0.8666666666666667,0.963111111111111,0.6994989280871634,0.9555555555555556,4,nan,nan,1.0,1.0,1.0,0,9.278465750161558
10,2,C_ID,4,inf,fixed_resc,up,0.896551724137931,0.9777777777777779,0.779309538500715,0.9666666666666667,5,1.0,1.0,0.30625635045324245,1.74582138360699,1.0,0,9.278465750161558
10,2,C_ID,4,inf,est_0.01,up,0.8387096774193549,0.964,0.8364410577416588,0.9444444444444444,11,-0.3904603319414854,-0.45001559814582776,0.31888315111187254,0.9888854996010918,1.0,0,9.278465750161558
10,2,C_ID,4,inf,est_1,up,0.8275862068965517,0.9528888888888889,0.7037702278043834,0.9444444444444444,4,-0.20613544320664845,-0.3803634453905693,0.9395718100067297,1.000000066321921,1.0,0,9.278465750161558
10,2,C_ID,5,inf,fixed_I,down,0.5142857142857142,0.6794763513513513,0.40538688935518863,0.8555555555555555,0,nan,nan,1.0,1.0,1.0,0,7.6281838330905885
10,2,C_ID,5,inf,fixed_I,up,0.7586206896551724,0.9151182432432433,0.6058532057767506,0.9222222222222223,0,nan,nan,1.0,1.0,1.0,0,7.6281838330905885
10,2,C_ID,5,inf,fixed_resc,up,0.7222222222222222,0.9142736486486486,0.7158609354213379,0.9111111111111111,1,1.0,1.0,0.23095599687044116,1.5833074562478144,1.0,0,7.6281838330905885
10,2,C_ID,5,inf,est_0.01,up,0.7272727272727273,0.921875,0.7534011592117031,0.9,10,0.7499532630863774,0.7583161840991084,0.41051629363172426,0.9613512337068151,1.0,0,7.6281838330905885
10,2,C_ID,5,inf,est_1,up,0.6976744186046512,0.9235641891891891,0.6311238757690165,0.8888888888888888,1,0.8166475675794906,0.8298623328671113,0.9929304066440638,0.9995867361995193,1.0,0,7.6281838330905885
10,2,C_ID,8,inf,fixed_I,down,0.75,0.8369230769230769,0.6671496770349062,0.8555555555555555,0,nan,nan,1.0,1.0,1.0,0,6.756419250043109
10,2,C_ID,8,inf,fixed_I,up,0.7755102040816326,0.8892307692307693,0.7078681300310855,0.8777777777777778,0,nan,nan,1.0,1.0,1.0,0,6.756419250043109
10,2,C_ID,8,inf,fixed_resc,up,0.8979591836734694,0.9273846153846154,0.9023402689384042,0.9444444444444444,1,1.0,1.0,0.3128791702570582,1.6253058567108392,1.0,0,6.756419250043109
10,2,C_ID,8,inf,est_0.01,up,0.8235294117647058,0.9067692307692309,0.8280690493774829,0.9,21,0.0036612804451167298,-0.30329924292933974,0.11624135221758042,0.4356582255254504,1.0,0,6.756419250043109
10,2,C_ID,8,inf,est_1,up,0.7924528301886793,0.9021538461538462,0.7517194234085266,0.8777777777777778,0,-0.16568545506748125,-0.30980214547189455,0.9786170591310356,0.9847021424524313,1.0,0,6.756419250043109
10,2,C_ID,9,inf,fixed_I,down,0.6666666666666666,0.8699324324324325,0.6061361409288679,0.9,0,nan,nan,1.0,1.0,1.0,0,19.052945708157495
10,2,C_ID,9,inf,fixed_I,up,0.7142857142857143,0.9151182432432433,0.6006914122870247,0.9111111111111111,0,nan,nan,1.0,1.0,1.0,1,19.052945708157495
10,2,C_ID,9,inf,fixed_resc,up,0.8,0.9303209459459459,0.7599579971188278,0.9333333333333333,3,1.0,1.0,0.17448878231940546,2.2724151878386047,1.0,2,19.052945708157495
10,2,C_ID,9,inf,est_0.01,up,0.6666666666666666,0.90625,0.730374728816225,0.9,9,0.10941153684795162,0.1285367444902736,0.004029715496549825,0.7240538449433193,1.0,0,19.052945708157495
10,2,C_ID,9,inf,est_1,up,0.6666666666666666,0.9214527027027027,0.6225197989858834,0.8888888888888888,1,0.1408452362428641,0.14729220624569295,0.9577749077460458,0.9942387529225174,1.0,0,19.052945708157495
10,2,C_ID,7,inf,fixed_I,down,0.4090909090909091,0.6139285714285714,0.3985111559608798,0.8,0,nan,nan,1.0,1.0,1.0,0,26.484567333944142
10,2,C_ID,7,inf,fixed_I,up,0.5283018867924528,0.7671428571428571,0.5709317481873575,0.8333333333333334,0,nan,nan,1.0,1.0,1.0,0,26.484567333944142
10,2,C_ID,7,inf,fixed_resc,up,0.625,0.8196428571428571,0.6586547123735923,0.8666666666666667,2,1.0,1.0,0.27854371367093117,1.7349241644934135,1.0,0,26.484567333944142
10,2,C_ID,7,inf,est_0.01,up,0.5909090909090909,0.7939285714285714,0.6117368974673466,0.8111111111111111,19,0.20860907492960712,0.11013167853164943,0.003716278954575567,0.4098746136949616,1.0,1,26.484567333944142
10,2,C_ID,7,inf,est_1,up,0.5777777777777777,0.79,0.5071654428836918,0.8222222222222222,0,0.5078319544449202,0.4306405917150517,0.9597002483723536,0.9845080062091679,1.0,0,26.484567333944142
10,2,C_Random_Diag,1,inf,fixed_I,down,0.43636363636363634,0.6329887218045113,0.22510589549743404,0.8444444444444444,18,nan,nan,1.0,1.0,0.5174792271051947,0,0.7330822090152651
10,2,C_Random_Diag,1,inf,fixed_I,up,0.4489795918367347,0.6771616541353384,0.26913653845303226,0.7777777777777778,23,nan,nan,1.0,1.0,0.5174792271051947,0,0.7330822090152651
10,2,C_Random_Diag,1,inf,fixed_resc,up,0.6,0.7039473684210525,0.3718689891222192,0.8222222222222222,25,0.5174792271051947,0.5174792271051947,0.14537623304795122,3.294855921246145,0.5174792271051947,0,0.7330822090152651
10,2,C_Random_Diag,1,inf,est_0.01,up,0.4528301886792453,0.6513157894736841,0.22444992520951637,0.6888888888888889,20,0.07032102828631327,0.0545298342191703,0.9203109224570809,1.0001205552725592,0.5174792271051947,0,0.7330822090152651
10,2,C_Random_Diag,1,inf,est_1,up,0.4482758620689655,0.6574248120300752,0.1934628092749798,0.6666666666666666,18,-0.0010140913692933805,0.06129280858058368,0.9816825759220309,1.0000037335841456,0.5174792271051947,0,0.7330822090152651
10,2,C_Random_Diag,0,inf,fixed_I,down,0.7096774193548387,0.7785493827160495,0.5871431017264351,0.9,0,nan,nan,1.0,1.0,0.8107851291403588,0,5.541461041895673
10,2,C_Random_Diag,0,inf,fixed_I,up,0.7096774193548387,0.8329475308641976,0.7348047975363217,0.9,0,nan,nan,1.0,1.0,0.8107851291403588,0,5.541461041895673
10,2,C_Random_Diag,0,inf,fixed_resc,up,0.75,0.818287037037037,0.7374862871270917,0.9111111111111111,1,0.8107851291403588,0.8107851291403588,0.5068634234055807,1.912433922318511,0.8107851291403588,0,5.541461041895673
10,2,C_Random_Diag,0,inf,est_0.01,up,0.75,0.845679012345679,0.7119947502651826,0.9111111111111111,12,0.5865148539465012,0.10022562806432174,0.023527514018633608,0.7639844912777046,0.8107851291403588,0,5.541461041895673
10,2,C_Random_Diag,0,inf,est_1,up,0.6875,0.8452932098765433,0.5931156868001163,0.8888888888888888,0,0.3110979355559547,0.38117782255312727,0.960694070829688,0.994754299727617,0.8107851291403588,0,5.541461041895673
10,2,C_ID,6,inf,fixed_I,down,0.7692307692307693,0.8911088911088911,0.5995373643450567,0.9333333333333333,0,nan,nan,1.0,1.0,0.9999999999999999,1,59.76202945783734
10,2,C_ID,6,inf,fixed_I,up,0.8333333333333334,0.968031968031968,0.8494196323000671,0.9555555555555556,0,nan,nan,1.0,1.0,0.9999999999999999,0,59.76202945783734
10,2,C_ID,6,inf,fixed_resc,up,0.8888888888888888,0.9915084915084915,0.9598249789426261,0.9666666666666667,3,0.9999999999999999,0.9999999999999999,0.131498139515451,2.269349845341148,0.9999999999999999,9,59.76202945783734
10,2,C_ID,6,inf,est_0.01,up,0.8148148148148148,0.9450549450549451,0.7481483250416329,0.9444444444444444,17,0.8572452610740344,0.7537435576028673,0.02584489389802167,0.9369014341618875,0.9999999999999999,0,59.76202945783734
10,2,C_ID,6,inf,est_1,up,0.6060606060606061,0.8976023976023977,0.6165552515278641,0.8888888888888888,3,0.5673029536421292,0.675554579192046,0.9033468251893696,0.9999934393627918,0.9999999999999999,0,59.76202945783734
10,2,C_Random_Diag,2,inf,fixed_I,down,0.7,0.7830882352941175,0.6034941182383169,0.8666666666666667,0,nan,nan,1.0,1.0,0.7745434982183153,0,35.22579116607085
10,2,C_Random_Diag,2,inf,fixed_I,up,0.6666666666666666,0.7934491978609626,0.5938554315485028,0.8444444444444444,0,nan,nan,1.0,1.0,0.7745434982183153,0,35.22579116607085
10,2,C_Random_Diag,2,inf,fixed_resc,up,0.6190476190476191,0.75,0.5444642131275012,0.8222222222222222,2,0.7745434982183153,0.7745434982183153,0.20112580981235573,2.5806934345635426,0.7745434982183153,3,35.22579116607085
10,2,C_Random_Diag,2,inf,est_0.01,up,0.7083333333333334,0.8058155080213903,0.6544925774761031,0.8444444444444444,17,-0.10587508047333574,-0.12289000359735296,0.046276568549517144,0.9865625817013709,0.7745434982183153,2,35.22579116607085
10,2,C_Random_Diag,2,inf,est_1,up,0.631578947368421,0.8008021390374331,0.6953163037148691,0.8555555555555555,0,-0.11353230312618473,-0.07044609620123664,0.9241029775536608,0.9999999996134161,0.7745434982183153,0,35.22579116607085
10,1,C_Random_Diag,4,inf,fixed_I,down,0.5882352941176471,0.6640037593984963,0.3327523886822389,0.8888888888888888,32,nan,nan,1.0,1.0,0.9265375402805849,9,202.20909170806408
10,1,C_Random_Diag,4,inf,fixed_I,up,0.7692307692307693,0.9008458646616542,0.6119588269068073,0.9333333333333333,16,nan,nan,1.0,1.0,0.9265375402805849,19,202.20909170806408
10,1,C_Random_Diag,4,inf,fixed_resc,up,0.7333333333333333,0.8627819548872181,0.5651802896742377,0.9111111111111111,18,0.9265375402805849,0.9265375402805849,0.016249674908851205,6.583398299413966,0.9265375402805849,37,202.20909170806408
10,1,C_Random_Diag,4,inf,est_0.01,up,0.7096774193548387,0.9262218045112782,0.64665172908168,0.9,7,-0.15213507371654275,-0.15211704718130642,1.1e-322,0.9839830518456342,0.9265375402805849,16,202.20909170806408
10,1,C_Random_Diag,4,inf,est_1,up,0.7058823529411765,0.818139097744361,0.42379213350852,0.8888888888888888,34,0.46715587228394934,0.5688315313389417,0.609887447882758,1.0,0.9265375402805849,0,202.20909170806408
10,2,C_Random_Min_Diag,0,inf,fixed_I,down,0.7567567567567568,0.8513513513513513,0.5155100516313751,0.9,12,nan,nan,1.0,1.0,0.9560249143364657,0,14.733253082958981
10,2,C_Random_Min_Diag,0,inf,fixed_I,up,0.75,0.9214527027027026,0.6389287587174457,0.9111111111111111,10,nan,nan,1.0,1.0,0.9560249143364657,0,14.733253082958981
10,2,C_Random_Min_Diag,0,inf,fixed_resc,up,0.875,0.9527027027027026,0.7738766193646248,0.9555555555555556,10,0.9560249143364657,0.9560249143364657,0.17324917945422177,1.8675546314860774,0.9560249143364657,0,14.733253082958981
10,2,C_Random_Min_Diag,0,inf,est_0.01,up,0.75,0.9058277027027027,0.6459253487992638,0.8888888888888888,13,-0.21281448323937183,-0.3326434067874814,0.15948874361239332,0.8625895405159368,0.9560249143364657,0,14.733253082958981
10,2,C_Random_Min_Diag,0,inf,est_1,up,0.6530612244897959,0.8897804054054054,0.5427311392562751,0.8555555555555555,10,-0.2759241277911264,-0.25758898170712896,0.981340978039574,0.9971456429156378,0.9560249143364657,0,14.733253082958981
10,2,C_Random_Diag,3,inf,fixed_I,down,0.6153846153846154,0.7782142857142857,0.554923473138919,0.8444444444444444,0,nan,nan,1.0,1.0,0.797772015447895,0,48.90482166595757
10,2,C_Random_Diag,3,inf,fixed_I,up,0.6976744186046512,0.8471428571428571,0.7243206286157012,0.8666666666666667,0,nan,nan,1.0,1.0,0.797772015447895,0,48.90482166595757
10,2,C_Random_Diag,3,inf,fixed_resc,up,0.7027027027027027,0.8453571428571429,0.7498309176255366,0.8777777777777778,2,0.797772015447895,0.797772015447895,0.12777212247001973,2.0218536105526432,0.797772015447895,3,48.90482166595757
10,2,C_Random_Diag,3,inf,est_0.01,up,0.7272727272727273,0.8114285714285714,0.6319847918283071,0.8666666666666667,19,0.28443467840822834,0.20006353629372733,0.03420802120772809,0.7408283293644226,0.797772015447895,5,48.90482166595757
10,2,C_Random_Diag,3,inf,est_1,up,0.64,0.8339285714285715,0.6590933831143715,0.8444444444444444,0,0.45601005129603145,0.3064325271518699,0.9538148810168589,0.9914310539784841,0.797772015447895,0,48.90482166595757
10,2,C_Random_Min_Diag,3,inf,fixed_I,down,0.7058823529411765,0.7987012987012987,0.45333913465425113,0.8888888888888888,30,nan,nan,1.0,1.0,0.9903390828336017,0,20.921089000068605
10,2,C_Random_Min_Diag,3,inf,fixed_I,up,0.8,0.9075924075924077,0.6713302041118189,0.9444444444444444,20,nan,nan,1.0,1.0,0.9903390828336017,0,20.921089000068605
10,2,C_Random_Min_Diag,3,inf,fixed_resc,up,0.8571428571428571,0.8746253746253747,0.5824754896573239,0.9555555555555556,19,0.9903390828336017,0.9903390828336017,0.14614330209369167,3.0693519367871827,0.9903390828336017,1,20.921089000068605
10,2,C_Random_Min_Diag,3,inf,est_0.01,up,0.8,0.9320679320679321,0.8019336305458526,0.9444444444444444,12,-0.5064406135799163,-0.4036972769558808,1.1871705161889532e-05,0.8786133828379522,0.9903390828336017,0,20.921089000068605
10,2,C_Random_Min_Diag,3,inf,est_1,up,0.8,0.8946053946053946,0.6283032756716969,0.9444444444444444,19,-0.35059331997730825,-0.4354759523268464,0.8900162637584056,1.000237688986767,0.9903390828336017,0,20.921089000068605
10,2,C_Random_Min_Diag,2,inf,fixed_I,down,0.6896551724137931,0.8054511278195488,0.4066669744314063,0.9,18,nan,nan,1.0,1.0,0.9684193325390837,0,24.656746458029374
10,2,C_Random_Min_Diag,2,inf,fixed_I,up,0.7857142857142857,0.8928571428571429,0.5596155815030207,0.9333333333333333,18,nan,nan,1.0,1.0,0.9684193325390837,0,24.656746458029374
10,2,C_Random_Min_Diag,2,inf,fixed_resc,up,0.8275862068965517,0.8815789473684211,0.5405444988107526,0.9444444444444444,18,0.9684193325390837,0.9684193325390837,0.1269473390750745,2.942718252747608,0.9684193325390837,0,24.656746458029374
10,2,C_Random_Min_Diag,2,inf,est_0.01,up,0.7857142857142857,0.9229323308270677,0.7063670063166967,0.9333333333333333,15,0.0457552571585296,0.3149403512045222,6.373424136304335e-06,0.9409156032493774,0.9684193325390837,0,24.656746458029374
10,2,C_Random_Min_Diag,2,inf,est_1,up,0.7647058823529411,0.8674812030075189,0.4494448454145491,0.9111111111111111,18,0.42512907799150274,0.5017582878054172,0.9616405994202529,0.9988439613696415,0.9684193325390837,0,24.656746458029374
10,2,C_Random_Min_Diag,1,inf,fixed_I,down,0.7111111111111111,0.7754704737183646,0.6856125708259548,0.8666666666666667,0,nan,nan,1.0,1.0,0.965510997982683,0,40.1930399578996
10,2,C_Random_Min_Diag,1,inf,fixed_I,up,0.631578947368421,0.7822842310188189,0.6721497630955725,0.8555555555555555,0,nan,nan,1.0,1.0,0.965510997982683,2,40.1930399578996
10,2,C_Random_Min_Diag,1,inf,fixed_resc,up,0.6037735849056604,0.7972096041531472,0.6548449543929451,0.8333333333333334,3,0.965510997982683,0.965510997982683,0.3270418167964371,1.8393390959073317,0.965510997982683,4,40.1930399578996
10,2,C_Random_Min_Diag,1,inf,est_0.01,up,0.6037735849056604,0.7774172615184946,0.6419110018264408,0.8222222222222222,15,-0.04289524216003329,-0.004990448493288,0.00026714971522384304,0.6028731046141114,0.965510997982683,1,40.1930399578996
10,2,C_Random_Min_Diag,1,inf,est_1,up,0.631578947368421,0.782608695652174,0.6457151394388749,0.8444444444444444,0,-0.28363713503536436,-0.1542250896143684,0.8314662208963206,0.9809868831590981,0.965510997982683,0,40.1930399578996
10,2,C_Random_Full,1,inf,fixed_I,down,0.5,0.6009358288770053,0.41734720324079183,0.7777777777777778,0,nan,nan,1.0,1.0,0.3805238406381866,0,26.847880124812946
10,2,C_Random_Full,1,inf,fixed_I,up,0.5185185185185185,0.6778074866310161,0.47730379697291714,0.7888888888888889,3,nan,nan,1.0,1.0,0.3805238406381866,0,26.847880124812946
10,2,C_Random_Full,1,inf,fixed_resc,up,0.5070422535211268,0.6824866310160428,0.46471589169400324,0.7888888888888889,3,0.3805238406381866,0.3805238406381866,0.3443583808098281,2.2030143113916427,0.3805238406381866,1,26.847880124812946
10,2,C_Random_Full,1,inf,est_0.01,up,0.5172413793103449,0.6580882352941178,0.49105331371005,0.7111111111111111,22,-0.6714748815173469,-0.7034632344166597,0.013442956743858871,0.5521265983795957,0.3805238406381866,0,26.847880124812946
10,2,C_Random_Full,1,inf,est_1,up,0.5660377358490566,0.7032085561497325,0.5173760985407116,0.8,3,-0.3186520597598182,-0.5046829114573118,0.9086375336783872,0.979315164869016,0.3805238406381866,0,26.847880124812946
10,2,C_Random_Diag,4,inf,fixed_I,down,0.3870967741935484,0.5819256756756757,0.3674180630877059,0.8444444444444444,2,nan,nan,1.0,1.0,0.8556043284107603,0,74.71437283302657
10,2,C_Random_Diag,4,inf,fixed_I,up,0.5263157894736842,0.7677364864864864,0.34616917841966344,0.8111111111111111,2,nan,nan,1.0,1.0,0.8556043284107603,0,74.71437283302657
10,2,C_Random_Diag,4,inf,fixed_resc,up,0.631578947368421,0.8078547297297297,0.5282362172403239,0.8555555555555555,3,0.8556043284107603,0.8556043284107603,0.13427674371619247,2.0034386962608437,0.8556043284107603,9,74.71437283302657
10,2,C_Random_Diag,4,inf,est_0.01,up,0.5263157894736842,0.7761824324324326,0.465264980003421,0.8,12,-0.19642574466045293,-0.17062330116032642,1.6558792202425173e-06,0.9292803229972774,0.8556043284107603,8,74.71437283302657
10,2,C_Random_Diag,4,inf,est_1,up,0.5789473684210527,0.7951858108108109,0.44512980718667233,0.8222222222222222,4,0.5711394752887897,0.40553971890656765,0.841105933565504,0.9999872952773535,0.8556043284107603,0,74.71437283302657
10,2,C_Random_Full,0,inf,fixed_I,down,0.5106382978723404,0.6295072115384616,0.42644300999708906,0.7555555555555555,0,nan,nan,1.0,1.0,0.5208019728791574,0,36.72729437495582
10,2,C_Random_Full,0,inf,fixed_I,up,0.625,0.7554086538461539,0.48086530529648164,0.8,0,nan,nan,1.0,1.0,0.5208019728791574,1,36.72729437495582
10,2,C_Random_Full,0,inf,fixed_resc,up,0.6557377049180327,0.7737379807692307,0.5881287220862467,0.8,3,0.5208019728791574,0.5208019728791574,0.23764663700052777,2.3739215348459215,0.5208019728791574,0,36.72729437495582
10,2,C_Random_Full,0,inf,est_0.01,up,0.6428571428571429,0.7641225961538461,0.5970504032582314,0.8,9,0.17521634800580285,0.2596348982279373,0.012094899414416682,0.6159731621332121,0.5208019728791574,6,36.72729437495582
10,2,C_Random_Full,0,inf,est_1,up,0.6037735849056604,0.7439903846153846,0.4896751831670202,0.7777777777777778,1,0.7585975103006259,0.47675792844082304,0.9457784809027928,0.9882446469224938,0.5208019728791574,0,36.72729437495582
10,2,C_Random_Full,3,inf,fixed_I,down,0.5,0.6328671328671329,0.2809553841572334,0.8666666666666667,6,nan,nan,1.0,1.0,0.7034770425805044,0,12.674295499920845
10,2,C_Random_Full,3,inf,fixed_I,up,0.47619047619047616,0.6358641358641358,0.22952335330019735,0.8777777777777778,6,nan,nan,1.0,1.0,0.7034770425805044,0,12.674295499920845
10,2,C_Random_Full,3,inf,fixed_resc,up,0.5,0.7092907092907093,0.33425915528370304,0.8777777777777778,6,0.7034770425805044,0.7034770425805044,0.3132918132763144,3.236953411577109,0.7034770425805044,0,12.674295499920845
10,2,C_Random_Full,3,inf,est_0.01,up,0.48484848484848486,0.7407592407592408,0.43277732113194534,0.8444444444444444,9,-0.13363043732914912,-0.2056716344513355,2.359592077450755e-08,0.7546172263533821,0.7034770425805044,0,12.674295499920845
10,2,C_Random_Full,3,inf,est_1,up,0.45714285714285713,0.7422577422577422,0.3638118460268714,0.8555555555555555,8,-0.3370643921016579,-0.33840634331469266,0.9298222692414781,0.9897950577058248,0.7034770425805044,0,12.674295499920845
10,2,C_Random_Full,4,inf,fixed_I,down,0.36619718309859156,0.5357142857142857,0.28979896899437063,0.7777777777777778,2,nan,nan,1.0,1.0,0.6968828894626763,0,11.392638084013015
10,2,C_Random_Full,4,inf,fixed_I,up,0.509090909090909,0.7189285714285715,0.3382770724193353,0.7666666666666667,2,nan,nan,1.0,1.0,0.6968828894626763,0,11.392638084013015
10,2,C_Random_Full,4,inf,fixed_resc,up,0.5263157894736842,0.7257142857142858,0.37950960826698854,0.7666666666666667,3,0.6968828894626763,0.6968828894626763,0.33881211263051186,2.55166710014214,0.6968828894626763,1,11.392638084013015
10,2,C_Random_Full,4,inf,est_0.01,up,0.5,0.7192857142857143,0.46837183665114657,0.7333333333333333,18,-0.26354062722819555,-0.2311648133438328,0.1523311144512916,0.9415473394793723,0.6968828894626763,0,11.392638084013015
10,2,C_Random_Full,4,inf,est_1,up,0.5882352941176471,0.7532142857142857,0.368039592961178,0.7777777777777778,2,-0.18609775519651428,-0.14775562828133282,0.9490518311160502,0.9996855033486107,0.6968828894626763,0,11.392638084013015
10,3,C_ID,0,inf,fixed_I,down,0.6785714285714286,0.7577727529677785,0.671220403060137,0.8,0,nan,nan,1.0,1.0,1.0,0,9.089173624990508
10,3,C_ID,0,inf,fixed_I,up,0.7272727272727273,0.8284341435839457,0.747823138907704,0.8,0,nan,nan,1.0,1.0,1.0,0,9.089173624990508
10,3,C_ID,0,inf,fixed_resc,up,0.676056338028169,0.815432447710571,0.7422565920490092,0.7888888888888889,2,1.0,1.0,0.3709682607520264,1.8603731017129739,1.0,0,9.089173624990508
10,3,C_ID,0,inf,est_0.01,up,0.7,0.815432447710571,0.7285885144797494,0.8111111111111111,20,-0.25587730198647096,-0.32053103869578764,0.09514153233497519,0.4402371568587179,1.0,0,9.089173624990508
10,3,C_ID,0,inf,est_1,up,0.6388888888888888,0.8052572074618428,0.7275669422447189,0.7777777777777778,0,-0.19557186699483398,-0.2528158742144409,0.9768604749963333,0.9901731848194727,1.0,0,9.089173624990508
10,2,C_Random_Min_Diag,4,inf,fixed_I,down,0.4166666666666667,0.7284444444444444,0.357452310073865,0.8333333333333334,2,nan,nan,1.0,1.0,0.9919375595570534,0,61.23859162488952
10,2,C_Random_Min_Diag,4,inf,fixed_I,up,0.6470588235294118,0.7897777777777777,0.6393380372500891,0.8888888888888888,5,nan,nan,1.0,1.0,0.9919375595570534,0,61.23859162488952
10,2,C_Random_Min_Diag,4,inf,fixed_resc,up,0.5714285714285714,0.7795555555555556,0.5833643686010723,0.8777777777777778,6,0.9919375595570534,0.9919375595570534,0.00851087767070626,3.720586184219551,0.9919375595570534,5,61.23859162488952
10,2,C_Random_Min_Diag,4,inf,est_0.01,up,0.5454545454545454,0.7719999999999999,0.5345918979291744,0.8555555555555555,10,-0.3535470229669016,-0.7050923540276897,3.775868056539659e-07,1.0769171373980424,0.9919375595570534,20,61.23859162488952
10,2,C_Random_Min_Diag,4,inf,est_1,up,0.6875,0.7702222222222223,0.5137130245693995,0.8888888888888888,8,0.02841038195607322,-0.7171987744418241,0.507133655016694,1.0032367148987187,0.9919375595570534,2,61.23859162488952
10,3,C_ID,3,inf,fixed_I,down,0.711864406779661,0.740295243302351,0.6480988694698372,0.8111111111111111,2,nan,nan,1.0,1.0,1.0,0,10.49880462512374
10,3,C_ID,3,inf,fixed_I,up,0.6557377049180327,0.7602515035538546,0.6748301006118846,0.8,2,nan,nan,1.0,1.0,1.0,0,10.49880462512374
10,3,C_ID,3,inf,fixed_resc,up,0.7936507936507936,0.8471842536905413,0.7801842171293552,0.8555555555555555,2,1.0,1.0,0.301644070148211,1.72503626031596,1.0,0,10.49880462512374
10,3,C_ID,3,inf,est_0.01,up,0.647887323943662,0.7731000546746857,0.7131152586139462,0.7777777777777778,15,-0.2353897874956847,-0.25242978094802093,0.4278482665225618,0.8070193373958191,1.0,0,10.49880462512374
10,3,C_ID,3,inf,est_1,up,0.6571428571428571,0.7884089666484417,0.6716399035796158,0.7888888888888889,2,-0.2965112644489632,-0.2596844198702945,0.9700256921719667,0.9911552283205878,1.0,0,10.49880462512374
10,3,C_ID,4,inf,fixed_I,down,0.5846153846153846,0.6341093117408907,0.6193951061835418,0.7111111111111111,0,nan,nan,1.0,1.0,1.0,0,3.6610459580551833
10,3,C_ID,4,inf,fixed_I,up,0.684931506849315,0.7186234817813765,0.6883373794641373,0.7555555555555555,0,nan,nan,1.0,1.0,1.0,0,3.6610459580551833
10,3,C_ID,4,inf,fixed_resc,up,0.6756756756756757,0.7325404858299595,0.7087641420955794,0.7666666666666667,0,1.0,1.0,0.5495375046914512,1.4954776620786003,1.0,0,3.6610459580551833
10,3,C_ID,4,inf,est_0.01,up,0.6875,0.7297570850202428,0.7276328576447155,0.7777777777777778,13,-0.34086432765270747,-0.4883852882729711,0.4505611085289499,0.86012453470718,1.0,0,3.6610459580551833
10,3,C_ID,4,inf,est_1,up,0.676923076923077,0.7244433198380567,0.7169856941918021,0.7666666666666667,0,-0.5357268580521031,-0.3921453976234999,0.9733698082316415,0.9933032786251652,1.0,0,3.6610459580551833
10,3,C_ID,5,inf,fixed_I,down,0.6521739130434783,0.7723076923076924,0.5973732617541254,0.8222222222222222,0,nan,nan,1.0,1.0,1.0,0,6.16880145878531
10,3,C_ID,5,inf,fixed_I,up,0.6818181818181818,0.8575384615384616,0.697031420162796,0.8444444444444444,0,nan,nan,1.0,1.0,1.0,0,6.16880145878531
10,3,C_ID,5,inf,fixed_resc,up,0.7111111111111111,0.8624615384615385,0.6807832136762765,0.8555555555555555,1,1.0,1.0,0.6061997207755763,1.6030075446158991,1.0,0,6.16880145878531
10,3,C_ID,5,inf,est_0.01,up,0.7391304347826086,0.8738461538461539,0.7677733333941252,0.8666666666666667,12,-0.043394302528606356,-0.39957114169263014,0.03557746855487076,0.6979569251438366,1.0,0,6.16880145878531
10,3,C_ID,5,inf,est_1,up,0.6785714285714286,0.8575384615384616,0.6935651462306293,0.8444444444444444,0,-0.4914834116906057,-0.5192847323818702,0.9741109620756824,0.9906354841657536,1.0,0,6.16880145878531
10,3,C_ID,2,inf,fixed_I,down,0.5333333333333333,0.6455026455026456,0.5455528634751201,0.7444444444444445,0,nan,nan,1.0,1.0,1.0,0,31.8327752079349
10,3,C_ID,2,inf,fixed_I,up,0.5454545454545454,0.6672545561434451,0.5071515049388117,0.7444444444444445,0,nan,nan,1.0,1.0,1.0,0,31.8327752079349
10,3,C_ID,2,inf,fixed_resc,up,0.5555555555555556,0.6813639035861258,0.5089290451308548,0.7444444444444445,4,1.0,1.0,0.33117756519627,1.605709693427656,1.0,1,31.8327752079349
10,3,C_ID,2,inf,est_0.01,up,0.5434782608695652,0.6878306878306878,0.5253810270841432,0.7111111111111111,15,0.648836831323712,0.6330302551913752,0.9052978487390515,0.982952316257291,1.0,1,31.8327752079349
10,3,C_ID,2,inf,est_1,up,0.5434782608695652,0.7075249853027631,0.5447717920262858,0.7444444444444445,0,0.7517908098171311,0.7421839241166196,0.9961248382096329,0.9994197252859967,1.0,0,31.8327752079349
10,3,C_ID,6,inf,fixed_I,down,0.48,0.5886111111111111,0.4942773932534256,0.7111111111111111,0,nan,nan,1.0,1.0,1.0,0,9.524544792016968
10,3,C_ID,6,inf,fixed_I,up,0.5538461538461539,0.6911111111111111,0.5345413078163509,0.7333333333333333,0,nan,nan,1.0,1.0,1.0,0,9.524544792016968
10,3,C_ID,6,inf,fixed_resc,up,0.5517241379310345,0.6711111111111111,0.4834094433025084,0.7111111111111111,2,1.0,1.0,0.28634388077295664,1.817503275894816,1.0,0,9.524544792016968
10,3,C_ID,6,inf,est_0.01,up,0.5964912280701754,0.7136111111111111,0.5966203606117522,0.7444444444444445,7,0.020172199626915494,0.052095514173875666,0.431986729932234,0.9237608540998612,1.0,0,9.524544792016968
10,3,C_ID,6,inf,est_1,up,0.5964912280701754,0.7088888888888889,0.5433976215566861,0.7666666666666667,0,-0.05093543147567382,0.023483456391114092,0.9750284533743907,0.9973909560980951,1.0,0,9.524544792016968
10,3,C_ID,7,inf,fixed_I,down,0.56,0.6968149038461539,0.5363357503103281,0.7777777777777778,0,nan,nan,1.0,1.0,1.0,0,9.785655332962051
10,3,C_ID,7,inf,fixed_I,up,0.6956521739130435,0.8362379807692308,0.710363423018789,0.8444444444444444,0,nan,nan,1.0,1.0,1.0,0,9.785655332962051
10,3,C_ID,7,inf,fixed_resc,up,0.75,0.8659855769230769,0.7808736758403139,0.8666666666666667,3,1.0,1.0,0.5082861350058511,1.4637550082272386,1.0,0,9.785655332962051
10,3,C_ID,7,inf,est_0.01,up,0.6956521739130435,0.7926682692307692,0.6926701816834392,0.8444444444444444,19,0.477821004316303,0.25507281350094124,0.047639438320708744,0.8524775298838164,1.0,0,9.785655332962051
10,3,C_ID,7,inf,est_1,up,0.6923076923076923,0.8185096153846154,0.6868708240473034,0.8222222222222222,0,0.25470080557589236,0.2853715161149209,0.9694333597938448,0.9962184164024107,1.0,0,9.785655332962051
10,3,C_ID,8,inf,fixed_I,down,0.5714285714285714,0.7222582738481504,0.5668384562297062,0.8,0,nan,nan,1.0,1.0,1.0,0,8.319383290829137
10,3,C_ID,8,inf,fixed_I,up,0.6938775510204082,0.8763789746917586,0.7320967691235234,0.8555555555555555,0,nan,nan,1.0,1.0,1.0,0,8.319383290829137
10,3,C_ID,8,inf,fixed_resc,up,0.7027027027027027,0.8608046722907202,0.7036976942123818,0.8777777777777778,3,1.0,1.0,0.4727478856043229,2.585770922458523,1.0,0,8.319383290829137
10,3,C_ID,8,inf,est_0.01,up,0.75,0.9039584685269306,0.7755871134935322,0.8555555555555555,9,-0.09538131504881343,-0.15525825128205023,0.48451270803861496,0.9289112281551886,1.0,0,8.319383290829137
10,3,C_ID,8,inf,est_1,up,0.8085106382978723,0.9276443867618429,0.7731237666056091,0.9,0,-0.08438934218498137,-0.19657182326343556,0.9685483098636686,0.9983653258142117,1.0,0,8.319383290829137
10,3,C_ID,9,inf,fixed_I,down,0.717948717948718,0.8119392684610076,0.5866338977234565,0.8777777777777778,0,nan,nan,1.0,1.0,1.0,0,10.29951541707851
10,3,C_ID,9,inf,fixed_I,up,0.7441860465116279,0.8788819875776397,0.7137435792519106,0.8777777777777778,0,nan,nan,1.0,1.0,1.0,0,10.29951541707851
10,3,C_ID,9,inf,fixed_resc,up,0.7804878048780488,0.8844030365769496,0.7356573025176478,0.9,1,1.0,1.0,0.5887640534596459,1.9179817762447726,1.0,0,10.29951541707851
10,3,C_ID,9,inf,est_0.01,up,0.7692307692307693,0.8740510697032436,0.7578365483778681,0.9,19,0.2726870430022717,-0.14150553188917994,0.031153288796636577,0.41882034730893886,1.0,0,10.29951541707851
10,3,C_ID,9,inf,est_1,up,0.7906976744186046,0.9030365769496204,0.7757508070054009,0.9,0,0.027163012549754447,-0.07252673587228464,0.9461411720975687,0.972354341628182,1.0,0,10.29951541707851
10,1,C_Random_Diag,4,10000,fixed_I,down,0.4666666666666667,0.6423872180451128,0.31836782810375736,0.8444444444444444,0,nan,nan,1.0,1.0,0.9265411378207415,11,1018.0673588339705
10,1,C_Random_Diag,4,10000,fixed_I,up,0.7692307692307693,0.9356203007518797,0.828715239719076,0.9333333333333333,2,nan,nan,1.0,1.0,0.9265411378207415,29,1018.0673588339705
10,1,C_Random_Diag,4,10000,fixed_resc,up,0.6857142857142857,0.8914473684210527,0.6815907769032769,0.9,5,0.9265411378207415,0.9265411378207415,0.016247009764578744,6.605834113879507,0.9265411378207415,37,1018.0673588339705
10,1,C_Random_Diag,4,10000,est_0.01,up,0.6896551724137931,0.919172932330827,0.6876850992922421,0.9,0,-0.15148868111776542,-0.15149866212917854,4.4e-323,0.972184460726127,0.9265411378207415,17,1018.0673588339705
10,1,C_Random_Diag,4,10000,est_1,up,0.6896551724137931,0.9163533834586466,0.6076345747527294,0.9,4,0.44726686473517535,0.5291311406769539,0.646510676181739,1.0,0.9265411378207415,0,1018.0673588339705
10,3,C_Random_Diag,2,inf,fixed_I,down,0.6,0.6645708037178786,0.54798505743509,0.7444444444444445,0,nan,nan,1.0,1.0,0.4647421987185434,0,5.91649299999699
10,3,C_Random_Diag,2,inf,fixed_I,up,0.6567164179104478,0.7728266812465828,0.6664135267377747,0.7777777777777778,0,nan,nan,1.0,1.0,0.4647421987185434,0,5.91649299999699
10,3,C_Random_Diag,2,inf,fixed_resc,up,0.6461538461538462,0.7665390924002188,0.6439587084369289,0.7666666666666667,0,0.4647421987185434,0.4647421987185434,0.5312378669281176,2.3965300007609773,0.4647421987185434,0,5.91649299999699
10,3,C_Random_Diag,2,inf,est_0.01,up,0.6666666666666666,0.7821213778020777,0.7143815244901142,0.7777777777777778,19,0.24089025602704026,0.2301822772606873,0.5875672011777979,0.888532498838834,0.4647421987185434,0,5.91649299999699
10,3,C_Random_Diag,2,inf,est_1,up,0.6296296296296297,0.7651722252597049,0.6277363012497889,0.7777777777777778,0,0.12456677970412171,0.2503357845420112,0.9524269925420608,0.9926115804504287,0.4647421987185434,0,5.91649299999699
10,3,C_Random_Diag,0,inf,fixed_I,down,0.5714285714285714,0.6568509615384615,0.5824508405150461,0.8,0,nan,nan,1.0,1.0,0.8606154969985442,0,33.25255879200995
10,3,C_Random_Diag,0,inf,fixed_I,up,0.6440677966101694,0.8049879807692308,0.6111117469185732,0.8111111111111111,0,nan,nan,1.0,1.0,0.8606154969985442,0,33.25255879200995
10,3,C_Random_Diag,0,inf,fixed_resc,up,0.7555555555555555,0.84375,0.7287517580885806,0.8777777777777778,1,0.8606154969985442,0.8606154969985442,0.12633164158590962,2.857020376190918,0.8606154969985442,1,33.25255879200995
10,3,C_Random_Diag,0,inf,est_0.01,up,0.68,0.80859375,0.672586350241277,0.8222222222222222,15,0.1587209176283655,0.1807859490299024,0.0013630630150351178,0.5674368355300136,0.8606154969985442,2,33.25255879200995
10,3,C_Random_Diag,0,inf,est_1,up,0.65625,0.8140024038461539,0.6543626888212559,0.8,0,0.3356305624619197,0.40996051509153714,0.9815740694424816,0.9938135793565562,0.8606154969985442,0,33.25255879200995
10,3,C_Random_Diag,4,inf,fixed_I,down,0.6440677966101694,0.7044719827586206,0.586648491973246,0.7666666666666667,0,nan,nan,1.0,1.0,0.5787088773576551,0,21.918853250099346
10,3,C_Random_Diag,4,inf,fixed_I,up,0.6578947368421053,0.783135775862069,0.6492808878863477,0.7444444444444445,0,nan,nan,1.0,1.0,0.5787088773576551,0,21.918853250099346
10,3,C_Random_Diag,4,inf,fixed_resc,up,0.696969696969697,0.8189655172413793,0.7532982565555254,0.7777777777777778,0,0.5787088773576551,0.5787088773576551,0.32163227430777136,1.3629636246812014,0.5787088773576551,0,21.918853250099346
10,3,C_Random_Diag,4,inf,est_0.01,up,0.7323943661971831,0.7982219827586207,0.6934969981158139,0.7888888888888889,20,0.36225969800917257,0.36860721550140474,0.3389899525013058,0.7287298493317801,0.5787088773576551,1,21.918853250099346
10,3,C_Random_Diag,4,inf,est_1,up,0.7058823529411765,0.8103448275862069,0.6055816127944791,0.7777777777777778,0,0.34737662768988053,0.5411586441764843,0.9677513465161048,0.9855198956456163,0.5787088773576551,0,21.918853250099346
10,3,C_Random_Diag,3,inf,fixed_I,down,0.5490196078431373,0.6556923076923078,0.4960725567714823,0.7777777777777778,0,nan,nan,1.0,1.0,0.9313344540893009,0,41.280909082852304
10,3,C_Random_Diag,3,inf,fixed_I,up,0.6071428571428571,0.7390769230769231,0.514703743943888,0.7888888888888889,0,nan,nan,1.0,1.0,0.9313344540893009,0,41.280909082852304
10,3,C_Random_Diag,3,inf,fixed_resc,up,0.6349206349206349,0.7926153846153847,0.6414247963022401,0.7888888888888889,5,0.9313344540893009,0.9313344540893009,0.05192734201094231,2.337327232547664,0.9313344540893009,1,41.280909082852304
10,3,C_Random_Diag,3,inf,est_0.01,up,0.6206896551724138,0.7095384615384616,0.5257912583021922,0.7555555555555555,21,0.3892722094570557,0.3582767973991609,0.453948156186362,0.7897919821049918,0.9313344540893009,1,41.280909082852304
10,3,C_Random_Diag,3,inf,est_1,up,0.6296296296296297,0.7763076923076924,0.5460831373732129,0.8,0,0.2987290642675191,0.33862452835175544,0.9626402920906992,0.9882610616416165,0.9313344540893009,0,41.280909082852304
10,3,C_Random_Min_Diag,0,inf,fixed_I,down,0.5185185185185185,0.6198830409356725,0.5556279725334936,0.7,0,nan,nan,1.0,1.0,0.8979705017893302,0,13.596721707843244
10,3,C_Random_Min_Diag,0,inf,fixed_I,up,0.6024096385542169,0.7190324295587455,0.6074770088296207,0.7222222222222222,0,nan,nan,1.0,1.0,0.8979705017893302,0,13.596721707843244
10,3,C_Random_Min_Diag,0,inf,fixed_resc,up,0.6052631578947368,0.7211589580010633,0.633524154353246,0.7555555555555555,3,0.8979705017893302,0.8979705017893302,0.3441224470780892,1.8427263510902576,0.8979705017893302,0,13.596721707843244
10,3,C_Random_Min_Diag,0,inf,est_0.01,up,0.6037735849056604,0.7291334396597554,0.6662091833296121,0.7555555555555555,14,0.4265156177541467,0.36405012392588443,0.9729649811380213,0.9972122089752316,0.8979705017893302,0,13.596721707843244
10,3,C_Random_Min_Diag,0,inf,est_1,up,0.6557377049180327,0.7408293460925041,0.6475414683188498,0.7666666666666667,0,0.39311778728260005,0.42129474655201543,0.9639056218098235,0.9940963768386346,0.8979705017893302,0,13.596721707843244
10,3,C_Random_Min_Diag,1,inf,fixed_I,down,0.5777777777777777,0.7099286177806619,0.5765699299303046,0.8222222222222222,0,nan,nan,1.0,1.0,0.9283271057534664,0,18.168875333853066
10,3,C_Random_Min_Diag,1,inf,fixed_I,up,0.7755102040816326,0.8805970149253731,0.7580583457134358,0.8777777777777778,0,nan,nan,1.0,1.0,0.9283271057534664,0,18.168875333853066
10,3,C_Random_Min_Diag,1,inf,fixed_resc,up,0.723404255319149,0.845230369889682,0.6904207997553389,0.8666666666666667,2,0.9283271057534664,0.9283271057534664,0.40131707549064505,2.0545841493839174,0.9283271057534664,0,18.168875333853066
10,3,C_Random_Min_Diag,1,inf,est_0.01,up,0.7272727272727273,0.8666450356911096,0.7614196918923051,0.8666666666666667,13,-0.16050382908021937,-0.3969736672407439,0.06618887745385563,0.9647897344133106,0.9283271057534664,2,18.168875333853066
10,3,C_Random_Min_Diag,1,inf,est_1,up,0.6785714285714286,0.8559377027903958,0.6981355829841482,0.8333333333333334,0,-0.35387620848451284,-0.34092798524604795,0.9799137199885137,0.9994805006937131,0.9283271057534664,0,18.168875333853066
10,3,C_Random_Min_Diag,2,inf,fixed_I,down,0.5671641791044776,0.6887125220458554,0.47014838722135066,0.7333333333333333,0,nan,nan,1.0,1.0,0.9034529163703302,0,14.252262083115056
10,3,C_Random_Min_Diag,2,inf,fixed_I,up,0.7419354838709677,0.8277483833039389,0.5359801640837676,0.8222222222222222,0,nan,nan,1.0,1.0,0.9034529163703302,0,14.252262083115056
10,3,C_Random_Min_Diag,2,inf,fixed_resc,up,0.7540983606557377,0.8221634332745444,0.533628139959825,0.8333333333333334,2,0.9034529163703302,0.9034529163703302,0.31703171522608703,2.2922431087266055,0.9034529163703302,0,14.252262083115056
10,3,C_Random_Min_Diag,2,inf,est_0.01,up,0.7586206896551724,0.8765432098765432,0.7806236166730351,0.8444444444444444,21,-0.4824849937595621,-0.6084466517047251,0.05013218416550124,0.5461851467515109,0.9034529163703302,0,14.252262083115056
10,3,C_Random_Min_Diag,2,inf,est_1,up,0.7352941176470589,0.8656672545561435,0.6525123249567885,0.8111111111111111,0,-0.4444194988781748,-0.47751010865439253,0.9707170685870928,0.9856387733345098,0.9034529163703302,0,14.252262083115056
10,2,C_Random_Full,2,inf,fixed_I,down,0.4,0.5996621621621622,0.25690550122282363,0.8222222222222222,10,nan,nan,1.0,1.0,0.9611763593330444,0,158.12224641698413
10,2,C_Random_Full,2,inf,fixed_I,up,0.4888888888888889,0.7107263513513513,0.31506404829719425,0.8111111111111111,12,nan,nan,1.0,1.0,0.9611763593330444,3,158.12224641698413
10,2,C_Random_Full,2,inf,fixed_resc,up,0.52,0.7901182432432432,0.4644108262051888,0.8444444444444444,8,0.9611763593330444,0.9611763593330444,0.08199649904043621,2.1151132708238554,0.9611763593330444,24,158.12224641698413
10,2,C_Random_Full,2,inf,est_0.01,up,0.4782608695652174,0.7293074324324323,0.43982569221134865,0.8333333333333334,12,-0.022482120574782792,-0.07369225132090435,2.1271807941775885e-56,0.7271321064993702,0.9611763593330444,17,158.12224641698413
10,2,C_Random_Full,2,inf,est_1,up,0.5,0.7411317567567567,0.3502839779532488,0.8444444444444444,12,0.594090093990135,0.3660864017713148,0.7702819466464252,0.9997810539511254,0.9611763593330444,0,158.12224641698413
10,3,C_Random_Min_Diag,3,inf,fixed_I,down,0.631578947368421,0.7643076923076922,0.542040815618992,0.8,0,nan,nan,1.0,1.0,0.9522199874091102,0,18.72384383296594
10,3,C_Random_Min_Diag,3,inf,fixed_I,up,0.8148148148148148,0.8883076923076922,0.6465783221673037,0.8888888888888888,0,nan,nan,1.0,1.0,0.9522199874091102,0,18.72384383296594
10,3,C_Random_Min_Diag,3,inf,fixed_resc,up,0.8235294117647058,0.8695384615384615,0.637802522352383,0.9,1,0.9522199874091102,0.9522199874091102,0.47878266240503614,2.1323275267300814,0.9522199874091102,0,18.72384383296594
10,3,C_Random_Min_Diag,3,inf,est_0.01,up,0.8301886792452831,0.895076923076923,0.7720797000040867,0.9,19,-0.4110928753985538,-0.44541949743922715,0.235920521215455,0.8342414791330616,0.9522199874091102,0,18.72384383296594
10,3,C_Random_Min_Diag,3,inf,est_1,up,0.8148148148148148,0.9061538461538462,0.7361972474380101,0.8888888888888888,0,-0.2999067331200739,-0.30714767131307,0.9794277735376168,0.9966083586394832,0.9522199874091102,0,18.72384383296594
10,3,C_Random_Full,0,inf,fixed_I,down,0.34615384615384615,0.4151400862068966,0.36703944907898384,0.6555555555555556,0,nan,nan,1.0,1.0,0.7626854404075304,0,21.296778791816905
10,3,C_Random_Full,0,inf,fixed_I,up,0.5714285714285714,0.525323275862069,0.35889905244373976,0.6444444444444445,0,nan,nan,1.0,1.0,0.7626854404075304,0,21.296778791816905
10,3,C_Random_Full,0,inf,fixed_resc,up,0.5660377358490566,0.5412176724137931,0.35195270295307224,0.6222222222222222,2,0.7626854404075304,0.7626854404075304,0.3313944111330312,1.5496568125549233,0.7626854404075304,0,21.296778791816905
10,3,C_Random_Full,0,inf,est_0.01,up,0.5684210526315789,0.5501077586206897,0.43831158307049434,0.5555555555555556,23,-0.5950557218380277,-0.6040528137089829,0.5694304873155254,0.8612379204652302,0.7626854404075304,0,21.296778791816905
10,3,C_Random_Full,0,inf,est_1,up,0.5806451612903226,0.6201508620689655,0.425605477339937,0.6444444444444445,0,-0.536412165041325,-0.5228371521502826,0.9803505794235731,0.9936118258027268,0.7626854404075304,0,21.296778791816905
10,3,C_Random_Full,1,inf,fixed_I,down,0.3188405797101449,0.4426081730769231,0.3098324784545866,0.7333333333333333,0,nan,nan,1.0,1.0,0.6670080968108271,0,28.55390249984339
10,3,C_Random_Full,1,inf,fixed_I,up,0.5301204819277109,0.6493389423076923,0.3870996564979736,0.7222222222222222,0,nan,nan,1.0,1.0,0.6670080968108271,0,28.55390249984339
10,3,C_Random_Full,1,inf,fixed_resc,up,0.5822784810126582,0.7007211538461537,0.5556926508008921,0.7777777777777778,2,0.6670080968108271,0.6670080968108271,0.2837283310212615,2.4121258621000665,0.6670080968108271,1,28.55390249984339
10,3,C_Random_Full,1,inf,est_0.01,up,0.5393258426966292,0.692608173076923,0.5101000954282852,0.7444444444444445,10,0.1443530173829356,0.14487448107764755,0.7022706900197115,0.9092897507224769,0.6670080968108271,0,28.55390249984339
10,3,C_Random_Full,1,inf,est_1,up,0.5581395348837209,0.6829927884615385,0.40641331705435785,0.7333333333333333,1,0.22530610019456423,0.25669984675267216,0.9875131571014342,0.9963112144436197,0.6670080968108271,0,28.55390249984339
10,3,C_Random_Full,2,inf,fixed_I,down,0.3870967741935484,0.5434782608695652,0.3311751692047263,0.7444444444444445,0,nan,nan,1.0,1.0,0.9294920381227592,0,21.1441497921478
10,3,C_Random_Full,2,inf,fixed_I,up,0.4943820224719101,0.5889033095392601,0.28434640143698153,0.7444444444444445,0,nan,nan,1.0,1.0,0.9294920381227592,0,21.1441497921478
10,3,C_Random_Full,2,inf,fixed_resc,up,0.4931506849315068,0.5979883192731992,0.282843729761598,0.7333333333333333,1,0.9294920381227592,0.9294920381227592,0.1920136211384633,1.8604898140891566,0.9294920381227592,0,21.1441497921478
10,3,C_Random_Full,2,inf,est_0.01,up,0.46153846153846156,0.6064243997404283,0.4209285127031567,0.7,18,-0.32533652235319765,-0.27355247134350746,0.880593035369686,0.9553073088677383,0.9294920381227592,1,21.1441497921478
10,3,C_Random_Full,2,inf,est_1,up,0.4772727272727273,0.6226476314081765,0.3288480133783617,0.7444444444444445,0,-0.20931391149511974,-0.15341589996816454,0.9977891443279925,0.9992503397827355,0.9294920381227592,0,21.1441497921478
10,3,C_ID,1,inf,fixed_I,down,0.5172413793103449,0.6656314699792961,0.3829342497973618,0.7666666666666667,2,nan,nan,1.0,1.0,1.0,1,192.2264531669207
10,3,C_ID,1,inf,fixed_I,up,0.5084745762711864,0.7191166321601103,0.4670443818531577,0.8,3,nan,nan,1.0,1.0,1.0,12,192.2264531669207
10,3,C_ID,1,inf,fixed_resc,up,0.5454545454545454,0.7891649413388543,0.6154129255057562,0.8222222222222222,4,1.0,1.0,0.14180917376952604,2.17056246470073,1.0,22,192.2264531669207
10,3,C_ID,1,inf,est_0.01,up,0.5106382978723404,0.7060041407867494,0.466657425454038,0.7777777777777778,9,-0.15745583546445288,-0.10936235614280615,1.7963363075822007e-118,0.7114909900829802,1.0,14,192.2264531669207
10,3,C_ID,1,inf,est_1,up,0.6190476190476191,0.761559696342305,0.5587994579772888,0.8333333333333334,5,0.4182911694235991,0.5906962769011214,0.6376134600408454,0.9576326705989276,1.0,6,192.2264531669207
10,3,C_Random_Diag,1,inf,fixed_I,down,0.38461538461538464,0.4835975943138327,0.3972490636263982,0.6666666666666666,0,nan,nan,1.0,1.0,0.9152853549849945,0,134.918522791937
10,3,C_Random_Diag,1,inf,fixed_I,up,0.5178571428571429,0.5420995079278295,0.42907372762230644,0.6888888888888889,2,nan,nan,1.0,1.0,0.9152853549849945,2,134.918522791937
10,3,C_Random_Diag,1,inf,fixed_resc,up,0.5405405405405406,0.6273920174958993,0.5052661046251916,0.6888888888888889,2,0.9152853549849945,0.9152853549849945,0.05184030975544454,1.9381134003384146,0.9152853549849945,21,134.918522791937
10,3,C_Random_Diag,1,inf,est_0.01,up,0.5128205128205128,0.5341716785128485,0.4230110444966293,0.6111111111111112,18,0.20790495814084564,0.055752814047666154,0.9815179621871982,0.9983977397912379,0.9152853549849945,6,134.918522791937
10,3,C_Random_Diag,1,inf,est_1,up,0.52,0.5902132312739202,0.5099120931957131,0.7,2,0.9046344775100197,0.8128606456552776,0.998676428787121,0.9999354662695874,0.9152853549849945,0,134.918522791937
10,3,C_Random_Full,4,inf,fixed_I,down,0.5384615384615384,0.653225806451613,0.5498258052189918,0.7555555555555555,0,nan,nan,1.0,1.0,0.6042836938386569,0,16.9519909999799
10,3,C_Random_Full,4,inf,fixed_I,up,0.5,0.5826612903225807,0.35578974503877475,0.7222222222222222,0,nan,nan,1.0,1.0,0.6042836938386569,0,16.9519909999799
10,3,C_Random_Full,4,inf,fixed_resc,up,0.5,0.6131912442396312,0.4754913792373783,0.7222222222222222,0,0.6042836938386569,0.6042836938386569,0.26890453529099584,1.9590171415193123,0.6042836938386569,0,16.9519909999799
10,3,C_Random_Full,4,inf,est_0.01,up,0.5154639175257731,0.6019585253456221,0.47573507781637175,0.7111111111111111,14,0.030880452144890637,0.05615540573443282,0.762880525677255,0.9648578181149441,0.6042836938386569,0,16.9519909999799
10,3,C_Random_Full,4,inf,est_1,up,0.5142857142857142,0.627016129032258,0.395477129669605,0.7222222222222222,0,-0.03763822885897004,-0.05912767658742095,0.963356127805745,0.9954616435749513,0.6042836938386569,0,16.9519909999799
10,4,C_ID,1,inf,fixed_I,down,0.5348837209302325,0.5682499999999999,0.5647682879078118,0.6444444444444445,0,nan,nan,1.0,1.0,1.0,0,10.839242791989818
10,4,C_ID,1,inf,fixed_I,up,0.631578947368421,0.686,0.7024785882125374,0.7,0,nan,nan,1.0,1.0,1.0,0,10.839242791989818
10,4,C_ID,1,inf,fixed_resc,up,0.6434782608695652,0.6942499999999999,0.6973587847137505,0.7,1,1.0,1.0,0.3088369870315683,1.6271136849951244,1.0,0,10.839242791989818
10,4,C_ID,1,inf,est_0.01,up,0.6451612903225806,0.6765,0.6733170872411764,0.7,15,0.1471678947703695,0.15487161413479708,0.799757352479228,0.9318814938994511,1.0,0,10.839242791989818
10,4,C_ID,1,inf,est_1,up,0.6593406593406593,0.691,0.6440491126318449,0.7,0,0.30641760019470454,0.2810247722319504,0.9897626207405167,0.9970156685398166,1.0,0,10.839242791989818
10,4,C_ID,2,inf,fixed_I,down,0.6153846153846154,0.6889010388190266,0.6314657086840162,0.7666666666666667,0,nan,nan,1.0,1.0,0.9999999999999997,0,7.156071458943188
10,4,C_ID,2,inf,fixed_I,up,0.6440677966101694,0.7583378895571351,0.6597168424443325,0.7666666666666667,0,nan,nan,1.0,1.0,0.9999999999999997,0,7.156071458943188
10,4,C_ID,2,inf,fixed_resc,up,0.6779661016949152,0.7643521049753964,0.675107458935255,0.7888888888888889,0,0.9999999999999997,0.9999999999999997,0.5489690289695807,1.4460366130908144,0.9999999999999997,0,7.156071458943188
10,4,C_ID,2,inf,est_0.01,up,0.7096774193548387,0.7862219792236195,0.6835196910210968,0.8,12,0.2850359851884985,0.03494563997123757,0.3564748680829887,0.711360155800371,0.9999999999999997,0,7.156071458943188
10,4,C_ID,2,inf,est_1,up,0.71875,0.7818480043739748,0.6641457991103217,0.8,0,0.07124115743512668,0.15412263922219782,0.9523588825260518,0.9865493255430161,0.9999999999999997,0,7.156071458943188
10,3,C_Random_Full,3,inf,fixed_I,down,0.5333333333333333,0.6832932692307692,0.5009867030467952,0.7444444444444445,0,nan,nan,1.0,1.0,0.8629658260087074,0,29.762858832953498
10,3,C_Random_Full,3,inf,fixed_I,up,0.5652173913043478,0.6950120192307692,0.591964107358939,0.7888888888888889,0,nan,nan,1.0,1.0,0.8629658260087074,0,29.762858832953498
10,3,C_Random_Full,3,inf,fixed_resc,up,0.5588235294117647,0.7037259615384616,0.5362438661229846,0.7666666666666667,3,0.8629658260087074,0.8629658260087074,0.13528890089795143,3.1257644899060257,0.8629658260087074,3,29.762858832953498
10,3,C_Random_Full,3,inf,est_0.01,up,0.5306122448979592,0.6733774038461539,0.5719066888402817,0.7444444444444445,23,0.41991750039728665,0.45190540339492835,0.00011011102513957154,0.8201946949309348,0.8629658260087074,0,29.762858832953498
10,3,C_Random_Full,3,inf,est_1,up,0.5625,0.7079326923076923,0.5699565251781753,0.7888888888888889,0,0.5893400876034192,0.596324717428824,0.9679046431298752,0.9975733467793887,0.8629658260087074,0,29.762858832953498
10,4,C_ID,3,inf,fixed_I,down,0.6111111111111112,0.6244939271255061,0.5389258050501525,0.6888888888888889,0,nan,nan,1.0,1.0,1.0,0,6.4089941249694675
10,4,C_ID,3,inf,fixed_I,up,0.6666666666666666,0.7176113360323887,0.5803247673232925,0.7222222222222222,0,nan,nan,1.0,1.0,1.0,0,6.4089941249694675
10,4,C_ID,3,inf,fixed_resc,up,0.6875,0.7257085020242915,0.6157394048095245,0.7,2,1.0,1.0,0.537126719807056,1.5172559083873038,1.0,0,6.4089941249694675
10,4,C_ID,3,inf,est_0.01,up,0.68,0.687246963562753,0.6424856657225887,0.6666666666666666,17,0.031100926792921563,0.031100926792921563,0.8954798760800987,0.9539865821379403,1.0,0,6.4089941249694675
10,4,C_ID,3,inf,est_1,up,0.68,0.6740890688259109,0.524704319862612,0.6555555555555556,0,0.058007898607321196,-0.01599568244018391,0.9976539375539608,0.9990128016569031,1.0,0,6.4089941249694675
10,4,C_ID,4,inf,fixed_I,down,0.5263157894736842,0.5526315789473684,0.504658155372495,0.6,0,nan,nan,1.0,1.0,1.0,0,10.895562459016219
10,4,C_ID,4,inf,fixed_I,up,0.6055045871559633,0.6680161943319838,0.6531268245990146,0.7,0,nan,nan,1.0,1.0,1.0,0,10.895562459016219
10,4,C_ID,4,inf,fixed_resc,up,0.6274509803921569,0.6733299595141701,0.6037795212750566,0.7,0,1.0,1.0,0.5215028324751235,1.5679082902761403,1.0,0,10.895562459016219
10,4,C_ID,4,inf,est_0.01,up,0.6055045871559633,0.6411943319838057,0.6332292658579005,0.6888888888888889,13,0.25186453431330547,0.2785858914433804,0.9511209143474864,0.9907468477128815,1.0,0,10.895562459016219
10,4,C_ID,4,inf,est_1,up,0.6140350877192983,0.6644736842105263,0.6300219499511573,0.7,0,0.2520969978258007,0.277751396446184,0.9996336376009386,0.999934443914749,1.0,0,10.895562459016219
10,4,C_ID,5,inf,fixed_I,down,0.6923076923076923,0.7710351861295257,0.7414594345729331,0.7777777777777778,0,nan,nan,1.0,1.0,1.0,0,7.289973916951567
10,4,C_ID,5,inf,fixed_I,up,0.7441860465116279,0.8046914839367669,0.7649139950563387,0.7555555555555555,0,nan,nan,1.0,1.0,1.0,0,7.289973916951567
10,4,C_ID,5,inf,fixed_resc,up,0.775,0.8301886792452831,0.7915852208164714,0.8,2,1.0,1.0,0.49867548792723787,1.7384438375600622,1.0,0,7.289973916951567
10,4,C_ID,5,inf,est_0.01,up,0.7380952380952381,0.7998470168281491,0.7233070930310405,0.7888888888888889,17,0.5762484050958004,0.431911923670103,0.6585708841257134,0.8272155617582299,1.0,0,7.289973916951567
10,4,C_ID,5,inf,est_1,up,0.75,0.8233044365119837,0.7626863720602507,0.7666666666666667,0,0.6351761828747721,0.6633560800004352,0.9923906830712078,0.9960312953068458,1.0,0,7.289973916951567
10,3,C_Random_Min_Diag,4,inf,fixed_I,down,0.6521739130434783,0.753968253968254,0.644404413736712,0.8555555555555555,0,nan,nan,1.0,1.0,0.9642275022916857,1,84.69948395784013
10,3,C_Random_Min_Diag,4,inf,fixed_I,up,0.7346938775510204,0.8592132505175983,0.7072213143817426,0.8555555555555555,2,nan,nan,1.0,1.0,0.9642275022916857,2,84.69948395784013
10,3,C_Random_Min_Diag,4,inf,fixed_resc,up,0.7659574468085106,0.8837129054520358,0.733011908128938,0.8777777777777778,2,0.9642275022916857,0.9642275022916857,0.12537351560192306,1.9004971640369486,0.9642275022916857,10,84.69948395784013
10,3,C_Random_Min_Diag,4,inf,est_0.01,up,0.7083333333333334,0.8457556935817805,0.632467082276432,0.8444444444444444,8,-0.057034017504043084,0.5656766764238673,1.8948921225402686e-07,0.7689605365643535,0.9642275022916857,0,84.69948395784013
10,3,C_Random_Min_Diag,4,inf,est_1,up,0.6666666666666666,0.8409247757073843,0.6268795194326712,0.8333333333333334,2,0.7852543778588729,0.7856009757078791,0.9444263105964874,0.9943627670905332,0.9642275022916857,0,84.69948395784013
10,4,C_ID,6,inf,fixed_I,down,0.5287356321839081,0.5904977375565611,0.5867468744407025,0.6444444444444445,0,nan,nan,1.0,1.0,1.0,0,16.36112679191865
10,4,C_ID,6,inf,fixed_I,up,0.6593406593406593,0.6772247360482655,0.6320322403928034,0.6666666666666666,0,nan,nan,1.0,1.0,1.0,0,16.36112679191865
10,4,C_ID,6,inf,fixed_resc,up,0.6666666666666666,0.7237305178481649,0.6774232233930826,0.6888888888888889,1,1.0,1.0,0.2910835909334144,1.891183635782767,1.0,0,16.36112679191865
10,4,C_ID,6,inf,est_0.01,up,0.6823529411764706,0.7078934137757668,0.6688876415479387,0.7,10,-0.1791096422724558,-0.19778688898379698,0.6834259129317898,0.9003537918279205,1.0,0,16.36112679191865
10,4,C_ID,6,inf,est_1,up,0.7,0.7390648567119156,0.7031652350046292,0.7444444444444445,0,0.004595423535500823,0.033477945303318095,0.9751238432692103,0.9944138191587975,1.0,0,16.36112679191865
10,4,C_ID,7,inf,fixed_I,down,0.6133333333333333,0.7161084529505582,0.6877802064568487,0.7666666666666667,0,nan,nan,1.0,1.0,1.0,0,19.099966666894034
10,4,C_ID,7,inf,fixed_I,up,0.7,0.7878787878787878,0.7250645252611831,0.8,0,nan,nan,1.0,1.0,1.0,0,19.099966666894034
10,4,C_ID,7,inf,fixed_resc,up,0.7213114754098361,0.8032961190855928,0.732721650244015,0.8111111111111111,4,1.0,1.0,0.5207456627739568,1.8887403489635406,1.0,0,19.099966666894034
10,4,C_ID,7,inf,est_0.01,up,0.6764705882352942,0.7820308346624136,0.7147160679625743,0.7777777777777778,17,-0.06830173984029096,0.028640560437400576,0.03715834600873774,0.4830689017469644,1.0,0,19.099966666894034
10,4,C_ID,7,inf,est_1,up,0.6511627906976745,0.7844231791600212,0.7203526648202875,0.7666666666666667,0,0.053702104987019626,0.14116207657200883,0.9958174424315748,0.9982086950324903,1.0,0,19.099966666894034
10,4,C_ID,9,inf,fixed_I,down,0.7058823529411765,0.7368689444161143,0.6731244371646479,0.7777777777777778,0,nan,nan,1.0,1.0,1.0,0,16.477538000093773
10,4,C_ID,9,inf,fixed_I,up,0.7301587301587301,0.8373278939316676,0.7914628087926652,0.8111111111111111,0,nan,nan,1.0,1.0,1.0,0,16.477538000093773
10,4,C_ID,9,inf,fixed_resc,up,0.7733333333333333,0.8740438551759306,0.8650206781836434,0.8222222222222222,3,1.0,1.0,0.41192628021056554,2.1408062619788755,1.0,0,16.477538000093773
10,4,C_ID,9,inf,est_0.01,up,0.7291666666666666,0.793727689954105,0.7392848161288907,0.7444444444444445,27,0.4112270698579068,0.43165422032500594,0.8747571788940947,0.9226709822533695,1.0,0,16.477538000093773
10,4,C_ID,9,inf,est_1,up,0.7472527472527473,0.8301886792452831,0.7862657620996336,0.7555555555555555,0,0.4748400337537519,0.4748400337537519,0.9919260319718362,0.9957068689270065,1.0,0,16.477538000093773
10,4,C_Random_Diag,0,inf,fixed_I,down,0.631578947368421,0.644482929242949,0.7053945719202424,0.6111111111111112,0,nan,nan,1.0,1.0,0.7235040862407434,0,9.332220165990293
10,4,C_Random_Diag,0,inf,fixed_I,up,0.7350427350427351,0.7503711034141514,0.7782039815465102,0.6888888888888889,0,nan,nan,1.0,1.0,0.7235040862407434,0,9.332220165990293
10,4,C_Random_Diag,0,inf,fixed_resc,up,0.7524752475247525,0.7523503216229589,0.7550448629942794,0.7222222222222222,1,0.7235040862407434,0.7235040862407434,0.32158993728010343,2.800078385988939,0.7235040862407434,0,9.332220165990293
10,4,C_Random_Diag,0,inf,est_0.01,up,0.7572815533980582,0.7615042058386937,0.7737242274467434,0.7222222222222222,15,0.29634906924536886,0.3319576553772778,0.8718530253146882,0.9520705974493292,0.7235040862407434,0,9.332220165990293
10,4,C_Random_Diag,0,inf,est_1,up,0.7450980392156863,0.7706580900544284,0.7998837974469593,0.7222222222222222,0,0.41809500542978406,0.4734950117654194,0.9961591592545314,0.998547698577088,0.7235040862407434,0,9.332220165990293
10,4,C_ID,0,inf,fixed_I,down,0.4772727272727273,0.5342857142857143,0.4298387644880454,0.6333333333333333,0,nan,nan,1.0,1.0,1.0,0,52.92466716701165
10,4,C_ID,0,inf,fixed_I,up,0.5982905982905983,0.6155844155844156,0.5036239668065153,0.7,0,nan,nan,1.0,1.0,1.0,0,52.92466716701165
10,4,C_ID,0,inf,fixed_resc,up,0.6194690265486725,0.7135064935064935,0.6129059399854316,0.7555555555555555,2,1.0,1.0,0.04749919965276742,1.8701858831458453,1.0,2,52.92466716701165
10,4,C_ID,0,inf,est_0.01,up,0.5982905982905983,0.6483116883116884,0.5918723473114229,0.7,15,-0.032460436988639034,-0.20139505086972911,0.9825461196685136,0.996497833595392,1.0,3,52.92466716701165
10,4,C_ID,0,inf,est_1,up,0.6046511627906976,0.6815584415584416,0.5750027852513194,0.6888888888888889,2,0.4513548257048582,0.4513548257048582,0.9837897016024084,0.996182264999956,1.0,0,52.92466716701165
10,4,C_Random_Diag,1,inf,fixed_I,down,0.5393258426966292,0.5786460925833748,0.5748115379108131,0.6333333333333333,0,nan,nan,1.0,1.0,0.5035534044862304,0,11.950757542159408
10,4,C_Random_Diag,1,inf,fixed_I,up,0.6481481481481481,0.6386261821801891,0.5856366556813306,0.6333333333333333,0,nan,nan,1.0,1.0,0.5035534044862304,0,11.950757542159408
10,4,C_Random_Diag,1,inf,fixed_resc,up,0.6434782608695652,0.6249377799900449,0.5971925929887891,0.6333333333333333,1,0.5035534044862304,0.5035534044862304,0.45331092989146554,1.6260143459787426,0.5035534044862304,0,11.950757542159408
10,4,C_Random_Diag,1,inf,est_0.01,up,0.6415094339622641,0.6518168242906919,0.6205913967381443,0.6333333333333333,3,0.30212486343113937,0.35369027141240267,0.915185185929558,0.985703292744544,0.5035534044862304,0,11.950757542159408
10,4,C_Random_Diag,1,inf,est_1,up,0.6538461538461539,0.6727227476356397,0.6331676571698528,0.6888888888888889,0,0.3121767647455632,0.3549398404482028,0.9963975526504836,0.9994585776912442,0.5035534044862304,0,11.950757542159408
10,4,C_ID,8,inf,fixed_I,down,0.5797101449275363,0.6771459814106068,0.6006994925509367,0.7333333333333333,0,nan,nan,1.0,1.0,1.0,0,36.38769262493588
10,4,C_ID,8,inf,fixed_I,up,0.696969696969697,0.7654455986878075,0.6819602048344306,0.7888888888888889,0,nan,nan,1.0,1.0,1.0,0,36.38769262493588
10,4,C_ID,8,inf,fixed_resc,up,0.6956521739130435,0.7851284855112084,0.703036691728768,0.7777777777777778,1,1.0,1.0,0.12814098514684522,1.6556067645855517,1.0,1,36.38769262493588
10,4,C_ID,8,inf,est_0.01,up,0.7164179104477612,0.7714598141060689,0.6806346707118431,0.7888888888888889,5,-0.06630854329485501,0.21019624076437377,0.001026513319587237,0.6896945637911922,1.0,2,36.38769262493588
10,4,C_ID,8,inf,est_1,up,0.7076923076923077,0.7665390924002187,0.6341049420666411,0.7888888888888889,2,0.40387949260186184,0.44957903692133444,0.9655327379125732,0.9932368767059451,1.0,0,36.38769262493588
10,4,C_Random_Diag,3,inf,fixed_I,down,0.6222222222222222,0.6370192307692307,0.5167895680857676,0.8111111111111111,0,nan,nan,1.0,1.0,0.6815021546122038,0,18.2042196248658
10,4,C_Random_Diag,3,inf,fixed_I,up,0.6521739130434783,0.8079927884615384,0.6976364655081124,0.8222222222222222,0,nan,nan,1.0,1.0,0.6815021546122038,0,18.2042196248658
10,4,C_Random_Diag,3,inf,fixed_resc,up,0.64,0.795673076923077,0.6754551080760904,0.8111111111111111,2,0.6815021546122038,0.6815021546122038,0.19513004249202798,3.118015366669471,0.6815021546122038,0,18.2042196248658
10,4,C_Random_Diag,3,inf,est_0.01,up,0.723404255319149,0.8158052884615384,0.6940817613319092,0.8555555555555555,15,0.4734496104335763,0.2690325662469219,0.03442239337930208,0.6393262580929767,0.6815021546122038,0,18.2042196248658
10,4,C_Random_Diag,3,inf,est_1,up,0.6530612244897959,0.8188100961538461,0.6597585965952479,0.8222222222222222,1,0.41246419892285524,0.4136235660704422,0.9661884689300682,0.9935311511470184,0.6815021546122038,0,18.2042196248658
10,4,C_Random_Min_Diag,0,inf,fixed_I,down,0.5714285714285714,0.6859975961538461,0.46273369115356483,0.7666666666666667,0,nan,nan,1.0,1.0,0.9422220300231707,0,8.934928458882496
10,4,C_Random_Min_Diag,0,inf,fixed_I,up,0.6122448979591837,0.7584134615384615,0.5310770451452176,0.7888888888888889,0,nan,nan,1.0,1.0,0.9422220300231707,0,8.934928458882496
10,4,C_Random_Min_Diag,0,inf,fixed_resc,up,0.5952380952380952,0.7893629807692308,0.5896814401908521,0.7888888888888889,1,0.9422220300231707,0.9422220300231707,0.2883285702297675,1.9103913304445803,0.9422220300231707,0,8.934928458882496
10,4,C_Random_Min_Diag,0,inf,est_0.01,up,0.6274509803921569,0.8055889423076924,0.6564633451561326,0.7888888888888889,14,-0.024726941688464465,-0.14316905272586297,0.4544968212621574,0.8925153199676248,0.9422220300231707,0,8.934928458882496
10,4,C_Random_Min_Diag,0,inf,est_1,up,0.6363636363636364,0.7992788461538463,0.5689651574464802,0.7888888888888889,0,0.0012389851300444758,-0.020246761092288748,0.9871911385649963,0.9978543727397474,0.9422220300231707,0,8.934928458882496
10,4,C_Random_Diag,2,inf,fixed_I,down,0.4927536231884058,0.6097222222222223,0.49064079049198095,0.7333333333333333,0,nan,nan,1.0,1.0,0.650075332143791,0,22.231975166825578
10,4,C_Random_Diag,2,inf,fixed_I,up,0.6666666666666666,0.778888888888889,0.735434903493988,0.7888888888888889,0,nan,nan,1.0,1.0,0.650075332143791,0,22.231975166825578
10,4,C_Random_Diag,2,inf,fixed_resc,up,0.6774193548387096,0.7683333333333333,0.629394673864341,0.7777777777777778,2,0.650075332143791,0.650075332143791,0.09525312500089637,2.2109742029946653,0.650075332143791,0,22.231975166825578
10,4,C_Random_Diag,2,inf,est_0.01,up,0.6376811594202898,0.7597222222222222,0.6910319445658534,0.7777777777777778,12,-0.023844983268465177,-0.05487005506955222,0.5062800433108815,0.9408176911934832,0.650075332143791,0,22.231975166825578
10,4,C_Random_Diag,2,inf,est_1,up,0.64,0.7555555555555556,0.694694745155176,0.7666666666666667,0,-0.030626992141317658,-0.011409361946085628,0.992425380710092,0.9992435248881791,0.650075332143791,0,22.231975166825578
10,4,C_Random_Diag,4,inf,fixed_I,down,0.6,0.6551113360323887,0.665876760557825,0.7333333333333333,0,nan,nan,1.0,1.0,0.6653822601084376,0,15.405381208984181
10,4,C_Random_Diag,4,inf,fixed_I,up,0.6476190476190476,0.7193825910931174,0.694788812225588,0.7,0,nan,nan,1.0,1.0,0.6653822601084376,0,15.405381208984181
10,4,C_Random_Diag,4,inf,fixed_resc,up,0.6582278481012658,0.7355769230769231,0.7239800115841275,0.7333333333333333,2,0.6653822601084376,0.6653822601084376,0.192001831033685,2.5860755219702933,0.6653822601084376,0,15.405381208984181
10,4,C_Random_Diag,4,inf,est_0.01,up,0.6476190476190476,0.7340587044534413,0.7270312168594236,0.7444444444444445,26,0.03940161487418883,-0.08941811454481383,0.9331571260475082,0.9823771546646836,0.6653822601084376,0,15.405381208984181
10,4,C_Random_Diag,4,inf,est_1,up,0.6823529411764706,0.7510121457489878,0.7173590075914741,0.7444444444444445,0,-0.02916338505436827,-0.03474859021582232,0.9812208622136419,0.9952179819973583,0.6653822601084376,0,15.405381208984181
10,4,C_Random_Min_Diag,1,inf,fixed_I,down,0.5121951219512195,0.5622427983539096,0.4981009139847315,0.6555555555555556,0,nan,nan,1.0,1.0,0.869971506514036,0,7.944878292037174
10,4,C_Random_Min_Diag,1,inf,fixed_I,up,0.7027027027027027,0.7381687242798354,0.6510588168986315,0.7555555555555555,0,nan,nan,1.0,1.0,0.869971506514036,0,7.944878292037174
10,4,C_Random_Min_Diag,1,inf,fixed_resc,up,0.6764705882352942,0.7638888888888888,0.7144134901644325,0.7555555555555555,0,0.869971506514036,0.869971506514036,0.4255022578438095,2.2004677198789366,0.869971506514036,0,7.944878292037174
10,4,C_Random_Min_Diag,1,inf,est_0.01,up,0.64,0.7116769547325104,0.6836285022169266,0.7111111111111111,16,-0.03760525176647243,-0.011416622361242874,0.5512716497465313,0.8401097816555729,0.869971506514036,0,7.944878292037174
10,4,C_Random_Min_Diag,1,inf,est_1,up,0.6388888888888888,0.7271090534979424,0.6619176127967156,0.7333333333333333,0,-0.10736136021688278,-0.0647798408241777,0.9753595969279065,0.9915026820021544,0.869971506514036,0,7.944878292037174
10,4,C_Random_Min_Diag,3,inf,fixed_I,down,0.6153846153846154,0.6153656126482213,0.6350470853200256,0.6666666666666666,0,nan,nan,1.0,1.0,0.913827634020468,0,7.355451208073646
10,4,C_Random_Min_Diag,3,inf,fixed_I,up,0.6666666666666666,0.6146245059288538,0.6750868633138879,0.6444444444444445,0,nan,nan,1.0,1.0,0.913827634020468,0,7.355451208073646
10,4,C_Random_Min_Diag,3,inf,fixed_resc,up,0.6721311475409836,0.6353754940711462,0.6699723878342763,0.6222222222222222,1,0.913827634020468,0.913827634020468,0.4288864822035092,1.9275087817495815,0.913827634020468,0,7.355451208073646
10,4,C_Random_Min_Diag,3,inf,est_0.01,up,0.6717557251908397,0.6432806324110673,0.6804619022118145,0.6555555555555556,21,0.24883338156779528,0.266282835013127,0.9925013039502885,0.9954389226292627,0.913827634020468,0,7.355451208073646
10,4,C_Random_Min_Diag,3,inf,est_1,up,0.672566371681416,0.6361166007905138,0.6101854996499227,0.6555555555555556,0,0.26969662605733974,0.19722771328187608,0.9979005005666596,0.9988051518163942,0.913827634020468,0,7.355451208073646
10,4,C_Random_Min_Diag,2,inf,fixed_I,down,0.6865671641791045,0.6977880658436213,0.7183219246397226,0.7777777777777778,0,nan,nan,1.0,1.0,0.9373445291380853,0,20.07947679120116
10,4,C_Random_Min_Diag,2,inf,fixed_I,up,0.627906976744186,0.6532921810699588,0.5607794634510463,0.6777777777777778,0,nan,nan,1.0,1.0,0.9373445291380853,0,20.07947679120116
10,4,C_Random_Min_Diag,2,inf,fixed_resc,up,0.6521739130434783,0.7160493827160493,0.6561246242766834,0.7111111111111111,4,0.9373445291380853,0.9373445291380853,0.3659702059505184,1.793085144583877,0.9373445291380853,0,20.07947679120116
10,4,C_Random_Min_Diag,2,inf,est_0.01,up,0.6222222222222222,0.6882716049382716,0.663147674122644,0.7222222222222222,26,0.45151809622061556,0.45151809622061556,0.7254999224227633,0.8900323124967823,0.9373445291380853,0,20.07947679120116
10,4,C_Random_Min_Diag,2,inf,est_1,up,0.64,0.7327674897119341,0.6798528232453817,0.7444444444444445,0,0.47689544448898424,0.5098988113578659,0.971665100558032,0.9902568133084835,0.9373445291380853,0,20.07947679120116
10,4,C_Random_Full,0,inf,fixed_I,down,0.5753424657534246,0.6212045793927328,0.584877990813144,0.6777777777777778,0,nan,nan,1.0,1.0,0.79206288956087,0,14.927177832927555
10,4,C_Random_Full,0,inf,fixed_I,up,0.6446280991735537,0.6655052264808362,0.6488619556162318,0.6444444444444445,0,nan,nan,1.0,1.0,0.79206288956087,0,14.927177832927555
10,4,C_Random_Full,0,inf,fixed_resc,up,0.6610169491525424,0.6455948232951717,0.6228037529912442,0.6333333333333333,5,0.79206288956087,0.79206288956087,0.3018219583542446,1.9766842588877955,0.79206288956087,0,14.927177832927555
10,4,C_Random_Full,0,inf,est_0.01,up,0.6610169491525424,0.6468392234942757,0.623499647918015,0.6333333333333333,12,-0.11618481088852808,-0.07277309459163453,0.92762276313398,0.9908902081709221,0.79206288956087,0,14.927177832927555
10,4,C_Random_Full,0,inf,est_1,up,0.6495726495726496,0.6523145843703335,0.5937452902616381,0.6333333333333333,0,-0.08132350517441307,-0.04832723930054707,0.9994417447514201,0.999930742448945,0.79206288956087,0,14.927177832927555
10,4,C_Random_Full,1,inf,fixed_I,down,0.56,0.5774369124195942,0.5817282971000691,0.6333333333333333,0,nan,nan,1.0,1.0,0.7982226616482017,0,19.664573583053425
10,4,C_Random_Full,1,inf,fixed_I,up,0.656,0.6296387926768926,0.6421817743119825,0.6333333333333333,0,nan,nan,1.0,1.0,0.7982226616482017,0,19.664573583053425
10,4,C_Random_Full,1,inf,fixed_resc,up,0.6466165413533834,0.6328550222662048,0.6429691400620048,0.6555555555555556,4,0.7982226616482017,0.7982226616482017,0.270425147968144,2.102806522650664,0.7982226616482017,0,19.664573583053425
10,4,C_Random_Full,1,inf,est_0.01,up,0.6557377049180327,0.606877783275606,0.6313237821363024,0.6222222222222222,14,0.011098305792377937,-0.018810854859728377,0.8872371403833901,0.9725095887680396,0.7982226616482017,0,19.664573583053425
10,4,C_Random_Full,1,inf,est_1,up,0.6610169491525424,0.6271647699158833,0.6202017683388775,0.6111111111111112,0,0.08831256829115715,0.0008944325161828432,0.9990895811061653,0.9997589758537677,0.7982226616482017,0,19.664573583053425
10,4,C_Random_Full,3,inf,fixed_I,down,0.6105263157894737,0.6024691358024691,0.5883125563258651,0.6111111111111112,0,nan,nan,1.0,1.0,0.10423313798696134,0,12.2176442919299
10,4,C_Random_Full,3,inf,fixed_I,up,0.6896551724137931,0.6301234567901235,0.6206020966085036,0.6222222222222222,0,nan,nan,1.0,1.0,0.10423313798696134,0,12.2176442919299
10,4,C_Random_Full,3,inf,fixed_resc,up,0.6885245901639344,0.6325925925925926,0.6224305135461716,0.6333333333333333,0,0.10423313798696134,0.10423313798696134,0.47844807814141876,1.7422880237920921,0.10423313798696134,0,12.2176442919299
10,4,C_Random_Full,3,inf,est_0.01,up,0.7142857142857143,0.6671604938271605,0.6846850205847683,0.6444444444444445,14,0.2657406025942993,0.2655069939471976,0.7812868339373107,0.9277451193197512,0.10423313798696134,0,12.2176442919299
10,4,C_Random_Full,3,inf,est_1,up,0.6902654867256637,0.6367901234567901,0.6119921877293062,0.6333333333333333,0,0.2712651174935483,0.3361301464680961,0.9985261407876271,0.9996160124058934,0.10423313798696134,0,12.2176442919299
10,4,C_Random_Full,2,inf,fixed_I,down,0.5151515151515151,0.58160552897395,0.440322585474464,0.6666666666666666,0,nan,nan,1.0,1.0,0.9451625569162111,0,26.938371957978234
10,4,C_Random_Full,2,inf,fixed_I,up,0.5769230769230769,0.6257309941520468,0.47902951206305133,0.6444444444444445,0,nan,nan,1.0,1.0,0.9451625569162111,0,26.938371957978234
10,4,C_Random_Full,2,inf,fixed_resc,up,0.5714285714285714,0.5579479000531633,0.3916779323115004,0.6333333333333333,2,0.9451625569162111,0.9451625569162111,0.3402418502485161,1.9479668495456688,0.9451625569162111,0,26.938371957978234
10,4,C_Random_Full,2,inf,est_0.01,up,0.5894736842105263,0.5451887293992558,0.4512168546827642,0.5666666666666667,30,0.06465075360645896,0.040660347128768794,0.7317406700395778,0.8679785453769505,0.9451625569162111,1,26.938371957978234
10,4,C_Random_Full,2,inf,est_1,up,0.6,0.6076555023923444,0.46787507276964113,0.6444444444444445,0,-0.12203039690838288,-0.04384143520483514,0.979839693322853,0.9904093480620217,0.9451625569162111,0,26.938371957978234
10,4,C_Random_Full,4,inf,fixed_I,down,0.4,0.5593434343434343,0.45627258510618596,0.7777777777777778,0,nan,nan,1.0,1.0,0.6522013123235609,0,22.459095207974315
10,4,C_Random_Full,4,inf,fixed_I,up,0.42105263157894735,0.5012626262626263,0.39677898997586,0.7555555555555555,0,nan,nan,1.0,1.0,0.6522013123235609,0,22.459095207974315
10,4,C_Random_Full,4,inf,fixed_resc,up,0.42592592592592593,0.5031565656565657,0.33670143989824136,0.7333333333333333,4,0.6522013123235609,0.6522013123235609,0.19299871705348734,2.8004845242114476,0.6522013123235609,2,22.459095207974315
10,4,C_Random_Full,4,inf,est_0.01,up,0.42201834862385323,0.47790404040404033,0.3640019476177109,0.6888888888888889,16,0.9018954310570125,0.862210617664661,0.9674561831055217,0.9930807343619096,0.6522013123235609,0,22.459095207974315
10,4,C_Random_Full,4,inf,est_1,up,0.4247787610619469,0.5337752525252525,0.4409249455725423,0.7777777777777778,0,0.8802765047162003,0.8355107939664125,0.9996756643062901,0.9999342962588015,0.6522013123235609,0,22.459095207974315
10,4,C_Random_Min_Diag,4,inf,fixed_I,down,0.5454545454545454,0.6418269230769231,0.5632719438335506,0.8,0,nan,nan,1.0,1.0,0.9853265160750473,0,96.61404245789163
10,4,C_Random_Min_Diag,4,inf,fixed_I,up,0.5714285714285714,0.75,0.6227140102758522,0.7777777777777778,0,nan,nan,1.0,1.0,0.9853265160750473,2,96.61404245789163
10,4,C_Random_Min_Diag,4,inf,fixed_resc,up,0.6,0.7755408653846154,0.5791149019133803,0.7777777777777778,3,0.9853265160750473,0.9853265160750473,0.09032765180585191,3.363256913761638,0.9853265160750473,12,96.61404245789163
10,4,C_Random_Min_Diag,4,inf,est_0.01,up,0.56,0.7352764423076923,0.5800095609566759,0.7666666666666667,14,-0.23295022354699932,-0.3385796868933534,0.7230277252379894,1.0049021293782507,0.9853265160750473,10,96.61404245789163
10,4,C_Random_Min_Diag,4,inf,est_1,up,0.5862068965517241,0.7710336538461537,0.6646453979468939,0.7888888888888889,1,0.35165084142273884,0.4099699850162654,0.9562174004550767,0.98211229484704,0.9853265160750473,0,96.61404245789163
