p,k,c_choice,rep,n,c_scale,method,max_f1,auc,aupr,bic_f1,bic_edges,bic_reversed,bic_hedged,bic_skeleton_f1,search_f1,search_reversed,search_skeleton_f1,seconds_paths
10,1,C_Random_Diag,0,1000,identity,lasso,0.5714285714285714,0.8460365853658537,0.3161895396270396,0.5714285714285714,13,0,2,0.631578947368421,0.5882352941176471,1,0.75,120.01641054195352
10,1,C_Random_Diag,0,1000,identity,MCP_down,0.4,0.5876524390243902,0.17354246523170674,0.375,8,2,0,0.625,0.47058823529411764,1,0.625,120.01641054195352
10,1,C_Random_Diag,0,1000,identity,MCP_up,0.7777777777777778,0.8856707317073171,0.4896464646464646,0.7058823529411765,9,1,1,0.875,0.875,0,0.9333333333333333,120.01641054195352
10,1,C_Random_Diag,0,1000,identity,SCAD_up,0.8235294117647058,0.8879573170731708,0.4876217532467533,0.7777777777777778,10,0,1,0.8235294117647058,,,,120.01641054195352
10,1,C_Random_Diag,0,1000,variance,lasso,0.5333333333333333,0.7400914634146342,0.2952668588014513,0.2857142857142857,27,1,4,0.46153846153846156,0.4444444444444444,1,0.6666666666666666,42.129372749943286
10,1,C_Random_Diag,0,1000,variance,MCP_down,0.46153846153846156,0.5625,0.20341880341880342,0.1875,24,4,0,0.45161290322580644,0.1111111111111111,4,0.5555555555555556,42.129372749943286
10,1,C_Random_Diag,0,1000,variance,MCP_up,0.6666666666666666,0.7858231707317074,0.38168183940242767,0.48,17,1,0,0.5833333333333334,0.5882352941176471,1,0.75,42.129372749943286
10,1,C_Random_Diag,0,1000,variance,SCAD_up,0.7058823529411765,0.7873475609756098,0.3858578738512949,0.4444444444444444,19,1,0,0.5384615384615384,,,,42.129372749943286
10,1,C_Random_Diag,1,1000,identity,lasso,0.7368421052631579,0.774375,0.6241842748374896,0.5454545454545454,12,1,4,0.7777777777777778,0.2222222222222222,4,0.7058823529411765,23.38272004085593
10,1,C_Random_Diag,1,1000,identity,MCP_down,0.5,0.661875,0.46856206772155046,0.4444444444444444,8,4,0,0.8888888888888888,0.4444444444444444,4,0.8888888888888888,23.38272004085593
10,1,C_Random_Diag,1,1000,identity,MCP_up,0.3333333333333333,0.619375,0.3099191134324523,0.11764705882352941,7,5,0,0.7058823529411765,0.3333333333333333,4,0.7777777777777778,23.38272004085593
10,1,C_Random_Diag,1,1000,identity,SCAD_up,0.42857142857142855,0.63375,0.394055111637731,0.23529411764705882,7,4,0,0.7058823529411765,,,,23.38272004085593
10,1,C_Random_Diag,1,1000,variance,lasso,0.5833333333333334,0.785625,0.3862354491970732,0.5833333333333334,14,0,3,0.6666666666666666,0.5555555555555556,3,0.8888888888888888,34.418477582978085
10,1,C_Random_Diag,1,1000,variance,MCP_down,0.375,0.629375,0.24347397047397046,0.32,15,2,1,0.5,0.3333333333333333,3,0.7058823529411765,34.418477582978085
10,1,C_Random_Diag,1,1000,variance,MCP_up,0.5,0.7618750000000001,0.4630881618381618,0.5,14,1,1,0.6086956521739131,0.3333333333333333,4,0.8235294117647058,34.418477582978085
10,1,C_Random_Diag,1,1000,variance,SCAD_up,0.5,0.7675000000000001,0.3584582084582084,0.5,14,1,1,0.6086956521739131,,,,34.418477582978085
10,1,C_Random_Diag,2,1000,identity,lasso,0.5714285714285714,0.6875,0.27398386437908495,0.2,6,2,1,0.6666666666666666,0.0,3,0.6666666666666666,13.13816483411938
10,1,C_Random_Diag,2,1000,identity,MCP_down,0.3333333333333333,0.2441860465116279,0.05347222222222223,0.0,4,3,0,0.75,0.0,3,0.6666666666666666,13.13816483411938
10,1,C_Random_Diag,2,1000,identity,MCP_up,0.8571428571428571,0.6308139534883721,0.40555555555555556,0.75,4,0,0,0.75,0.5,1,0.75,13.13816483411938
10,1,C_Random_Diag,2,1000,identity,SCAD_up,0.3333333333333333,0.6017441860465116,0.128125,0.2222222222222222,5,2,1,0.75,,,,13.13816483411938
10,1,C_Random_Diag,2,1000,variance,lasso,0.5,0.6976744186046512,0.35620039682539684,0.36363636363636365,7,1,2,0.6666666666666666,0.4444444444444444,1,0.6666666666666666,14.034160749986768
10,1,C_Random_Diag,2,1000,variance,MCP_down,0.3333333333333333,0.24563953488372092,0.16805555555555557,0.0,4,3,0,0.75,0.0,3,0.6666666666666666,14.034160749986768
10,1,C_Random_Diag,2,1000,variance,MCP_up,0.8571428571428571,0.6468023255813954,0.5904040404040404,0.6666666666666666,5,1,0,0.8888888888888888,0.4444444444444444,1,0.6666666666666666,14.034160749986768
10,1,C_Random_Diag,2,1000,variance,SCAD_up,0.75,0.6497093023255814,0.41961805555555554,0.6666666666666666,5,0,1,0.75,,,,14.034160749986768
10,1,C_Random_Diag,3,1000,identity,lasso,0.5714285714285714,0.7385670731707317,0.39915691140255094,0.42105263157894735,11,2,2,0.75,0.5,2,0.8,21.932219916023314
10,1,C_Random_Diag,3,1000,identity,MCP_down,0.46153846153846156,0.5205792682926829,0.25902777777777775,0.3333333333333333,10,3,0,0.7058823529411765,0.5,2,0.8,21.932219916023314
10,1,C_Random_Diag,3,1000,identity,MCP_up,0.7142857142857143,0.7621951219512195,0.5460921447763554,0.6666666666666666,7,1,0,0.8571428571428571,0.5,2,0.8,21.932219916023314
10,1,C_Random_Diag,3,1000,identity,SCAD_up,0.5714285714285714,0.7484756097560976,0.40755047810968864,0.5333333333333333,7,2,0,0.8571428571428571,,,,21.932219916023314
10,1,C_Random_Diag,3,1000,variance,lasso,0.5714285714285714,0.770579268292683,0.36711428348308073,0.5,8,1,0,0.7142857142857143,0.5882352941176471,1,0.75,18.640226708026603
10,1,C_Random_Diag,3,1000,variance,MCP_down,0.4,0.5129573170731707,0.15783730158730158,0.35294117647058826,9,3,0,0.75,0.4444444444444444,2,0.7058823529411765,18.640226708026603
10,1,C_Random_Diag,3,1000,variance,MCP_up,0.6666666666666666,0.7652439024390243,0.40253427128427127,0.5882352941176471,9,1,0,0.8,0.5882352941176471,1,0.75,18.640226708026603
10,1,C_Random_Diag,3,1000,variance,SCAD_up,0.5882352941176471,0.7553353658536586,0.3353625541125541,0.5555555555555556,10,1,1,0.8,,,,18.640226708026603
10,1,C_Random_Diag,4,1000,identity,lasso,0.5555555555555556,0.7166353383458648,0.28601507157203465,0.4528301886792453,39,1,4,0.5777777777777777,0.5142857142857142,2,0.6875,227.2372742088046
10,1,C_Random_Diag,4,1000,identity,MCP_down,0.4827586206896552,0.6550751879699248,0.26149510212010213,0.3333333333333333,40,4,1,0.5,0.43243243243243246,3,0.6470588235294118,227.2372742088046
10,1,C_Random_Diag,4,1000,identity,MCP_up,0.5945945945945946,0.7363721804511278,0.3881484756853524,0.5142857142857142,21,2,1,0.6470588235294118,0.5294117647058824,1,0.625,227.2372742088046
10,1,C_Random_Diag,4,1000,identity,SCAD_up,0.5641025641025641,0.7307330827067671,0.3640475518270549,0.5555555555555556,22,1,2,0.6470588235294118,,,,227.2372742088046
10,1,C_Random_Diag,4,1000,variance,lasso,0.5238095238095238,0.7537593984962405,0.2836214645506566,0.41379310344827586,44,0,3,0.5,0.6486486486486487,0,0.7058823529411765,154.39785058307461
10,1,C_Random_Diag,4,1000,variance,MCP_down,0.45,0.6785714285714286,0.25552072840892714,0.3389830508474576,45,4,0,0.509090909090909,0.4444444444444444,3,0.6190476190476191,154.39785058307461
10,1,C_Random_Diag,4,1000,variance,MCP_up,0.7272727272727273,0.8562030075187971,0.4244612821190493,0.4897959183673469,35,0,3,0.5581395348837209,0.5945945945945946,1,0.7058823529411765,154.39785058307461
10,1,C_Random_Diag,4,1000,variance,SCAD_up,0.7272727272727273,0.8397556390977444,0.3837431619898497,0.4897959183673469,35,0,3,0.5581395348837209,,,,154.39785058307461
10,1,C_Random_Min_Diag,0,1000,identity,lasso,0.6,0.8924268502581756,0.3826595781299614,0.5555555555555556,11,0,3,0.7142857142857143,0.5,1,0.7142857142857143,38.10314645897597
10,1,C_Random_Min_Diag,0,1000,identity,MCP_down,0.2222222222222222,0.44148020654044745,0.16480178278207835,0.19047619047619047,14,3,0,0.47619047619047616,0.4,2,0.6666666666666666,38.10314645897597
10,1,C_Random_Min_Diag,0,1000,identity,MCP_up,0.7692307692307693,0.891566265060241,0.4796978202827957,0.7142857142857143,7,1,0,0.8571428571428571,0.6666666666666666,1,0.8,38.10314645897597
10,1,C_Random_Min_Diag,0,1000,identity,SCAD_up,0.6666666666666666,0.8760757314974181,0.38421019839922155,0.5882352941176471,10,1,0,0.7058823529411765,,,,38.10314645897597
10,1,C_Random_Min_Diag,0,1000,variance,lasso,0.631578947368421,0.9001721170395869,0.297400109469075,0.631578947368421,12,0,3,0.75,0.5333333333333333,2,0.8571428571428571,27.846060457872227
10,1,C_Random_Min_Diag,0,1000,variance,MCP_down,0.4,0.6368330464716008,0.159166230594802,0.375,9,2,0,0.625,0.4,2,0.6666666666666666,27.846060457872227
10,1,C_Random_Min_Diag,0,1000,variance,MCP_up,0.7142857142857143,0.8975903614457831,0.3638020801642064,0.7142857142857143,7,1,0,0.8571428571428571,0.7142857142857143,1,0.8571428571428571,27.846060457872227
10,1,C_Random_Min_Diag,0,1000,variance,SCAD_up,0.75,0.8760757314974181,0.31524840961798417,0.75,9,1,0,0.875,,,,27.846060457872227
10,1,C_Random_Min_Diag,1,1000,identity,lasso,0.5555555555555556,0.8657487091222031,0.2930617824235433,0.5555555555555556,11,1,3,0.8,0.46153846153846156,2,0.7692307692307693,30.960045957937837
10,1,C_Random_Min_Diag,1,1000,identity,MCP_down,0.47058823529411764,0.5972461273666093,0.21588678482145546,0.46153846153846156,6,2,0,0.7692307692307693,0.46153846153846156,2,0.7692307692307693,30.960045957937837
10,1,C_Random_Min_Diag,1,1000,identity,MCP_up,0.5714285714285714,0.9036144578313253,0.4405672924106104,0.46153846153846156,6,2,0,0.7692307692307693,0.46153846153846156,2,0.7692307692307693,30.960045957937837
10,1,C_Random_Min_Diag,1,1000,identity,SCAD_up,0.5,0.8674698795180723,0.2680464104833853,0.42857142857142855,7,2,0,0.7142857142857143,,,,30.960045957937837
10,1,C_Random_Min_Diag,1,1000,variance,lasso,0.5333333333333333,0.9199655765920827,0.49228139531674736,0.34285714285714286,28,1,5,0.5,0.35294117647058826,4,0.875,29.11679079197347
10,1,C_Random_Min_Diag,1,1000,variance,MCP_down,0.5,0.7435456110154905,0.36979949874686713,0.37037037037037035,20,2,0,0.5185185185185185,0.5882352941176471,2,0.875,29.11679079197347
10,1,C_Random_Min_Diag,1,1000,variance,MCP_up,0.7,0.9664371772805508,0.640533276247562,0.7,13,0,0,0.7,0.8,1,0.9333333333333333,29.11679079197347
10,1,C_Random_Min_Diag,1,1000,variance,SCAD_up,0.6,0.9518072289156627,0.5576474179415356,0.56,18,0,1,0.6086956521739131,,,,29.11679079197347
10,1,C_Random_Min_Diag,2,1000,identity,lasso,0.48,0.7147435897435896,0.37951005697253604,0.4444444444444444,24,0,5,0.5333333333333333,0.4827586206896552,2,0.6428571428571429,84.76580399996601
10,1,C_Random_Min_Diag,2,1000,identity,MCP_down,0.42105263157894735,0.6298076923076923,0.3119771651350599,0.3783783783783784,25,1,2,0.45714285714285713,0.4666666666666667,1,0.5714285714285714,84.76580399996601
10,1,C_Random_Min_Diag,2,1000,identity,MCP_up,0.6666666666666666,0.7441239316239316,0.6383417508417508,0.47058823529411764,22,2,1,0.6060606060606061,0.4827586206896552,2,0.6428571428571429,84.76580399996601
10,1,C_Random_Min_Diag,2,1000,identity,SCAD_up,0.6666666666666666,0.7473290598290598,0.6545967254423137,0.5,24,2,1,0.6470588235294118,,,,84.76580399996601
10,1,C_Random_Min_Diag,2,1000,variance,lasso,0.47619047619047616,0.7200854700854701,0.4449064108816626,0.32727272727272727,43,1,5,0.4444444444444444,0.5333333333333333,1,0.6428571428571429,46.445037374971434
10,1,C_Random_Min_Diag,2,1000,variance,MCP_down,0.4444444444444444,0.5389957264957266,0.35842738228332266,0.18867924528301888,41,6,1,0.44,0.3125,4,0.5806451612903226,46.445037374971434
10,1,C_Random_Min_Diag,2,1000,variance,MCP_up,0.5714285714285714,0.7542735042735043,0.4390963106362812,0.42105263157894735,26,1,1,0.4864864864864865,0.5517241379310345,1,0.6428571428571429,46.445037374971434
10,1,C_Random_Min_Diag,2,1000,variance,SCAD_up,0.5217391304347826,0.7387820512820513,0.4610965893574589,0.43243243243243246,25,1,1,0.5142857142857142,,,,46.445037374971434
10,1,C_Random_Min_Diag,3,1000,identity,lasso,0.6153846153846154,0.8898809523809523,0.32451099479062306,0.5454545454545454,5,1,1,0.8,0.5,1,0.7272727272727273,33.03838537493721
10,1,C_Random_Min_Diag,3,1000,identity,MCP_down,0.6666666666666666,0.8065476190476191,0.41219212048016396,0.6,4,1,0,0.8,0.5,1,0.7272727272727273,33.03838537493721
10,1,C_Random_Min_Diag,3,1000,identity,MCP_up,0.6666666666666666,0.8253968253968254,0.40051679586563305,0.46153846153846156,7,1,1,0.6666666666666666,0.5,1,0.7272727272727273,33.03838537493721
10,1,C_Random_Min_Diag,3,1000,identity,SCAD_up,0.7272727272727273,0.8234126984126984,0.3947724184272602,0.5333333333333333,9,0,2,0.6153846153846154,,,,33.03838537493721
10,1,C_Random_Min_Diag,3,1000,variance,lasso,0.5,0.7956349206349207,0.22355518525892643,0.5,10,0,2,0.5714285714285714,0.5,1,0.6666666666666666,19.09443987510167
10,1,C_Random_Min_Diag,3,1000,variance,MCP_down,0.16,0.4464285714285714,0.059044260979245505,0.0,4,2,0,0.4,0.0,3,0.5,19.09443987510167
10,1,C_Random_Min_Diag,3,1000,variance,MCP_up,0.5454545454545454,0.7698412698412699,0.28495934959349595,0.5454545454545454,5,1,0,0.7272727272727273,0.5,1,0.6666666666666666,19.09443987510167
10,1,C_Random_Min_Diag,3,1000,variance,SCAD_up,0.5454545454545454,0.7619047619047619,0.2598016841881525,0.5454545454545454,5,1,0,0.7272727272727273,,,,19.09443987510167
10,1,C_Random_Min_Diag,4,1000,identity,lasso,0.5806451612903226,0.8237179487179488,0.37334876974371045,0.4,8,3,1,0.7777777777777778,0.36363636363636365,5,0.8571428571428571,22.02568554203026
10,1,C_Random_Min_Diag,4,1000,identity,MCP_down,0.5,0.5998931623931624,0.2735058038366862,0.5,8,3,0,0.8421052631578947,0.36363636363636365,5,0.8571428571428571,22.02568554203026
10,1,C_Random_Min_Diag,4,1000,identity,MCP_up,0.7,0.8034188034188035,0.42390598786940253,0.6666666666666666,12,2,0,0.8695652173913043,0.6956521739130435,2,0.9090909090909091,22.02568554203026
10,1,C_Random_Min_Diag,4,1000,identity,SCAD_up,0.6923076923076923,0.7932692307692308,0.370713583966926,0.6923076923076923,14,2,1,0.8695652173913043,,,,22.02568554203026
10,1,C_Random_Min_Diag,4,1000,variance,lasso,0.5833333333333334,0.7686965811965812,0.45270774976657335,0.48,13,2,3,0.7619047619047619,0.38095238095238093,4,0.8,17.471740999957547
10,1,C_Random_Min_Diag,4,1000,variance,MCP_down,0.43478260869565216,0.5924145299145299,0.3371231727209988,0.4,8,4,0,0.8421052631578947,0.38095238095238093,4,0.8,17.471740999957547
10,1,C_Random_Min_Diag,4,1000,variance,MCP_up,0.782608695652174,0.8050213675213675,0.6244348244348245,0.782608695652174,11,1,0,0.9090909090909091,0.782608695652174,1,0.9090909090909091,17.471740999957547
10,1,C_Random_Min_Diag,4,1000,variance,SCAD_up,0.72,0.7922008547008548,0.5248294202218701,0.72,13,1,1,0.8695652173913043,,,,17.471740999957547
10,1,C_Random_Full,0,1000,identity,lasso,0.4444444444444444,0.6020299145299146,0.3039362811520272,0.36363636363636365,32,0,5,0.47058823529411764,0.29411764705882354,3,0.5,58.19601616705768
10,1,C_Random_Full,0,1000,identity,MCP_down,0.5217391304347826,0.6036324786324786,0.30560331212904746,0.3157894736842105,26,2,0,0.43243243243243246,0.16666666666666666,4,0.4,58.19601616705768
10,1,C_Random_Full,0,1000,identity,MCP_up,0.4,0.5341880341880342,0.2531873899683823,0.21052631578947367,26,2,1,0.35294117647058826,0.22857142857142856,2,0.375,58.19601616705768
10,1,C_Random_Full,0,1000,identity,SCAD_up,0.5161290322580645,0.5560897435897436,0.2817661725570555,0.2,28,2,0,0.3157894736842105,,,,58.19601616705768
10,1,C_Random_Full,0,1000,variance,lasso,0.4,0.6324786324786325,0.3168725044324424,0.27450980392156865,39,2,4,0.45,0.1875,2,0.3448275862068966,44.81203245790675
10,1,C_Random_Full,0,1000,variance,MCP_down,0.5161290322580645,0.7638888888888891,0.3531886682790852,0.45,28,0,0,0.46153846153846156,0.4444444444444444,0,0.45714285714285713,44.81203245790675
10,1,C_Random_Full,0,1000,variance,MCP_up,0.5217391304347826,0.6159188034188035,0.316448952289848,0.2222222222222222,24,2,1,0.36363636363636365,0.24242424242424243,2,0.3870967741935484,44.81203245790675
10,1,C_Random_Full,0,1000,variance,SCAD_up,0.47058823529411764,0.6169871794871795,0.3062646511723553,0.23809523809523808,30,5,1,0.5,,,,44.81203245790675
10,1,C_Random_Full,1,1000,identity,lasso,0.3018867924528302,0.5995397008055235,0.22513414221043695,0.24489795918367346,38,3,2,0.43902439024390244,0.23529411764705882,5,0.5294117647058824,30.686620415886864
10,1,C_Random_Full,1,1000,identity,MCP_down,0.3333333333333333,0.5322209436133487,0.20071522680218332,0.24390243902439024,30,6,0,0.5365853658536586,0.43243243243243246,2,0.5405405405405406,30.686620415886864
10,1,C_Random_Full,1,1000,identity,MCP_up,0.2702702702702703,0.5724971231300345,0.197725339692783,0.2702702702702703,26,4,0,0.4864864864864865,0.23529411764705882,4,0.47058823529411764,30.686620415886864
10,1,C_Random_Full,1,1000,identity,SCAD_up,0.3,0.5949367088607596,0.2224260946355297,0.25,29,4,0,0.45,,,,30.686620415886864
10,1,C_Random_Full,1,1000,variance,lasso,0.4,0.6467203682393555,0.29918091210878783,0.2727272727272727,33,3,2,0.4864864864864865,0.2222222222222222,4,0.5,32.36980549991131
10,1,C_Random_Full,1,1000,variance,MCP_down,0.35,0.5500575373993095,0.23986156707964162,0.24390243902439024,30,5,0,0.4878048780487805,0.3684210526315789,2,0.4864864864864865,32.36980549991131
10,1,C_Random_Full,1,1000,variance,MCP_up,0.41379310344827586,0.6300345224395857,0.2686503894255801,0.3333333333333333,25,4,0,0.5555555555555556,0.35294117647058826,3,0.5294117647058824,32.36980549991131
10,1,C_Random_Full,1,1000,variance,SCAD_up,0.4,0.6087456846950517,0.27715959667961754,0.32432432432432434,26,3,0,0.4864864864864865,,,,32.36980549991131
10,1,C_Random_Full,2,1000,identity,lasso,0.41379310344827586,0.7228915662650602,0.1621655827095898,0.3076923076923077,19,2,3,0.5714285714285714,0.36363636363636365,1,0.5263157894736842,22.747248040977865
10,1,C_Random_Full,2,1000,identity,MCP_down,0.10810810810810811,0.36488812392426845,0.05352125524539318,0.0,24,5,0,0.3225806451612903,0.16,3,0.4,22.747248040977865
10,1,C_Random_Full,2,1000,identity,MCP_up,0.5,0.7194492254733218,0.19431011535048803,0.34782608695652173,16,3,1,0.6666666666666666,0.43478260869565216,2,0.6363636363636364,22.747248040977865
10,1,C_Random_Full,2,1000,identity,SCAD_up,0.45454545454545453,0.693631669535284,0.15969562730646475,0.45454545454545453,15,2,1,0.6666666666666666,,,,22.747248040977865
10,1,C_Random_Full,2,1000,variance,lasso,0.48,0.8029259896729776,0.2883369564041833,0.42857142857142855,21,0,4,0.5454545454545454,0.5714285714285714,0,0.6,18.503688874887303
10,1,C_Random_Full,2,1000,variance,MCP_down,0.2857142857142857,0.5929432013769363,0.20734126984126983,0.20689655172413793,22,3,0,0.41379310344827586,0.16666666666666666,4,0.5,18.503688874887303
10,1,C_Random_Full,2,1000,variance,MCP_up,0.5555555555555556,0.7900172117039587,0.3076181121745638,0.2962962962962963,20,2,1,0.46153846153846156,0.36363636363636365,2,0.5714285714285714,18.503688874887303
10,1,C_Random_Full,2,1000,variance,SCAD_up,0.5263157894736842,0.7641996557659207,0.27481189297502195,0.25806451612903225,24,3,1,0.4827586206896552,,,,18.503688874887303
10,1,C_Random_Full,3,1000,identity,lasso,0.56,0.7553418803418803,0.3454895299977005,0.4117647058823529,22,2,2,0.64,0.35714285714285715,3,0.56,66.82281370810233
10,1,C_Random_Full,3,1000,identity,MCP_down,0.5,0.6378205128205128,0.25891068832430386,0.3783783783783784,25,2,0,0.5142857142857142,0.35294117647058826,2,0.5,66.82281370810233
10,1,C_Random_Full,3,1000,identity,MCP_up,0.47058823529411764,0.7158119658119658,0.27897543390964447,0.3225806451612903,19,3,0,0.5,0.35714285714285715,3,0.56,66.82281370810233
10,1,C_Random_Full,3,1000,identity,SCAD_up,0.4864864864864865,0.7152777777777778,0.27178682004718485,0.3125,20,2,1,0.5,,,,66.82281370810233
10,1,C_Random_Full,3,1000,variance,lasso,0.47619047619047616,0.7532051282051283,0.30793406531504297,0.4,28,1,1,0.48484848484848486,0.25,4,0.5333333333333333,58.7356855829712
10,1,C_Random_Full,3,1000,variance,MCP_down,0.42105263157894735,0.48023504273504275,0.17409389608567105,0.16216216216216217,25,4,0,0.4117647058823529,0.24242424242424243,5,0.5333333333333333,58.7356855829712
10,1,C_Random_Full,3,1000,variance,MCP_up,0.5,0.7275641025641026,0.3149997192446237,0.2857142857142857,23,3,0,0.4375,0.24242424242424243,4,0.4666666666666667,58.7356855829712
10,1,C_Random_Full,3,1000,variance,SCAD_up,0.47619047619047616,0.7152777777777779,0.27072446559288665,0.3157894736842105,26,3,0,0.45714285714285713,,,,58.7356855829712
10,1,C_Random_Full,4,1000,identity,lasso,0.4,0.6452067669172933,0.23098234469363058,0.37037037037037035,40,2,6,0.5714285714285714,0.3783783783783784,4,0.6470588235294118,92.20135187497362
10,1,C_Random_Full,4,1000,identity,MCP_down,0.2692307692307692,0.5075187969924813,0.15497112396437915,0.2127659574468085,33,5,0,0.43478260869565216,0.23809523809523808,6,0.5365853658536586,92.20135187497362
10,1,C_Random_Full,4,1000,identity,MCP_up,0.3888888888888889,0.6508458646616542,0.22145404086806506,0.38095238095238093,28,2,2,0.5263157894736842,0.3902439024390244,3,0.6111111111111112,92.20135187497362
10,1,C_Random_Full,4,1000,identity,SCAD_up,0.391304347826087,0.6428571428571429,0.22447890794930267,0.34782608695652173,32,2,2,0.47619047619047616,,,,92.20135187497362
10,1,C_Random_Full,4,1000,variance,lasso,0.43478260869565216,0.7039473684210527,0.30381779717017815,0.35714285714285715,42,2,5,0.5217391304347826,0.43902439024390244,2,0.6111111111111112,79.99718479206786
10,1,C_Random_Full,4,1000,variance,MCP_down,0.2926829268292683,0.4967105263157895,0.22499788508961052,0.20833333333333334,34,6,0,0.4782608695652174,0.25,5,0.5405405405405406,79.99718479206786
10,1,C_Random_Full,4,1000,variance,MCP_up,0.4166666666666667,0.7260338345864661,0.3439431747911338,0.391304347826087,32,2,3,0.5238095238095238,0.43902439024390244,2,0.5789473684210527,79.99718479206786
10,1,C_Random_Full,4,1000,variance,SCAD_up,0.4090909090909091,0.6940789473684211,0.28140291038261256,0.4,31,2,3,0.55,,,,79.99718479206786
10,2,C_Random_Diag,0,1000,identity,lasso,0.75,0.7874228395061729,0.6884679446750386,0.6666666666666666,15,0,2,0.7333333333333333,0.7586206896551724,0,0.7857142857142857,26.910070166923106
10,2,C_Random_Diag,0,1000,identity,MCP_down,0.6666666666666666,0.6454475308641975,0.5431059285827253,0.5517241379310345,11,2,0,0.7142857142857143,0.5517241379310345,2,0.7142857142857143,26.910070166923106
10,2,C_Random_Diag,0,1000,identity,MCP_up,0.8235294117647058,0.7885802469135803,0.751796849448944,0.7586206896551724,11,0,0,0.7857142857142857,0.7586206896551724,0,0.7857142857142857,26.910070166923106
10,2,C_Random_Diag,0,1000,identity,SCAD_up,0.8,0.7924382716049383,0.7256391919487517,0.7333333333333333,12,0,0,0.7586206896551724,,,,26.910070166923106
10,2,C_Random_Diag,0,1000,variance,lasso,0.7,0.7939814814814815,0.6670634191564274,0.6875,14,1,1,0.8,0.7586206896551724,0,0.7857142857142857,33.251870166976005
10,2,C_Random_Diag,0,1000,variance,MCP_down,0.7333333333333333,0.7465277777777779,0.6695963409864265,0.625,14,3,0,0.8387096774193549,0.5333333333333333,2,0.6896551724137931,33.251870166976005
10,2,C_Random_Diag,0,1000,variance,MCP_up,0.75,0.7692901234567902,0.7152930094596761,0.6896551724137931,11,1,0,0.7857142857142857,0.7586206896551724,0,0.7857142857142857,33.251870166976005
10,2,C_Random_Diag,0,1000,variance,SCAD_up,0.7741935483870968,0.7750771604938271,0.6529759981282746,0.7741935483870968,13,0,0,0.8,,,,33.251870166976005
10,2,C_Random_Diag,1,1000,identity,lasso,0.5909090909090909,0.8007518796992481,0.3345089833973964,0.41379310344827586,15,3,2,0.6923076923076923,0.37037037037037035,3,0.64,33.025553916813806
10,2,C_Random_Diag,1,1000,identity,MCP_down,0.48484848484848486,0.5465225563909775,0.21711959000712067,0.3448275862068966,15,4,0,0.6428571428571429,0.2962962962962963,4,0.6153846153846154,33.025553916813806
10,2,C_Random_Diag,1,1000,identity,MCP_up,0.7586206896551724,0.8327067669172932,0.48901403706895696,0.7586206896551724,15,1,0,0.8571428571428571,0.6666666666666666,1,0.7692307692307693,33.025553916813806
10,2,C_Random_Diag,1,1000,identity,SCAD_up,0.7272727272727273,0.8012218045112782,0.3567044922677682,0.6451612903225806,17,1,0,0.7333333333333333,,,,33.025553916813806
10,2,C_Random_Diag,1,1000,variance,lasso,0.5714285714285714,0.7791353383458646,0.31492506855646135,0.45161290322580644,17,2,2,0.6428571428571429,0.42857142857142855,3,0.6666666666666666,31.253531333990395
10,2,C_Random_Diag,1,1000,variance,MCP_down,0.3333333333333333,0.5032894736842105,0.16650893672629652,0.25806451612903225,17,5,1,0.6206896551724138,0.37037037037037035,4,0.6923076923076923,31.253531333990395
10,2,C_Random_Diag,1,1000,variance,MCP_up,0.7333333333333333,0.8355263157894737,0.43756878334084215,0.6428571428571429,14,1,0,0.7407407407407407,0.6428571428571429,2,0.8148148148148148,31.253531333990395
10,2,C_Random_Diag,1,1000,variance,SCAD_up,0.6470588235294118,0.819078947368421,0.38819388611074307,0.6,16,1,1,0.7142857142857143,,,,31.253531333990395
10,2,C_Random_Diag,2,1000,identity,lasso,0.6666666666666666,0.7182486631016043,0.502075788103921,0.5853658536585366,19,1,4,0.7272727272727273,0.6486486486486487,1,0.7741935483870968,38.528759291162714
10,2,C_Random_Diag,2,1000,identity,MCP_down,0.6153846153846154,0.6931818181818181,0.48948057959456776,0.5,14,2,0,0.6666666666666666,0.5714285714285714,3,0.7741935483870968,38.528759291162714
10,2,C_Random_Diag,2,1000,identity,MCP_up,0.5581395348837209,0.7038770053475936,0.5045622070913763,0.4444444444444444,14,3,0,0.6666666666666666,0.5714285714285714,3,0.7741935483870968,38.528759291162714
10,2,C_Random_Diag,2,1000,identity,SCAD_up,0.6190476190476191,0.6858288770053476,0.4485068857449559,0.6190476190476191,20,2,1,0.7567567567567568,,,,38.528759291162714
10,2,C_Random_Diag,2,1000,variance,lasso,0.6222222222222222,0.7159090909090908,0.48186815746896133,0.5714285714285714,20,0,4,0.6470588235294118,0.631578947368421,0,0.6875,60.91013704100624
10,2,C_Random_Diag,2,1000,variance,MCP_down,0.4444444444444444,0.5922459893048128,0.3938144237737376,0.358974358974359,17,4,0,0.6111111111111112,0.358974358974359,3,0.5882352941176471,60.91013704100624
10,2,C_Random_Diag,2,1000,variance,MCP_up,0.6190476190476191,0.7192513368983957,0.5272764609128245,0.5945945945945946,15,1,0,0.7058823529411765,0.6486486486486487,0,0.7272727272727273,60.91013704100624
10,2,C_Random_Diag,2,1000,variance,SCAD_up,0.631578947368421,0.6961898395721925,0.4691922230068782,0.631578947368421,16,0,0,0.6857142857142857,,,,60.91013704100624
10,2,C_Random_Diag,3,1000,identity,lasso,0.5833333333333334,0.7042857142857143,0.38035564229398033,0.46511627906976744,23,1,3,0.5714285714285714,0.4,3,0.6285714285714286,28.319241542136297
10,2,C_Random_Diag,3,1000,identity,MCP_down,0.4444444444444444,0.5935714285714286,0.3009181808688387,0.43902439024390244,21,5,0,0.717948717948718,0.45,4,0.6842105263157895,28.319241542136297
10,2,C_Random_Diag,3,1000,identity,MCP_up,0.65,0.7235714285714285,0.4298400449240607,0.6486486486486487,17,2,0,0.8,0.6666666666666666,2,0.8484848484848485,28.319241542136297
10,2,C_Random_Diag,3,1000,identity,SCAD_up,0.5853658536585366,0.6978571428571428,0.3782315931056495,0.5853658536585366,21,3,0,0.7692307692307693,,,,28.319241542136297
10,2,C_Random_Diag,3,1000,variance,lasso,0.5909090909090909,0.7271428571428571,0.43476130255302015,0.5777777777777777,25,2,3,0.717948717948718,0.6666666666666666,2,0.8235294117647058,49.353722541127354
10,2,C_Random_Diag,3,1000,variance,MCP_down,0.6285714285714286,0.6646428571428571,0.40173295454545455,0.5238095238095238,22,4,0,0.75,0.5789473684210527,3,0.7777777777777778,49.353722541127354
10,2,C_Random_Diag,3,1000,variance,MCP_up,0.7027027027027027,0.7378571428571428,0.4474128839144229,0.7027027027027027,17,2,0,0.8571428571428571,0.7428571428571429,1,0.8484848484848485,49.353722541127354
10,2,C_Random_Diag,3,1000,variance,SCAD_up,0.75,0.7417857142857143,0.46449983388031013,0.75,20,0,2,0.8333333333333334,,,,49.353722541127354
10,2,C_Random_Diag,4,1000,identity,lasso,0.4444444444444444,0.6313344594594594,0.2595574319830163,0.36,34,5,6,0.6829268292682927,0.45714285714285713,4,0.7058823529411765,79.89692204189487
10,2,C_Random_Diag,4,1000,identity,MCP_down,0.3157894736842105,0.4370777027027027,0.16688974823485692,0.2702702702702703,21,6,0,0.6111111111111112,0.22857142857142856,6,0.6060606060606061,79.89692204189487
10,2,C_Random_Diag,4,1000,identity,MCP_up,0.46153846153846156,0.6739864864864865,0.34788015102971365,0.45,24,4,2,0.6842105263157895,0.42424242424242425,5,0.75,79.89692204189487
10,2,C_Random_Diag,4,1000,identity,SCAD_up,0.5555555555555556,0.6684966216216217,0.33590248222702596,0.43243243243243246,21,4,1,0.6857142857142857,,,,79.89692204189487
10,2,C_Random_Diag,4,1000,variance,lasso,0.3829787234042553,0.6085304054054054,0.2875177161010338,0.3829787234042553,31,6,5,0.75,0.43243243243243246,5,0.7647058823529411,62.762065041810274
10,2,C_Random_Diag,4,1000,variance,MCP_down,0.38461538461538464,0.5059121621621622,0.26298068335797,0.2926829268292683,25,6,0,0.5853658536585366,0.29411764705882354,4,0.5454545454545454,62.762065041810274
10,2,C_Random_Diag,4,1000,variance,MCP_up,0.45714285714285713,0.6372466216216216,0.3613058176089707,0.36363636363636365,28,7,0,0.6976744186046512,0.4864864864864865,5,0.7567567567567568,62.762065041810274
10,2,C_Random_Diag,4,1000,variance,SCAD_up,0.41379310344827586,0.6266891891891891,0.31142009113857605,0.34782608695652173,30,7,1,0.6818181818181818,,,,62.762065041810274
10,2,C_Random_Min_Diag,0,1000,identity,lasso,0.5853658536585366,0.8154560810810811,0.4826725849651538,0.5789473684210527,22,1,4,0.75,0.6666666666666666,1,0.8,23.600815000012517
10,2,C_Random_Min_Diag,0,1000,identity,MCP_down,0.6666666666666666,0.7238175675675675,0.49568479255737374,0.6666666666666666,17,2,1,0.8387096774193549,0.6451612903225806,3,0.8666666666666667,23.600815000012517
10,2,C_Random_Min_Diag,0,1000,identity,MCP_up,0.5384615384615384,0.7956081081081082,0.4816432140838297,0.47058823529411764,18,4,1,0.75,0.45161290322580644,5,0.8,23.600815000012517
10,2,C_Random_Min_Diag,0,1000,identity,SCAD_up,0.5882352941176471,0.7922297297297298,0.4606086998351246,0.43243243243243246,21,5,1,0.7428571428571429,,,,23.600815000012517
10,2,C_Random_Min_Diag,0,1000,variance,lasso,0.6829268292682927,0.8779560810810811,0.5721684655947132,0.631578947368421,22,3,1,0.8,0.7333333333333333,2,0.896551724137931,27.815353417070583
10,2,C_Random_Min_Diag,0,1000,variance,MCP_down,0.7333333333333333,0.8070101351351352,0.5543410724829585,0.7096774193548387,15,2,0,0.8666666666666667,0.7333333333333333,2,0.896551724137931,27.815353417070583
10,2,C_Random_Min_Diag,0,1000,variance,MCP_up,0.7333333333333333,0.8657094594594594,0.5815324047633835,0.7096774193548387,15,2,0,0.8666666666666667,0.7333333333333333,2,0.896551724137931,27.815353417070583
10,2,C_Random_Min_Diag,0,1000,variance,SCAD_up,0.7096774193548387,0.8631756756756757,0.5731339875290029,0.6666666666666666,14,3,0,0.896551724137931,,,,27.815353417070583
10,2,C_Random_Min_Diag,1,1000,identity,lasso,0.7037037037037037,0.726476314081765,0.45019434093147,0.68,27,1,5,0.8205128205128205,0.6666666666666666,2,0.8888888888888888,62.40652895788662
10,2,C_Random_Min_Diag,1,1000,identity,MCP_down,0.52,0.6252433484750162,0.3830774349890645,0.5106382978723404,24,3,0,0.6666666666666666,0.5333333333333333,2,0.717948717948718,62.40652895788662
10,2,C_Random_Min_Diag,1,1000,identity,MCP_up,0.7027027027027027,0.7326411421155093,0.5034423663022703,0.6222222222222222,22,0,2,0.7368421052631579,0.6363636363636364,0,0.7368421052631579,62.40652895788662
10,2,C_Random_Min_Diag,1,1000,identity,SCAD_up,0.6666666666666666,0.7066839714471123,0.43230166505472967,0.6363636363636364,21,3,0,0.7894736842105263,,,,62.40652895788662
10,2,C_Random_Min_Diag,1,1000,variance,lasso,0.7307692307692307,0.7141466580142766,0.4381684534000218,0.7307692307692307,29,0,6,0.8717948717948718,0.7142857142857143,1,0.8888888888888888,47.204061083029956
10,2,C_Random_Min_Diag,1,1000,variance,MCP_down,0.5652173913043478,0.6846203763789748,0.44644345919853207,0.5652173913043478,23,2,0,0.7142857142857143,0.6222222222222222,1,0.7317073170731707,47.204061083029956
10,2,C_Random_Min_Diag,1,1000,variance,MCP_up,0.6666666666666666,0.7177157689811811,0.4863057785727262,0.5652173913043478,23,1,1,0.7,0.6,1,0.7428571428571429,47.204061083029956
10,2,C_Random_Min_Diag,1,1000,variance,SCAD_up,0.6976744186046512,0.6888384166125892,0.41289112811444917,0.5416666666666666,25,1,1,0.6666666666666666,,,,47.204061083029956
10,2,C_Random_Min_Diag,2,1000,identity,lasso,0.5625,0.8073308270676691,0.4310085460952058,0.5454545454545454,19,2,5,0.8148148148148148,0.5517241379310345,4,0.8888888888888888,67.32043091696687
10,2,C_Random_Min_Diag,2,1000,identity,MCP_down,0.5384615384615384,0.4943609022556391,0.28699475128046553,0.3333333333333333,16,6,0,0.7586206896551724,0.35714285714285715,6,0.8148148148148148,67.32043091696687
10,2,C_Random_Min_Diag,2,1000,identity,MCP_up,0.8,0.8402255639097744,0.5461031788804345,0.8,16,0,0,0.8275862068965517,0.7857142857142857,1,0.8888888888888888,67.32043091696687
10,2,C_Random_Min_Diag,2,1000,identity,SCAD_up,0.6666666666666666,0.8265977443609023,0.4753921061431565,0.6428571428571429,14,2,1,0.8461538461538461,,,,67.32043091696687
10,2,C_Random_Min_Diag,2,1000,variance,lasso,0.5777777777777777,0.8303571428571428,0.3609651505646193,0.5555555555555556,22,2,4,0.8,0.7142857142857143,2,0.9230769230769231,61.19389887503348
10,2,C_Random_Min_Diag,2,1000,variance,MCP_down,0.4166666666666667,0.5234962406015038,0.20785465836315986,0.29411764705882354,20,6,1,0.6875,0.2857142857142857,6,0.7407407407407407,61.19389887503348
10,2,C_Random_Min_Diag,2,1000,variance,MCP_up,0.7857142857142857,0.880639097744361,0.4951710987425273,0.7857142857142857,14,1,0,0.8888888888888888,0.7142857142857143,2,0.9230769230769231,61.19389887503348
10,2,C_Random_Min_Diag,2,1000,variance,SCAD_up,0.7058823529411765,0.8486842105263158,0.3948586822978685,0.6470588235294118,20,2,1,0.8125,,,,61.19389887503348
10,2,C_Random_Min_Diag,3,1000,identity,lasso,0.7058823529411765,0.8846153846153848,0.47042216170631845,0.7058823529411765,21,0,5,0.8461538461538461,0.8888888888888888,0,0.9166666666666666,33.4329988330137
10,2,C_Random_Min_Diag,3,1000,identity,MCP_down,0.5833333333333334,0.6778221778221778,0.29897977839154305,0.5333333333333333,17,3,0,0.7857142857142857,0.42857142857142855,4,0.7692307692307693,33.4329988330137
10,2,C_Random_Min_Diag,3,1000,identity,MCP_up,0.7692307692307693,0.901098901098901,0.5346124972643191,0.7142857142857143,15,1,0,0.8461538461538461,0.7857142857142857,0,0.8461538461538461,33.4329988330137
10,2,C_Random_Min_Diag,3,1000,identity,SCAD_up,0.6666666666666666,0.8801198801198801,0.46051515477986066,0.6666666666666666,17,0,2,0.8,,,,33.4329988330137
10,2,C_Random_Min_Diag,3,1000,variance,lasso,0.7333333333333333,0.8986013986013985,0.6335198706522236,0.631578947368421,25,0,3,0.7333333333333333,0.6896551724137931,1,0.7692307692307693,35.60651016701013
10,2,C_Random_Min_Diag,3,1000,variance,MCP_down,0.8,0.8206793206793208,0.664517427017427,0.5555555555555556,23,1,0,0.6470588235294118,0.5806451612903226,2,0.7586206896551724,35.60651016701013
10,2,C_Random_Min_Diag,3,1000,variance,MCP_up,0.8,0.898101898101898,0.7147306045620248,0.7333333333333333,17,0,0,0.7857142857142857,0.6923076923076923,1,0.8333333333333334,35.60651016701013
10,2,C_Random_Min_Diag,3,1000,variance,SCAD_up,0.7692307692307693,0.8886113886113886,0.6484428876505053,0.75,19,0,1,0.7857142857142857,,,,35.60651016701013
10,2,C_Random_Min_Diag,4,1000,identity,lasso,0.3728813559322034,0.5777777777777777,0.19192644809241027,0.3448275862068966,43,3,6,0.5454545454545454,0.4864864864864865,1,0.6451612903225806,647.3087235840503
10,2,C_Random_Min_Diag,4,1000,identity,MCP_down,0.21052631578947367,0.43555555555555553,0.14085342750273197,0.20689655172413793,43,6,1,0.4444444444444444,0.23529411764705882,5,0.4583333333333333,647.3087235840503
10,2,C_Random_Min_Diag,4,1000,identity,MCP_up,0.6451612903225806,0.7617777777777777,0.4517848060440897,0.5641025641025641,24,0,5,0.6451612903225806,0.6111111111111112,0,0.7142857142857143,647.3087235840503
10,2,C_Random_Min_Diag,4,1000,identity,SCAD_up,0.6060606060606061,0.7435555555555555,0.4125711761420541,0.5238095238095238,27,0,5,0.6060606060606061,,,,647.3087235840503
10,2,C_Random_Min_Diag,4,1000,variance,lasso,0.3508771929824561,0.6008888888888888,0.22565403257443228,0.3333333333333333,45,1,4,0.38461538461538464,0.3333333333333333,1,0.38461538461538464,266.0693322920706
10,2,C_Random_Min_Diag,4,1000,variance,MCP_down,0.3076923076923077,0.4746666666666667,0.16580593117578749,0.18181818181818182,40,5,2,0.40816326530612246,0.2608695652173913,5,0.5365853658536586,266.0693322920706
10,2,C_Random_Min_Diag,4,1000,variance,MCP_up,0.42857142857142855,0.7257777777777777,0.33686831998002215,0.4230769230769231,37,1,2,0.46808510638297873,0.43478260869565216,1,0.47619047619047616,266.0693322920706
10,2,C_Random_Min_Diag,4,1000,variance,SCAD_up,0.5263157894736842,0.6986666666666665,0.35785249845352146,0.3389830508474576,44,1,4,0.4,,,,266.0693322920706
10,2,C_Random_Full,0,1000,identity,lasso,0.5555555555555556,0.6529447115384616,0.5137758455734307,0.5517241379310345,32,0,5,0.6818181818181818,0.4583333333333333,4,0.7368421052631579,58.08865391695872
10,2,C_Random_Full,0,1000,identity,MCP_down,0.4528301886792453,0.5685096153846154,0.4531471420753095,0.4186046511627907,17,3,0,0.6486486486486487,0.4,3,0.631578947368421,58.08865391695872
10,2,C_Random_Full,0,1000,identity,MCP_up,0.5084745762711864,0.6231971153846154,0.4732899704899052,0.3829787234042553,21,4,1,0.6666666666666666,0.3829787234042553,4,0.6666666666666666,58.08865391695872
10,2,C_Random_Full,0,1000,identity,SCAD_up,0.5161290322580645,0.6135817307692308,0.4730307882072585,0.3673469387755102,23,4,2,0.65,,,,58.08865391695872
10,2,C_Random_Full,0,1000,variance,lasso,0.6363636363636364,0.69921875,0.5421626576038341,0.5614035087719298,31,1,3,0.6818181818181818,0.52,2,0.7,51.942294917069376
10,2,C_Random_Full,0,1000,variance,MCP_down,0.5957446808510638,0.6878004807692307,0.48903915601611486,0.5490196078431373,25,2,1,0.7272727272727273,0.5,2,0.6829268292682927,51.942294917069376
10,2,C_Random_Full,0,1000,variance,MCP_up,0.6153846153846154,0.7046274038461537,0.5788337514487893,0.5490196078431373,25,1,2,0.6666666666666666,0.5957446808510638,0,0.717948717948718,51.942294917069376
10,2,C_Random_Full,0,1000,variance,SCAD_up,0.6666666666666666,0.7190504807692307,0.6005327042822455,0.5882352941176471,25,1,2,0.7619047619047619,,,,51.942294917069376
10,2,C_Random_Full,1,1000,identity,lasso,0.5652173913043478,0.6818181818181819,0.4034567551780452,0.48,28,3,2,0.717948717948718,0.47619047619047616,1,0.5945945945945946,56.355143083957955
10,2,C_Random_Full,1,1000,identity,MCP_down,0.43902439024390244,0.5594919786096257,0.3567492239425129,0.375,26,3,1,0.5714285714285714,0.35555555555555557,4,0.6153846153846154,56.355143083957955
10,2,C_Random_Full,1,1000,identity,MCP_up,0.48484848484848486,0.6313502673796791,0.34737587431050493,0.35555555555555557,23,5,0,0.631578947368421,0.35555555555555557,5,0.631578947368421,56.355143083957955
10,2,C_Random_Full,1,1000,identity,SCAD_up,0.48484848484848486,0.6377005347593583,0.36390235569943463,0.2857142857142857,27,6,1,0.5853658536585366,,,,56.355143083957955
10,2,C_Random_Full,1,1000,variance,lasso,0.5909090909090909,0.6644385026737968,0.3687571241163373,0.52,28,3,3,0.717948717948718,0.4,6,0.717948717948718,54.203766708029434
10,2,C_Random_Full,1,1000,variance,MCP_down,0.4090909090909091,0.5267379679144385,0.309493815594294,0.391304347826087,24,5,0,0.6829268292682927,0.37209302325581395,5,0.6842105263157895,54.203766708029434
10,2,C_Random_Full,1,1000,variance,MCP_up,0.4745762711864407,0.606951871657754,0.3171684216823851,0.26666666666666666,23,6,0,0.6153846153846154,0.23255813953488372,6,0.5945945945945946,54.203766708029434
10,2,C_Random_Full,1,1000,variance,SCAD_up,0.4827586206896552,0.5999331550802138,0.30736386123387915,0.25,26,6,0,0.5714285714285714,,,,54.203766708029434
10,2,C_Random_Full,2,1000,identity,lasso,0.46808510638297873,0.6452702702702702,0.2630441850754005,0.4489795918367347,33,3,3,0.6511627906976745,0.37209302325581395,2,0.5405405405405406,118.02201516693458
10,2,C_Random_Full,2,1000,identity,MCP_down,0.4117647058823529,0.5827702702702702,0.24729065335207578,0.3111111111111111,29,5,0,0.5454545454545454,0.15,6,0.46153846153846156,118.02201516693458
10,2,C_Random_Full,2,1000,identity,MCP_up,0.4090909090909091,0.6127533783783783,0.25825344496688935,0.391304347826087,30,4,1,0.5909090909090909,0.45,2,0.5789473684210527,118.02201516693458
10,2,C_Random_Full,2,1000,identity,SCAD_up,0.44,0.6169763513513513,0.2691814929647982,0.4166666666666667,32,4,1,0.6222222222222222,,,,118.02201516693458
10,2,C_Random_Full,2,1000,variance,lasso,0.47619047619047616,0.7056587837837838,0.33451523711174447,0.4,44,3,4,0.5384615384615384,0.42857142857142855,4,0.6666666666666666,77.33306837501004
10,2,C_Random_Full,2,1000,variance,MCP_down,0.4444444444444444,0.6106418918918919,0.30168026521578145,0.32727272727272727,39,6,0,0.5555555555555556,0.36363636363636365,5,0.6046511627906976,77.33306837501004
10,2,C_Random_Full,2,1000,variance,MCP_up,0.45,0.6832770270270271,0.3259333042516712,0.40816326530612246,33,4,2,0.6222222222222222,0.35555555555555557,4,0.5853658536585366,77.33306837501004
10,2,C_Random_Full,2,1000,variance,SCAD_up,0.45161290322580644,0.6849662162162162,0.324216113536668,0.38461538461538464,36,4,2,0.5833333333333334,,,,77.33306837501004
10,2,C_Random_Full,3,1000,identity,lasso,0.4444444444444444,0.6873126873126874,0.35968894629450676,0.4,27,1,2,0.5625,0.3870967741935484,2,0.5517241379310345,25.83955266699195
10,2,C_Random_Full,3,1000,identity,MCP_down,0.42857142857142855,0.5759240759240759,0.3242366083883733,0.2631578947368421,25,4,0,0.5,0.3125,3,0.5333333333333333,25.83955266699195
10,2,C_Random_Full,3,1000,identity,MCP_up,0.4666666666666667,0.6673326673326674,0.3492833403128949,0.42424242424242425,20,2,0,0.5806451612903226,0.3225806451612903,3,0.5714285714285714,25.83955266699195
10,2,C_Random_Full,3,1000,identity,SCAD_up,0.48484848484848486,0.6578421578421578,0.34350945965999813,0.48484848484848486,20,0,1,0.5,,,,25.83955266699195
10,2,C_Random_Full,3,1000,variance,lasso,0.47368421052631576,0.7262737262737262,0.35605221246435687,0.43902439024390244,28,1,2,0.6060606060606061,0.5,1,0.6,24.46899149985984
10,2,C_Random_Full,3,1000,variance,MCP_down,0.45161290322580644,0.6218781218781219,0.3093049242487665,0.42424242424242425,20,2,0,0.5806451612903226,0.42424242424242425,1,0.5161290322580645,24.46899149985984
10,2,C_Random_Full,3,1000,variance,MCP_up,0.5161290322580645,0.7302697302697302,0.37295947516535755,0.5161290322580645,18,1,0,0.6206896551724138,0.5161290322580645,0,0.5517241379310345,24.46899149985984
10,2,C_Random_Full,3,1000,variance,SCAD_up,0.5555555555555556,0.7342657342657342,0.36800047017590526,0.5454545454545454,20,1,1,0.6428571428571429,,,,24.46899149985984
10,2,C_Random_Full,4,1000,identity,lasso,0.5365853658536586,0.6442857142857142,0.44589333746466453,0.43137254901960786,31,2,5,0.6,0.34146341463414637,4,0.6285714285714286,27.12005304195918
10,2,C_Random_Full,4,1000,identity,MCP_down,0.4827586206896552,0.5142857142857142,0.34250232663133123,0.35,20,6,0,0.7222222222222222,0.38095238095238093,7,0.7567567567567568,27.12005304195918
10,2,C_Random_Full,4,1000,identity,MCP_up,0.4827586206896552,0.5589285714285713,0.3481070841048656,0.2857142857142857,22,7,0,0.6842105263157895,0.2926829268292683,7,0.7027027027027027,27.12005304195918
10,2,C_Random_Full,4,1000,identity,SCAD_up,0.5238095238095238,0.5696428571428571,0.38571082750485514,0.27906976744186046,23,8,0,0.717948717948718,,,,27.12005304195918
10,2,C_Random_Full,4,1000,variance,lasso,0.5641025641025641,0.6939285714285715,0.4856150257427194,0.4583333333333333,28,3,4,0.631578947368421,0.37209302325581395,4,0.6486486486486487,37.1750111670699
10,2,C_Random_Full,4,1000,variance,MCP_down,0.5128205128205128,0.5792857142857143,0.4031010633083766,0.4090909090909091,24,6,0,0.75,0.38095238095238093,6,0.7368421052631579,37.1750111670699
10,2,C_Random_Full,4,1000,variance,MCP_up,0.5161290322580645,0.6821428571428572,0.45195054751027713,0.45454545454545453,24,3,1,0.6666666666666666,0.5,3,0.7222222222222222,37.1750111670699
10,2,C_Random_Full,4,1000,variance,SCAD_up,0.5945945945945946,0.6835714285714286,0.479399091383802,0.45454545454545453,24,3,1,0.6842105263157895,,,,37.1750111670699
10,3,C_Random_Diag,0,1000,identity,lasso,0.5454545454545454,0.6682692307692307,0.4544014914593193,0.52,24,2,4,0.717948717948718,0.5333333333333333,2,0.7567567567567568,39.808477625017986
10,3,C_Random_Diag,0,1000,identity,MCP_down,0.5116279069767442,0.60546875,0.43635208258394403,0.4888888888888889,19,5,0,0.8205128205128205,0.5454545454545454,4,0.8421052631578947,39.808477625017986
10,3,C_Random_Diag,0,1000,identity,MCP_up,0.5074626865671642,0.6271033653846153,0.40322930735030327,0.391304347826087,20,8,0,0.85,0.4090909090909091,7,0.8421052631578947,39.808477625017986
10,3,C_Random_Diag,0,1000,identity,SCAD_up,0.5074626865671642,0.6180889423076923,0.3951354696489458,0.39215686274509803,25,7,2,0.7906976744186046,,,,39.808477625017986
10,3,C_Random_Diag,0,1000,variance,lasso,0.5882352941176471,0.6853966346153846,0.5573018834517462,0.5555555555555556,28,2,6,0.7804878048780488,0.4888888888888889,3,0.7567567567567568,33.13592437515035
10,3,C_Random_Diag,0,1000,variance,MCP_down,0.5581395348837209,0.6343149038461539,0.5477040830388924,0.5454545454545454,18,3,0,0.7894736842105263,0.6046511627906976,2,0.7777777777777778,33.13592437515035
10,3,C_Random_Diag,0,1000,variance,MCP_up,0.5909090909090909,0.6893028846153846,0.6038651906891714,0.5853658536585366,15,1,0,0.7428571428571429,0.6046511627906976,2,0.7777777777777778,33.13592437515035
10,3,C_Random_Diag,0,1000,variance,SCAD_up,0.64,0.689903846153846,0.5869016463195618,0.5714285714285714,23,3,0,0.7906976744186046,,,,33.13592437515035
10,3,C_Random_Diag,1,1000,identity,lasso,0.4057971014492754,0.46938217605248767,0.31239771807962685,0.3870967741935484,31,6,5,0.6923076923076923,0.37037037037037035,5,0.6122448979591837,142.28842462506145
10,3,C_Random_Diag,1,1000,identity,MCP_down,0.36363636363636365,0.39502460360852926,0.28056272170409147,0.35714285714285715,25,11,1,0.8076923076923077,0.36363636363636365,8,0.72,142.28842462506145
10,3,C_Random_Diag,1,1000,identity,MCP_up,0.39344262295081966,0.4756697648988518,0.32497739415949545,0.3508771929824561,26,8,0,0.6666666666666666,0.34615384615384615,7,0.6530612244897959,142.28842462506145
10,3,C_Random_Diag,1,1000,identity,SCAD_up,0.40625,0.4655549480590487,0.310910652342188,0.32786885245901637,30,8,0,0.631578947368421,,,,142.28842462506145
10,3,C_Random_Diag,1,1000,variance,lasso,0.37333333333333335,0.45079278294149805,0.2987452853331253,0.3235294117647059,37,11,1,0.7096774193548387,0.35714285714285715,7,0.6666666666666666,127.61648995918222
10,3,C_Random_Diag,1,1000,variance,MCP_down,0.36923076923076925,0.46200109349371243,0.31003977920370307,0.36923076923076925,34,10,1,0.7213114754098361,0.3103448275862069,7,0.5925925925925926,127.61648995918222
10,3,C_Random_Diag,1,1000,variance,MCP_up,0.4057971014492754,0.49589939857845816,0.3486602324124005,0.3508771929824561,26,7,1,0.6153846153846154,0.32142857142857145,7,0.5882352941176471,127.61648995918222
10,3,C_Random_Diag,1,1000,variance,SCAD_up,0.42857142857142855,0.4912520503007108,0.3368250040826998,0.36065573770491804,30,9,2,0.6909090909090909,,,,127.61648995918222
10,3,C_Random_Diag,2,1000,identity,lasso,0.6545454545454545,0.6856205576817933,0.5714787452685316,0.5490196078431373,20,2,4,0.7272727272727273,0.48,4,0.6956521739130435,24.26441075000912
10,3,C_Random_Diag,2,1000,identity,MCP_down,0.5306122448979592,0.6098961180973208,0.5300979617462701,0.48,19,6,0,0.7659574468085106,0.4489795918367347,6,0.7391304347826086,24.26441075000912
10,3,C_Random_Diag,2,1000,identity,MCP_up,0.5333333333333333,0.635593220338983,0.5113894073162233,0.4489795918367347,18,5,0,0.6956521739130435,0.40816326530612246,6,0.6956521739130435,24.26441075000912
10,3,C_Random_Diag,2,1000,identity,SCAD_up,0.5925925925925926,0.6437944231820667,0.5302710377351177,0.4444444444444444,23,6,0,0.7058823529411765,,,,24.26441075000912
10,3,C_Random_Diag,2,1000,variance,lasso,0.5714285714285714,0.655002733734281,0.5281714694639954,0.5185185185185185,23,4,3,0.723404255319149,0.5,4,0.7272727272727273,22.13922445802018
10,3,C_Random_Diag,2,1000,variance,MCP_down,0.5818181818181818,0.6823400765445599,0.5928152542530432,0.5714285714285714,18,3,0,0.7391304347826086,0.4583333333333333,5,0.7111111111111111,22.13922445802018
10,3,C_Random_Diag,2,1000,variance,MCP_up,0.5833333333333334,0.6697648988518317,0.5918734024441665,0.5,21,5,1,0.75,0.5,4,0.7272727272727273,22.13922445802018
10,3,C_Random_Diag,2,1000,variance,SCAD_up,0.5882352941176471,0.6555494805904866,0.536036373882424,0.4444444444444444,23,6,1,0.72,,,,22.13922445802018
10,3,C_Random_Diag,3,1000,identity,lasso,0.5882352941176471,0.716,0.5591661014664855,0.5490196078431373,26,1,5,0.7142857142857143,0.42857142857142855,4,0.6842105263157895,37.88425941602327
10,3,C_Random_Diag,3,1000,identity,MCP_down,0.5882352941176471,0.6692307692307693,0.5421105571071516,0.5217391304347826,21,4,0,0.7619047619047619,0.5238095238095238,4,0.7894736842105263,37.88425941602327
10,3,C_Random_Diag,3,1000,identity,MCP_up,0.5084745762711864,0.6670769230769231,0.4942204663202942,0.42857142857142855,17,3,0,0.631578947368421,0.43902439024390244,3,0.6486486486486487,37.88425941602327
10,3,C_Random_Diag,3,1000,identity,SCAD_up,0.5217391304347826,0.672,0.51234265173935,0.4090909090909091,19,3,1,0.6153846153846154,,,,37.88425941602327
10,3,C_Random_Diag,3,1000,variance,lasso,0.6206896551724138,0.7366153846153847,0.6094679707122407,0.6037735849056604,28,3,4,0.7906976744186046,0.6976744186046512,1,0.8205128205128205,57.60641949996352
10,3,C_Random_Diag,3,1000,variance,MCP_down,0.6938775510204082,0.764,0.6710349979659442,0.6666666666666666,23,1,0,0.7727272727272727,0.6511627906976745,2,0.8205128205128205,57.60641949996352
10,3,C_Random_Diag,3,1000,variance,MCP_up,0.64,0.7301538461538462,0.6074380534410665,0.6086956521739131,21,3,0,0.8095238095238095,0.46511627906976744,5,0.7692307692307693,57.60641949996352
10,3,C_Random_Diag,3,1000,variance,SCAD_up,0.5818181818181818,0.7156923076923076,0.5878266491536543,0.5384615384615384,27,5,0,0.7659574468085106,,,,57.60641949996352
10,3,C_Random_Diag,4,1000,identity,lasso,0.6197183098591549,0.6505926724137931,0.5490156915886006,0.5263157894736842,25,1,5,0.6666666666666666,0.47058823529411764,3,0.6818181818181818,53.60230895807035
10,3,C_Random_Diag,4,1000,identity,MCP_down,0.43478260869565216,0.5363685344827587,0.4545867985681457,0.35714285714285715,24,8,0,0.7058823529411765,0.36,6,0.6666666666666666,53.60230895807035
10,3,C_Random_Diag,4,1000,identity,MCP_up,0.5526315789473685,0.6263469827586208,0.5140058122596955,0.48148148148148145,22,5,0,0.7346938775510204,0.47058823529411764,4,0.6956521739130435,53.60230895807035
10,3,C_Random_Diag,4,1000,identity,SCAD_up,0.5526315789473685,0.6255387931034483,0.5254197388569739,0.4406779661016949,27,6,1,0.7450980392156863,,,,53.60230895807035
10,3,C_Random_Diag,4,1000,variance,lasso,0.6060606060606061,0.6678340517241379,0.5220324637807574,0.5625,32,4,5,0.7450980392156863,0.5,3,0.6818181818181818,59.18316641682759
10,3,C_Random_Diag,4,1000,variance,MCP_down,0.5306122448979592,0.5886314655172413,0.48931149554721676,0.4444444444444444,22,8,0,0.8163265306122449,0.5,5,0.782608695652174,59.18316641682759
10,3,C_Random_Diag,4,1000,variance,MCP_up,0.5714285714285714,0.642510775862069,0.5028690561005346,0.49056603773584906,21,4,1,0.723404255319149,0.5283018867924528,3,0.7391304347826086,59.18316641682759
10,3,C_Random_Diag,4,1000,variance,SCAD_up,0.6,0.6457435344827587,0.5017641397631805,0.6,28,2,3,0.7692307692307693,,,,59.18316641682759
10,3,C_Random_Min_Diag,0,1000,identity,lasso,0.5230769230769231,0.6034024455077087,0.5547922043715003,0.4727272727272727,22,4,1,0.6511627906976745,0.3404255319148936,4,0.6,27.942260124953464
10,3,C_Random_Min_Diag,0,1000,identity,MCP_down,0.425531914893617,0.5042530568846358,0.48485904642689664,0.4,17,5,0,0.6666666666666666,0.375,5,0.65,27.942260124953464
10,3,C_Random_Min_Diag,0,1000,identity,MCP_up,0.5483870967741935,0.5919723551302499,0.5288658833870684,0.32653061224489793,16,6,0,0.6666666666666666,0.3333333333333333,5,0.6341463414634146,27.942260124953464
10,3,C_Random_Min_Diag,0,1000,identity,SCAD_up,0.5483870967741935,0.5967570441254653,0.5471781750496134,0.4528301886792453,20,3,2,0.6,,,,27.942260124953464
10,3,C_Random_Min_Diag,0,1000,variance,lasso,0.48717948717948717,0.5943646996278575,0.49228927594216104,0.42857142857142855,23,3,4,0.6511627906976745,0.4166666666666667,4,0.65,31.564795625163242
10,3,C_Random_Min_Diag,0,1000,variance,MCP_down,0.3728813559322034,0.43593833067517274,0.3919444721235002,0.36,17,5,0,0.6511627906976745,0.375,4,0.65,31.564795625163242
10,3,C_Random_Min_Diag,0,1000,variance,MCP_up,0.5066666666666667,0.587719298245614,0.4733450313183374,0.3673469387755102,16,6,0,0.7142857142857143,0.3333333333333333,6,0.6829268292682927,31.564795625163242
10,3,C_Random_Min_Diag,0,1000,variance,SCAD_up,0.5066666666666667,0.5895800106326422,0.4850514669856725,0.3137254901960784,18,7,1,0.6976744186046512,,,,31.564795625163242
10,3,C_Random_Min_Diag,1,1000,identity,lasso,0.6938775510204082,0.7887735236859184,0.5728061702008272,0.5714285714285714,19,2,3,0.7428571428571429,0.5263157894736842,4,0.8,35.24108591605909
10,3,C_Random_Min_Diag,1,1000,identity,MCP_down,0.5405405405405406,0.6080467229072031,0.47293309919168036,0.5405405405405406,14,3,0,0.7647058823529411,0.6486486486486487,2,0.8235294117647058,35.24108591605909
10,3,C_Random_Min_Diag,1,1000,identity,MCP_up,0.6285714285714286,0.7495133030499677,0.5606908594061012,0.5641025641025641,16,3,0,0.7777777777777778,0.5789473684210527,3,0.8,35.24108591605909
10,3,C_Random_Min_Diag,1,1000,identity,SCAD_up,0.7,0.7514600908500975,0.5491921770980297,0.7,17,0,3,0.8235294117647058,,,,35.24108591605909
10,3,C_Random_Min_Diag,1,1000,variance,lasso,0.6545454545454545,0.7576249188838416,0.5827430253073386,0.5853658536585366,18,2,2,0.7428571428571429,0.5405405405405406,2,0.7058823529411765,43.41587195801549
10,3,C_Random_Min_Diag,1,1000,variance,MCP_down,0.40816326530612246,0.5317975340687865,0.4106520338928805,0.3333333333333333,19,7,0,0.717948717948718,0.42105263157894735,4,0.6857142857142857,43.41587195801549
10,3,C_Random_Min_Diag,1,1000,variance,MCP_up,0.6857142857142857,0.744646333549643,0.6043315729076414,0.5714285714285714,12,2,0,0.75,0.6111111111111112,2,0.7878787878787878,43.41587195801549
10,3,C_Random_Min_Diag,1,1000,variance,SCAD_up,0.717948717948718,0.7394548994159637,0.5730231672186343,0.6842105263157895,15,0,1,0.7647058823529411,,,,43.41587195801549
10,3,C_Random_Min_Diag,2,1000,identity,lasso,0.7352941176470589,0.7721928277483834,0.5107975813455516,0.5573770491803278,34,5,10,0.9166666666666666,0.7659574468085106,2,0.9090909090909091,32.11673970799893
10,3,C_Random_Min_Diag,2,1000,identity,MCP_down,0.4186046511627907,0.5152851263962375,0.36765994573458094,0.4,23,11,0,0.8936170212765957,0.32,12,0.851063829787234,32.11673970799893
10,3,C_Random_Min_Diag,2,1000,identity,MCP_up,0.7868852459016393,0.8256907701352145,0.5826633441692762,0.72,23,4,0,0.9361702127659575,0.6666666666666666,5,0.9333333333333333,32.11673970799893
10,3,C_Random_Min_Diag,2,1000,identity,SCAD_up,0.7272727272727273,0.7965902410346855,0.539613967841265,0.5714285714285714,22,8,0,0.9565217391304348,,,,32.11673970799893
10,3,C_Random_Min_Diag,2,1000,variance,lasso,0.7164179104477612,0.7739564961787184,0.5930283647948231,0.6557377049180327,34,3,9,0.9387755102040817,0.7916666666666666,2,0.9333333333333333,38.64493258390576
10,3,C_Random_Min_Diag,2,1000,variance,MCP_down,0.6122448979591837,0.6634332745443856,0.5483041148352802,0.6,23,6,0,0.8936170212765957,0.6666666666666666,5,0.9333333333333333,38.64493258390576
10,3,C_Random_Min_Diag,2,1000,variance,MCP_up,0.75,0.8106995884773662,0.6659068956113984,0.75,21,3,0,0.9333333333333333,0.7083333333333334,4,0.9333333333333333,38.64493258390576
10,3,C_Random_Min_Diag,2,1000,variance,SCAD_up,0.7777777777777778,0.7833627278071722,0.6085797259798345,0.6923076923076923,25,4,0,0.8979591836734694,,,,38.64493258390576
10,3,C_Random_Min_Diag,3,1000,identity,lasso,0.7547169811320755,0.7652307692307693,0.5755553019189565,0.7307692307692307,27,1,3,0.7894736842105263,0.5,4,0.7878787878787878,43.80772666702978
10,3,C_Random_Min_Diag,3,1000,identity,MCP_down,0.5238095238095238,0.5683076923076923,0.4199074058847502,0.4166666666666667,23,6,0,0.7619047619047619,0.42857142857142855,4,0.7222222222222222,43.80772666702978
10,3,C_Random_Min_Diag,3,1000,identity,MCP_up,0.6666666666666666,0.7332307692307692,0.5857493814922303,0.6666666666666666,17,1,0,0.8333333333333334,0.5789473684210527,2,0.8125,43.80772666702978
10,3,C_Random_Min_Diag,3,1000,identity,SCAD_up,0.6666666666666666,0.7236923076923076,0.531444044192884,0.5777777777777777,20,2,0,0.7692307692307693,,,,43.80772666702978
10,3,C_Random_Min_Diag,3,1000,variance,lasso,0.7346938775510204,0.796923076923077,0.6200358260827245,0.6808510638297872,22,1,3,0.7647058823529411,0.55,3,0.7878787878787878,48.33996250014752
10,3,C_Random_Min_Diag,3,1000,variance,MCP_down,0.5365853658536586,0.6150769230769231,0.45125996572749283,0.5,19,4,0,0.7894736842105263,0.5238095238095238,4,0.8,48.33996250014752
10,3,C_Random_Min_Diag,3,1000,variance,MCP_up,0.6363636363636364,0.7609230769230769,0.5600937663610057,0.6190476190476191,17,2,0,0.8333333333333334,0.65,2,0.8484848484848485,48.33996250014752
10,3,C_Random_Min_Diag,3,1000,variance,SCAD_up,0.6363636363636364,0.756,0.5643466899881923,0.6222222222222222,20,2,0,0.7894736842105263,,,,48.33996250014752
10,3,C_Random_Min_Diag,4,1000,identity,lasso,0.6818181818181818,0.738440303657695,0.4248501720652888,0.6666666666666666,24,0,6,0.8333333333333334,0.43243243243243246,6,0.8,92.13163112499751
10,3,C_Random_Min_Diag,4,1000,identity,MCP_down,0.4444444444444444,0.5603864734299517,0.28040766035774567,0.32,29,6,0,0.5957446808510638,0.43902439024390244,4,0.6842105263157895,92.13163112499751
10,3,C_Random_Min_Diag,4,1000,identity,MCP_up,0.6046511627906976,0.7287784679089028,0.5725328377368226,0.5714285714285714,21,4,2,0.8421052631578947,0.65,2,0.8333333333333334,92.13163112499751
10,3,C_Random_Min_Diag,4,1000,identity,SCAD_up,0.6666666666666666,0.7184265010351967,0.5020542867725319,0.65,19,2,2,0.8571428571428571,,,,92.13163112499751
10,3,C_Random_Min_Diag,4,1000,variance,lasso,0.6415094339622641,0.7750172532781228,0.46157845855637863,0.6206896551724138,37,1,6,0.7659574468085106,0.7567567567567568,1,0.8571428571428571,91.36349608306773
10,3,C_Random_Min_Diag,4,1000,variance,MCP_down,0.46511627906976744,0.5862663906142167,0.3284522936359612,0.43137254901960786,30,5,0,0.6666666666666666,0.5853658536585366,2,0.7567567567567568,91.36349608306773
10,3,C_Random_Min_Diag,4,1000,variance,MCP_up,0.6046511627906976,0.7625948930296755,0.5500619403078639,0.5789473684210527,17,4,1,0.8571428571428571,0.6153846153846154,4,0.8333333333333334,91.36349608306773
10,3,C_Random_Min_Diag,4,1000,variance,SCAD_up,0.6363636363636364,0.7446514837819185,0.4609364874455606,0.6,19,2,2,0.7777777777777778,,,,91.36349608306773
10,3,C_Random_Full,0,1000,identity,lasso,0.5833333333333334,0.564385775862069,0.40484885867562104,0.5142857142857142,38,4,6,0.75,0.3333333333333333,8,0.7058823529411765,33.071213375078514
10,3,C_Random_Full,0,1000,identity,MCP_down,0.47058823529411764,0.5463362068965516,0.38639546491259824,0.45161290322580644,30,7,0,0.75,0.41935483870967744,8,0.75,33.071213375078514
10,3,C_Random_Full,0,1000,identity,MCP_up,0.4444444444444444,0.525323275862069,0.37281370647101764,0.32786885245901637,29,11,0,0.7636363636363637,0.4,8,0.7407407407407407,33.071213375078514
10,3,C_Random_Full,0,1000,identity,SCAD_up,0.4444444444444444,0.5277478448275862,0.379057153323195,0.32786885245901637,29,11,0,0.7636363636363637,,,,33.071213375078514
10,3,C_Random_Full,0,1000,variance,lasso,0.6376811594202898,0.5522629310344828,0.396417881481967,0.5797101449275363,37,4,5,0.8,0.4,9,0.7777777777777778,45.770088374847546
10,3,C_Random_Full,0,1000,variance,MCP_down,0.45714285714285713,0.5188577586206896,0.3684671845919599,0.39344262295081966,29,9,0,0.7636363636363637,0.45161290322580644,7,0.75,45.770088374847546
10,3,C_Random_Full,0,1000,variance,MCP_up,0.463768115942029,0.5228987068965517,0.37094551891972827,0.32786885245901637,29,9,0,0.6909090909090909,0.36666666666666664,8,0.7037037037037037,45.770088374847546
10,3,C_Random_Full,0,1000,variance,SCAD_up,0.47058823529411764,0.5115840517241379,0.3663352944976271,0.31746031746031744,31,10,0,0.7017543859649122,,,,45.770088374847546
10,3,C_Random_Full,1,1000,identity,lasso,0.4745762711864407,0.56640625,0.37528602821174695,0.45614035087719296,31,5,7,0.75,0.5,6,0.7916666666666666,57.59415379213169
10,3,C_Random_Full,1,1000,identity,MCP_down,0.4444444444444444,0.541766826923077,0.36888511261861023,0.4444444444444444,28,8,0,0.7692307692307693,0.56,5,0.7916666666666666,57.59415379213169
10,3,C_Random_Full,1,1000,identity,MCP_up,0.4057971014492754,0.5411658653846154,0.3813191276980757,0.3076923076923077,26,11,1,0.7755102040816326,0.3137254901960784,10,0.75,57.59415379213169
10,3,C_Random_Full,1,1000,identity,SCAD_up,0.43636363636363634,0.5381610576923077,0.3552519550952943,0.33962264150943394,27,9,0,0.7058823529411765,,,,57.59415379213169
10,3,C_Random_Full,1,1000,variance,lasso,0.5,0.6150841346153846,0.4174629299889271,0.4444444444444444,37,5,8,0.76,0.375,8,0.7555555555555555,60.79591324995272
10,3,C_Random_Full,1,1000,variance,MCP_down,0.44,0.5270432692307693,0.3496955794749912,0.38095238095238093,37,11,0,0.7540983606557377,0.36363636363636365,11,0.7924528301886793,60.79591324995272
10,3,C_Random_Full,1,1000,variance,MCP_up,0.4838709677419355,0.6012620192307692,0.3848409783305359,0.37735849056603776,27,9,2,0.7755102040816326,0.2916666666666667,10,0.7555555555555555,60.79591324995272
10,3,C_Random_Full,1,1000,variance,SCAD_up,0.5384615384615384,0.609375,0.40886311219396443,0.4074074074074074,28,8,2,0.76,,,,60.79591324995272
10,3,C_Random_Full,2,1000,identity,lasso,0.39285714285714285,0.54574951330305,0.38095255536765504,0.32142857142857145,33,6,4,0.6382978723404256,0.2978723404255319,7,0.6511627906976745,16.20479816617444
10,3,C_Random_Full,2,1000,identity,MCP_down,0.44,0.590525632706035,0.4102708418507345,0.4166666666666667,25,6,0,0.7111111111111111,0.391304347826087,5,0.6666666666666666,16.20479816617444
10,3,C_Random_Full,2,1000,identity,MCP_up,0.3582089552238806,0.5139519792342635,0.3137679918704048,0.20408163265306123,26,9,0,0.6086956521739131,0.20833333333333334,9,0.6222222222222222,16.20479816617444
10,3,C_Random_Full,2,1000,identity,SCAD_up,0.43478260869565216,0.5483452303698897,0.38466875766488134,0.2962962962962963,31,8,1,0.6666666666666666,,,,16.20479816617444
10,3,C_Random_Full,2,1000,variance,lasso,0.4878048780487805,0.5717066839714471,0.3976815780164173,0.36666666666666664,37,6,4,0.6666666666666666,0.21739130434782608,7,0.5714285714285714,14.505701625021175
10,3,C_Random_Full,2,1000,variance,MCP_down,0.4878048780487805,0.5778715120051915,0.34864073359453274,0.38461538461538464,29,6,0,0.6530612244897959,0.3829787234042553,5,0.6363636363636364,14.505701625021175
10,3,C_Random_Full,2,1000,variance,MCP_up,0.3829787234042553,0.5236859182349124,0.31206345187112167,0.2641509433962264,30,9,0,0.64,0.25,7,0.5777777777777777,14.505701625021175
10,3,C_Random_Full,2,1000,variance,SCAD_up,0.4878048780487805,0.5441271901362752,0.3802517627943149,0.36363636363636365,32,7,0,0.68,,,,14.505701625021175
10,3,C_Random_Full,3,1000,identity,lasso,0.5333333333333333,0.6268028846153846,0.38710779228313164,0.4642857142857143,30,4,5,0.7142857142857143,0.34782608695652173,6,0.65,36.724140000063926
10,3,C_Random_Full,3,1000,identity,MCP_down,0.4727272727272727,0.6096754807692308,0.40723224071540176,0.43137254901960786,25,4,0,0.6521739130434783,0.4489795918367347,3,0.6511627906976745,36.724140000063926
10,3,C_Random_Full,3,1000,identity,MCP_up,0.52,0.646935096153846,0.4233336914681557,0.4897959183673469,23,5,0,0.7441860465116279,0.5106382978723404,4,0.7317073170731707,36.724140000063926
10,3,C_Random_Full,3,1000,identity,SCAD_up,0.5283018867924528,0.6174879807692307,0.3781429163508019,0.49056603773584906,27,5,1,0.7391304347826086,,,,36.724140000063926
10,3,C_Random_Full,3,1000,variance,lasso,0.5964912280701754,0.6595552884615385,0.4335580806010022,0.5245901639344263,35,2,7,0.6956521739130435,0.4489795918367347,5,0.6976744186046512,38.93658370897174
10,3,C_Random_Full,3,1000,variance,MCP_down,0.47058823529411764,0.5498798076923077,0.4018331922104963,0.4,29,6,0,0.68,0.4074074074074074,6,0.6938775510204082,38.93658370897174
10,3,C_Random_Full,3,1000,variance,MCP_up,0.5396825396825397,0.6820913461538463,0.47701770625799134,0.5106382978723404,21,5,0,0.7804878048780488,0.4489795918367347,5,0.7142857142857143,38.93658370897174
10,3,C_Random_Full,3,1000,variance,SCAD_up,0.6037735849056604,0.66796875,0.4461710465865498,0.5098039215686274,25,4,1,0.7272727272727273,,,,38.93658370897174
10,3,C_Random_Full,4,1000,identity,lasso,0.5245901639344263,0.5936059907834101,0.48549549347727955,0.47619047619047616,35,3,8,0.6938775510204082,0.4230769230769231,4,0.6222222222222222,24.91502558416687
10,3,C_Random_Full,4,1000,identity,MCP_down,0.46153846153846156,0.5662442396313364,0.48147211025208286,0.43137254901960786,23,5,0,0.6808510638297872,0.43137254901960786,5,0.6808510638297872,24.91502558416687
10,3,C_Random_Full,4,1000,identity,MCP_up,0.43902439024390244,0.5308179723502304,0.4461198825725529,0.28,22,8,0,0.6521739130434783,0.3076923076923077,6,0.5957446808510638,24.91502558416687
10,3,C_Random_Full,4,1000,identity,SCAD_up,0.4782608695652174,0.5391705069124424,0.4432852422561821,0.27450980392156865,23,8,0,0.6521739130434783,,,,24.91502558416687
10,3,C_Random_Full,4,1000,variance,lasso,0.5714285714285714,0.6224078341013825,0.5160531472977526,0.4375,36,5,5,0.6538461538461539,0.28,7,0.6086956521739131,30.76693479111418
10,3,C_Random_Full,4,1000,variance,MCP_down,0.47058823529411764,0.5097926267281105,0.4863816219395986,0.38596491228070173,29,8,0,0.7169811320754716,0.3018867924528302,8,0.6530612244897959,30.76693479111418
10,3,C_Random_Full,4,1000,variance,MCP_up,0.463768115942029,0.5636520737327189,0.48701264036795877,0.3793103448275862,30,7,1,0.6538461538461539,0.28,7,0.6086956521739131,30.76693479111418
10,3,C_Random_Full,4,1000,variance,SCAD_up,0.5116279069767442,0.576036866359447,0.4592664028422683,0.4,32,6,2,0.6538461538461539,,,,30.76693479111418
10,4,C_Random_Diag,0,1000,identity,lasso,0.6444444444444445,0.6697179614052449,0.7342588273008311,0.547945205479452,26,3,3,0.7407407407407407,0.49230769230769234,2,0.6923076923076923,23.032001875108108
10,4,C_Random_Diag,0,1000,identity,MCP_down,0.5227272727272727,0.5361207323107373,0.623561932608017,0.4117647058823529,21,6,0,0.7272727272727273,0.49230769230769234,2,0.6923076923076923,23.032001875108108
10,4,C_Random_Diag,0,1000,identity,MCP_up,0.6444444444444445,0.6516575952498763,0.7042554399595209,0.47058823529411764,21,5,0,0.7636363636363637,0.49230769230769234,2,0.6923076923076923,23.032001875108108
10,4,C_Random_Diag,0,1000,identity,SCAD_up,0.6444444444444445,0.6439881246907471,0.6989929503477127,0.4788732394366197,24,5,2,0.7636363636363637,,,,23.032001875108108
10,4,C_Random_Diag,0,1000,variance,lasso,0.6813186813186813,0.6687283523008412,0.7146953132731028,0.47368421052631576,29,8,2,0.8135593220338984,0.3880597014925373,4,0.6415094339622641,24.90949245914817
10,4,C_Random_Diag,0,1000,variance,MCP_down,0.4383561643835616,0.4591786244433449,0.5688656217079686,0.4266666666666667,28,10,0,0.8387096774193549,0.47058823529411764,5,0.7636363636363637,24.90949245914817
10,4,C_Random_Diag,0,1000,variance,MCP_up,0.6739130434782609,0.6687283523008412,0.6943799369075097,0.4931506849315068,26,7,0,0.8333333333333334,0.5074626865671642,3,0.7407407407407407,24.90949245914817
10,4,C_Random_Diag,0,1000,variance,SCAD_up,0.6739130434782609,0.668975754576942,0.7163758689085843,0.5641025641025641,31,6,0,0.84375,,,,24.90949245914817
10,4,C_Random_Diag,1,1000,identity,lasso,0.5542168674698795,0.6005475360876057,0.6136725202419339,0.4262295081967213,20,4,2,0.68,0.38596491228070173,5,0.6666666666666666,10.570904332911596
10,4,C_Random_Diag,1,1000,identity,MCP_down,0.6233766233766234,0.6627675460428074,0.6748866523581468,0.4745762711864407,18,4,0,0.72,0.4482758620689655,4,0.6938775510204082,10.570904332911596
10,4,C_Random_Diag,1,1000,identity,MCP_up,0.55,0.5823792931806868,0.5674176932588628,0.4067796610169492,18,4,0,0.64,0.4,5,0.6666666666666666,10.570904332911596
10,4,C_Random_Diag,1,1000,identity,SCAD_up,0.5432098765432098,0.587356893977103,0.59972614775574,0.4262295081967213,20,4,1,0.64,,,,10.570904332911596
10,4,C_Random_Diag,1,1000,variance,lasso,0.5588235294117647,0.6100049776007963,0.5855048339152144,0.4666666666666667,19,3,1,0.6530612244897959,0.42105263157894735,3,0.625,10.395725124981254
10,4,C_Random_Diag,1,1000,variance,MCP_down,0.5609756097560976,0.601543056246889,0.5678134863764384,0.4,19,5,0,0.6666666666666666,0.3448275862068966,5,0.6122448979591837,10.395725124981254
10,4,C_Random_Diag,1,1000,variance,MCP_up,0.5411764705882353,0.5803882528621205,0.5554427803916662,0.4126984126984127,22,7,0,0.7407407407407407,0.4,5,0.6666666666666666,10.395725124981254
10,4,C_Random_Diag,1,1000,variance,SCAD_up,0.5411764705882353,0.5856147336983574,0.563287842898836,0.44776119402985076,26,6,1,0.7368421052631579,,,,10.395725124981254
10,4,C_Random_Diag,2,1000,identity,lasso,0.576271186440678,0.6225,0.44471543648867146,0.5283018867924528,23,4,3,0.7619047619047619,0.6382978723404256,2,0.8292682926829268,18.241055791033432
10,4,C_Random_Diag,2,1000,identity,MCP_down,0.38095238095238093,0.47277777777777774,0.3319128536699961,0.3137254901960784,21,7,0,0.6666666666666666,0.391304347826087,5,0.7,18.241055791033432
10,4,C_Random_Diag,2,1000,identity,MCP_up,0.5882352941176471,0.64,0.4843744300746599,0.4782608695652174,16,5,0,0.8,0.5217391304347826,4,0.8,18.241055791033432
10,4,C_Random_Diag,2,1000,identity,SCAD_up,0.5818181818181818,0.621388888888889,0.4455094542112486,0.43137254901960786,21,6,2,0.7906976744186046,,,,18.241055791033432
10,4,C_Random_Diag,2,1000,variance,lasso,0.5573770491803278,0.6577777777777778,0.5107580895797464,0.5263157894736842,27,2,3,0.7111111111111111,0.6382978723404256,1,0.7804878048780488,26.274251707829535
10,4,C_Random_Diag,2,1000,variance,MCP_down,0.5714285714285714,0.6558333333333334,0.5566464240941795,0.5555555555555556,24,5,0,0.8333333333333334,0.64,1,0.7727272727272727,26.274251707829535
10,4,C_Random_Diag,2,1000,variance,MCP_up,0.5957446808510638,0.6483333333333334,0.532926545815437,0.5769230769230769,22,4,0,0.8260869565217391,0.5106382978723404,4,0.7804878048780488,26.274251707829535
10,4,C_Random_Diag,2,1000,variance,SCAD_up,0.6296296296296297,0.6436111111111111,0.5111247710837494,0.6296296296296297,24,1,1,0.7659574468085106,,,,26.274251707829535
10,4,C_Random_Diag,3,1000,identity,lasso,0.5230769230769231,0.6213942307692308,0.37262843855094735,0.4090909090909091,18,1,3,0.5454545454545454,0.38095238095238093,3,0.6470588235294118,44.24807779211551
10,4,C_Random_Diag,3,1000,identity,MCP_down,0.38095238095238093,0.5126201923076923,0.3166993395172732,0.30434782608695654,20,3,0,0.5128205128205128,0.27906976744186046,4,0.5555555555555556,44.24807779211551
10,4,C_Random_Diag,3,1000,identity,MCP_up,0.5238095238095238,0.6508413461538461,0.477980690686997,0.5116279069767442,17,2,1,0.7428571428571429,0.5238095238095238,2,0.7428571428571429,44.24807779211551
10,4,C_Random_Diag,3,1000,identity,SCAD_up,0.5490196078431373,0.6373197115384616,0.4171348958067328,0.5106382978723404,21,2,1,0.7368421052631579,,,,44.24807779211551
10,4,C_Random_Diag,3,1000,variance,lasso,0.4489795918367347,0.5865384615384615,0.44490550501394255,0.37735849056603776,27,2,3,0.5641025641025641,0.3333333333333333,3,0.5882352941176471,41.70040787500329
10,4,C_Random_Diag,3,1000,variance,MCP_down,0.42857142857142855,0.524939903846154,0.36055837546364533,0.375,22,3,0,0.5853658536585366,0.36363636363636365,3,0.5945945945945946,41.70040787500329
10,4,C_Random_Diag,3,1000,variance,MCP_up,0.5217391304347826,0.6114783653846154,0.472577983197196,0.4888888888888889,19,1,0,0.631578947368421,0.46511627906976744,2,0.6666666666666666,41.70040787500329
10,4,C_Random_Diag,3,1000,variance,SCAD_up,0.48,0.5934495192307692,0.4456199481734454,0.4166666666666667,22,3,1,0.6666666666666666,,,,41.70040787500329
10,4,C_Random_Diag,4,1000,identity,lasso,0.6329113924050633,0.6024797570850202,0.5755615698975891,0.49230769230769234,27,5,5,0.76,0.4827586206896552,5,0.7755102040816326,24.670856999931857
10,4,C_Random_Diag,4,1000,identity,MCP_down,0.5,0.5528846153846154,0.5735126148176284,0.4666666666666667,22,5,0,0.7307692307692307,0.41379310344827586,6,0.72,24.670856999931857
10,4,C_Random_Diag,4,1000,identity,MCP_up,0.547945205479452,0.5781882591093117,0.5652892090622111,0.41509433962264153,15,4,0,0.6666666666666666,0.45614035087719296,6,0.7755102040816326,24.670856999931857
10,4,C_Random_Diag,4,1000,identity,SCAD_up,0.5454545454545454,0.5761639676113359,0.5553979065983201,0.42105263157894735,19,4,1,0.6666666666666666,,,,24.670856999931857
10,4,C_Random_Diag,4,1000,variance,lasso,0.5853658536585366,0.617408906882591,0.5281682510336184,0.45454545454545453,28,7,2,0.7777777777777778,0.42105263157894735,5,0.7083333333333334,35.74652941711247
10,4,C_Random_Diag,4,1000,variance,MCP_down,0.4634146341463415,0.5518724696356274,0.5243107108478634,0.4126984126984127,25,7,0,0.7272727272727273,0.3448275862068966,7,0.68,35.74652941711247
10,4,C_Random_Diag,4,1000,variance,MCP_up,0.6197183098591549,0.6558704453441295,0.6082129349597823,0.5333333333333333,22,3,0,0.7307692307692307,0.5614035087719298,2,0.7346938775510204,35.74652941711247
10,4,C_Random_Diag,4,1000,variance,SCAD_up,0.6153846153846154,0.6396761133603238,0.5582333876108071,0.4918032786885246,23,5,0,0.7307692307692307,,,,35.74652941711247
10,4,C_Random_Min_Diag,0,1000,identity,lasso,0.5901639344262295,0.7067307692307693,0.5248326894656227,0.4489795918367347,23,6,5,0.8292682926829268,0.4,8,0.8292682926829268,19.739939792081714
10,4,C_Random_Min_Diag,0,1000,identity,MCP_down,0.4888888888888889,0.6081730769230769,0.47648164655178227,0.46511627906976744,17,7,0,0.85,0.46511627906976744,6,0.8,19.739939792081714
10,4,C_Random_Min_Diag,0,1000,identity,MCP_up,0.5882352941176471,0.7076322115384616,0.5317840208932474,0.5454545454545454,18,6,0,0.8780487804878049,0.5238095238095238,5,0.8205128205128205,19.739939792081714
10,4,C_Random_Min_Diag,0,1000,identity,SCAD_up,0.5882352941176471,0.7037259615384616,0.528342927283043,0.48,24,7,0,0.8085106382978723,,,,19.739939792081714
10,4,C_Random_Min_Diag,0,1000,variance,lasso,0.6268656716417911,0.7268629807692308,0.5029077088059433,0.6037735849056604,27,4,5,0.8636363636363636,0.5714285714285714,4,0.8205128205128205,27.22514074994251
10,4,C_Random_Min_Diag,0,1000,variance,MCP_down,0.48,0.5489783653846154,0.3812599710248596,0.4090909090909091,18,6,0,0.7317073170731707,0.32558139534883723,8,0.75,27.22514074994251
10,4,C_Random_Min_Diag,0,1000,variance,MCP_up,0.5957446808510638,0.7133413461538463,0.5633385120509619,0.5957446808510638,21,5,0,0.8636363636363636,0.6666666666666666,3,0.8571428571428571,27.22514074994251
10,4,C_Random_Min_Diag,0,1000,variance,SCAD_up,0.6530612244897959,0.6968149038461539,0.4760272214996739,0.5652173913043478,20,5,0,0.8372093023255814,,,,27.22514074994251
10,4,C_Random_Min_Diag,1,1000,identity,lasso,0.647887323943662,0.6905864197530864,0.7017348804031132,0.5454545454545454,19,3,1,0.75,0.5283018867924528,2,0.7619047619047619,23.268976124934852
10,4,C_Random_Min_Diag,1,1000,identity,MCP_down,0.5925925925925926,0.6545781893004116,0.676883294423617,0.5818181818181818,19,2,0,0.8181818181818182,0.5555555555555556,2,0.7906976744186046,23.268976124934852
10,4,C_Random_Min_Diag,1,1000,identity,MCP_up,0.5970149253731343,0.658179012345679,0.6550539601893417,0.5185185185185185,18,3,0,0.7906976744186046,0.5283018867924528,3,0.8095238095238095,23.268976124934852
10,4,C_Random_Min_Diag,1,1000,identity,SCAD_up,0.5753424657534246,0.6664094650205762,0.6774454667985145,0.5172413793103449,22,3,2,0.8,,,,23.268976124934852
10,4,C_Random_Min_Diag,1,1000,variance,lasso,0.6575342465753424,0.7098765432098765,0.7182194133831894,0.6229508196721312,25,2,2,0.8,0.49056603773584906,3,0.7619047619047619,34.071869417093694
10,4,C_Random_Min_Diag,1,1000,variance,MCP_down,0.5964912280701754,0.6877572016460906,0.6810511605956286,0.5818181818181818,19,2,0,0.8181818181818182,0.5,2,0.7317073170731707,34.071869417093694
10,4,C_Random_Min_Diag,1,1000,variance,MCP_up,0.6,0.6715534979423867,0.6556851320141932,0.4727272727272727,19,4,0,0.7727272727272727,0.49056603773584906,3,0.7619047619047619,34.071869417093694
10,4,C_Random_Min_Diag,1,1000,variance,SCAD_up,0.6,0.6743827160493827,0.6700513182678608,0.4827586206896552,22,4,1,0.782608695652174,,,,34.071869417093694
10,4,C_Random_Min_Diag,2,1000,identity,lasso,0.5806451612903226,0.6141975308641976,0.49206003010092614,0.5483870967741935,26,1,3,0.5957446808510638,0.4,4,0.6086956521739131,39.3102559580002
10,4,C_Random_Min_Diag,2,1000,identity,MCP_down,0.5757575757575758,0.6147119341563787,0.48239790697792867,0.37735849056603776,17,1,0,0.4888888888888889,0.5357142857142857,0,0.625,39.3102559580002
10,4,C_Random_Min_Diag,2,1000,identity,MCP_up,0.5316455696202531,0.5781893004115226,0.45295791879399544,0.35714285714285715,20,6,0,0.6666666666666666,0.37037037037037035,5,0.6521739130434783,39.3102559580002
10,4,C_Random_Min_Diag,2,1000,identity,SCAD_up,0.5316455696202531,0.5722736625514404,0.4464094096227721,0.3728813559322034,23,6,1,0.68,,,,39.3102559580002
10,4,C_Random_Min_Diag,2,1000,variance,lasso,0.5866666666666667,0.5920781893004115,0.4594806756548196,0.5538461538461539,29,0,4,0.6274509803921569,0.43636363636363634,4,0.6521739130434783,54.3613774580881
10,4,C_Random_Min_Diag,2,1000,variance,MCP_down,0.5352112676056338,0.5802469135802469,0.4599995904156229,0.43333333333333335,24,5,0,0.6923076923076923,0.4482758620689655,4,0.68,54.3613774580881
10,4,C_Random_Min_Diag,2,1000,variance,MCP_up,0.5454545454545454,0.5869341563786009,0.4717702660678106,0.48148148148148145,18,3,0,0.6956521739130435,0.4230769230769231,3,0.6363636363636364,54.3613774580881
10,4,C_Random_Min_Diag,2,1000,variance,SCAD_up,0.5277777777777778,0.5722736625514404,0.44557151643217746,0.4745762711864407,23,4,0,0.7058823529411765,,,,54.3613774580881
10,4,C_Random_Min_Diag,3,1000,identity,lasso,0.5542168674698795,0.5548418972332017,0.5630187357952409,0.40625,20,3,2,0.5882352941176471,0.3050847457627119,4,0.5306122448979592,15.887514166999608
10,4,C_Random_Min_Diag,3,1000,identity,MCP_down,0.5135135135135135,0.4881422924901186,0.5231793111752205,0.36065573770491804,17,4,0,0.5882352941176471,0.3333333333333333,4,0.56,15.887514166999608
10,4,C_Random_Min_Diag,3,1000,identity,MCP_up,0.49411764705882355,0.5296442687747036,0.5637138395724184,0.4307692307692308,21,4,0,0.6545454545454545,0.4838709677419355,1,0.6153846153846154,15.887514166999608
10,4,C_Random_Min_Diag,3,1000,identity,SCAD_up,0.49411764705882355,0.529397233201581,0.5463566844826736,0.47761194029850745,23,3,1,0.6785714285714286,,,,15.887514166999608
10,4,C_Random_Min_Diag,3,1000,variance,lasso,0.5542168674698795,0.5607707509881423,0.5854171654072274,0.47761194029850745,23,2,2,0.6415094339622641,0.3333333333333333,4,0.56,21.131610709009692
10,4,C_Random_Min_Diag,3,1000,variance,MCP_down,0.5,0.5543478260869565,0.6028413093877637,0.4262295081967213,17,2,0,0.5882352941176471,0.3333333333333333,4,0.56,21.131610709009692
10,4,C_Random_Min_Diag,3,1000,variance,MCP_up,0.5757575757575758,0.5743577075098815,0.6547268917626713,0.48484848484848486,22,3,0,0.6785714285714286,0.3548387096774194,4,0.5769230769230769,21.131610709009692
10,4,C_Random_Min_Diag,3,1000,variance,SCAD_up,0.5945945945945946,0.5555830039525692,0.5860000057552391,0.4927536231884058,25,4,2,0.7368421052631579,,,,21.131610709009692
10,4,C_Random_Min_Diag,4,1000,identity,lasso,0.5185185185185185,0.6171875,0.37553051859965036,0.509090909090909,29,2,6,0.6829268292682927,0.5333333333333333,2,0.7368421052631579,68.72617895784788
10,4,C_Random_Min_Diag,4,1000,identity,MCP_down,0.5384615384615384,0.6204927884615384,0.39401655350616405,0.5,22,4,0,0.7441860465116279,0.5531914893617021,2,0.7317073170731707,68.72617895784788
10,4,C_Random_Min_Diag,4,1000,identity,MCP_up,0.46153846153846156,0.5967548076923077,0.41513486834989466,0.375,22,5,0,0.6511627906976745,0.425531914893617,4,0.6666666666666666,68.72617895784788
10,4,C_Random_Min_Diag,4,1000,identity,SCAD_up,0.5098039215686274,0.6075721153846154,0.4296877880592753,0.425531914893617,21,5,0,0.7142857142857143,,,,68.72617895784788
10,4,C_Random_Min_Diag,4,1000,variance,lasso,0.5079365079365079,0.6159855769230769,0.44556905108380634,0.4444444444444444,37,6,3,0.7083333333333334,0.36,7,0.7272727272727273,84.46518066711724
10,4,C_Random_Min_Diag,4,1000,variance,MCP_down,0.4444444444444444,0.5895432692307692,0.40063825666069164,0.40625,38,5,0,0.6206896551724138,0.4489795918367347,4,0.6818181818181818,84.46518066711724
10,4,C_Random_Min_Diag,4,1000,variance,MCP_up,0.5098039215686274,0.6069711538461539,0.4063341385700229,0.44,24,5,1,0.7272727272727273,0.46808510638297873,4,0.7317073170731707,84.46518066711724
10,4,C_Random_Min_Diag,4,1000,variance,SCAD_up,0.5,0.6024639423076923,0.4206784386001708,0.5,26,5,1,0.7555555555555555,,,,84.46518066711724
10,4,C_Random_Full,0,1000,identity,lasso,0.5952380952380952,0.5920856147336984,0.5819973904966591,0.4788732394366197,30,4,2,0.7272727272727273,0.5,3,0.76,24.55657604080625
10,4,C_Random_Full,0,1000,identity,MCP_down,0.4810126582278481,0.5263812842210054,0.5665822547562421,0.4117647058823529,27,6,0,0.7142857142857143,0.47761194029850745,5,0.7636363636363637,24.55657604080625
10,4,C_Random_Full,0,1000,identity,MCP_up,0.5517241379310345,0.5898456943753111,0.5794551420160742,0.44776119402985076,26,6,0,0.7636363636363637,0.4375,6,0.7692307692307693,24.55657604080625
10,4,C_Random_Full,0,1000,identity,SCAD_up,0.5714285714285714,0.5818815331010452,0.5726631050535999,0.43478260869565216,28,7,0,0.7719298245614035,,,,24.55657604080625
10,4,C_Random_Full,0,1000,variance,lasso,0.5897435897435898,0.5766550522648083,0.5474281637025308,0.5714285714285714,36,4,5,0.8620689655172413,0.4838709677419355,5,0.8,36.885014083003625
10,4,C_Random_Full,0,1000,variance,MCP_down,0.5205479452054794,0.5395719263315082,0.5216261824407427,0.4931506849315068,32,7,0,0.819672131147541,0.47058823529411764,5,0.7636363636363637,36.885014083003625
10,4,C_Random_Full,0,1000,variance,MCP_up,0.5866666666666667,0.5958188153310104,0.563561986286609,0.5074626865671642,26,4,0,0.7636363636363637,0.47619047619047616,4,0.7450980392156863,36.885014083003625
10,4,C_Random_Full,0,1000,variance,SCAD_up,0.575,0.5960676953708313,0.5701160017810306,0.5142857142857142,29,4,0,0.7857142857142857,,,,36.885014083003625
10,4,C_Random_Full,1,1000,identity,lasso,0.6136363636363636,0.5719940623453736,0.5157520810982607,0.5365853658536586,39,3,5,0.7419354838709677,0.42857142857142855,6,0.711864406779661,34.82853124989197
10,4,C_Random_Full,1,1000,identity,MCP_down,0.43902439024390244,0.47501237011380504,0.47164306003703926,0.42105263157894735,33,9,0,0.7575757575757576,0.43243243243243246,9,0.78125,34.82853124989197
10,4,C_Random_Full,1,1000,identity,MCP_up,0.5842696629213483,0.6061355764473033,0.5608345167698617,0.4411764705882353,25,5,0,0.6896551724137931,0.5,4,0.7241379310344828,34.82853124989197
10,4,C_Random_Full,1,1000,identity,SCAD_up,0.6133333333333333,0.5759524987629887,0.5208313816594073,0.5,29,5,0,0.7419354838709677,,,,34.82853124989197
10,4,C_Random_Full,1,1000,variance,lasso,0.6136363636363636,0.6313706086095993,0.5856968882064852,0.5714285714285714,41,5,4,0.7936507936507936,0.5352112676056338,3,0.711864406779661,37.66025470895693
10,4,C_Random_Full,1,1000,variance,MCP_down,0.5909090909090909,0.6229589312221672,0.5903794169379748,0.4788732394366197,28,3,0,0.6557377049180327,0.4166666666666667,6,0.6774193548387096,37.66025470895693
10,4,C_Random_Full,1,1000,variance,MCP_up,0.6136363636363636,0.6232063334982683,0.5791769578580204,0.5,29,6,0,0.7741935483870968,0.47058823529411764,5,0.7241379310344828,37.66025470895693
10,4,C_Random_Full,1,1000,variance,SCAD_up,0.6136363636363636,0.6194952993567542,0.5740816241472261,0.4931506849315068,30,7,0,0.7936507936507936,,,,37.66025470895693
10,4,C_Random_Full,2,1000,identity,lasso,0.4675324675324675,0.5276448697501329,0.42322146458179727,0.42857142857142855,37,6,5,0.6896551724137931,0.3103448275862069,11,0.7407407407407407,32.9164107919205
10,4,C_Random_Full,2,1000,identity,MCP_down,0.3783783783783784,0.4675704412546518,0.391103454614722,0.3492063492063492,30,11,0,0.7457627118644068,0.3793103448275862,8,0.7037037037037037,32.9164107919205
10,4,C_Random_Full,2,1000,identity,MCP_up,0.42424242424242425,0.5053163211057947,0.40655638457519266,0.3103448275862069,25,9,0,0.6666666666666666,0.3448275862068966,8,0.6666666666666666,32.9164107919205
10,4,C_Random_Full,2,1000,identity,SCAD_up,0.4230769230769231,0.5148856990962254,0.4159647360355051,0.375,31,9,0,0.711864406779661,,,,32.9164107919205
10,4,C_Random_Full,2,1000,variance,lasso,0.48,0.5491759702286019,0.46068402543199005,0.37681159420289856,36,9,2,0.7241379310344828,0.41379310344827586,6,0.6923076923076923,35.317021791124716
10,4,C_Random_Full,2,1000,variance,MCP_down,0.4225352112676056,0.49282296650717705,0.43441879107461,0.3492063492063492,30,12,0,0.7796610169491526,0.41379310344827586,8,0.7169811320754716,35.317021791124716
10,4,C_Random_Full,2,1000,variance,MCP_up,0.4473684210526316,0.5356193514088251,0.47240209879216366,0.4,27,8,0,0.7142857142857143,0.3448275862068966,8,0.6792452830188679,35.317021791124716
10,4,C_Random_Full,2,1000,variance,SCAD_up,0.4473684210526316,0.5372142477405636,0.45681143810984226,0.4126984126984127,30,8,0,0.7241379310344828,,,,35.317021791124716
10,4,C_Random_Full,3,1000,identity,lasso,0.5411764705882353,0.5108641975308642,0.4859859843862663,0.37681159420289856,24,4,4,0.5882352941176471,0.37681159420289856,4,0.5925925925925926,26.71597500005737
10,4,C_Random_Full,3,1000,identity,MCP_down,0.4888888888888889,0.4780246913580247,0.4624547270570191,0.34782608695652173,24,9,0,0.7241379310344828,0.3283582089552239,8,0.6785714285714286,26.71597500005737
10,4,C_Random_Full,3,1000,identity,MCP_up,0.5348837209302325,0.5446913580246913,0.5386931243130249,0.44776119402985076,22,4,0,0.6785714285714286,0.4,5,0.6666666666666666,26.71597500005737
10,4,C_Random_Full,3,1000,identity,SCAD_up,0.5454545454545454,0.5320987654320988,0.5056872916148056,0.4722222222222222,27,5,0,0.7333333333333333,,,,26.71597500005737
10,4,C_Random_Full,3,1000,variance,lasso,0.5393258426966292,0.5279012345679013,0.5262736755852546,0.49382716049382713,36,6,5,0.8253968253968254,0.3333333333333333,5,0.6037735849056604,35.03137983288616
10,4,C_Random_Full,3,1000,variance,MCP_down,0.5333333333333333,0.5387654320987654,0.5260669659561503,0.38235294117647056,23,7,0,0.7017543859649122,0.4057971014492754,6,0.7017543859649122,35.03137983288616
10,4,C_Random_Full,3,1000,variance,MCP_up,0.5647058823529412,0.5651851851851851,0.5821306274503749,0.5070422535211268,26,3,0,0.7,0.5074626865671642,3,0.6909090909090909,35.03137983288616
10,4,C_Random_Full,3,1000,variance,SCAD_up,0.6329113924050633,0.5503703703703703,0.5430158348814332,0.4864864864864865,29,6,0,0.7619047619047619,,,,35.03137983288616
10,4,C_Random_Full,4,1000,identity,lasso,0.5882352941176471,0.603219696969697,0.48070159114864874,0.3548387096774194,38,7,1,0.6153846153846154,0.3404255319148936,6,0.6666666666666666,50.988641457865015
10,4,C_Random_Full,4,1000,identity,MCP_down,0.5454545454545454,0.6101641414141414,0.5068641416680633,0.35294117647058826,27,6,0,0.6382978723404256,0.375,5,0.6363636363636364,50.988641457865015
10,4,C_Random_Full,4,1000,identity,MCP_up,0.46153846153846156,0.5498737373737373,0.4402992981252444,0.32653061224489793,25,4,1,0.5454545454545454,0.2916666666666667,5,0.5714285714285714,50.988641457865015
10,4,C_Random_Full,4,1000,identity,SCAD_up,0.5454545454545454,0.5684974747474747,0.44403007569140307,0.36,26,4,2,0.5581395348837209,,,,50.988641457865015
10,4,C_Random_Full,4,1000,variance,lasso,0.5454545454545454,0.567550505050505,0.37179717204843943,0.3333333333333333,42,6,4,0.6153846153846154,0.30434782608695654,4,0.5365853658536586,30.152394416974857
10,4,C_Random_Full,4,1000,variance,MCP_down,0.4878048780487805,0.6063762626262627,0.36574457617394057,0.37735849056603776,29,4,0,0.5714285714285714,0.34782608695652173,4,0.5714285714285714,30.152394416974857
10,4,C_Random_Full,4,1000,variance,MCP_up,0.46511627906976744,0.526199494949495,0.3277911060152402,0.32727272727272727,31,5,1,0.56,0.3111111111111111,4,0.55,30.152394416974857
10,4,C_Random_Full,4,1000,variance,SCAD_up,0.55,0.5505050505050505,0.36560288616576125,0.2962962962962963,30,7,1,0.6122448979591837,,,,30.152394416974857
10,1,C_Random_Diag,0,10000,identity,lasso,0.6956521739130435,0.9245426829268293,0.34500863719613717,0.6666666666666666,16,0,2,0.7272727272727273,0.7,1,0.8,106.90200362494215
10,1,C_Random_Diag,0,10000,identity,MCP_down,0.5263157894736842,0.6920731707317073,0.2617424242424242,0.45454545454545453,14,2,0,0.6363636363636364,0.2857142857142857,5,0.7619047619047619,106.90200362494215
10,1,C_Random_Diag,0,10000,identity,MCP_up,0.875,0.9771341463414634,0.6028206168831169,0.7272727272727273,14,0,3,0.8421052631578947,0.6,2,0.8888888888888888,106.90200362494215
10,1,C_Random_Diag,0,10000,identity,SCAD_up,0.8421052631578947,0.9740853658536586,0.5622023809523811,0.8,12,0,2,0.8888888888888888,,,,106.90200362494215
10,1,C_Random_Diag,0,10000,variance,lasso,0.46153846153846156,0.8277439024390245,0.31373640851532525,0.38461538461538464,18,1,3,0.5714285714285714,0.5,1,0.7058823529411765,44.217671708902344
10,1,C_Random_Diag,0,10000,variance,MCP_down,0.5,0.7370426829268293,0.31975185359231406,0.4166666666666667,16,2,0,0.5833333333333334,0.5,2,0.7,44.217671708902344
10,1,C_Random_Diag,0,10000,variance,MCP_up,0.8571428571428571,0.8757621951219513,0.6705468142968143,0.6666666666666666,10,0,0,0.6666666666666666,0.5555555555555556,2,0.8235294117647058,44.217671708902344
10,1,C_Random_Diag,0,10000,variance,SCAD_up,0.8235294117647058,0.8544207317073171,0.44918042027417027,0.6666666666666666,10,0,0,0.6666666666666666,,,,44.217671708902344
10,1,C_Random_Diag,1,10000,identity,lasso,0.7,0.82125,0.6226476301476301,0.5217391304347826,13,1,4,0.7777777777777778,0.5,3,0.8421052631578947,46.63364591705613
10,1,C_Random_Diag,1,10000,identity,MCP_down,0.5555555555555556,0.6174999999999999,0.4614484126984127,0.5263157894736842,9,3,1,0.8888888888888888,0.47619047619047616,3,0.8,46.63364591705613
10,1,C_Random_Diag,1,10000,identity,MCP_up,0.6,0.7825,0.5092631673881673,0.6,10,2,2,0.8888888888888888,0.5,3,0.8421052631578947,46.63364591705613
10,1,C_Random_Diag,1,10000,identity,SCAD_up,0.6666666666666666,0.81375,0.577850102406554,0.6666666666666666,11,1,2,0.8421052631578947,,,,46.63364591705613
10,1,C_Random_Diag,1,10000,variance,lasso,0.6666666666666666,0.7625,0.474441649783755,0.6086956521739131,13,1,2,0.7619047619047619,0.6,2,0.8421052631578947,27.133510999847203
10,1,C_Random_Diag,1,10000,variance,MCP_down,0.42857142857142855,0.64,0.27749843732702595,0.34782608695652173,13,3,0,0.6086956521739131,0.45454545454545453,3,0.7272727272727273,27.133510999847203
10,1,C_Random_Diag,1,10000,variance,MCP_up,0.6666666666666666,0.76125,0.5778556166056166,0.6,10,1,1,0.7368421052631579,0.6,2,0.8421052631578947,27.133510999847203
10,1,C_Random_Diag,1,10000,variance,SCAD_up,0.6666666666666666,0.76125,0.5244696969696969,0.6666666666666666,11,1,1,0.8,,,,27.133510999847203
10,1,C_Random_Diag,2,10000,identity,lasso,0.5,0.6191860465116279,0.18914141414141414,0.5,4,1,1,0.8571428571428571,0.5714285714285714,1,0.8571428571428571,10.11317183310166
10,1,C_Random_Diag,2,10000,identity,MCP_down,0.3333333333333333,0.25290697674418605,0.05972222222222222,0.0,4,4,0,1.0,0.5,2,1.0,10.11317183310166
10,1,C_Random_Diag,2,10000,identity,MCP_up,0.8571428571428571,0.6308139534883721,0.345655684754522,0.5714285714285714,3,1,0,0.8571428571428571,0.5714285714285714,1,0.8571428571428571,10.11317183310166
10,1,C_Random_Diag,2,10000,identity,SCAD_up,0.8571428571428571,0.627906976744186,0.283155684754522,0.5714285714285714,3,1,0,0.8571428571428571,,,,10.11317183310166
10,1,C_Random_Diag,2,10000,variance,lasso,0.5,0.690406976744186,0.21617572336101154,0.5,4,1,1,0.8571428571428571,0.5714285714285714,1,0.8571428571428571,14.626751333009452
10,1,C_Random_Diag,2,10000,variance,MCP_down,0.3333333333333333,0.251453488372093,0.05347222222222223,0.0,4,4,0,1.0,0.25,3,1.0,14.626751333009452
10,1,C_Random_Diag,2,10000,variance,MCP_up,0.8571428571428571,0.6308139534883721,0.36736111111111114,0.5714285714285714,3,1,0,0.8571428571428571,0.5714285714285714,1,0.8571428571428571,14.626751333009452
10,1,C_Random_Diag,2,10000,variance,SCAD_up,0.75,0.6351744186046512,0.24596306471306473,0.5714285714285714,3,1,0,0.8571428571428571,,,,14.626751333009452
10,1,C_Random_Diag,3,10000,identity,lasso,0.8,0.958079268292683,0.5556467837717838,0.7,12,0,2,0.875,0.8235294117647058,0,0.9333333333333333,29.01426945789717
10,1,C_Random_Diag,3,10000,identity,MCP_down,0.6153846153846154,0.711890243902439,0.39231150793650793,0.5882352941176471,9,2,0,0.875,0.8235294117647058,0,0.875,29.01426945789717
10,1,C_Random_Diag,3,10000,identity,MCP_up,0.875,0.971798780487805,0.7493041367004467,0.7777777777777778,10,0,1,0.875,0.8235294117647058,0,0.875,29.01426945789717
10,1,C_Random_Diag,3,10000,identity,SCAD_up,0.875,0.9443597560975611,0.5658428600968923,0.7777777777777778,10,0,0,0.8235294117647058,,,,29.01426945789717
10,1,C_Random_Diag,3,10000,variance,lasso,0.7619047619047619,0.9634146341463415,0.5441738816738817,0.7619047619047619,13,0,1,0.875,0.6666666666666666,1,0.875,31.60110683296807
10,1,C_Random_Diag,3,10000,variance,MCP_down,0.375,0.5022865853658537,0.13225337882361876,0.21052631578947367,11,4,0,0.7058823529411765,0.3157894736842105,3,0.7058823529411765,31.60110683296807
10,1,C_Random_Diag,3,10000,variance,MCP_up,0.875,0.9679878048780488,0.6063156512605041,0.7777777777777778,10,0,0,0.8235294117647058,0.6666666666666666,1,0.8235294117647058,31.60110683296807
10,1,C_Random_Diag,3,10000,variance,SCAD_up,0.875,0.9588414634146342,0.5731498015873016,0.7368421052631579,11,0,0,0.7777777777777778,,,,31.60110683296807
10,1,C_Random_Diag,4,10000,identity,lasso,0.5531914893617021,0.7899436090225564,0.3243053887859573,0.5106382978723404,33,1,4,0.65,0.6486486486486487,1,0.7878787878787878,194.68306758394465
10,1,C_Random_Diag,4,10000,identity,MCP_down,0.47058823529411764,0.6616541353383459,0.2650267281846229,0.36,36,5,0,0.5714285714285714,0.5263157894736842,3,0.6842105263157895,194.68306758394465
10,1,C_Random_Diag,4,10000,identity,MCP_up,0.7142857142857143,0.8312969924812029,0.46290806977463644,0.5454545454545454,30,0,4,0.631578947368421,0.5581395348837209,0,0.6486486486486487,194.68306758394465
10,1,C_Random_Diag,4,10000,identity,SCAD_up,0.6451612903225806,0.8139097744360901,0.4196573038176291,0.5365853658536586,27,1,3,0.6486486486486487,,,,194.68306758394465
10,1,C_Random_Diag,4,10000,variance,lasso,0.5641025641025641,0.7866541353383458,0.29950930700241796,0.4406779661016949,45,0,5,0.5531914893617021,0.5333333333333333,1,0.65,163.29643908399157
10,1,C_Random_Diag,4,10000,variance,MCP_down,0.42857142857142855,0.6588345864661654,0.2732507875558517,0.3050847457627119,45,5,0,0.5,0.45454545454545453,4,0.6511627906976745,163.29643908399157
10,1,C_Random_Diag,4,10000,variance,MCP_up,0.896551724137931,0.9158834586466166,0.6180527188280949,0.6341463414634146,27,0,4,0.7222222222222222,0.5853658536585366,1,0.7027027027027027,163.29643908399157
10,1,C_Random_Diag,4,10000,variance,SCAD_up,0.8387096774193549,0.8900375939849623,0.5014491020623995,0.4727272727272727,41,0,5,0.5652173913043478,,,,163.29643908399157
10,1,C_Random_Min_Diag,0,10000,identity,lasso,0.75,0.8717728055077452,0.43300500813788345,0.7058823529411765,10,0,2,0.8571428571428571,0.7058823529411765,0,0.8,25.96496483311057
10,1,C_Random_Min_Diag,0,10000,identity,MCP_down,0.47058823529411764,0.6566265060240964,0.29523809523809524,0.47058823529411764,10,2,0,0.7058823529411765,0.3333333333333333,3,0.7058823529411765,25.96496483311057
10,1,C_Random_Min_Diag,0,10000,identity,MCP_up,0.7692307692307693,0.8760757314974184,0.5492243867243868,0.75,9,1,1,0.9333333333333333,0.75,1,0.9333333333333333,25.96496483311057
10,1,C_Random_Min_Diag,0,10000,identity,SCAD_up,0.8571428571428571,0.8674698795180723,0.5128298289012574,0.75,9,1,1,0.9333333333333333,,,,25.96496483311057
10,1,C_Random_Min_Diag,0,10000,variance,lasso,0.75,0.9492254733218588,0.4058935112506541,0.631578947368421,12,0,2,0.75,0.6666666666666666,0,0.8,18.60328329098411
10,1,C_Random_Min_Diag,0,10000,variance,MCP_down,0.6666666666666666,0.76592082616179,0.3376984126984127,0.6666666666666666,8,1,0,0.8,0.75,1,0.9333333333333333,18.60328329098411
10,1,C_Random_Min_Diag,0,10000,variance,MCP_up,1.0,0.981067125645439,0.6071428571428571,0.7777777777777778,11,0,0,0.7777777777777778,0.9333333333333333,0,0.9333333333333333,18.60328329098411
10,1,C_Random_Min_Diag,0,10000,variance,SCAD_up,1.0,0.9647160068846816,0.5047619047619047,1.0,7,0,0,1.0,,,,18.60328329098411
10,1,C_Random_Min_Diag,1,10000,identity,lasso,0.7777777777777778,0.9586919104991395,0.4495361781076067,0.7777777777777778,11,0,3,0.9333333333333333,0.875,0,0.9333333333333333,30.856934416107833
10,1,C_Random_Min_Diag,1,10000,identity,MCP_down,0.5714285714285714,0.6626506024096386,0.2551020408163265,0.5,9,2,0,0.75,0.47058823529411764,2,0.75,30.856934416107833
10,1,C_Random_Min_Diag,1,10000,identity,MCP_up,0.8571428571428571,0.981067125645439,0.6650123685837971,0.7777777777777778,11,0,1,0.8235294117647058,0.875,0,0.9333333333333333,30.856934416107833
10,1,C_Random_Min_Diag,1,10000,identity,SCAD_up,0.8,0.9655765920826163,0.489453601953602,0.8,8,0,0,0.8,,,,30.856934416107833
10,1,C_Random_Min_Diag,1,10000,variance,lasso,0.75,0.9672977624784854,0.62703081232493,0.5833333333333334,17,0,2,0.6666666666666666,0.8,1,0.9333333333333333,20.695847624912858
10,1,C_Random_Min_Diag,1,10000,variance,MCP_down,0.4,0.6540447504302926,0.32393380429094715,0.24242424242424243,26,3,0,0.42424242424242425,0.3333333333333333,3,0.6666666666666666,20.695847624912858
10,1,C_Random_Min_Diag,1,10000,variance,MCP_up,0.8571428571428571,0.9647160068846816,0.7393707482993197,0.8,8,1,0,0.9333333333333333,0.8,1,0.9333333333333333,20.695847624912858
10,1,C_Random_Min_Diag,1,10000,variance,SCAD_up,0.8571428571428571,0.9561101549053357,0.7105122390836676,0.7058823529411765,10,1,0,0.8235294117647058,,,,20.695847624912858
10,1,C_Random_Min_Diag,2,10000,identity,lasso,0.6111111111111112,0.8178418803418805,0.4396158527479477,0.5945945945945946,25,0,5,0.6875,0.6875,0,0.7586206896551724,177.87077537481673
10,1,C_Random_Min_Diag,2,10000,identity,MCP_down,0.5185185185185185,0.7163461538461537,0.44646990740740733,0.43243243243243246,25,2,2,0.5882352941176471,0.5806451612903226,1,0.6666666666666666,177.87077537481673
10,1,C_Random_Min_Diag,2,10000,identity,MCP_up,0.75,0.8605769230769232,0.6286690696891847,0.6060606060606061,21,0,3,0.6896551724137931,0.6451612903225806,0,0.7142857142857143,177.87077537481673
10,1,C_Random_Min_Diag,2,10000,identity,SCAD_up,0.72,0.8482905982905984,0.5446901262279551,0.5882352941176471,22,0,3,0.6666666666666666,,,,177.87077537481673
10,1,C_Random_Min_Diag,2,10000,variance,lasso,0.5714285714285714,0.8082264957264959,0.4930747826355411,0.39215686274509803,39,1,7,0.5641025641025641,0.6896551724137931,1,0.8148148148148148,90.8118704999797
10,1,C_Random_Min_Diag,2,10000,variance,MCP_down,0.5625,0.7564102564102564,0.48178142663436774,0.36,38,3,3,0.5106382978723404,0.48484848484848486,3,0.6875,90.8118704999797
10,1,C_Random_Min_Diag,2,10000,variance,MCP_up,0.72,0.843482905982906,0.6014495114059069,0.6206896551724138,17,1,3,0.7692307692307693,0.6666666666666666,1,0.8,90.8118704999797
10,1,C_Random_Min_Diag,2,10000,variance,SCAD_up,0.7692307692307693,0.8450854700854702,0.5947454635407534,0.6896551724137931,17,2,3,0.9230769230769231,,,,90.8118704999797
10,1,C_Random_Min_Diag,3,10000,identity,lasso,0.75,0.8482142857142858,0.36666666666666664,0.6666666666666666,9,1,3,1.0,0.7142857142857143,1,1.0,22.269585458096117
10,1,C_Random_Min_Diag,3,10000,identity,MCP_down,0.5714285714285714,0.7222222222222221,0.23207671957671955,0.5714285714285714,8,2,1,0.9230769230769231,0.5,2,0.8571428571428571,22.269585458096117
10,1,C_Random_Min_Diag,3,10000,identity,MCP_up,0.8,0.8680555555555556,0.6577831890331891,0.7142857142857143,8,1,2,1.0,0.7142857142857143,1,1.0,22.269585458096117
10,1,C_Random_Min_Diag,3,10000,identity,SCAD_up,0.8,0.8601190476190477,0.4837752525252525,0.7142857142857143,8,1,2,1.0,,,,22.269585458096117
10,1,C_Random_Min_Diag,3,10000,variance,lasso,0.8,0.8432539682539684,0.3439814814814815,0.7142857142857143,8,1,1,0.9230769230769231,0.7692307692307693,1,0.9230769230769231,13.752192040905356
10,1,C_Random_Min_Diag,3,10000,variance,MCP_down,0.375,0.5972222222222222,0.14325396825396824,0.375,10,3,0,0.75,0.5333333333333333,2,0.8,13.752192040905356
10,1,C_Random_Min_Diag,3,10000,variance,MCP_up,0.8333333333333334,0.8660714285714286,0.5370370370370371,0.6666666666666666,9,1,0,0.8,0.7692307692307693,1,0.9230769230769231,13.752192040905356
10,1,C_Random_Min_Diag,3,10000,variance,SCAD_up,0.8333333333333334,0.8591269841269842,0.44259259259259265,0.6666666666666666,9,1,0,0.8,,,,13.752192040905356
10,1,C_Random_Min_Diag,4,10000,identity,lasso,0.7586206896551724,0.8899572649572649,0.519992289845231,0.7586206896551724,17,1,5,1.0,0.9166666666666666,0,1.0,22.691009833011776
10,1,C_Random_Min_Diag,4,10000,identity,MCP_down,0.56,0.6677350427350428,0.3786618474118474,0.5384615384615384,14,4,0,0.88,0.5384615384615384,4,0.88,22.691009833011776
10,1,C_Random_Min_Diag,4,10000,identity,MCP_up,0.9090909090909091,0.9033119658119657,0.6381089217296114,0.8695652173913043,11,1,0,1.0,0.9166666666666666,0,1.0,22.691009833011776
10,1,C_Random_Min_Diag,4,10000,identity,SCAD_up,0.9090909090909091,0.8803418803418803,0.5239892630517631,0.8695652173913043,11,1,0,1.0,,,,22.691009833011776
10,1,C_Random_Min_Diag,4,10000,variance,lasso,0.7333333333333333,0.8392094017094018,0.4628458381215734,0.6896551724137931,17,1,6,1.0,0.8333333333333334,1,0.9565217391304348,13.495731209171936
10,1,C_Random_Min_Diag,4,10000,variance,MCP_down,0.45454545454545453,0.5438034188034189,0.24093915343915343,0.4,13,6,0,0.9166666666666666,0.48,5,0.9166666666666666,13.495731209171936
10,1,C_Random_Min_Diag,4,10000,variance,MCP_up,0.9090909090909091,0.8691239316239318,0.6488756613756613,0.8333333333333334,12,1,0,0.9565217391304348,0.8333333333333334,1,0.9565217391304348,13.495731209171936
10,1,C_Random_Min_Diag,4,10000,variance,SCAD_up,0.9090909090909091,0.8573717948717949,0.5349164261664262,0.8333333333333334,12,1,1,1.0,,,,13.495731209171936
10,1,C_Random_Full,0,10000,identity,lasso,0.43243243243243246,0.6575854700854702,0.2640295794671652,0.28,38,0,4,0.35,0.1951219512195122,2,0.32432432432432434,56.89424683293328
10,1,C_Random_Full,0,10000,identity,MCP_down,0.6153846153846154,0.6682692307692307,0.339565597944081,0.27450980392156865,39,3,0,0.4,0.2916666666666667,3,0.43478260869565216,56.89424683293328
10,1,C_Random_Full,0,10000,identity,MCP_up,0.46153846153846156,0.5731837606837606,0.2044997339527785,0.19047619047619047,30,2,2,0.32432432432432434,0.1951219512195122,2,0.3333333333333333,56.89424683293328
10,1,C_Random_Full,0,10000,identity,SCAD_up,0.41379310344827586,0.5972222222222222,0.2313866551990848,0.23255813953488372,31,2,2,0.3684210526315789,,,,56.89424683293328
10,1,C_Random_Full,0,10000,variance,lasso,0.3870967741935484,0.5854700854700854,0.19376030862297192,0.25925925925925924,42,2,3,0.42857142857142855,0.30434782608695654,2,0.47368421052631576,46.41857249988243
10,1,C_Random_Full,0,10000,variance,MCP_down,0.5,0.7596153846153847,0.3155531105464923,0.38461538461538464,40,1,1,0.44,0.3404255319148936,1,0.4,46.41857249988243
10,1,C_Random_Full,0,10000,variance,MCP_up,0.5454545454545454,0.593482905982906,0.2783138758338707,0.2926829268292683,29,2,1,0.42105263157894735,0.2857142857142857,2,0.42105263157894735,46.41857249988243
10,1,C_Random_Full,0,10000,variance,SCAD_up,0.5,0.6095085470085471,0.23458800272525765,0.2857142857142857,30,2,1,0.41025641025641024,,,,46.41857249988243
10,1,C_Random_Full,1,10000,identity,lasso,0.3333333333333333,0.5966628308400459,0.22022272283937294,0.25925925925925924,43,2,3,0.3829787234042553,0.23255813953488372,4,0.43902439024390244,24.21824354212731
10,1,C_Random_Full,1,10000,identity,MCP_down,0.23529411764705882,0.5040276179516686,0.18466096706622165,0.18518518518518517,43,6,0,0.4074074074074074,0.25,5,0.46808510638297873,24.21824354212731
10,1,C_Random_Full,1,10000,identity,MCP_up,0.2857142857142857,0.5909090909090908,0.20589564417315614,0.2727272727272727,33,3,1,0.4186046511627907,0.2,4,0.41025641025641024,24.21824354212731
10,1,C_Random_Full,1,10000,identity,SCAD_up,0.3333333333333333,0.5932105868814729,0.21746674547476685,0.27906976744186046,32,4,0,0.46511627906976744,,,,24.21824354212731
10,1,C_Random_Full,1,10000,variance,lasso,0.3684210526315789,0.5851553509781358,0.22883597845495385,0.3076923076923077,41,1,5,0.4186046511627907,0.23809523809523808,4,0.45,22.2879115419928
10,1,C_Random_Full,1,10000,variance,MCP_down,0.2777777777777778,0.5684695051783659,0.22011236070757112,0.23076923076923078,41,5,0,0.4230769230769231,0.2916666666666667,4,0.4583333333333333,22.2879115419928
10,1,C_Random_Full,1,10000,variance,MCP_up,0.375,0.5926352128883775,0.24602469894460993,0.25,29,4,0,0.46153846153846156,0.24390243902439024,4,0.45,22.2879115419928
10,1,C_Random_Full,1,10000,variance,SCAD_up,0.36363636363636365,0.5822784810126582,0.2303128171798724,0.27906976744186046,32,4,0,0.47619047619047616,,,,22.2879115419928
10,1,C_Random_Full,2,10000,identity,lasso,0.4,0.7211703958691911,0.16397658963448436,0.30303030303030304,26,2,3,0.5,0.35714285714285715,2,0.56,20.821591707877815
10,1,C_Random_Full,2,10000,identity,MCP_down,0.06666666666666667,0.3080895008605852,0.045962732919254665,0.058823529411764705,27,6,0,0.4117647058823529,0.12121212121212122,4,0.36363636363636365,20.821591707877815
10,1,C_Random_Full,2,10000,identity,MCP_up,0.4,0.7177280550774527,0.18537157287157285,0.2962962962962963,20,3,1,0.5384615384615384,0.35714285714285715,2,0.5185185185185185,20.821591707877815
10,1,C_Random_Full,2,10000,identity,SCAD_up,0.47058823529411764,0.6867469879518073,0.14600855493712633,0.2857142857142857,21,3,1,0.5185185185185185,,,,20.821591707877815
10,1,C_Random_Full,2,10000,variance,lasso,0.5,0.8227194492254732,0.34798590302610877,0.35294117647058826,27,1,4,0.5,0.42857142857142855,1,0.5384615384615384,20.33933575008996
10,1,C_Random_Full,2,10000,variance,MCP_down,0.3076923076923077,0.6075731497418244,0.2498299319727891,0.2,23,3,0,0.4,0.23076923076923078,2,0.4,20.33933575008996
10,1,C_Random_Full,2,10000,variance,MCP_up,0.5714285714285714,0.7848537005163511,0.3434117629682146,0.3076923076923077,19,3,0,0.5384615384615384,0.4444444444444444,1,0.5384615384615384,20.33933575008996
10,1,C_Random_Full,2,10000,variance,SCAD_up,0.47058823529411764,0.7848537005163511,0.3335180225936528,0.3076923076923077,19,3,0,0.5384615384615384,,,,20.33933575008996
10,1,C_Random_Full,3,10000,identity,lasso,0.5806451612903226,0.7649572649572649,0.39385886715040924,0.34782608695652173,34,2,3,0.5,0.2702702702702703,2,0.4375,68.85439387499355
10,1,C_Random_Full,3,10000,identity,MCP_down,0.6,0.6885683760683761,0.42947220993660623,0.32558139534883723,31,2,0,0.45,0.35,1,0.4444444444444444,68.85439387499355
10,1,C_Random_Full,3,10000,identity,MCP_up,0.47619047619047616,0.7077991452991453,0.3208814238056692,0.3684210526315789,26,1,2,0.5161290322580645,0.3684210526315789,1,0.5161290322580645,68.85439387499355
10,1,C_Random_Full,3,10000,identity,SCAD_up,0.5217391304347826,0.7126068376068376,0.33270137440579284,0.3157894736842105,26,2,1,0.48484848484848486,,,,68.85439387499355
10,1,C_Random_Full,3,10000,variance,lasso,0.5,0.7467948717948718,0.3483735287881573,0.391304347826087,34,1,2,0.4864864864864865,0.358974358974359,2,0.5,57.71017595892772
10,1,C_Random_Full,3,10000,variance,MCP_down,0.3448275862068966,0.5950854700854701,0.2272685331337862,0.3,28,3,1,0.4444444444444444,0.358974358974359,1,0.4117647058823529,57.71017595892772
10,1,C_Random_Full,3,10000,variance,MCP_up,0.5,0.7003205128205128,0.3267039568254246,0.3888888888888889,24,2,0,0.5294117647058824,0.3783783783783784,2,0.5142857142857142,57.71017595892772
10,1,C_Random_Full,3,10000,variance,SCAD_up,0.47619047619047616,0.7104700854700855,0.3113160639952933,0.3783783783783784,25,2,0,0.5294117647058824,,,,57.71017595892772
10,1,C_Random_Full,4,10000,identity,lasso,0.391304347826087,0.6137218045112782,0.24921248502916762,0.32727272727272727,41,2,5,0.5,0.375,1,0.5,99.03076733299531
10,1,C_Random_Full,4,10000,identity,MCP_down,0.3181818181818182,0.5310150375939849,0.23573420688358768,0.25925925925925924,40,6,1,0.5,0.2916666666666667,6,0.5652173913043478,99.03076733299531
10,1,C_Random_Full,4,10000,identity,MCP_up,0.4666666666666667,0.6658834586466165,0.2909095301640633,0.3829787234042553,33,1,5,0.5,0.3829787234042553,1,0.5,99.03076733299531
10,1,C_Random_Full,4,10000,identity,SCAD_up,0.5,0.662593984962406,0.3109360647819907,0.375,34,1,5,0.5,,,,99.03076733299531
10,1,C_Random_Full,4,10000,variance,lasso,0.4878048780487805,0.6630639097744362,0.3559780189793672,0.32727272727272727,41,2,3,0.4888888888888889,0.4,2,0.5641025641025641,91.42729854118079
10,1,C_Random_Full,4,10000,variance,MCP_down,0.35294117647058826,0.5352443609022557,0.2338510692871874,0.22641509433962265,39,5,2,0.46808510638297873,0.24,5,0.5,91.42729854118079
10,1,C_Random_Full,4,10000,variance,MCP_up,0.4827586206896552,0.6804511278195489,0.3451567295755451,0.391304347826087,32,2,2,0.5365853658536586,0.4,2,0.55,91.42729854118079
10,1,C_Random_Full,4,10000,variance,SCAD_up,0.41025641025641024,0.6719924812030075,0.3690943839386993,0.3404255319148936,33,2,3,0.5128205128205128,,,,91.42729854118079
10,2,C_Random_Diag,0,10000,identity,lasso,0.7741935483870968,0.7623456790123457,0.6728941254152101,0.6,22,1,5,0.7647058823529411,0.6486486486486487,1,0.7878787878787878,25.419336250051856
10,2,C_Random_Diag,0,10000,identity,MCP_down,0.6896551724137931,0.7334104938271604,0.6150401604568272,0.6153846153846154,21,3,0,0.7894736842105263,0.5405405405405406,5,0.8333333333333334,25.419336250051856
10,2,C_Random_Diag,0,10000,identity,MCP_up,0.7,0.7411265432098766,0.6152238803923296,0.6666666666666666,21,0,4,0.7647058823529411,0.6486486486486487,1,0.7878787878787878,25.419336250051856
10,2,C_Random_Diag,0,10000,identity,SCAD_up,0.7333333333333333,0.7411265432098766,0.6215588987808431,0.5714285714285714,17,2,1,0.7272727272727273,,,,25.419336250051856
10,2,C_Random_Diag,0,10000,variance,lasso,0.75,0.7978395061728394,0.6676410793085911,0.6486486486486487,19,1,4,0.8125,0.7058823529411765,1,0.8387096774193549,23.935826250119135
10,2,C_Random_Diag,0,10000,variance,MCP_down,0.7333333333333333,0.7469135802469136,0.6996911966984207,0.6285714285714286,17,3,0,0.8235294117647058,0.6470588235294118,3,0.8484848484848485,23.935826250119135
10,2,C_Random_Diag,0,10000,variance,MCP_up,0.7058823529411765,0.816358024691358,0.746023346889888,0.7058823529411765,16,1,2,0.8387096774193549,0.7058823529411765,1,0.8387096774193549,23.935826250119135
10,2,C_Random_Diag,0,10000,variance,SCAD_up,0.7333333333333333,0.8055555555555554,0.6580867510638906,0.6486486486486487,19,2,2,0.8235294117647058,,,,23.935826250119135
10,2,C_Random_Diag,1,10000,identity,lasso,0.6857142857142857,0.8529135338345866,0.3993239671037106,0.6857142857142857,21,0,5,0.8275862068965517,0.8571428571428571,0,0.9230769230769231,35.52200312516652
10,2,C_Random_Diag,1,10000,identity,MCP_down,0.6,0.693139097744361,0.3360415873808731,0.5454545454545454,19,3,0,0.75,0.5294117647058824,3,0.7272727272727273,35.52200312516652
10,2,C_Random_Diag,1,10000,identity,MCP_up,0.8888888888888888,0.925281954887218,0.6659079774100781,0.8571428571428571,14,0,0,0.8888888888888888,0.8571428571428571,0,0.8888888888888888,35.52200312516652
10,2,C_Random_Diag,1,10000,identity,SCAD_up,0.8,0.8787593984962406,0.4522899602918629,0.8,16,0,1,0.8571428571428571,,,,35.52200312516652
10,2,C_Random_Diag,1,10000,variance,lasso,0.5945945945945946,0.7847744360902256,0.3387618420227116,0.55,26,1,4,0.7058823529411765,0.625,2,0.8275862068965517,28.045789667172357
10,2,C_Random_Diag,1,10000,variance,MCP_down,0.3225806451612903,0.4619360902255639,0.1595782521481279,0.2,26,8,0,0.6153846153846154,0.22857142857142856,8,0.7058823529411765,28.045789667172357
10,2,C_Random_Diag,1,10000,variance,MCP_up,0.7692307692307693,0.8233082706766917,0.47995322146424163,0.7096774193548387,17,1,1,0.8275862068965517,0.7096774193548387,1,0.8571428571428571,28.045789667172357
10,2,C_Random_Diag,1,10000,variance,SCAD_up,0.6875,0.8045112781954886,0.4056877889293957,0.6470588235294118,20,1,1,0.75,,,,28.045789667172357
10,2,C_Random_Diag,2,10000,identity,lasso,0.68,0.7503342245989304,0.548210551169892,0.6530612244897959,27,1,6,0.7894736842105263,0.7142857142857143,2,0.8571428571428571,41.45716816699132
10,2,C_Random_Diag,2,10000,identity,MCP_down,0.5714285714285714,0.6467245989304813,0.49544630190577527,0.4888888888888889,23,3,1,0.6829268292682927,0.47619047619047616,4,0.7368421052631579,41.45716816699132
10,2,C_Random_Diag,2,10000,identity,MCP_up,0.5945945945945946,0.7286096256684491,0.5632208152420747,0.55,18,3,0,0.7222222222222222,0.5,4,0.7222222222222222,41.45716816699132
10,2,C_Random_Diag,2,10000,identity,SCAD_up,0.6666666666666666,0.7135695187165775,0.5020753988489486,0.5365853658536586,19,3,0,0.7027027027027027,,,,41.45716816699132
10,2,C_Random_Diag,2,10000,variance,lasso,0.7083333333333334,0.7413101604278074,0.5042180165502127,0.5769230769230769,30,2,6,0.7317073170731707,0.5777777777777777,1,0.6666666666666666,55.36374204210006
10,2,C_Random_Diag,2,10000,variance,MCP_down,0.5555555555555556,0.6473930481283422,0.46478682488040773,0.5106382978723404,25,4,0,0.7272727272727273,0.5333333333333333,4,0.7619047619047619,55.36374204210006
10,2,C_Random_Diag,2,10000,variance,MCP_up,0.6857142857142857,0.7396390374331551,0.5541263335366955,0.6046511627906976,21,1,2,0.7368421052631579,0.5714285714285714,1,0.6842105263157895,55.36374204210006
10,2,C_Random_Diag,2,10000,variance,SCAD_up,0.717948717948718,0.7306149732620321,0.503346138299035,0.5531914893617021,25,1,2,0.6341463414634146,,,,55.36374204210006
10,2,C_Random_Diag,3,10000,identity,lasso,0.6086956521739131,0.7507142857142857,0.3984224521294716,0.56,30,3,3,0.7441860465116279,0.5909090909090909,3,0.7804878048780488,43.42953399987891
10,2,C_Random_Diag,3,10000,identity,MCP_down,0.47368421052631576,0.5925,0.2928317876954025,0.43137254901960786,31,5,1,0.6666666666666666,0.5777777777777777,3,0.7804878048780488,43.42953399987891
10,2,C_Random_Diag,3,10000,identity,MCP_up,0.6190476190476191,0.7625,0.43365694695971446,0.5777777777777777,25,3,1,0.7619047619047619,0.5777777777777777,3,0.7619047619047619,43.42953399987891
10,2,C_Random_Diag,3,10000,identity,SCAD_up,0.6222222222222222,0.7403571428571429,0.3845391957280932,0.5652173913043478,26,3,1,0.7441860465116279,,,,43.42953399987891
10,2,C_Random_Diag,3,10000,variance,lasso,0.6122448979591837,0.7285714285714285,0.43705650929421247,0.5957446808510638,27,2,5,0.7692307692307693,0.6190476190476191,2,0.8333333333333334,44.530188750009984
10,2,C_Random_Diag,3,10000,variance,MCP_down,0.5263157894736842,0.6207142857142858,0.3814329235041445,0.38461538461538464,32,5,0,0.6,0.3673469387755102,6,0.6382978723404256,44.530188750009984
10,2,C_Random_Diag,3,10000,variance,MCP_up,0.7777777777777778,0.7460714285714285,0.4975401873657792,0.6190476190476191,22,3,2,0.8421052631578947,0.6046511627906976,3,0.8421052631578947,44.530188750009984
10,2,C_Random_Diag,3,10000,variance,SCAD_up,0.7368421052631579,0.7228571428571429,0.43708785524499283,0.5909090909090909,24,3,2,0.8,,,,44.530188750009984
10,2,C_Random_Diag,4,10000,identity,lasso,0.5806451612903226,0.7339527027027027,0.3281527101346526,0.5,36,3,6,0.7272727272727273,0.5365853658536586,3,0.7567567567567568,160.8309066251386
10,2,C_Random_Diag,4,10000,identity,MCP_down,0.3888888888888889,0.5561655405405406,0.21595862535884308,0.38095238095238093,26,4,0,0.5714285714285714,0.41025641025641024,3,0.5789473684210527,160.8309066251386
10,2,C_Random_Diag,4,10000,identity,MCP_up,0.6875,0.8053209459459459,0.49372308264908044,0.5454545454545454,28,2,4,0.717948717948718,0.6,2,0.7567567567567568,160.8309066251386
10,2,C_Random_Diag,4,10000,identity,SCAD_up,0.6486486486486487,0.7892736486486487,0.4388193822030707,0.5454545454545454,28,2,4,0.717948717948718,,,,160.8309066251386
10,2,C_Random_Diag,4,10000,variance,lasso,0.4782608695652174,0.715793918918919,0.33600347544445586,0.46153846153846156,36,4,6,0.7441860465116279,0.65,2,0.7894736842105263,101.96264749998227
10,2,C_Random_Diag,4,10000,variance,MCP_down,0.3333333333333333,0.5177364864864865,0.24825737296384828,0.2553191489361702,31,8,0,0.6086956521739131,0.32558139534883723,7,0.6829268292682927,101.96264749998227
10,2,C_Random_Diag,4,10000,variance,MCP_up,0.7878787878787878,0.8036317567567568,0.5744013592865486,0.6842105263157895,22,2,0,0.7894736842105263,0.7027027027027027,2,0.8333333333333334,101.96264749998227
10,2,C_Random_Diag,4,10000,variance,SCAD_up,0.7647058823529411,0.7884290540540541,0.48510601036803785,0.6190476190476191,26,2,2,0.7692307692307693,,,,101.96264749998227
10,2,C_Random_Min_Diag,0,10000,identity,lasso,0.6666666666666666,0.867820945945946,0.476579701567064,0.6666666666666666,29,0,9,0.8571428571428571,0.8333333333333334,0,0.8823529411764706,29.353117999853566
10,2,C_Random_Min_Diag,0,10000,identity,MCP_down,0.8484848484848485,0.8703547297297298,0.5566511511364453,0.8235294117647058,18,1,0,0.9090909090909091,0.7777777777777778,1,0.8823529411764706,29.353117999853566
10,2,C_Random_Min_Diag,0,10000,identity,MCP_up,0.8823529411764706,0.9113175675675675,0.5911669876283846,0.8108108108108109,21,0,1,0.8571428571428571,0.8333333333333334,0,0.8823529411764706,29.353117999853566
10,2,C_Random_Min_Diag,0,10000,identity,SCAD_up,0.8333333333333334,0.8889358108108109,0.5175073099415204,0.7692307692307693,23,0,1,0.8108108108108109,,,,29.353117999853566
10,2,C_Random_Min_Diag,0,10000,variance,lasso,0.6976744186046512,0.8652871621621622,0.5305142778599012,0.6829268292682927,25,1,5,0.8571428571428571,0.9090909090909091,0,0.967741935483871,28.51845395890996
10,2,C_Random_Min_Diag,0,10000,variance,MCP_down,0.7647058823529411,0.8306587837837839,0.5969961895743146,0.75,16,2,0,0.9032258064516129,0.7222222222222222,2,0.8235294117647058,28.51845395890996
10,2,C_Random_Min_Diag,0,10000,variance,MCP_up,0.9032258064516129,0.9252533783783784,0.7142016609121872,0.8484848484848485,17,1,0,0.9375,0.9090909090909091,0,0.967741935483871,28.51845395890996
10,2,C_Random_Min_Diag,0,10000,variance,SCAD_up,0.8484848484848485,0.8910472972972973,0.587110079758348,0.8235294117647058,18,1,0,0.9090909090909091,,,,28.51845395890996
10,2,C_Random_Min_Diag,1,10000,identity,lasso,0.6415094339622641,0.7018170019467878,0.4354773194559169,0.5714285714285714,33,3,4,0.7659574468085106,0.52,3,0.6976744186046512,96.32673599990085
10,2,C_Random_Min_Diag,1,10000,identity,MCP_down,0.5531914893617021,0.6353017521090201,0.43860143627878173,0.48148148148148145,31,5,0,0.72,0.5,4,0.723404255319149,96.32673599990085
10,2,C_Random_Min_Diag,1,10000,identity,MCP_up,0.6511627906976745,0.7109020116807269,0.4903951408765254,0.5490196078431373,28,3,3,0.7441860465116279,0.52,3,0.7441860465116279,96.32673599990085
10,2,C_Random_Min_Diag,1,10000,identity,SCAD_up,0.6222222222222222,0.6881894873458794,0.4280930953135333,0.5185185185185185,31,3,5,0.7272727272727273,,,,96.32673599990085
10,2,C_Random_Min_Diag,1,10000,variance,lasso,0.6538461538461539,0.7060350421804024,0.4277299494102416,0.6440677966101694,36,2,4,0.782608695652174,0.9090909090909091,0,0.9473684210526315,56.3060710830614
10,2,C_Random_Min_Diag,1,10000,variance,MCP_down,0.6363636363636364,0.7040882543802727,0.49821106219972,0.5769230769230769,29,2,0,0.7391304347826086,0.625,2,0.8095238095238095,56.3060710830614
10,2,C_Random_Min_Diag,1,10000,variance,MCP_up,0.8205128205128205,0.7426995457495134,0.5433393474953577,0.6521739130434783,23,2,0,0.8095238095238095,0.7272727272727273,1,0.85,56.3060710830614
10,2,C_Random_Min_Diag,1,10000,variance,SCAD_up,0.85,0.7157689811810513,0.46572501617476225,0.625,25,2,0,0.7727272727272727,,,,56.3060710830614
10,2,C_Random_Min_Diag,2,10000,identity,lasso,0.7058823529411765,0.8547932330827068,0.5182844050665263,0.7058823529411765,20,0,5,0.8571428571428571,0.7058823529411765,0,0.8,70.58072345820256
10,2,C_Random_Min_Diag,2,10000,identity,MCP_down,0.56,0.6024436090225564,0.3554801844980416,0.3783783783783784,23,5,1,0.6857142857142857,0.34285714285714286,6,0.7272727272727273,70.58072345820256
10,2,C_Random_Min_Diag,2,10000,identity,MCP_up,0.6875,0.843515037593985,0.530426050802391,0.6875,18,0,1,0.7333333333333333,0.6875,0,0.7333333333333333,70.58072345820256
10,2,C_Random_Min_Diag,2,10000,identity,SCAD_up,0.6451612903225806,0.8298872180451128,0.4877782213681228,0.6285714285714286,21,0,1,0.6875,,,,70.58072345820256
10,2,C_Random_Min_Diag,2,10000,variance,lasso,0.7027027027027027,0.8524436090225563,0.5392248777007829,0.7027027027027027,23,0,6,0.8571428571428571,0.8888888888888888,0,0.96,28.059628624934703
10,2,C_Random_Min_Diag,2,10000,variance,MCP_down,0.6,0.7081766917293234,0.4354455564276993,0.5142857142857142,21,2,1,0.6666666666666666,0.5625,3,0.7741935483870968,28.059628624934703
10,2,C_Random_Min_Diag,2,10000,variance,MCP_up,0.9230769230769231,0.8890977443609023,0.6961824733376458,0.9230769230769231,12,0,0,0.96,0.8888888888888888,0,0.96,28.059628624934703
10,2,C_Random_Min_Diag,2,10000,variance,SCAD_up,0.8888888888888888,0.8773496240601504,0.5946635705564277,0.8888888888888888,13,0,0,0.9230769230769231,,,,28.059628624934703
10,2,C_Random_Min_Diag,3,10000,identity,lasso,0.7741935483870968,0.8916083916083916,0.47976998491704376,0.7272727272727273,20,0,4,0.8461538461538461,0.7741935483870968,0,0.8148148148148148,46.149530875030905
10,2,C_Random_Min_Diag,3,10000,identity,MCP_down,0.5185185185185185,0.6223776223776224,0.27103218419007896,0.3684210526315789,25,4,0,0.6111111111111112,0.3783783783783784,4,0.6285714285714286,46.149530875030905
10,2,C_Random_Min_Diag,3,10000,identity,MCP_up,0.782608695652174,0.9070929070929071,0.5554144442853064,0.75,19,0,2,0.8148148148148148,0.7741935483870968,0,0.8148148148148148,46.149530875030905
10,2,C_Random_Min_Diag,3,10000,identity,SCAD_up,0.8,0.8876123876123877,0.46868054331289627,0.7741935483870968,18,0,2,0.8461538461538461,,,,46.149530875030905
10,2,C_Random_Min_Diag,3,10000,variance,lasso,0.7586206896551724,0.9065934065934065,0.6583004602235372,0.7058823529411765,21,0,4,0.8148148148148148,0.8888888888888888,0,0.9166666666666666,31.05695258290507
10,2,C_Random_Min_Diag,3,10000,variance,MCP_down,0.7692307692307693,0.8711288711288712,0.7199711738738888,0.6470588235294118,21,0,0,0.6875,0.8888888888888888,0,0.9166666666666666,31.05695258290507
10,2,C_Random_Min_Diag,3,10000,variance,MCP_up,0.8888888888888888,0.9275724275724275,0.7841986005447543,0.8888888888888888,14,0,0,0.9166666666666666,0.8888888888888888,0,0.9166666666666666,31.05695258290507
10,2,C_Random_Min_Diag,3,10000,variance,SCAD_up,0.8888888888888888,0.917082917082917,0.7163854935913758,0.8888888888888888,14,0,0,0.9166666666666666,,,,31.05695258290507
10,2,C_Random_Min_Diag,4,10000,identity,lasso,0.4444444444444444,0.6742222222222222,0.26131726990812226,0.35714285714285715,41,2,6,0.5,0.37209302325581395,3,0.5945945945945946,628.7986577921547
10,2,C_Random_Min_Diag,4,10000,identity,MCP_down,0.24390243902439024,0.4173333333333333,0.1337870834562461,0.1724137931034483,43,7,1,0.47058823529411764,0.2222222222222222,6,0.5,628.7986577921547
10,2,C_Random_Min_Diag,4,10000,identity,MCP_up,0.6470588235294118,0.7831111111111111,0.47120606560995576,0.5454545454545454,29,0,6,0.6285714285714286,0.5714285714285714,0,0.6470588235294118,628.7986577921547
10,2,C_Random_Min_Diag,4,10000,identity,SCAD_up,0.6470588235294118,0.7697777777777778,0.4356970608756323,0.5454545454545454,29,0,6,0.6285714285714286,,,,628.7986577921547
10,2,C_Random_Min_Diag,4,10000,variance,lasso,0.4666666666666667,0.6519999999999999,0.2659968730062569,0.3333333333333333,45,1,3,0.425531914893617,0.2857142857142857,2,0.391304347826087,221.46541945892386
10,2,C_Random_Min_Diag,4,10000,variance,MCP_down,0.3,0.4742222222222222,0.17440734257013327,0.1724137931034483,43,7,1,0.43636363636363634,0.1568627450980392,7,0.46808510638297873,221.46541945892386
10,2,C_Random_Min_Diag,4,10000,variance,MCP_up,0.3684210526315789,0.6168888888888889,0.27858264902315244,0.3,45,2,2,0.4230769230769231,0.2711864406779661,3,0.43137254901960786,221.46541945892386
10,2,C_Random_Min_Diag,4,10000,variance,SCAD_up,0.6153846153846154,0.7604444444444445,0.4237026565109482,0.4,45,1,3,0.48,,,,221.46541945892386
10,2,C_Random_Full,0,10000,identity,lasso,0.6037735849056604,0.6826923076923077,0.5393426011807049,0.49230769230769234,39,3,7,0.7346938775510204,0.5283018867924528,1,0.6666666666666666,49.52678470895626
10,2,C_Random_Full,0,10000,identity,MCP_down,0.391304347826087,0.5162259615384616,0.41141884319309396,0.3508771929824561,31,9,0,0.7450980392156863,0.4074074074074074,7,0.75,49.52678470895626
10,2,C_Random_Full,0,10000,identity,MCP_up,0.5964912280701754,0.6868990384615384,0.5546854602079762,0.5818181818181818,29,1,2,0.7111111111111111,0.6037735849056604,1,0.7441860465116279,49.52678470895626
10,2,C_Random_Full,0,10000,identity,SCAD_up,0.5964912280701754,0.6826923076923077,0.5578216463398245,0.5185185185185185,28,3,1,0.723404255319149,,,,49.52678470895626
10,2,C_Random_Full,0,10000,variance,lasso,0.6046511627906976,0.7376802884615385,0.575453608106323,0.5714285714285714,37,0,6,0.6808510638297872,0.631578947368421,0,0.7272727272727273,52.624825875042006
10,2,C_Random_Full,0,10000,variance,MCP_down,0.5777777777777777,0.6189903846153846,0.43958869070897555,0.4444444444444444,37,5,1,0.6785714285714286,0.4406779661016949,4,0.6538461538461539,52.624825875042006
10,2,C_Random_Full,0,10000,variance,MCP_up,0.6666666666666666,0.7638221153846154,0.6486565249596482,0.5964912280701754,31,1,3,0.6956521739130435,0.6181818181818182,1,0.7272727272727273,52.624825875042006
10,2,C_Random_Full,0,10000,variance,SCAD_up,0.6521739130434783,0.7572115384615385,0.6372897044826195,0.5666666666666667,34,1,3,0.68,,,,52.624825875042006
10,2,C_Random_Full,1,10000,identity,lasso,0.5714285714285714,0.6350267379679144,0.31963572106397603,0.5245901639344263,39,2,5,0.6382978723404256,0.38461538461538464,4,0.6046511627906976,65.7818887499161
10,2,C_Random_Full,1,10000,identity,MCP_down,0.4,0.5223930481283423,0.2812749030794833,0.32142857142857145,34,5,0,0.5306122448979592,0.34615384615384615,4,0.5333333333333333,65.7818887499161
10,2,C_Random_Full,1,10000,identity,MCP_up,0.46153846153846156,0.6126336898395722,0.32463474166366457,0.39215686274509803,29,3,2,0.5909090909090909,0.39215686274509803,4,0.6363636363636364,65.7818887499161
10,2,C_Random_Full,1,10000,identity,SCAD_up,0.4888888888888889,0.5935828877005347,0.28907359776655495,0.38461538461538464,30,3,2,0.5777777777777777,,,,65.7818887499161
10,2,C_Random_Full,1,10000,variance,lasso,0.6222222222222222,0.6507352941176471,0.37450571085628215,0.42424242424242425,44,4,3,0.6296296296296297,0.4,4,0.625,71.32266091718338
10,2,C_Random_Full,1,10000,variance,MCP_down,0.5,0.5725267379679144,0.31428745097580385,0.4074074074074074,32,6,0,0.6938775510204082,0.41509433962264153,6,0.7083333333333334,71.32266091718338
10,2,C_Random_Full,1,10000,variance,MCP_up,0.4583333333333333,0.6139705882352942,0.3203551342901637,0.4067796610169492,37,4,2,0.5882352941176471,0.4,4,0.625,71.32266091718338
10,2,C_Random_Full,1,10000,variance,SCAD_up,0.5581395348837209,0.6079545454545454,0.33594965301791924,0.4,38,4,2,0.5769230769230769,,,,71.32266091718338
10,2,C_Random_Full,2,10000,identity,lasso,0.4444444444444444,0.670608108108108,0.284650625654772,0.42105263157894735,41,3,5,0.5833333333333334,0.40816326530612246,4,0.6222222222222222,98.6613148751203
10,2,C_Random_Full,2,10000,identity,MCP_down,0.42424242424242425,0.6085304054054054,0.28119994211372296,0.35294117647058826,35,6,0,0.6122448979591837,0.375,5,0.6086956521739131,98.6613148751203
10,2,C_Random_Full,2,10000,identity,MCP_up,0.4,0.6402027027027026,0.25567671484111704,0.4,34,4,2,0.6086956521739131,0.4,4,0.6086956521739131,98.6613148751203
10,2,C_Random_Full,2,10000,identity,SCAD_up,0.4117647058823529,0.6347128378378377,0.25244557719132127,0.39215686274509803,35,4,2,0.5833333333333334,,,,98.6613148751203
10,2,C_Random_Full,2,10000,variance,lasso,0.5,0.6866554054054055,0.339659137865478,0.42105263157894735,41,3,2,0.6,0.46153846153846156,3,0.6382978723404256,78.915088707814
10,2,C_Random_Full,2,10000,variance,MCP_down,0.47368421052631576,0.6608952702702702,0.35267528914853796,0.37735849056603776,37,5,0,0.5769230769230769,0.38461538461538464,5,0.5882352941176471,78.915088707814
10,2,C_Random_Full,2,10000,variance,MCP_up,0.5294117647058824,0.7119932432432432,0.39503156867287303,0.4230769230769231,36,4,1,0.625,0.41509433962264153,4,0.625,78.915088707814
10,2,C_Random_Full,2,10000,variance,SCAD_up,0.5945945945945946,0.7119932432432432,0.39174852813194483,0.4230769230769231,36,4,1,0.625,,,,78.915088707814
10,2,C_Random_Full,3,10000,identity,lasso,0.43243243243243246,0.6393606393606392,0.34490393304649003,0.4,32,2,4,0.5714285714285714,0.358974358974359,3,0.5625,33.55586537485942
10,2,C_Random_Full,3,10000,identity,MCP_down,0.2857142857142857,0.487012987012987,0.27861207463329485,0.20512820512820512,26,5,0,0.4864864864864865,0.2222222222222222,6,0.6060606060606061,33.55586537485942
10,2,C_Random_Full,3,10000,identity,MCP_up,0.4166666666666667,0.6148851148851149,0.3448354125948093,0.3157894736842105,25,4,0,0.5555555555555556,0.3076923076923077,5,0.5945945945945946,33.55586537485942
10,2,C_Random_Full,3,10000,identity,SCAD_up,0.45161290322580644,0.6018981018981019,0.3234871124642776,0.2926829268292683,28,4,0,0.5405405405405406,,,,33.55586537485942
10,2,C_Random_Full,3,10000,variance,lasso,0.5,0.6488511488511488,0.3493628526749231,0.3404255319148936,34,2,4,0.5263157894736842,0.4,3,0.625,34.96080637490377
10,2,C_Random_Full,3,10000,variance,MCP_down,0.23529411764705882,0.45604395604395603,0.22704048088663475,0.15,27,5,0,0.42105263157894735,0.24390243902439024,4,0.47368421052631576,34.96080637490377
10,2,C_Random_Full,3,10000,variance,MCP_up,0.5185185185185185,0.5999000999000998,0.30235326638096954,0.2857142857142857,29,4,1,0.5128205128205128,0.3,4,0.5263157894736842,34.96080637490377
10,2,C_Random_Full,3,10000,variance,SCAD_up,0.45161290322580644,0.5974025974025974,0.29803443536655433,0.2926829268292683,28,3,1,0.4864864864864865,,,,34.96080637490377
10,2,C_Random_Full,4,10000,identity,lasso,0.5116279069767442,0.6285714285714286,0.44560765173776684,0.4074074074074074,34,3,5,0.6046511627906976,0.375,4,0.6341463414634146,30.19631537492387
10,2,C_Random_Full,4,10000,identity,MCP_down,0.5,0.56,0.402045090414335,0.2857142857142857,36,6,0,0.5384615384615384,0.32653061224489793,6,0.6222222222222222,30.19631537492387
10,2,C_Random_Full,4,10000,identity,MCP_up,0.45161290322580644,0.6024999999999999,0.41328693423122775,0.4166666666666667,28,4,1,0.6511627906976745,0.40816326530612246,4,0.6363636363636364,30.19631537492387
10,2,C_Random_Full,4,10000,identity,SCAD_up,0.5116279069767442,0.6107142857142857,0.4281695109319349,0.40816326530612246,29,4,1,0.6363636363636364,,,,30.19631537492387
10,2,C_Random_Full,4,10000,variance,lasso,0.5714285714285714,0.7150000000000001,0.508431761164455,0.4528301886792453,33,2,6,0.6190476190476191,0.52,1,0.65,37.33489187504165
10,2,C_Random_Full,4,10000,variance,MCP_down,0.5714285714285714,0.5796428571428571,0.43715946803519473,0.34615384615384615,32,6,0,0.625,0.4,5,0.6521739130434783,37.33489187504165
10,2,C_Random_Full,4,10000,variance,MCP_up,0.5517241379310345,0.6817857142857143,0.4738213231477694,0.4489795918367347,29,2,5,0.65,0.4489795918367347,2,0.65,37.33489187504165
10,2,C_Random_Full,4,10000,variance,SCAD_up,0.5789473684210527,0.6846428571428571,0.48649686921493007,0.4,30,2,3,0.5714285714285714,,,,37.33489187504165
10,3,C_Random_Diag,0,10000,identity,lasso,0.6129032258064516,0.703125,0.4884184777256821,0.5614035087719298,31,3,4,0.7906976744186046,0.6037735849056604,2,0.8095238095238095,52.23725087498315
10,3,C_Random_Diag,0,10000,identity,MCP_down,0.5714285714285714,0.625,0.4850886653559747,0.5172413793103449,32,5,0,0.7450980392156863,0.5185185185185185,4,0.75,52.23725087498315
10,3,C_Random_Diag,0,10000,identity,MCP_up,0.6666666666666666,0.7136418269230769,0.543927995395995,0.5384615384615384,26,5,4,0.9047619047619048,0.5384615384615384,5,0.9047619047619048,52.23725087498315
10,3,C_Random_Diag,0,10000,identity,SCAD_up,0.6666666666666666,0.7127403846153846,0.514467122933285,0.5357142857142857,30,4,5,0.8444444444444444,,,,52.23725087498315
10,3,C_Random_Diag,0,10000,variance,lasso,0.7037037037037037,0.7647235576923077,0.6550995567461737,0.6415094339622641,27,1,5,0.8,0.6153846153846154,2,0.8095238095238095,53.34853099985048
10,3,C_Random_Diag,0,10000,variance,MCP_down,0.6363636363636364,0.6751802884615385,0.6013560171893089,0.5245901639344263,35,4,1,0.7407407407407407,0.5454545454545454,2,0.7083333333333334,53.34853099985048
10,3,C_Random_Diag,0,10000,variance,MCP_up,0.7142857142857143,0.7689302884615385,0.6873051587928978,0.6440677966101694,33,2,5,0.8,0.6428571428571429,3,0.8571428571428571,53.34853099985048
10,3,C_Random_Diag,0,10000,variance,SCAD_up,0.76,0.7509014423076924,0.6306302505541708,0.64,24,2,1,0.8571428571428571,,,,53.34853099985048
10,3,C_Random_Diag,1,10000,identity,lasso,0.4262295081967213,0.49480590486604703,0.3296534535194146,0.39436619718309857,40,9,5,0.7333333333333333,0.3870967741935484,9,0.7636363636363637,139.58588345791213
10,3,C_Random_Diag,1,10000,identity,MCP_down,0.3333333333333333,0.4346637506834336,0.3062269839020489,0.2857142857142857,32,14,1,0.7931034482758621,0.25806451612903225,13,0.7368421052631579,139.58588345791213
10,3,C_Random_Diag,1,10000,identity,MCP_up,0.45714285714285713,0.5073810825587752,0.34491173320164387,0.4126984126984127,32,12,1,0.8421052631578947,0.43333333333333335,10,0.7857142857142857,139.58588345791213
10,3,C_Random_Diag,1,10000,identity,SCAD_up,0.4507042253521127,0.5019136139967195,0.33480280618265545,0.4,34,13,1,0.847457627118644,,,,139.58588345791213
10,3,C_Random_Diag,1,10000,variance,lasso,0.4,0.47129579004920724,0.31505103031871295,0.3611111111111111,41,11,2,0.7301587301587301,0.31746031746031744,11,0.7017543859649122,124.5952680001501
10,3,C_Random_Diag,1,10000,variance,MCP_down,0.37333333333333335,0.44477856752323675,0.2975446363835079,0.3684210526315789,45,14,0,0.7887323943661971,0.24615384615384617,13,0.6885245901639344,124.5952680001501
10,3,C_Random_Diag,1,10000,variance,MCP_up,0.47058823529411764,0.5319846910880263,0.38182315050250865,0.47058823529411764,37,10,1,0.7936507936507936,0.4444444444444444,8,0.7241379310344828,124.5952680001501
10,3,C_Random_Diag,1,10000,variance,SCAD_up,0.5,0.5172225259704757,0.3477779333543878,0.5,37,9,1,0.7936507936507936,,,,124.5952680001501
10,3,C_Random_Diag,2,10000,identity,lasso,0.6216216216216216,0.7356478950246036,0.6274139784246797,0.5538461538461539,34,5,6,0.8214285714285714,0.5818181818181818,5,0.8235294117647058,27.45393095887266
10,3,C_Random_Diag,2,10000,identity,MCP_down,0.59375,0.6842536905412793,0.5895746484650791,0.576271186440678,28,7,0,0.8571428571428571,0.5357142857142857,7,0.8461538461538461,27.45393095887266
10,3,C_Random_Diag,2,10000,identity,MCP_up,0.6567164179104478,0.750683433570257,0.6619176185554754,0.5660377358490566,22,5,0,0.8,0.5818181818181818,5,0.8235294117647058,27.45393095887266
10,3,C_Random_Diag,2,10000,identity,SCAD_up,0.6666666666666666,0.7359212684527063,0.6216064166928424,0.5714285714285714,25,4,1,0.7692307692307693,,,,27.45393095887266
10,3,C_Random_Diag,2,10000,variance,lasso,0.5862068965517241,0.6683980317113176,0.5330602566918307,0.5373134328358209,36,6,7,0.8571428571428571,0.509090909090909,7,0.8076923076923077,51.267180166905746
10,3,C_Random_Diag,2,10000,variance,MCP_down,0.68,0.7012028430836522,0.6496747605698001,0.5666666666666667,29,6,0,0.8070175438596491,0.6666666666666666,3,0.8214285714285714,51.267180166905746
10,3,C_Random_Diag,2,10000,variance,MCP_up,0.6666666666666666,0.7102241662110442,0.6803774659782689,0.5964912280701754,26,4,1,0.7924528301886793,0.6206896551724138,3,0.7777777777777778,51.267180166905746
10,3,C_Random_Diag,2,10000,variance,SCAD_up,0.6296296296296297,0.6842536905412794,0.562606207631875,0.5862068965517241,27,4,2,0.7924528301886793,,,,51.267180166905746
10,3,C_Random_Diag,3,10000,identity,lasso,0.5806451612903226,0.7030769230769232,0.5467385749783502,0.5614035087719298,32,1,7,0.6818181818181818,0.4230769230769231,5,0.7441860465116279,41.30193950003013
10,3,C_Random_Diag,3,10000,identity,MCP_down,0.4864864864864865,0.5467692307692308,0.44699249639249644,0.46153846153846156,27,6,0,0.75,0.4897959183673469,5,0.7555555555555555,41.30193950003013
10,3,C_Random_Diag,3,10000,identity,MCP_up,0.5660377358490566,0.6867692307692308,0.5233265633488681,0.52,25,3,2,0.7272727272727273,0.5306122448979592,3,0.7619047619047619,41.30193950003013
10,3,C_Random_Diag,3,10000,identity,SCAD_up,0.5555555555555556,0.6864615384615385,0.5235331828849997,0.5098039215686274,26,3,3,0.7272727272727273,,,,41.30193950003013
10,3,C_Random_Diag,3,10000,variance,lasso,0.6428571428571429,0.6849230769230771,0.5625730634083764,0.6181818181818182,30,3,5,0.7906976744186046,0.5882352941176471,3,0.8095238095238095,48.75946499989368
10,3,C_Random_Diag,3,10000,variance,MCP_down,0.6,0.6347692307692308,0.5474497798373323,0.48148148148148145,29,6,0,0.76,0.5,5,0.7659574468085106,48.75946499989368
10,3,C_Random_Diag,3,10000,variance,MCP_up,0.6521739130434783,0.7021538461538462,0.6117195559634584,0.625,23,1,0,0.6976744186046512,0.6382978723404256,1,0.7317073170731707,48.75946499989368
10,3,C_Random_Diag,3,10000,variance,SCAD_up,0.6122448979591837,0.6840000000000002,0.5667919332933358,0.6,25,3,0,0.7555555555555555,,,,48.75946499989368
10,3,C_Random_Diag,4,10000,identity,lasso,0.6268656716417911,0.6761853448275863,0.5487342228468208,0.6268656716417911,35,1,7,0.7692307692307693,0.5517241379310345,2,0.7346938775510204,57.94002962508239
10,3,C_Random_Diag,4,10000,identity,MCP_down,0.5666666666666667,0.5929418103448276,0.49630643679529335,0.5263157894736842,25,6,0,0.8076923076923077,0.5517241379310345,6,0.8301886792452831,57.94002962508239
10,3,C_Random_Diag,4,10000,identity,MCP_up,0.6885245901639344,0.708782327586207,0.6193710430636796,0.6181818181818182,23,4,1,0.8333333333333334,0.5614035087719298,6,0.84,57.94002962508239
10,3,C_Random_Diag,4,10000,identity,SCAD_up,0.676923076923077,0.6640625,0.5350005502302149,0.5172413793103449,26,3,2,0.68,,,,57.94002962508239
10,3,C_Random_Diag,4,10000,variance,lasso,0.6764705882352942,0.6928879310344828,0.5266013173786683,0.6197183098591549,39,3,9,0.7924528301886793,0.576271186440678,3,0.7659574468085106,74.04419212485664
10,3,C_Random_Diag,4,10000,variance,MCP_down,0.4827586206896552,0.5765086206896551,0.4604174954002752,0.4827586206896552,26,7,0,0.7924528301886793,0.42105263157894735,8,0.7692307692307693,74.04419212485664
10,3,C_Random_Diag,4,10000,variance,MCP_up,0.7213114754098361,0.7233297413793103,0.6015804606774221,0.6333333333333333,28,2,1,0.7307692307692307,0.6440677966101694,1,0.72,74.04419212485664
10,3,C_Random_Diag,4,10000,variance,SCAD_up,0.6875,0.689385775862069,0.5238698012505933,0.6,28,3,3,0.7843137254901961,,,,74.04419212485664
10,3,C_Random_Min_Diag,0,10000,identity,lasso,0.5806451612903226,0.6618819776714513,0.6102564930005188,0.5230769230769231,32,5,3,0.7307692307692307,0.5245901639344263,3,0.6938775510204082,23.746832042001188
10,3,C_Random_Min_Diag,0,10000,identity,MCP_down,0.4444444444444444,0.47262094630515683,0.487026302738377,0.3728813559322034,26,10,0,0.8076923076923077,0.5,5,0.7843137254901961,23.746832042001188
10,3,C_Random_Min_Diag,0,10000,identity,MCP_up,0.5671641791044776,0.6313131313131313,0.5555055896943387,0.49122807017543857,24,6,0,0.7755102040816326,0.4745762711864407,7,0.7843137254901961,23.746832042001188
10,3,C_Random_Min_Diag,0,10000,identity,SCAD_up,0.5882352941176471,0.6323763955342903,0.5724711275530189,0.45901639344262296,28,7,1,0.7692307692307693,,,,23.746832042001188
10,3,C_Random_Min_Diag,0,10000,variance,lasso,0.5625,0.6180223285486444,0.5121600444369667,0.5,35,4,4,0.6923076923076923,0.5,3,0.6666666666666666,37.25979204196483
10,3,C_Random_Min_Diag,0,10000,variance,MCP_down,0.42424242424242425,0.5039872408293462,0.43091302549766497,0.4,27,10,0,0.8301886792452831,0.3728813559322034,10,0.8235294117647058,37.25979204196483
10,3,C_Random_Min_Diag,0,10000,variance,MCP_up,0.5217391304347826,0.5909090909090909,0.47613731478801224,0.41379310344827586,25,7,0,0.72,0.4482758620689655,7,0.76,37.25979204196483
10,3,C_Random_Min_Diag,0,10000,variance,SCAD_up,0.5,0.5954279638490165,0.4910199630478221,0.3793103448275862,25,7,0,0.7058823529411765,,,,37.25979204196483
10,3,C_Random_Min_Diag,1,10000,identity,lasso,0.75,0.8040233614536014,0.61576314386097,0.7111111111111111,22,0,4,0.8421052631578947,0.7142857142857143,1,0.8888888888888888,41.15991058386862
10,3,C_Random_Min_Diag,1,10000,identity,MCP_down,0.5652173913043478,0.644711226476314,0.5379428798324372,0.4897959183673469,26,5,0,0.7391304347826086,0.4782608695652174,5,0.7619047619047619,41.15991058386862
10,3,C_Random_Min_Diag,1,10000,identity,MCP_up,0.7906976744186046,0.8062946138870862,0.6689167628560548,0.7906976744186046,20,0,1,0.8421052631578947,0.8292682926829268,0,0.8888888888888888,41.15991058386862
10,3,C_Random_Min_Diag,1,10000,identity,SCAD_up,0.8,0.8069435431537961,0.6463581205974036,0.7619047619047619,19,0,1,0.8421052631578947,,,,41.15991058386862
10,3,C_Random_Min_Diag,1,10000,variance,lasso,0.7307692307692307,0.8011031797534067,0.6120349960141012,0.6938775510204082,26,0,4,0.7804878048780488,0.7619047619047619,0,0.8648648648648649,49.690053957980126
10,3,C_Random_Min_Diag,1,10000,variance,MCP_down,0.4090909090909091,0.5285528877352369,0.3865079723775376,0.4,22,7,1,0.7804878048780488,0.4444444444444444,6,0.8,49.690053957980126
10,3,C_Random_Min_Diag,1,10000,variance,MCP_up,0.7619047619047619,0.8088903309539259,0.7009176449739163,0.7272727272727273,21,1,2,0.8717948717948718,0.7619047619047619,0,0.8648648648648649,49.690053957980126
10,3,C_Random_Min_Diag,1,10000,variance,SCAD_up,0.7567567567567568,0.7787151200519142,0.5792058242779368,0.7391304347826086,23,2,1,0.9047619047619048,,,,49.690053957980126
10,3,C_Random_Min_Diag,2,10000,identity,lasso,0.7058823529411765,0.7695473251028806,0.5434568344385174,0.696969696969697,39,0,11,0.8627450980392157,0.84,1,0.9361702127659575,25.138501040870324
10,3,C_Random_Min_Diag,2,10000,identity,MCP_down,0.5098039215686274,0.5705467372134039,0.41905345755028395,0.4642857142857143,29,9,0,0.8301886792452831,0.5185185185185185,8,0.88,25.138501040870324
10,3,C_Random_Min_Diag,2,10000,identity,MCP_up,0.8571428571428571,0.8262786596119929,0.6303896870926543,0.84,23,1,0,0.9361702127659575,0.84,1,0.9361702127659575,25.138501040870324
10,3,C_Random_Min_Diag,2,10000,identity,SCAD_up,0.8148148148148148,0.8148148148148148,0.6094244082360238,0.7924528301886793,26,1,0,0.88,,,,25.138501040870324
10,3,C_Random_Min_Diag,2,10000,variance,lasso,0.7164179104477612,0.7848324514991182,0.6155823688864541,0.7164179104477612,40,0,10,0.8679245283018868,0.9019607843137255,1,0.9787234042553191,35.53387716691941
10,3,C_Random_Min_Diag,2,10000,variance,MCP_down,0.5454545454545454,0.6863609641387418,0.5681592692783353,0.5172413793103449,31,7,0,0.8,0.5614035087719298,6,0.8148148148148148,35.53387716691941
10,3,C_Random_Min_Diag,2,10000,variance,MCP_up,0.8,0.8480305702527924,0.7200550637711766,0.7169811320754716,26,4,0,0.92,0.7547169811320755,4,0.9387755102040817,35.53387716691941
10,3,C_Random_Min_Diag,2,10000,variance,SCAD_up,0.8076923076923077,0.8239271017048795,0.6632065345838054,0.6909090909090909,28,4,0,0.8846153846153846,,,,35.53387716691941
10,3,C_Random_Min_Diag,3,10000,identity,lasso,0.7333333333333333,0.8027692307692308,0.606574826512857,0.68,25,2,4,0.8333333333333334,0.6808510638297872,2,0.8648648648648649,57.8961694589816
10,3,C_Random_Min_Diag,3,10000,identity,MCP_down,0.5238095238095238,0.528,0.4091052015965009,0.43137254901960786,26,7,1,0.8181818181818182,0.5106382978723404,5,0.8,57.8961694589816
10,3,C_Random_Min_Diag,3,10000,identity,MCP_up,0.6938775510204082,0.7824615384615385,0.5714672982962457,0.5909090909090909,19,3,1,0.8333333333333334,0.5652173913043478,3,0.8108108108108109,57.8961694589816
10,3,C_Random_Min_Diag,3,10000,identity,SCAD_up,0.6451612903225806,0.7704615384615385,0.5603465979397801,0.5957446808510638,22,3,1,0.8205128205128205,,,,57.8961694589816
10,3,C_Random_Min_Diag,3,10000,variance,lasso,0.7755102040816326,0.7981538461538462,0.6509928348403533,0.7272727272727273,30,0,5,0.7692307692307693,0.5957446808510638,2,0.8,38.69279424985871
10,3,C_Random_Min_Diag,3,10000,variance,MCP_down,0.6,0.6,0.4852597093771322,0.4444444444444444,29,5,0,0.7083333333333334,0.5098039215686274,5,0.7906976744186046,38.69279424985871
10,3,C_Random_Min_Diag,3,10000,variance,MCP_up,0.6976744186046512,0.7735384615384615,0.6197396238316955,0.6222222222222222,20,3,0,0.8108108108108109,0.6222222222222222,3,0.8108108108108109,38.69279424985871
10,3,C_Random_Min_Diag,3,10000,variance,SCAD_up,0.7272727272727273,0.7686153846153846,0.6010835306176563,0.7272727272727273,19,2,0,0.8888888888888888,,,,38.69279424985871
10,3,C_Random_Min_Diag,4,10000,identity,lasso,0.7058823529411765,0.7736369910282953,0.434421427962587,0.6666666666666666,33,0,7,0.7727272727272727,0.6382978723404256,2,0.7804878048780488,100.88382816687226
10,3,C_Random_Min_Diag,4,10000,identity,MCP_down,0.4489795918367347,0.5942028985507246,0.3042333874347514,0.4489795918367347,28,4,0,0.6521739130434783,0.4489795918367347,3,0.6222222222222222,100.88382816687226
10,3,C_Random_Min_Diag,4,10000,identity,MCP_up,0.7142857142857143,0.8084886128364389,0.5600178442353259,0.6666666666666666,24,2,2,0.8292682926829268,0.6363636363636364,3,0.85,100.88382816687226
10,3,C_Random_Min_Diag,4,10000,identity,SCAD_up,0.6818181818181818,0.7826086956521738,0.4730554493559152,0.6818181818181818,23,2,1,0.8292682926829268,,,,100.88382816687226
10,3,C_Random_Min_Diag,4,10000,variance,lasso,0.6545454545454545,0.7864044168391995,0.4352692381187214,0.6545454545454545,34,1,6,0.8181818181818182,0.7619047619047619,1,0.8648648648648649,51.54960604105145
10,3,C_Random_Min_Diag,4,10000,variance,MCP_down,0.46153846153846156,0.5869565217391304,0.3109641241487084,0.3793103448275862,37,6,0,0.6296296296296297,0.40816326530612246,6,0.7111111111111111,51.54960604105145
10,3,C_Random_Min_Diag,4,10000,variance,MCP_up,0.7804878048780488,0.8540372670807455,0.6852238374732109,0.7804878048780488,20,1,0,0.8717948717948718,0.7619047619047619,1,0.8717948717948718,51.54960604105145
10,3,C_Random_Min_Diag,4,10000,variance,SCAD_up,0.782608695652174,0.8347135955831608,0.520214415418971,0.782608695652174,25,0,2,0.8292682926829268,,,,51.54960604105145
10,3,C_Random_Full,0,10000,identity,lasso,0.5428571428571428,0.517510775862069,0.37678977773237626,0.3783783783783784,42,10,3,0.7213114754098361,0.3582089552238806,10,0.7241379310344828,23.339206958189607
10,3,C_Random_Full,0,10000,identity,MCP_down,0.40540540540540543,0.48168103448275856,0.3444543123634358,0.35294117647058826,36,10,0,0.7096774193548387,0.35294117647058826,10,0.7096774193548387,23.339206958189607
10,3,C_Random_Full,0,10000,identity,MCP_up,0.38961038961038963,0.4525862068965517,0.32654467939412213,0.31746031746031744,31,11,1,0.75,0.3125,11,0.7368421052631579,23.339206958189607
10,3,C_Random_Full,0,10000,identity,SCAD_up,0.38961038961038963,0.4714439655172414,0.35119553758874184,0.28125,32,12,1,0.7368421052631579,,,,23.339206958189607
10,3,C_Random_Full,0,10000,variance,lasso,0.5833333333333334,0.5336745689655172,0.3902880541802148,0.4266666666666667,43,9,5,0.7666666666666667,0.36363636363636365,8,0.6666666666666666,25.448872625129297
10,3,C_Random_Full,0,10000,variance,MCP_down,0.4,0.47252155172413796,0.34690163666600715,0.34285714285714286,38,10,0,0.6875,0.3283582089552239,10,0.6885245901639344,25.448872625129297
10,3,C_Random_Full,0,10000,variance,MCP_up,0.4,0.4528556034482759,0.33081331234659467,0.30303030303030304,34,11,0,0.6779661016949152,0.3076923076923077,10,0.6551724137931034,25.448872625129297
10,3,C_Random_Full,0,10000,variance,SCAD_up,0.4,0.46524784482758624,0.3489001178265294,0.26865671641791045,35,12,0,0.6885245901639344,,,,25.448872625129297
10,3,C_Random_Full,1,10000,identity,lasso,0.4918032786885246,0.5489783653846154,0.36018625848746844,0.44776119402985076,41,7,8,0.8,0.3793103448275862,10,0.7924528301886793,49.49479637504555
10,3,C_Random_Full,1,10000,identity,MCP_down,0.46808510638297873,0.587139423076923,0.3971878190164461,0.45901639344262296,35,8,0,0.7457627118644068,0.4406779661016949,8,0.75,49.49479637504555
10,3,C_Random_Full,1,10000,identity,MCP_up,0.4,0.50390625,0.34150956261796256,0.25,30,13,1,0.7547169811320755,0.3157894736842105,12,0.7777777777777778,49.49479637504555
10,3,C_Random_Full,1,10000,identity,SCAD_up,0.4090909090909091,0.5144230769230769,0.3424927063945958,0.27586206896551724,32,11,2,0.7169811320754716,,,,49.49479637504555
10,3,C_Random_Full,1,10000,variance,lasso,0.5172413793103449,0.5751201923076923,0.41332389790853685,0.417910447761194,41,7,8,0.75,0.4067796610169492,8,0.7692307692307693,40.139681957894936
10,3,C_Random_Full,1,10000,variance,MCP_down,0.4,0.513221153846154,0.3401042221386351,0.3389830508474576,33,10,0,0.7017543859649122,0.3793103448275862,9,0.7142857142857143,40.139681957894936
10,3,C_Random_Full,1,10000,variance,MCP_up,0.4888888888888889,0.5516826923076923,0.38219388164293633,0.26666666666666666,34,12,2,0.7142857142857143,0.3333333333333333,8,0.6792452830188679,40.139681957894936
10,3,C_Random_Full,1,10000,variance,SCAD_up,0.5490196078431373,0.5606971153846154,0.4138826779279958,0.26666666666666666,34,12,2,0.7142857142857143,,,,40.139681957894936
10,3,C_Random_Full,2,10000,identity,lasso,0.4444444444444444,0.5519143413367943,0.3744826151771169,0.3333333333333333,37,7,5,0.68,0.37037037037037035,5,0.6382978723404256,19.524357500020415
10,3,C_Random_Full,2,10000,identity,MCP_down,0.358974358974359,0.4561972744970798,0.27807966170413095,0.24561403508771928,34,8,0,0.5555555555555556,0.2222222222222222,8,0.5490196078431373,19.524357500020415
10,3,C_Random_Full,2,10000,identity,MCP_up,0.3492063492063492,0.4951330304996755,0.2838483902767138,0.2909090909090909,32,7,2,0.6122448979591837,0.37037037037037035,5,0.6382978723404256,19.524357500020415
10,3,C_Random_Full,2,10000,identity,SCAD_up,0.425531914893617,0.5304996755353666,0.3608486546160838,0.2857142857142857,33,7,1,0.5769230769230769,,,,19.524357500020415
10,3,C_Random_Full,2,10000,variance,lasso,0.5,0.6229720960415315,0.38713291221592033,0.39344262295081966,38,5,6,0.68,0.37735849056603776,5,0.6521739130434783,23.646029833937064
10,3,C_Random_Full,2,10000,variance,MCP_down,0.5,0.5619727449707982,0.36257088050770164,0.36363636363636365,32,7,0,0.6538461538461539,0.38461538461538464,5,0.6382978723404256,23.646029833937064
10,3,C_Random_Full,2,10000,variance,MCP_up,0.4375,0.5642439974042829,0.3531157784256556,0.2807017543859649,34,7,3,0.5882352941176471,0.39285714285714285,4,0.6122448979591837,23.646029833937064
10,3,C_Random_Full,2,10000,variance,SCAD_up,0.5116279069767442,0.59085009733939,0.3666619405046999,0.3103448275862069,35,7,3,0.6153846153846154,,,,23.646029833937064
10,3,C_Random_Full,3,10000,identity,lasso,0.5517241379310345,0.6225961538461539,0.38170966940127005,0.5079365079365079,37,2,6,0.6382978723404256,0.5,3,0.6666666666666666,25.029971708077937
10,3,C_Random_Full,3,10000,identity,MCP_down,0.5,0.6198918269230769,0.4166433873573967,0.4827586206896552,32,3,0,0.6415094339622641,0.4727272727272727,2,0.6,25.029971708077937
10,3,C_Random_Full,3,10000,identity,MCP_up,0.5098039215686274,0.6304086538461539,0.421933742859042,0.4074074074074074,28,5,1,0.6521739130434783,0.4444444444444444,4,0.6521739130434783,25.029971708077937
10,3,C_Random_Full,3,10000,identity,SCAD_up,0.5074626865671642,0.6063701923076923,0.370689296690658,0.3793103448275862,32,4,1,0.5882352941176471,,,,25.029971708077937
10,3,C_Random_Full,3,10000,variance,lasso,0.6,0.6920072115384616,0.45553488213976945,0.5588235294117647,42,1,8,0.6923076923076923,0.45614035087719296,3,0.6521739130434783,29.021678541088477
10,3,C_Random_Full,3,10000,variance,MCP_down,0.45454545454545453,0.526141826923077,0.3815089348421381,0.34375,38,9,0,0.6779661016949152,0.36666666666666664,7,0.6545454545454545,29.021678541088477
10,3,C_Random_Full,3,10000,variance,MCP_up,0.576271186440678,0.7181490384615384,0.5041304698249479,0.49056603773584906,27,5,1,0.7391304347826086,0.5,5,0.7659574468085106,29.021678541088477
10,3,C_Random_Full,3,10000,variance,SCAD_up,0.5714285714285714,0.6965144230769231,0.4639001358775925,0.5,30,5,1,0.7346938775510204,,,,29.021678541088477
10,3,C_Random_Full,4,10000,identity,lasso,0.5,0.6275921658986174,0.5039855614703707,0.45454545454545453,38,4,5,0.6666666666666666,0.39344262295081966,4,0.5882352941176471,25.355548499850556
10,3,C_Random_Full,4,10000,identity,MCP_down,0.4888888888888889,0.6123271889400921,0.49031605278775925,0.46875,36,6,0,0.7,0.45161290322580644,6,0.6666666666666666,25.355548499850556
10,3,C_Random_Full,4,10000,identity,MCP_up,0.4878048780487805,0.5806451612903225,0.4646798342975306,0.26666666666666666,32,9,0,0.6071428571428571,0.23333333333333334,10,0.6071428571428571,25.355548499850556
10,3,C_Random_Full,4,10000,identity,SCAD_up,0.5,0.594758064516129,0.4743164859037685,0.32786885245901637,33,7,1,0.6071428571428571,,,,25.355548499850556
10,3,C_Random_Full,4,10000,variance,lasso,0.5416666666666666,0.5872695852534562,0.48049057360487574,0.38235294117647056,40,6,5,0.631578947368421,0.32786885245901637,8,0.6545454545454545,22.218243040842935
10,3,C_Random_Full,4,10000,variance,MCP_down,0.5490196078431373,0.5728686635944701,0.43814532482391433,0.40625,36,8,0,0.7,0.375,7,0.6440677966101694,22.218243040842935
10,3,C_Random_Full,4,10000,variance,MCP_up,0.46153846153846156,0.5357142857142857,0.4271677965224558,0.3157894736842105,29,8,1,0.6538461538461539,0.3050847457627119,8,0.6415094339622641,22.218243040842935
10,3,C_Random_Full,4,10000,variance,SCAD_up,0.5,0.5457949308755761,0.42445565196846435,0.27586206896551724,30,10,1,0.6792452830188679,,,,22.218243040842935
10,4,C_Random_Diag,0,10000,identity,lasso,0.6966292134831461,0.7036120732310738,0.7592796169828993,0.6666666666666666,37,5,2,0.875,0.5974025974025974,5,0.8387096774193549,22.805551749886945
10,4,C_Random_Diag,0,10000,identity,MCP_down,0.5555555555555556,0.5761999010390896,0.6529465767417733,0.4810126582278481,32,7,0,0.7878787878787878,0.5263157894736842,5,0.8064516129032258,22.805551749886945
10,4,C_Random_Diag,0,10000,identity,MCP_up,0.6590909090909091,0.6833250865907967,0.7394029353824279,0.56,28,5,0,0.819672131147541,0.5945945945945946,3,0.8,22.805551749886945
10,4,C_Random_Diag,0,10000,identity,SCAD_up,0.6741573033707865,0.6838198911429986,0.742322374508775,0.5641025641025641,31,6,0,0.8253968253968254,,,,22.805551749886945
10,4,C_Random_Diag,0,10000,variance,lasso,0.6818181818181818,0.6880257298367145,0.7625568609004683,0.6588235294117647,38,4,2,0.8307692307692308,0.56,4,0.7666666666666667,21.326227416982874
10,4,C_Random_Diag,0,10000,variance,MCP_down,0.5,0.5442850074220682,0.6530380538746673,0.46153846153846156,31,8,0,0.8,0.5128205128205128,5,0.78125,21.326227416982874
10,4,C_Random_Diag,0,10000,variance,MCP_up,0.6444444444444445,0.6588322612568036,0.7203238289320928,0.5974025974025974,30,4,0,0.8253968253968254,0.56,5,0.8,21.326227416982874
10,4,C_Random_Diag,0,10000,variance,SCAD_up,0.6590909090909091,0.6590796635329045,0.7313619251906094,0.5822784810126582,32,5,0,0.8307692307692308,,,,21.326227416982874
10,4,C_Random_Diag,1,10000,identity,lasso,0.6046511627906976,0.63887506222001,0.6557517231266891,0.5333333333333333,34,5,4,0.8,0.4057971014492754,8,0.7586206896551724,10.442683917004615
10,4,C_Random_Diag,1,10000,identity,MCP_down,0.6388888888888888,0.6831757093081136,0.6985601777010766,0.6388888888888888,31,5,0,0.8888888888888888,0.5352112676056338,9,0.9032258064516129,10.442683917004615
10,4,C_Random_Diag,1,10000,identity,MCP_up,0.5882352941176471,0.5886012941762071,0.5623940832036773,0.4057971014492754,28,11,0,0.8333333333333334,0.4057971014492754,11,0.8333333333333334,10.442683917004615
10,4,C_Random_Diag,1,10000,identity,SCAD_up,0.5882352941176471,0.6149825783972126,0.6317571331298016,0.42857142857142855,29,10,1,0.8333333333333334,,,,10.442683917004615
10,4,C_Random_Diag,1,10000,variance,lasso,0.56,0.5998008959681433,0.5984844521128302,0.56,34,6,3,0.8387096774193549,0.43478260869565216,11,0.847457627118644,17.671044541988522
10,4,C_Random_Diag,1,10000,variance,MCP_down,0.48717948717948717,0.5467894474863115,0.5421668477771451,0.463768115942029,28,8,0,0.8,0.38235294117647056,11,0.8135593220338984,17.671044541988522
10,4,C_Random_Diag,1,10000,variance,MCP_up,0.5176470588235295,0.5609756097560975,0.5418099863059399,0.4117647058823529,27,10,0,0.8135593220338984,0.38235294117647056,11,0.8135593220338984,17.671044541988522
10,4,C_Random_Diag,1,10000,variance,SCAD_up,0.5230769230769231,0.571926331508213,0.5780612982253255,0.4411764705882353,27,9,0,0.8135593220338984,,,,17.671044541988522
10,4,C_Random_Diag,2,10000,identity,lasso,0.6333333333333333,0.6952777777777778,0.5237507844988142,0.5862068965517241,28,4,5,0.8181818181818182,0.6274509803921569,3,0.8372093023255814,21.319090166827664
10,4,C_Random_Diag,2,10000,identity,MCP_down,0.4,0.49972222222222223,0.36823121848115536,0.3939393939393939,36,9,0,0.7333333333333333,0.38095238095238093,9,0.7368421052631579,21.319090166827664
10,4,C_Random_Diag,2,10000,identity,MCP_up,0.6031746031746031,0.7116666666666667,0.5844606085013061,0.5818181818181818,25,5,0,0.8333333333333334,0.5769230769230769,5,0.8444444444444444,21.319090166827664
10,4,C_Random_Diag,2,10000,identity,SCAD_up,0.6296296296296297,0.6900000000000001,0.5219460276193484,0.5714285714285714,26,5,0,0.84,,,,21.319090166827664
10,4,C_Random_Diag,2,10000,variance,lasso,0.6197183098591549,0.7161111111111111,0.5597694592644404,0.576271186440678,29,3,4,0.8085106382978723,0.5818181818181818,2,0.8,21.255168083123863
10,4,C_Random_Diag,2,10000,variance,MCP_down,0.576271186440678,0.6641666666666666,0.5469088991819196,0.5263157894736842,27,5,0,0.7843137254901961,0.5517241379310345,5,0.8235294117647058,21.255168083123863
10,4,C_Random_Diag,2,10000,variance,MCP_up,0.5957446808510638,0.7094444444444445,0.5716903511247245,0.5333333333333333,30,5,0,0.7924528301886793,0.5614035087719298,4,0.8163265306122449,21.255168083123863
10,4,C_Random_Diag,2,10000,variance,SCAD_up,0.6296296296296297,0.7077777777777778,0.5576279974375897,0.5614035087719298,27,5,1,0.84,,,,21.255168083123863
10,4,C_Random_Diag,3,10000,identity,lasso,0.6037735849056604,0.6850961538461539,0.4343058821065345,0.5818181818181818,29,0,6,0.7,0.5106382978723404,2,0.717948717948718,25.780599625082687
10,4,C_Random_Diag,3,10000,identity,MCP_down,0.43478260869565216,0.5712139423076923,0.3625152385245029,0.39215686274509803,25,2,0,0.5454545454545454,0.39215686274509803,3,0.5909090909090909,25.780599625082687
10,4,C_Random_Diag,3,10000,identity,MCP_up,0.6,0.7073317307692307,0.5485978651366917,0.5,22,3,0,0.7,0.46808510638297873,3,0.7,25.780599625082687
10,4,C_Random_Diag,3,10000,identity,SCAD_up,0.6521739130434783,0.6853966346153846,0.4786856849120603,0.5416666666666666,22,2,0,0.7,,,,25.780599625082687
10,4,C_Random_Diag,3,10000,variance,lasso,0.5423728813559322,0.661358173076923,0.49242022362939064,0.5357142857142857,30,0,5,0.65,0.3829787234042553,3,0.6153846153846154,27.881769959116355
10,4,C_Random_Diag,3,10000,variance,MCP_down,0.4528301886792453,0.57421875,0.39772762259629046,0.375,22,3,0,0.5853658536585366,0.3404255319148936,4,0.6,27.881769959116355
10,4,C_Random_Diag,3,10000,variance,MCP_up,0.5581395348837209,0.6520432692307692,0.4957097929101836,0.4583333333333333,22,2,0,0.65,0.4166666666666667,3,0.65,27.881769959116355
10,4,C_Random_Diag,3,10000,variance,SCAD_up,0.5882352941176471,0.6547475961538461,0.5005218454535165,0.5416666666666666,22,1,1,0.6666666666666666,,,,27.881769959116355
10,4,C_Random_Diag,4,10000,identity,lasso,0.6329113924050633,0.6376518218623481,0.5877460215966922,0.5753424657534246,35,4,7,0.8214285714285714,0.5151515151515151,5,0.7857142857142857,24.78914241702296
10,4,C_Random_Diag,4,10000,identity,MCP_down,0.5517241379310345,0.6189271255060729,0.6292591267396414,0.48484848484848486,28,7,0,0.7931034482758621,0.49230769230769234,7,0.8070175438596491,24.78914241702296
10,4,C_Random_Diag,4,10000,identity,MCP_up,0.6153846153846154,0.6313259109311741,0.6241389411537744,0.6153846153846154,27,3,1,0.8214285714285714,0.6461538461538462,2,0.8214285714285714,24.78914241702296
10,4,C_Random_Diag,4,10000,identity,SCAD_up,0.6060606060606061,0.6206983805668016,0.5808354233402899,0.6060606060606061,28,3,1,0.8214285714285714,,,,24.78914241702296
10,4,C_Random_Diag,4,10000,variance,lasso,0.6575342465753424,0.6442307692307692,0.5435882805954129,0.6388888888888888,34,3,5,0.8421052631578947,0.5625,6,0.8363636363636363,26.790432875044644
10,4,C_Random_Diag,4,10000,variance,MCP_down,0.5753424657534246,0.618421052631579,0.5559252473663313,0.5753424657534246,35,6,0,0.8307692307692308,0.5294117647058824,7,0.8333333333333334,26.790432875044644
10,4,C_Random_Diag,4,10000,variance,MCP_up,0.5901639344262295,0.6470141700404858,0.5801751198767476,0.53125,26,5,0,0.7857142857142857,0.5625,4,0.7857142857142857,26.790432875044644
10,4,C_Random_Diag,4,10000,variance,SCAD_up,0.6,0.6249999999999999,0.5369067748207716,0.5074626865671642,29,5,0,0.7586206896551724,,,,26.790432875044644
10,4,C_Random_Min_Diag,0,10000,identity,lasso,0.6181818181818182,0.7073317307692307,0.5283554939152915,0.5660377358490566,27,4,6,0.8636363636363636,0.6,5,0.8636363636363636,23.040871375007555
10,4,C_Random_Min_Diag,0,10000,identity,MCP_down,0.46511627906976744,0.5808293269230769,0.4185426806787771,0.4406779661016949,33,7,0,0.7142857142857143,0.4074074074074074,8,0.7450980392156863,23.040871375007555
10,4,C_Random_Min_Diag,0,10000,identity,MCP_up,0.5625,0.6962139423076923,0.5131976978004306,0.46808510638297873,21,7,0,0.8181818181818182,0.5714285714285714,6,0.8444444444444444,23.040871375007555
10,4,C_Random_Min_Diag,0,10000,identity,SCAD_up,0.5777777777777777,0.6712740384615384,0.49262989461949874,0.5416666666666666,22,6,1,0.8636363636363636,,,,23.040871375007555
10,4,C_Random_Min_Diag,0,10000,variance,lasso,0.6274509803921569,0.6959134615384615,0.5057541709458557,0.5714285714285714,30,3,8,0.8636363636363636,0.6122448979591837,3,0.8372093023255814,20.545893917093053
10,4,C_Random_Min_Diag,0,10000,variance,MCP_down,0.5581395348837209,0.6421274038461539,0.4902913655467373,0.5,34,6,0,0.7368421052631579,0.5084745762711864,5,0.7272727272727273,20.545893917093053
10,4,C_Random_Min_Diag,0,10000,variance,MCP_up,0.6363636363636364,0.7001201923076923,0.5617730202448873,0.625,22,4,1,0.8636363636363636,0.6530612244897959,2,0.7906976744186046,20.545893917093053
10,4,C_Random_Min_Diag,0,10000,variance,SCAD_up,0.6808510638297872,0.6766826923076923,0.48494610310435754,0.6,24,4,2,0.8444444444444444,,,,20.545893917093053
10,4,C_Random_Min_Diag,1,10000,identity,lasso,0.7352941176470589,0.7443415637860082,0.705869239541161,0.676056338028169,35,0,6,0.8,0.5625,4,0.7916666666666666,25.68297587498091
10,4,C_Random_Min_Diag,1,10000,identity,MCP_down,0.5517241379310345,0.6067386831275721,0.6044157532335763,0.5483870967741935,26,4,0,0.8235294117647058,0.5396825396825397,4,0.8235294117647058,25.68297587498091
10,4,C_Random_Min_Diag,1,10000,identity,MCP_up,0.6268656716417911,0.6934156378600823,0.6115105207243396,0.53125,28,4,1,0.7843137254901961,0.5396825396825397,4,0.8,25.68297587498091
10,4,C_Random_Min_Diag,1,10000,identity,SCAD_up,0.6172839506172839,0.6977880658436214,0.6502201394941847,0.5671641791044776,31,4,1,0.8148148148148148,,,,25.68297587498091
10,4,C_Random_Min_Diag,1,10000,variance,lasso,0.7297297297297297,0.7795781893004116,0.757830046220829,0.6666666666666666,30,2,2,0.8085106382978723,0.631578947368421,1,0.7906976744186046,25.99378191609867
10,4,C_Random_Min_Diag,1,10000,variance,MCP_down,0.647887323943662,0.7129629629629629,0.6996047744711141,0.5161290322580645,26,2,0,0.7058823529411765,0.5333333333333333,2,0.75,25.99378191609867
10,4,C_Random_Min_Diag,1,10000,variance,MCP_up,0.7096774193548387,0.7767489711934157,0.7615174934293479,0.6333333333333333,24,2,0,0.8571428571428571,0.6440677966101694,1,0.8085106382978723,25.99378191609867
10,4,C_Random_Min_Diag,1,10000,variance,SCAD_up,0.6923076923076923,0.7659465020576132,0.7444866700034789,0.6229508196721312,25,2,1,0.8571428571428571,,,,25.99378191609867
10,4,C_Random_Min_Diag,2,10000,identity,lasso,0.6666666666666666,0.6118827160493827,0.4814008714757181,0.5205479452054794,37,3,7,0.7368421052631579,0.53125,5,0.7924528301886793,33.736448749899864
10,4,C_Random_Min_Diag,2,10000,identity,MCP_down,0.6461538461538462,0.67309670781893,0.531805920001689,0.6052631578947368,40,3,0,0.7647058823529411,0.5555555555555556,5,0.78125,33.736448749899864
10,4,C_Random_Min_Diag,2,10000,identity,MCP_up,0.5633802816901409,0.5766460905349794,0.46738583230041403,0.4444444444444444,27,7,1,0.7547169811320755,0.4375,8,0.7777777777777778,33.736448749899864
10,4,C_Random_Min_Diag,2,10000,identity,SCAD_up,0.5352112676056338,0.559670781893004,0.43738922324857227,0.48484848484848486,30,7,1,0.7857142857142857,,,,33.736448749899864
10,4,C_Random_Min_Diag,2,10000,variance,lasso,0.6216216216216216,0.6265432098765433,0.5066662331534052,0.6133333333333333,39,2,7,0.8070175438596491,0.59375,3,0.8301886792452831,43.84152274997905
10,4,C_Random_Min_Diag,2,10000,variance,MCP_down,0.5573770491803278,0.5964506172839507,0.5241019109000212,0.5074626865671642,31,4,0,0.711864406779661,0.49230769230769234,4,0.7017543859649122,43.84152274997905
10,4,C_Random_Min_Diag,2,10000,variance,MCP_up,0.5901639344262295,0.6455761316872428,0.5535505640022862,0.5483870967741935,26,4,1,0.7924528301886793,0.5573770491803278,4,0.8076923076923077,43.84152274997905
10,4,C_Random_Min_Diag,2,10000,variance,SCAD_up,0.6153846153846154,0.6365740740740742,0.5234813641683987,0.5671641791044776,31,5,1,0.8275862068965517,,,,43.84152274997905
10,4,C_Random_Min_Diag,3,10000,identity,lasso,0.6052631578947368,0.6022727272727273,0.5907920562163513,0.5822784810126582,35,5,5,0.8571428571428571,0.547945205479452,5,0.8064516129032258,16.812076166039333
10,4,C_Random_Min_Diag,3,10000,identity,MCP_down,0.5679012345679012,0.6141304347826089,0.6095302435070271,0.5263157894736842,32,5,0,0.7575757575757576,0.5945945945945946,3,0.78125,16.812076166039333
10,4,C_Random_Min_Diag,3,10000,identity,MCP_up,0.5783132530120482,0.5696640316205533,0.5582464348357936,0.48,31,10,0,0.8615384615384616,0.4594594594594595,10,0.84375,16.812076166039333
10,4,C_Random_Min_Diag,3,10000,identity,SCAD_up,0.5783132530120482,0.58399209486166,0.5718032872726221,0.5263157894736842,32,7,1,0.8307692307692308,,,,16.812076166039333
10,4,C_Random_Min_Diag,3,10000,variance,lasso,0.6329113924050633,0.6524209486166008,0.6622986293765205,0.5542168674698795,39,7,5,0.8656716417910447,0.48,10,0.8615384615384616,17.28001616592519
10,4,C_Random_Min_Diag,3,10000,variance,MCP_down,0.6419753086419753,0.670207509881423,0.6805160854354113,0.6329113924050633,35,5,0,0.8695652173913043,0.6111111111111112,3,0.8064516129032258,17.28001616592519
10,4,C_Random_Min_Diag,3,10000,variance,MCP_up,0.6153846153846154,0.6714426877470356,0.7185183543648531,0.5384615384615384,34,8,1,0.8656716417910447,0.5454545454545454,7,0.8484848484848485,17.28001616592519
10,4,C_Random_Min_Diag,3,10000,variance,SCAD_up,0.6388888888888888,0.657608695652174,0.6719151069598709,0.5316455696202531,35,8,2,0.8656716417910447,,,,17.28001616592519
10,4,C_Random_Min_Diag,4,10000,identity,lasso,0.5714285714285714,0.6742788461538461,0.4331968324226404,0.5483870967741935,36,4,5,0.75,0.4444444444444444,6,0.7659574468085106,52.261887582950294
10,4,C_Random_Min_Diag,4,10000,identity,MCP_down,0.4745762711864407,0.5967548076923077,0.3828801067359695,0.4482758620689655,32,6,0,0.7169811320754716,0.5,6,0.76,52.261887582950294
10,4,C_Random_Min_Diag,4,10000,identity,MCP_up,0.5531914893617021,0.6619591346153846,0.48995327536549277,0.5185185185185185,28,5,3,0.8260869565217391,0.5098039215686274,5,0.8372093023255814,52.261887582950294
10,4,C_Random_Min_Diag,4,10000,identity,SCAD_up,0.5957446808510638,0.6556490384615384,0.47065274114395816,0.509090909090909,29,5,3,0.8085106382978723,,,,52.261887582950294
10,4,C_Random_Min_Diag,4,10000,variance,lasso,0.5,0.5955528846153846,0.4445114416957022,0.4444444444444444,37,6,3,0.68,0.4482758620689655,6,0.75,59.14898487506434
10,4,C_Random_Min_Diag,4,10000,variance,MCP_down,0.39344262295081966,0.5405649038461539,0.39013515949792454,0.3492063492063492,37,7,0,0.6428571428571429,0.3389830508474576,6,0.6153846153846154,59.14898487506434
10,4,C_Random_Min_Diag,4,10000,variance,MCP_up,0.5416666666666666,0.6117788461538461,0.4405325036833315,0.47058823529411764,25,4,1,0.7111111111111111,0.47058823529411764,4,0.7111111111111111,59.14898487506434
10,4,C_Random_Min_Diag,4,10000,variance,SCAD_up,0.5490196078431373,0.5916466346153846,0.41963475799931427,0.45614035087719296,31,6,2,0.723404255319149,,,,59.14898487506434
10,4,C_Random_Full,0,10000,identity,lasso,0.5882352941176471,0.6294176207068194,0.6263817691979633,0.5679012345679012,40,6,2,0.8125,0.4931506849315068,6,0.8135593220338984,14.861825375119224
10,4,C_Random_Full,0,10000,identity,MCP_down,0.45714285714285713,0.5032354405176704,0.5410934307007322,0.4358974358974359,37,11,0,0.8484848484848485,0.5263157894736842,8,0.875,14.861825375119224
10,4,C_Random_Full,0,10000,identity,MCP_up,0.5882352941176471,0.6184668989547039,0.5968499200239442,0.547945205479452,32,7,0,0.8852459016393442,0.547945205479452,7,0.8852459016393442,14.861825375119224
10,4,C_Random_Full,0,10000,identity,SCAD_up,0.5882352941176471,0.6256844201095073,0.6182540047744349,0.5205479452054794,32,7,0,0.8666666666666667,,,,14.861825375119224
10,4,C_Random_Full,0,10000,variance,lasso,0.6329113924050633,0.6112493777999004,0.5787915169881847,0.6265060240963856,42,3,5,0.84375,0.5714285714285714,3,0.8,19.600841874955222
10,4,C_Random_Full,0,10000,variance,MCP_down,0.5,0.5385764061722249,0.5323281556092296,0.475,39,7,0,0.7647058823529411,0.5,7,0.8125,19.600841874955222
10,4,C_Random_Full,0,10000,variance,MCP_up,0.5833333333333334,0.6102538576406172,0.5730665498515006,0.5833333333333334,31,5,1,0.8620689655172413,0.5555555555555556,6,0.8620689655172413,19.600841874955222
10,4,C_Random_Full,0,10000,variance,SCAD_up,0.6027397260273972,0.6102538576406172,0.5882377317312625,0.5675675675675675,33,5,1,0.8333333333333334,,,,19.600841874955222
10,4,C_Random_Full,1,10000,identity,lasso,0.5977011494252874,0.575210291934686,0.5211757682354393,0.5647058823529412,42,3,5,0.7692307692307693,0.5,5,0.7741935483870968,24.505815624957904
10,4,C_Random_Full,1,10000,identity,MCP_down,0.4883720930232558,0.5076694705591291,0.4916927391595569,0.4578313253012048,40,12,0,0.8493150684931506,0.5060240963855421,10,0.8493150684931506,24.505815624957904
10,4,C_Random_Full,1,10000,identity,MCP_up,0.5747126436781609,0.6031667491340921,0.5669564142733139,0.5135135135135135,31,6,1,0.7936507936507936,0.4864864864864865,7,0.7936507936507936,24.505815624957904
10,4,C_Random_Full,1,10000,identity,SCAD_up,0.5747126436781609,0.5804057397328055,0.5287158922154662,0.5066666666666667,32,6,1,0.7936507936507936,,,,24.505815624957904
10,4,C_Random_Full,1,10000,variance,lasso,0.6666666666666666,0.6501731815932706,0.590896859075657,0.6046511627906976,43,3,6,0.7761194029850746,0.5454545454545454,4,0.78125,27.35418020794168
10,4,C_Random_Full,1,10000,variance,MCP_down,0.4090909090909091,0.4460663038099951,0.4699065072166789,0.36585365853658536,39,13,0,0.7777777777777778,0.37037037037037035,12,0.7605633802816901,27.35418020794168
10,4,C_Random_Full,1,10000,variance,MCP_up,0.6741573033707865,0.6536368134586839,0.5877168195855842,0.5,29,5,0,0.7419354838709677,0.5,5,0.7419354838709677,27.35418020794168
10,4,C_Random_Full,1,10000,variance,SCAD_up,0.6741573033707865,0.644235526966848,0.5795721798472712,0.5,33,6,0,0.7575757575757576,,,,27.35418020794168
10,4,C_Random_Full,2,10000,identity,lasso,0.5070422535211268,0.5465178096757045,0.3863321505287555,0.4788732394366197,38,8,6,0.8,0.47619047619047616,8,0.7931034482758621,23.777566249947995
10,4,C_Random_Full,2,10000,identity,MCP_down,0.4,0.46783625730994155,0.35339492125915095,0.35294117647058826,35,13,0,0.78125,0.3880597014925373,12,0.7936507936507936,23.777566249947995
10,4,C_Random_Full,2,10000,identity,MCP_up,0.4864864864864865,0.553163211057948,0.4018456590489123,0.41935483870967744,29,10,0,0.7931034482758621,0.41935483870967744,10,0.7931034482758621,23.777566249947995
10,4,C_Random_Full,2,10000,identity,SCAD_up,0.5161290322580645,0.5443912812333865,0.3853381759274845,0.40625,31,10,0,0.7666666666666667,,,,23.777566249947995
10,4,C_Random_Full,2,10000,variance,lasso,0.49230769230769234,0.5446570972886762,0.4295555850815557,0.4166666666666667,39,10,5,0.8,0.4375,9,0.7796610169491526,26.635450625093654
10,4,C_Random_Full,2,10000,variance,MCP_down,0.34210526315789475,0.42503987240829344,0.32774907170514755,0.3013698630136986,40,16,0,0.782608695652174,0.208955223880597,16,0.7301587301587301,26.635450625093654
10,4,C_Random_Full,2,10000,variance,MCP_up,0.44155844155844154,0.5138224348750664,0.3806637601409538,0.3188405797101449,36,15,0,0.8,0.36363636363636365,11,0.7419354838709677,26.635450625093654
10,4,C_Random_Full,2,10000,variance,SCAD_up,0.4444444444444444,0.5106326422115895,0.40030540463273767,0.34782608695652173,36,14,0,0.8,,,,26.635450625093654
10,4,C_Random_Full,3,10000,identity,lasso,0.6,0.5824691358024692,0.5284970260195414,0.5783132530120482,38,4,6,0.8484848484848485,0.6052631578947368,2,0.7936507936507936,19.96649833396077
10,4,C_Random_Full,3,10000,identity,MCP_down,0.5185185185185185,0.5204938271604937,0.4932548025209854,0.5057471264367817,42,10,0,0.8421052631578947,0.4523809523809524,11,0.821917808219178,19.96649833396077
10,4,C_Random_Full,3,10000,identity,MCP_up,0.6172839506172839,0.6160493827160494,0.5771534666076432,0.5333333333333333,30,5,0,0.78125,0.5405405405405406,4,0.7619047619047619,19.96649833396077
10,4,C_Random_Full,3,10000,identity,SCAD_up,0.611764705882353,0.6009876543209877,0.5485028337692373,0.5384615384615384,33,6,2,0.8307692307692308,,,,19.96649833396077
10,4,C_Random_Full,3,10000,variance,lasso,0.6222222222222222,0.5925925925925926,0.5574788436282306,0.5301204819277109,38,4,6,0.7692307692307693,0.5974025974025974,3,0.7619047619047619,25.861596875125542
10,4,C_Random_Full,3,10000,variance,MCP_down,0.4888888888888889,0.5096296296296297,0.5227164927768347,0.4358974358974359,33,9,0,0.7761194029850746,0.4675324675324675,7,0.78125,25.861596875125542
10,4,C_Random_Full,3,10000,variance,MCP_up,0.6428571428571429,0.6316049382716049,0.6129659798704624,0.5866666666666667,30,3,1,0.7936507936507936,0.6133333333333333,1,0.7741935483870968,25.861596875125542
10,4,C_Random_Full,3,10000,variance,SCAD_up,0.6436781609195402,0.6074074074074074,0.5718567463828712,0.5569620253164557,34,3,1,0.746268656716418,,,,25.861596875125542
10,4,C_Random_Full,4,10000,identity,lasso,0.5714285714285714,0.5994318181818181,0.5076958549249213,0.3384615384615385,41,6,2,0.5818181818181818,0.25,7,0.56,31.59801670885645
10,4,C_Random_Full,4,10000,identity,MCP_down,0.4878048780487805,0.571969696969697,0.46967045877094954,0.3728813559322034,35,6,0,0.6181818181818182,0.3448275862068966,6,0.5925925925925926,31.59801670885645
10,4,C_Random_Full,4,10000,identity,MCP_up,0.4878048780487805,0.560290404040404,0.45207567195999915,0.24561403508771928,33,6,1,0.5,0.25925925925925924,4,0.4583333333333333,31.59801670885645
10,4,C_Random_Full,4,10000,identity,SCAD_up,0.5365853658536586,0.5700757575757576,0.4766803641661364,0.3333333333333333,36,7,2,0.6037735849056604,,,,31.59801670885645
10,4,C_Random_Full,4,10000,variance,lasso,0.5217391304347826,0.555239898989899,0.34323437311852156,0.3283582089552239,43,8,2,0.6206896551724138,0.2807017543859649,7,0.5769230769230769,28.078070999821648
10,4,C_Random_Full,4,10000,variance,MCP_down,0.43478260869565216,0.5741792929292929,0.3389667860699681,0.3870967741935484,38,8,0,0.6896551724137931,0.3793103448275862,7,0.6792452830188679,28.078070999821648
10,4,C_Random_Full,4,10000,variance,MCP_up,0.46153846153846156,0.5280934343434344,0.33077967806474906,0.2807017543859649,33,7,1,0.5769230769230769,0.2807017543859649,7,0.5769230769230769,28.078070999821648
10,4,C_Random_Full,4,10000,variance,SCAD_up,0.5116279069767442,0.5460858585858586,0.3378498910951528,0.27586206896551724,34,7,1,0.5660377358490566,,,,28.078070999821648
10,1,C_Random_Diag,0,inf,identity,lasso,0.6666666666666666,0.9230182926829268,0.3401317432567432,0.5925925925925926,19,0,4,0.6956521739130435,0.43478260869565216,3,0.7619047619047619,42.5680715830531
10,1,C_Random_Diag,0,inf,identity,MCP_down,0.375,0.6158536585365854,0.17407066993464052,0.25,16,5,0,0.6666666666666666,0.25,5,0.6666666666666666,42.5680715830531
10,1,C_Random_Diag,0,inf,identity,MCP_up,0.7777777777777778,0.9611280487804879,0.5194356909430439,0.56,17,1,3,0.7272727272727273,0.43478260869565216,3,0.7619047619047619,42.5680715830531
10,1,C_Random_Diag,0,inf,identity,SCAD_up,0.7368421052631579,0.961890243902439,0.49202776390276387,0.56,17,1,3,0.7272727272727273,,,,42.5680715830531
10,1,C_Random_Diag,0,inf,variance,lasso,0.64,0.9390243902439024,0.44123570975593035,0.64,17,0,4,0.8,0.5217391304347826,2,0.8,31.636248708004132
10,1,C_Random_Diag,0,inf,variance,MCP_down,0.7058823529411765,0.833841463414634,0.4617763772175537,0.5,16,2,1,0.6956521739130435,0.5454545454545454,2,0.7619047619047619,31.636248708004132
10,1,C_Random_Diag,0,inf,variance,MCP_up,0.7272727272727273,0.9679878048780488,0.6399553571428571,0.64,17,0,4,0.8,0.5217391304347826,2,0.8,31.636248708004132
10,1,C_Random_Diag,0,inf,variance,SCAD_up,0.7272727272727273,0.9641768292682926,0.5283842893217893,0.64,17,0,4,0.8,,,,31.636248708004132
10,1,C_Random_Diag,1,inf,identity,lasso,0.7,0.8518749999999999,0.6632905982905983,0.5333333333333333,20,1,3,0.6923076923076923,0.5925925925925926,1,0.75,36.49243916710839
10,1,C_Random_Diag,1,inf,identity,MCP_down,0.5555555555555556,0.7212500000000001,0.5107350131946906,0.41379310344827586,19,4,0,0.6896551724137931,0.5925925925925926,2,0.7407407407407407,36.49243916710839
10,1,C_Random_Diag,1,inf,identity,MCP_up,0.7619047619047619,0.8518750000000002,0.6294657162760611,0.6666666666666666,14,1,4,0.9,0.6153846153846154,1,0.8181818181818182,36.49243916710839
10,1,C_Random_Diag,1,inf,identity,SCAD_up,0.7272727272727273,0.84625,0.6251498859563376,0.64,15,1,4,0.8571428571428571,,,,36.49243916710839
10,1,C_Random_Diag,1,inf,variance,lasso,0.7619047619047619,0.8525,0.6603639846743296,0.6153846153846154,16,1,3,0.8571428571428571,0.6666666666666666,1,0.8181818181818182,31.560508666094393
10,1,C_Random_Diag,1,inf,variance,MCP_down,0.6956521739130435,0.853125,0.6666614866614866,0.5925925925925926,17,1,1,0.6923076923076923,0.5185185185185185,2,0.6923076923076923,31.560508666094393
10,1,C_Random_Diag,1,inf,variance,MCP_up,0.7619047619047619,0.85625,0.6589203851703851,0.6153846153846154,16,1,2,0.75,0.64,1,0.75,31.560508666094393
10,1,C_Random_Diag,1,inf,variance,SCAD_up,0.7619047619047619,0.860625,0.6839582639582639,0.6666666666666666,14,1,1,0.8571428571428571,,,,31.560508666094393
10,1,C_Random_Diag,2,inf,identity,lasso,0.5,0.7311046511627908,0.28194444444444444,0.4,6,1,1,0.75,0.4,1,0.75,5.03375199995935
10,1,C_Random_Diag,2,inf,identity,MCP_down,0.3333333333333333,0.4738372093023256,0.05972222222222222,0.0,6,4,0,0.8,0.0,4,0.8,5.03375199995935
10,1,C_Random_Diag,2,inf,identity,MCP_up,0.8571428571428571,0.7383720930232559,0.4173611111111111,0.4,6,2,1,0.8888888888888888,0.4,2,0.8888888888888888,5.03375199995935
10,1,C_Random_Diag,2,inf,identity,SCAD_up,0.75,0.7325581395348838,0.2923611111111111,0.4,6,1,1,0.75,,,,5.03375199995935
10,1,C_Random_Diag,2,inf,variance,lasso,0.5,0.7311046511627908,0.28194444444444444,0.4444444444444444,5,1,1,0.75,0.4444444444444444,1,0.75,4.257895583054051
10,1,C_Random_Diag,2,inf,variance,MCP_down,0.3333333333333333,0.4694767441860465,0.043055555555555555,0.0,6,4,0,0.8,0.0,4,0.8,4.257895583054051
10,1,C_Random_Diag,2,inf,variance,MCP_up,0.8571428571428571,0.7383720930232559,0.4173611111111111,0.4444444444444444,5,1,1,0.75,0.4444444444444444,1,0.75,4.257895583054051
10,1,C_Random_Diag,2,inf,variance,SCAD_up,0.75,0.7369186046511629,0.39861111111111114,0.4444444444444444,5,1,1,0.75,,,,4.257895583054051
10,1,C_Random_Diag,3,inf,identity,lasso,0.7619047619047619,0.9588414634146343,0.5629564879564879,0.6666666666666666,16,0,3,0.7777777777777778,0.7619047619047619,0,0.8235294117647058,29.627351332921535
10,1,C_Random_Diag,3,inf,identity,MCP_down,0.5882352941176471,0.7538109756097561,0.310966810966811,0.4,17,2,0,0.5833333333333334,0.43478260869565216,2,0.6363636363636364,29.627351332921535
10,1,C_Random_Diag,3,inf,identity,MCP_up,0.875,0.9862804878048781,0.7931896228771229,0.7619047619047619,13,0,2,0.8235294117647058,0.7272727272727273,0,0.8235294117647058,29.627351332921535
10,1,C_Random_Diag,3,inf,identity,SCAD_up,0.875,0.9710365853658537,0.6353084415584416,0.6956521739130435,15,0,3,0.7777777777777778,,,,29.627351332921535
10,1,C_Random_Diag,3,inf,variance,lasso,0.8,0.9717987804878049,0.5902597402597403,0.5925925925925926,19,0,2,0.6666666666666666,0.7272727272727273,0,0.7368421052631579,21.375798666849732
10,1,C_Random_Diag,3,inf,variance,MCP_down,0.631578947368421,0.8201219512195123,0.36118777056277057,0.46153846153846156,18,2,0,0.6086956521739131,0.46153846153846156,2,0.6086956521739131,21.375798666849732
10,1,C_Random_Diag,3,inf,variance,MCP_up,0.75,0.96875,0.5855503871128871,0.6956521739130435,15,0,1,0.7368421052631579,0.7272727272727273,0,0.7368421052631579,21.375798666849732
10,1,C_Random_Diag,3,inf,variance,SCAD_up,0.7777777777777778,0.9603658536585366,0.5422213203463203,0.6956521739130435,15,0,1,0.7368421052631579,,,,21.375798666849732
10,1,C_Random_Diag,4,inf,identity,lasso,0.6046511627906976,0.7570488721804511,0.30623011436577535,0.4230769230769231,38,1,5,0.5581395348837209,0.425531914893617,2,0.6,201.95142629090697
10,1,C_Random_Diag,4,inf,identity,MCP_down,0.47058823529411764,0.6818609022556391,0.27428581104567945,0.36,36,4,2,0.5777777777777777,0.4583333333333333,2,0.5909090909090909,201.95142629090697
10,1,C_Random_Diag,4,inf,identity,MCP_up,0.7142857142857143,0.8218984962406015,0.46618948705185637,0.4583333333333333,34,1,4,0.6,0.4166666666666667,2,0.6,201.95142629090697
10,1,C_Random_Diag,4,inf,identity,SCAD_up,0.6666666666666666,0.8195488721804511,0.4404154842807032,0.4583333333333333,34,1,4,0.6,,,,201.95142629090697
10,1,C_Random_Diag,4,inf,variance,lasso,0.6470588235294118,0.8209586466165414,0.3424790399680801,0.48148148148148145,40,0,5,0.5909090909090909,0.5416666666666666,0,0.65,233.7508937921375
10,1,C_Random_Diag,4,inf,variance,MCP_down,0.3888888888888889,0.5803571428571429,0.21823223259226054,0.25925925925925924,40,7,0,0.5283018867924528,0.34782608695652173,6,0.6086956521739131,233.7508937921375
10,1,C_Random_Diag,4,inf,variance,MCP_up,0.9285714285714286,0.9196428571428572,0.6245135554221688,0.5,38,0,4,0.5777777777777777,0.4489795918367347,2,0.6190476190476191,233.7508937921375
10,1,C_Random_Diag,4,inf,variance,SCAD_up,0.896551724137931,0.9262218045112782,0.5549295865002282,0.5,38,0,4,0.5777777777777777,,,,233.7508937921375
10,1,C_Random_Min_Diag,0,inf,identity,lasso,0.75,0.9500860585197934,0.4723901098901099,0.631578947368421,12,1,3,0.875,0.631578947368421,1,0.875,19.057992374990135
10,1,C_Random_Min_Diag,0,inf,identity,MCP_down,0.47058823529411764,0.7366609294320138,0.3242673992673993,0.4,13,3,0,0.7,0.4,3,0.7,19.057992374990135
10,1,C_Random_Min_Diag,0,inf,identity,MCP_up,0.8,0.9716006884681583,0.6152472527472527,0.631578947368421,12,1,3,0.875,0.631578947368421,1,0.875,19.057992374990135
10,1,C_Random_Min_Diag,0,inf,identity,SCAD_up,0.8571428571428571,0.9621342512908778,0.571171289028432,0.631578947368421,12,1,3,0.875,,,,19.057992374990135
10,1,C_Random_Min_Diag,0,inf,variance,lasso,0.75,0.9483648881239243,0.40532661782661783,0.7,13,0,3,0.875,0.631578947368421,1,0.875,13.017864583991468
10,1,C_Random_Min_Diag,0,inf,variance,MCP_down,0.7142857142857143,0.8218588640275388,0.3788112680969824,0.5,13,2,0,0.7,0.5,2,0.7,13.017864583991468
10,1,C_Random_Min_Diag,0,inf,variance,MCP_up,1.0,0.9827882960413081,0.6071428571428571,0.7368421052631579,12,0,3,0.875,0.631578947368421,1,0.875,13.017864583991468
10,1,C_Random_Min_Diag,0,inf,variance,SCAD_up,1.0,0.963855421686747,0.4932823129251701,0.7368421052631579,12,0,3,0.875,,,,13.017864583991468
10,1,C_Random_Min_Diag,1,inf,identity,lasso,0.7777777777777778,0.9586919104991395,0.4503298289012575,0.6666666666666666,14,0,3,0.8235294117647058,0.7368421052631579,0,0.8235294117647058,31.81553425011225
10,1,C_Random_Min_Diag,1,inf,identity,MCP_down,0.5714285714285714,0.7349397590361446,0.2864745898359343,0.34782608695652173,16,3,0,0.6086956521739131,0.36363636363636365,3,0.6363636363636364,31.81553425011225
10,1,C_Random_Min_Diag,1,inf,identity,MCP_up,0.875,0.9827882960413081,0.6751133786848073,0.7368421052631579,12,0,1,0.8235294117647058,0.7368421052631579,0,0.8235294117647058,31.81553425011225
10,1,C_Random_Min_Diag,1,inf,identity,SCAD_up,0.875,0.9690189328743546,0.5174036281179138,0.7,13,0,2,0.8235294117647058,,,,31.81553425011225
10,1,C_Random_Min_Diag,1,inf,variance,lasso,0.8,0.9759036144578314,0.6629715522572666,0.7368421052631579,12,0,4,0.9333333333333333,0.875,0,0.9333333333333333,18.805467791156843
10,1,C_Random_Min_Diag,1,inf,variance,MCP_down,0.5555555555555556,0.802065404475043,0.4192305710162853,0.4166666666666667,17,2,0,0.5833333333333334,0.8235294117647058,0,0.8235294117647058,18.805467791156843
10,1,C_Random_Min_Diag,1,inf,variance,MCP_up,1.0,0.9965576592082616,0.9047619047619047,0.875,9,0,1,0.9333333333333333,0.875,0,0.9333333333333333,18.805467791156843
10,1,C_Random_Min_Diag,1,inf,variance,SCAD_up,1.0,0.9931153184165232,0.8523809523809525,0.875,9,0,1,0.9333333333333333,,,,18.805467791156843
10,1,C_Random_Min_Diag,2,inf,identity,lasso,0.6111111111111112,0.8450854700854702,0.47066664816664816,0.4583333333333333,36,0,6,0.5641025641025641,0.5116279069767442,0,0.6111111111111112,140.64536520908587
10,1,C_Random_Min_Diag,2,inf,identity,MCP_down,0.5882352941176471,0.8231837606837608,0.511404798904799,0.43478260869565216,34,2,2,0.5581395348837209,0.4444444444444444,2,0.5853658536585366,140.64536520908587
10,1,C_Random_Min_Diag,2,inf,identity,MCP_up,0.75,0.8568376068376069,0.6195160401961873,0.45454545454545453,32,1,4,0.5789473684210527,0.46511627906976744,1,0.5789473684210527,140.64536520908587
10,1,C_Random_Min_Diag,2,inf,identity,SCAD_up,0.7692307692307693,0.8557692307692308,0.5651960995710995,0.4878048780487805,29,0,4,0.5714285714285714,,,,140.64536520908587
10,1,C_Random_Min_Diag,2,inf,variance,lasso,0.6451612903225806,0.8600427350427351,0.5273657721848511,0.4583333333333333,36,0,6,0.5641025641025641,0.6470588235294118,0,0.7096774193548387,44.190650457981974
10,1,C_Random_Min_Diag,2,inf,variance,MCP_down,0.5263157894736842,0.6420940170940171,0.4012311932348697,0.2978723404255319,35,3,1,0.4444444444444444,0.38095238095238093,2,0.5,44.190650457981974
10,1,C_Random_Min_Diag,2,inf,variance,MCP_up,0.9230769230769231,0.9268162393162392,0.750623624061124,0.6285714285714286,23,0,3,0.6875,0.6470588235294118,0,0.7096774193548387,44.190650457981974
10,1,C_Random_Min_Diag,2,inf,variance,SCAD_up,0.9166666666666666,0.9161324786324785,0.6828598484848484,0.4782608695652174,34,0,4,0.5365853658536586,,,,44.190650457981974
10,1,C_Random_Min_Diag,3,inf,identity,lasso,0.8,0.9742063492063493,0.5253968253968253,0.6666666666666666,12,0,3,0.8,0.7058823529411765,0,0.8571428571428571,19.30322241713293
10,1,C_Random_Min_Diag,3,inf,identity,MCP_down,0.46153846153846156,0.6984126984126984,0.20312881562881566,0.3157894736842105,13,3,0,0.631578947368421,0.3157894736842105,3,0.631578947368421,19.30322241713293
10,1,C_Random_Min_Diag,3,inf,identity,MCP_up,0.9230769230769231,0.9930555555555556,0.776984126984127,0.7058823529411765,11,0,3,0.8571428571428571,0.7058823529411765,0,0.8571428571428571,19.30322241713293
10,1,C_Random_Min_Diag,3,inf,identity,SCAD_up,0.8571428571428571,0.9791666666666667,0.5750000000000001,0.7058823529411765,11,0,3,0.8571428571428571,,,,19.30322241713293
10,1,C_Random_Min_Diag,3,inf,variance,lasso,0.8571428571428571,0.9613095238095238,0.42354497354497356,0.8,9,0,1,0.8571428571428571,0.8,0,0.8571428571428571,13.794663582928479
10,1,C_Random_Min_Diag,3,inf,variance,MCP_down,0.5333333333333333,0.7926587301587302,0.3059778184778185,0.4444444444444444,12,2,0,0.6666666666666666,0.3333333333333333,3,0.6666666666666666,13.794663582928479
10,1,C_Random_Min_Diag,3,inf,variance,MCP_up,1.0,0.996031746031746,0.8055555555555556,0.8,9,0,0,0.8,0.8,0,0.8,13.794663582928479
10,1,C_Random_Min_Diag,3,inf,variance,SCAD_up,1.0,0.9910714285714285,0.7083333333333334,0.8,9,0,0,0.8,,,,13.794663582928479
10,1,C_Random_Min_Diag,4,inf,identity,lasso,0.7586206896551724,0.8904914529914529,0.5210212647969146,0.6875,20,1,5,0.88,0.7741935483870968,0,0.9166666666666666,17.24110395810567
10,1,C_Random_Min_Diag,4,inf,identity,MCP_down,0.5833333333333334,0.6768162393162394,0.3839285714285714,0.3684210526315789,26,4,0,0.5945945945945946,0.6060606060606061,1,0.6875,17.24110395810567
10,1,C_Random_Min_Diag,4,inf,identity,MCP_up,0.9090909090909091,0.9182692307692307,0.6593409586056644,0.6875,20,1,4,0.8461538461538461,0.7741935483870968,0,0.88,17.24110395810567
10,1,C_Random_Min_Diag,4,inf,identity,SCAD_up,0.8695652173913043,0.9027777777777777,0.5706302344169992,0.6875,20,1,4,0.8461538461538461,,,,17.24110395810567
10,1,C_Random_Min_Diag,4,inf,variance,lasso,0.7333333333333333,0.8990384615384616,0.5143623680971242,0.7333333333333333,18,0,6,0.9565217391304348,0.7586206896551724,0,0.88,18.203563958173618
10,1,C_Random_Min_Diag,4,inf,variance,MCP_down,0.5454545454545454,0.611111111111111,0.3055856180856181,0.32432432432432434,25,5,0,0.6111111111111112,0.5454545454545454,2,0.7096774193548387,18.203563958173618
10,1,C_Random_Min_Diag,4,inf,variance,MCP_up,0.9090909090909091,0.9278846153846154,0.7010506304623951,0.6666666666666666,18,1,4,0.88,0.6666666666666666,1,0.88,18.203563958173618
10,1,C_Random_Min_Diag,4,inf,variance,SCAD_up,0.9090909090909091,0.9102564102564104,0.5591893670841039,0.7096774193548387,19,0,6,0.9166666666666666,,,,18.203563958173618
10,1,C_Random_Full,0,inf,identity,lasso,0.42424242424242425,0.6805555555555556,0.27480995674914127,0.25,44,0,5,0.3111111111111111,0.22641509433962265,0,0.27906976744186046,52.54021887504496
10,1,C_Random_Full,0,inf,identity,MCP_down,0.6153846153846154,0.7532051282051282,0.38245701058201054,0.32142857142857145,44,2,0,0.4074074074074074,0.32142857142857145,2,0.4074074074074074,52.54021887504496
10,1,C_Random_Full,0,inf,identity,MCP_up,0.4444444444444444,0.6100427350427351,0.26717533073757527,0.21818181818181817,43,1,4,0.3181818181818182,0.18867924528301888,2,0.3333333333333333,52.54021887504496
10,1,C_Random_Full,0,inf,identity,SCAD_up,0.5517241379310345,0.6404914529914529,0.258995719879301,0.21818181818181817,43,1,4,0.3181818181818182,,,,52.54021887504496
10,1,C_Random_Full,0,inf,variance,lasso,0.375,0.5758547008547008,0.1855982749476475,0.21818181818181817,43,3,2,0.375,0.18867924528301888,4,0.375,44.141588791972026
10,1,C_Random_Full,0,inf,variance,MCP_down,0.42105263157894735,0.5892094017094017,0.23899095787253682,0.22641509433962265,41,5,0,0.4230769230769231,0.2692307692307692,4,0.43137254901960786,44.141588791972026
10,1,C_Random_Full,0,inf,variance,MCP_up,0.5454545454545454,0.5833333333333334,0.2579159868562043,0.23529411764705882,39,3,2,0.391304347826087,0.23529411764705882,3,0.391304347826087,44.141588791972026
10,1,C_Random_Full,0,inf,variance,SCAD_up,0.48,0.5854700854700854,0.21509338548454682,0.23529411764705882,39,3,2,0.391304347826087,,,,44.141588791972026
10,1,C_Random_Full,1,inf,identity,lasso,0.3076923076923077,0.6334867663981587,0.18005964948625047,0.2909090909090909,44,1,3,0.3829787234042553,0.2692307692307692,2,0.3829787234042553,20.261995416833088
10,1,C_Random_Full,1,inf,identity,MCP_down,0.23529411764705882,0.5028768699654775,0.1373940304920248,0.17857142857142858,45,6,0,0.39285714285714285,0.17857142857142858,6,0.39285714285714285,20.261995416833088
10,1,C_Random_Full,1,inf,identity,MCP_up,0.2857142857142857,0.6139240506329113,0.15825637800934242,0.2692307692307692,41,2,2,0.3829787234042553,0.2692307692307692,2,0.3829787234042553,20.261995416833088
10,1,C_Random_Full,1,inf,identity,SCAD_up,0.3181818181818182,0.6242807825086305,0.17370620222742006,0.23529411764705882,40,3,1,0.391304347826087,,,,20.261995416833088
10,1,C_Random_Full,1,inf,variance,lasso,0.4444444444444444,0.6375143843498274,0.2410513432402256,0.2909090909090909,44,1,4,0.3829787234042553,0.2692307692307692,2,0.391304347826087,24.508452499983832
10,1,C_Random_Full,1,inf,variance,MCP_down,0.2962962962962963,0.4890678941311853,0.19049809610013163,0.18518518518518517,43,6,0,0.4074074074074074,0.1509433962264151,7,0.41509433962264153,24.508452499983832
10,1,C_Random_Full,1,inf,variance,MCP_up,0.3888888888888889,0.6651323360184119,0.26455011351700003,0.3137254901960784,40,1,3,0.391304347826087,0.28,2,0.391304347826087,24.508452499983832
10,1,C_Random_Full,1,inf,variance,SCAD_up,0.3888888888888889,0.6375143843498274,0.2385535138876098,0.3137254901960784,40,1,3,0.391304347826087,,,,24.508452499983832
10,1,C_Random_Full,2,inf,identity,lasso,0.45454545454545453,0.742685025817556,0.1806462523519174,0.30303030303030304,26,2,3,0.5,0.3333333333333333,2,0.5,17.270447500050068
10,1,C_Random_Full,2,inf,identity,MCP_down,0.10810810810810811,0.4122203098106712,0.058037562851227444,0.10256410256410256,32,5,0,0.358974358974359,0.10256410256410256,5,0.358974358974359,17.270447500050068
10,1,C_Random_Full,2,inf,identity,MCP_up,0.42857142857142855,0.746987951807229,0.19807139318008882,0.26666666666666666,23,3,1,0.4827586206896552,0.26666666666666666,3,0.4827586206896552,17.270447500050068
10,1,C_Random_Full,2,inf,identity,SCAD_up,0.47058823529411764,0.7358003442340793,0.17743924754794319,0.26666666666666666,23,3,1,0.4827586206896552,,,,17.270447500050068
10,1,C_Random_Full,2,inf,variance,lasso,0.5454545454545454,0.9001721170395869,0.38995754245754244,0.42424242424242425,26,0,5,0.5384615384615384,0.41379310344827586,1,0.5384615384615384,15.983005665941164
10,1,C_Random_Full,2,inf,variance,MCP_down,0.3076923076923077,0.49655765920826156,0.20854867052689194,0.11428571428571428,28,5,0,0.4,0.27586206896551724,3,0.4827586206896552,15.983005665941164
10,1,C_Random_Full,2,inf,variance,MCP_up,0.5333333333333333,0.8958691910499139,0.3904761904761905,0.45161290322580644,24,0,4,0.5185185185185185,0.41379310344827586,1,0.5384615384615384,15.983005665941164
10,1,C_Random_Full,2,inf,variance,SCAD_up,0.5882352941176471,0.9018932874354562,0.4043117510508815,0.45161290322580644,24,0,3,0.5,,,,15.983005665941164
10,1,C_Random_Full,3,inf,identity,lasso,0.5925925925925926,0.7654914529914529,0.384648413386924,0.35294117647058826,39,1,3,0.47368421052631576,0.34782608695652173,1,0.4864864864864865,81.87187687493861
10,1,C_Random_Full,3,inf,identity,MCP_down,0.4,0.5774572649572649,0.22447453521916289,0.23076923076923078,40,4,0,0.4,0.2553191489361702,3,0.4,81.87187687493861
10,1,C_Random_Full,3,inf,identity,MCP_up,0.5217391304347826,0.7366452991452992,0.3967916306457973,0.375,36,1,1,0.46153846153846156,0.3333333333333333,1,0.45,81.87187687493861
10,1,C_Random_Full,3,inf,identity,SCAD_up,0.56,0.7446581196581197,0.3515008308798906,0.375,36,1,1,0.43902439024390244,,,,81.87187687493861
10,1,C_Random_Full,3,inf,variance,lasso,0.47619047619047616,0.6858974358974359,0.3403995633167628,0.25925925925925924,42,3,2,0.45454545454545453,0.30434782608695654,1,0.3902439024390244,82.84535275003873
10,1,C_Random_Full,3,inf,variance,MCP_down,0.3333333333333333,0.5267094017094017,0.20191847441847444,0.2222222222222222,42,4,0,0.38461538461538464,0.16,6,0.4166666666666667,82.84535275003873
10,1,C_Random_Full,3,inf,variance,MCP_up,0.4444444444444444,0.6426282051282052,0.33650694866727476,0.3111111111111111,33,2,0,0.43902439024390244,0.3181818181818182,1,0.3902439024390244,82.84535275003873
10,1,C_Random_Full,3,inf,variance,SCAD_up,0.47619047619047616,0.6469017094017093,0.2911625230300765,0.30434782608695654,34,2,0,0.43902439024390244,,,,82.84535275003873
10,1,C_Random_Full,4,inf,identity,lasso,0.42105263157894735,0.62593984962406,0.2559160709827573,0.3333333333333333,40,2,6,0.5238095238095238,0.34615384615384615,2,0.5116279069767442,116.17237979196943
10,1,C_Random_Full,4,inf,identity,MCP_down,0.22857142857142856,0.4384398496240602,0.20530302084113938,0.17857142857142858,42,8,1,0.48148148148148145,0.17857142857142858,8,0.48148148148148145,116.17237979196943
10,1,C_Random_Full,4,inf,identity,MCP_up,0.4666666666666667,0.6903195488721805,0.30863635372563947,0.36,36,2,6,0.5238095238095238,0.36,2,0.5238095238095238,116.17237979196943
10,1,C_Random_Full,4,inf,identity,SCAD_up,0.5294117647058824,0.6799812030075187,0.31547486754739795,0.36,36,2,6,0.5238095238095238,,,,116.17237979196943
10,1,C_Random_Full,4,inf,variance,lasso,0.5128205128205128,0.6889097744360902,0.3054782013567068,0.35714285714285715,42,1,7,0.5,0.3673469387755102,2,0.5365853658536586,117.03742404188961
10,1,C_Random_Full,4,inf,variance,MCP_down,0.35555555555555557,0.5267857142857143,0.2460327664211135,0.21818181818181817,41,7,0,0.49056603773584906,0.23076923076923078,7,0.52,117.03742404188961
10,1,C_Random_Full,4,inf,variance,MCP_up,0.48484848484848486,0.7091165413533835,0.33647733216093456,0.40816326530612246,35,1,4,0.5365853658536586,0.3673469387755102,2,0.5365853658536586,117.03742404188961
10,1,C_Random_Full,4,inf,variance,SCAD_up,0.4583333333333333,0.6954887218045114,0.3139067531573122,0.4583333333333333,34,1,4,0.5853658536585366,,,,117.03742404188961
10,2,C_Random_Diag,0,inf,identity,lasso,0.7741935483870968,0.8070987654320987,0.6507223871807204,0.5,38,1,8,0.6382978723404256,0.46153846153846156,3,0.6818181818181818,29.387617792002857
10,2,C_Random_Diag,0,inf,identity,MCP_down,0.7058823529411765,0.7048611111111112,0.5710937641697446,0.4074074074074074,36,6,0,0.6415094339622641,0.41509433962264153,6,0.6538461538461539,29.387617792002857
10,2,C_Random_Diag,0,inf,identity,MCP_up,0.7777777777777778,0.792824074074074,0.6142825589371641,0.4489795918367347,31,4,5,0.6976744186046512,0.44,4,0.6976744186046512,29.387617792002857
10,2,C_Random_Diag,0,inf,identity,SCAD_up,0.7567567567567568,0.7943672839506172,0.6237143553974693,0.44,32,4,5,0.6976744186046512,,,,29.387617792002857
10,2,C_Random_Diag,0,inf,variance,lasso,0.75,0.7550154320987654,0.6564377218328816,0.47058823529411764,33,2,9,0.7,0.5531914893617021,2,0.75,31.004666541004553
10,2,C_Random_Diag,0,inf,variance,MCP_down,0.7333333333333333,0.7415123456790123,0.6937714548825661,0.4528301886792453,35,5,0,0.6538461538461539,0.43137254901960786,6,0.6938775510204082,31.004666541004553
10,2,C_Random_Diag,0,inf,variance,MCP_up,0.7647058823529411,0.7673611111111112,0.7394745993628844,0.5106382978723404,29,2,6,0.7,0.5217391304347826,2,0.717948717948718,31.004666541004553
10,2,C_Random_Diag,0,inf,variance,SCAD_up,0.7741935483870968,0.773533950617284,0.686371415074372,0.5,30,2,6,0.6829268292682927,,,,31.004666541004553
10,2,C_Random_Diag,1,inf,identity,lasso,0.6857142857142857,0.8665413533834587,0.41538207410719574,0.5909090909090909,30,0,6,0.7222222222222222,0.65,0,0.7647058823529411,47.56963541707955
10,2,C_Random_Diag,1,inf,identity,MCP_down,0.6,0.7457706766917295,0.34988711001642037,0.425531914893617,33,3,0,0.5652173913043478,0.4,3,0.5581395348837209,47.56963541707955
10,2,C_Random_Diag,1,inf,identity,MCP_up,0.8888888888888888,0.9219924812030076,0.6422274688734316,0.6842105263157895,24,0,4,0.7878787878787878,0.7,0,0.7647058823529411,47.56963541707955
10,2,C_Random_Diag,1,inf,identity,SCAD_up,0.8275862068965517,0.880639097744361,0.4576079112037587,0.6666666666666666,25,0,4,0.7647058823529411,,,,47.56963541707955
10,2,C_Random_Diag,1,inf,variance,lasso,0.6486486486486487,0.819078947368421,0.37083605307938516,0.5106382978723404,33,0,5,0.6,0.5333333333333333,0,0.631578947368421,50.510526333004236
10,2,C_Random_Diag,1,inf,variance,MCP_down,0.3333333333333333,0.555921052631579,0.19861334102405528,0.25,34,7,0,0.5531914893617021,0.26666666666666666,7,0.5909090909090909,50.510526333004236
10,2,C_Random_Diag,1,inf,variance,MCP_up,0.8148148148148148,0.8684210526315789,0.5362322115427705,0.5217391304347826,32,0,5,0.631578947368421,0.5333333333333333,0,0.631578947368421,50.510526333004236
10,2,C_Random_Diag,1,inf,variance,SCAD_up,0.7586206896551724,0.843984962406015,0.43931158702107803,0.5106382978723404,33,0,5,0.6153846153846154,,,,50.510526333004236
10,2,C_Random_Diag,2,inf,identity,lasso,0.6829268292682927,0.750668449197861,0.5521283676532025,0.5614035087719298,35,0,9,0.6818181818181818,0.5454545454545454,1,0.6818181818181818,53.524021541001275
10,2,C_Random_Diag,2,inf,identity,MCP_down,0.6111111111111112,0.696524064171123,0.541410176966397,0.56,28,4,0,0.7391304347826086,0.56,4,0.7391304347826086,53.524021541001275
10,2,C_Random_Diag,2,inf,identity,MCP_up,0.6111111111111112,0.7393048128342246,0.5678577782719529,0.5555555555555556,32,1,6,0.6818181818181818,0.5555555555555556,1,0.6818181818181818,53.524021541001275
10,2,C_Random_Diag,2,inf,identity,SCAD_up,0.5641025641025641,0.7202540106951871,0.49668556502394107,0.5454545454545454,33,1,6,0.6666666666666666,,,,53.524021541001275
10,2,C_Random_Diag,2,inf,variance,lasso,0.6341463414634146,0.7476604278074865,0.49972215785888907,0.5333333333333333,38,2,7,0.6808510638297872,0.5,3,0.6818181818181818,67.43452087510377
10,2,C_Random_Diag,2,inf,variance,MCP_down,0.48484848484848486,0.5484625668449198,0.3901137117046208,0.32786885245901637,39,9,0,0.6666666666666666,0.42857142857142855,6,0.6923076923076923,67.43452087510377
10,2,C_Random_Diag,2,inf,variance,MCP_up,0.6111111111111112,0.7710561497326203,0.557008688505851,0.5614035087719298,35,2,4,0.6666666666666666,0.5357142857142857,3,0.6808510638297872,67.43452087510377
10,2,C_Random_Diag,2,inf,variance,SCAD_up,0.6666666666666666,0.7550133689839572,0.49933442067453654,0.5263157894736842,35,1,5,0.6382978723404256,,,,67.43452087510377
10,2,C_Random_Diag,3,inf,identity,lasso,0.6086956521739131,0.7592857142857143,0.4150769358607779,0.5161290322580645,42,3,6,0.6923076923076923,0.5517241379310345,3,0.7346938775510204,48.4591909579467
10,2,C_Random_Diag,3,inf,identity,MCP_down,0.47368421052631576,0.5974999999999999,0.304967916136678,0.3548387096774194,42,7,0,0.6,0.42105263157894735,6,0.6545454545454545,48.4591909579467
10,2,C_Random_Diag,3,inf,identity,MCP_up,0.723404255319149,0.7807142857142857,0.4581253228891772,0.5925925925925926,34,3,5,0.8,0.6181818181818182,2,0.8,48.4591909579467
10,2,C_Random_Diag,3,inf,identity,SCAD_up,0.68,0.76,0.4152497053909855,0.5925925925925926,34,3,5,0.8,,,,48.4591909579467
10,2,C_Random_Diag,3,inf,variance,lasso,0.6122448979591837,0.7707142857142858,0.4597035376464651,0.5084745762711864,39,2,7,0.6938775510204082,0.5357142857142857,2,0.7391304347826086,54.62955866684206
10,2,C_Random_Diag,3,inf,variance,MCP_down,0.5263157894736842,0.6071428571428571,0.3777693833943834,0.36065573770491804,41,6,0,0.576271186440678,0.36666666666666664,6,0.5862068965517241,54.62955866684206
10,2,C_Random_Diag,3,inf,variance,MCP_up,0.7777777777777778,0.812142857142857,0.5540402886233616,0.5614035087719298,37,2,7,0.7391304347826086,0.5614035087719298,2,0.7391304347826086,54.62955866684206
10,2,C_Random_Diag,3,inf,variance,SCAD_up,0.7,0.7839285714285715,0.48366270850439685,0.5517241379310345,38,2,7,0.7083333333333334,,,,54.62955866684206
10,2,C_Random_Diag,4,inf,identity,lasso,0.5806451612903226,0.7356418918918919,0.32781669525480767,0.4406779661016949,43,2,7,0.6122448979591837,0.48148148148148145,2,0.6521739130434783,162.35726229194552
10,2,C_Random_Diag,4,inf,identity,MCP_down,0.45,0.5777027027027026,0.24589658158311745,0.27586206896551724,42,7,0,0.5357142857142857,0.3018867924528302,6,0.5490196078431373,162.35726229194552
10,2,C_Random_Diag,4,inf,identity,MCP_up,0.5882352941176471,0.7605574324324325,0.40432183557183565,0.4528301886792453,37,2,7,0.6222222222222222,0.4528301886792453,2,0.6086956521739131,162.35726229194552
10,2,C_Random_Diag,4,inf,identity,SCAD_up,0.6470588235294118,0.7736486486486487,0.4119800323600008,0.47058823529411764,35,2,7,0.6363636363636364,,,,162.35726229194552
10,2,C_Random_Diag,4,inf,variance,lasso,0.5416666666666666,0.7347972972972974,0.3635888836340274,0.45614035087719296,41,2,5,0.625,0.5098039215686274,2,0.6666666666666666,85.67216366692446
10,2,C_Random_Diag,4,inf,variance,MCP_down,0.32,0.47719594594594594,0.2419853812123549,0.2,44,10,1,0.5517241379310345,0.25,9,0.5925925925925926,85.67216366692446
10,2,C_Random_Diag,4,inf,variance,MCP_up,0.7878787878787878,0.825168918918919,0.611213925846405,0.46153846153846156,36,3,3,0.625,0.4897959183673469,3,0.6382978723404256,85.67216366692446
10,2,C_Random_Diag,4,inf,variance,SCAD_up,0.9375,0.8150337837837838,0.5273738261330173,0.46153846153846156,36,3,3,0.6382978723404256,,,,85.67216366692446
10,2,C_Random_Min_Diag,0,inf,identity,lasso,0.6818181818181818,0.8661317567567568,0.4702623383058166,0.5660377358490566,37,0,8,0.6976744186046512,0.6382978723404256,0,0.7894736842105263,48.25775374984369
10,2,C_Random_Min_Diag,0,inf,identity,MCP_down,0.8235294117647058,0.8699324324324325,0.5616422894915541,0.56,34,1,1,0.625,0.5714285714285714,1,0.6521739130434783,48.25775374984369
10,2,C_Random_Min_Diag,0,inf,identity,MCP_up,0.9375,0.9180743243243243,0.6197119266795865,0.6382978723404256,31,0,6,0.75,0.625,0,0.75,48.25775374984369
10,2,C_Random_Min_Diag,0,inf,identity,SCAD_up,0.8108108108108109,0.8868243243243243,0.5100154257207501,0.625,32,0,6,0.75,,,,48.25775374984369
10,2,C_Random_Min_Diag,0,inf,variance,lasso,0.6976744186046512,0.8665540540540541,0.5277725432983347,0.6666666666666666,29,0,6,0.8108108108108109,0.7804878048780488,0,0.7894736842105263,25.577339792158455
10,2,C_Random_Min_Diag,0,inf,variance,MCP_down,0.6486486486486487,0.7753378378378379,0.5142299373374493,0.48,34,3,0,0.6122448979591837,0.5,3,0.6521739130434783,25.577339792158455
10,2,C_Random_Min_Diag,0,inf,variance,MCP_up,0.9375,0.9277871621621621,0.7154548142829393,0.75,24,0,1,0.7894736842105263,0.7804878048780488,0,0.7894736842105263,25.577339792158455
10,2,C_Random_Min_Diag,0,inf,variance,SCAD_up,0.9090909090909091,0.9032939189189189,0.6109978461081402,0.7317073170731707,25,0,1,0.7692307692307693,,,,25.577339792158455
10,2,C_Random_Min_Diag,1,inf,identity,lasso,0.6538461538461539,0.7381570408825437,0.4493323755024426,0.5454545454545454,43,3,4,0.7169811320754716,0.576271186440678,3,0.72,80.46322795911692
10,2,C_Random_Min_Diag,1,inf,identity,MCP_down,0.5238095238095238,0.6291369240752758,0.4231517854761018,0.3939393939393939,43,6,0,0.6129032258064516,0.36923076923076925,7,0.6229508196721312,80.46322795911692
10,2,C_Random_Min_Diag,1,inf,identity,MCP_up,0.8,0.7920181700194677,0.582074096233756,0.5538461538461539,42,3,4,0.7169811320754716,0.576271186440678,3,0.72,80.46322795911692
10,2,C_Random_Min_Diag,1,inf,identity,SCAD_up,0.8372093023255814,0.7608695652173911,0.4965820284212034,0.5538461538461539,42,3,4,0.7169811320754716,,,,80.46322795911692
10,2,C_Random_Min_Diag,1,inf,variance,lasso,0.6551724137931034,0.7388059701492538,0.4389600866541477,0.5901639344262295,38,2,3,0.7307692307692307,0.631578947368421,2,0.76,57.99325029202737
10,2,C_Random_Min_Diag,1,inf,variance,MCP_down,0.43902439024390244,0.5532121998702142,0.3395686028761754,0.3235294117647059,45,8,0,0.59375,0.3235294117647059,8,0.59375,57.99325029202737
10,2,C_Random_Min_Diag,1,inf,variance,MCP_up,0.8205128205128205,0.7835820895522387,0.5581435847305718,0.6071428571428571,33,3,2,0.7755102040816326,0.5964912280701754,3,0.76,57.99325029202737
10,2,C_Random_Min_Diag,1,inf,variance,SCAD_up,0.85,0.762491888384166,0.49985633553029907,0.6071428571428571,33,3,2,0.7755102040816326,,,,57.99325029202737
10,2,C_Random_Min_Diag,2,inf,identity,lasso,0.7058823529411765,0.8858082706766919,0.5513570365986332,0.5652173913043478,32,0,3,0.6341463414634146,0.6046511627906976,0,0.6842105263157895,61.769647374982014
10,2,C_Random_Min_Diag,2,inf,identity,MCP_down,0.56,0.7396616541353384,0.45742370386969033,0.43478260869565216,32,2,2,0.5581395348837209,0.45454545454545453,2,0.5853658536585366,61.769647374982014
10,2,C_Random_Min_Diag,2,inf,identity,MCP_up,0.8387096774193549,0.9140037593984963,0.6500554446720412,0.6046511627906976,29,0,2,0.6666666666666666,0.6190476190476191,0,0.6842105263157895,61.769647374982014
10,2,C_Random_Min_Diag,2,inf,identity,SCAD_up,0.7878787878787878,0.8895676691729324,0.5561213284234071,0.6190476190476191,28,0,2,0.6842105263157895,,,,61.769647374982014
10,2,C_Random_Min_Diag,2,inf,variance,lasso,0.7428571428571429,0.8942669172932332,0.5542275849733834,0.6341463414634146,27,0,8,0.8387096774193549,0.7647058823529411,0,0.8666666666666667,29.45041804201901
10,2,C_Random_Min_Diag,2,inf,variance,MCP_down,0.5714285714285714,0.7034774436090225,0.4001732079296084,0.3829787234042553,33,4,1,0.5777777777777777,0.45454545454545453,3,0.6190476190476191,29.45041804201901
10,2,C_Random_Min_Diag,2,inf,variance,MCP_up,0.9629629629629629,0.9374999999999999,0.7316685007336269,0.7428571428571429,21,0,3,0.8666666666666667,0.7647058823529411,0,0.8666666666666667,29.45041804201901
10,2,C_Random_Min_Diag,2,inf,variance,SCAD_up,0.9629629629629629,0.9158834586466165,0.617600752422181,0.7428571428571429,21,0,3,0.8666666666666667,,,,29.45041804201901
10,2,C_Random_Min_Diag,3,inf,identity,lasso,0.7741935483870968,0.8881118881118881,0.4609239536965506,0.47058823529411764,38,0,5,0.5945945945945946,0.5714285714285714,0,0.6285714285714286,46.84290112485178
10,2,C_Random_Min_Diag,3,inf,identity,MCP_down,0.5185185185185185,0.6163836163836164,0.255020469726352,0.2978723404255319,34,4,1,0.5,0.30434782608695654,4,0.5116279069767442,46.84290112485178
10,2,C_Random_Min_Diag,3,inf,identity,MCP_up,0.8571428571428571,0.9070929070929072,0.529872904872905,0.5581395348837209,30,0,2,0.6111111111111112,0.5714285714285714,0,0.6285714285714286,46.84290112485178
10,2,C_Random_Min_Diag,3,inf,identity,SCAD_up,0.8,0.8896103896103897,0.46118857063129515,0.5581395348837209,30,0,2,0.6111111111111112,,,,46.84290112485178
10,2,C_Random_Min_Diag,3,inf,variance,lasso,0.7586206896551724,0.9090909090909092,0.6623747485083518,0.5454545454545454,31,0,6,0.6666666666666666,0.7272727272727273,0,0.7857142857142857,30.281565082957968
10,2,C_Random_Min_Diag,3,inf,variance,MCP_down,0.7692307692307693,0.8326673326673326,0.7093423389476021,0.43478260869565216,33,1,0,0.5,0.4444444444444444,1,0.5116279069767442,30.281565082957968
10,2,C_Random_Min_Diag,3,inf,variance,MCP_up,0.8888888888888888,0.9340659340659341,0.7990531370339062,0.7058823529411765,21,0,2,0.7586206896551724,0.7272727272727273,0,0.7857142857142857,30.281565082957968
10,2,C_Random_Min_Diag,3,inf,variance,SCAD_up,0.8888888888888888,0.9235764235764236,0.7232150202738439,0.7058823529411765,21,0,2,0.7586206896551724,,,,30.281565082957968
