p,k,c_choice,rep,max_acc,max_f1,auc,aupr,max_acc_incdiag,max_f1_incdiag,auc_incdiag,aupr_incdiag,lambda_max,n_true_edges,seconds
10,1,C_ID,0,0.9111111111111111,0.6363636363636364,0.7957422324510932,0.35763390649754284,0.92,0.8095238095238095,0.8930078360458107,0.8080599436744395,1.2514339125148803,11,1.6883781249634922
10,1,C_ID,7,0.9444444444444444,0.7058823529411765,0.8178353658536586,0.4817501523859283,0.95,0.8648648648648649,0.9190379403794038,0.8805781000188895,1.2315119617215131,8,1.0091415410861373
10,1,C_ID,14,0.9555555555555556,0.5454545454545454,0.94,0.5249494949494949,0.96,0.8571428571428571,0.98,0.9268401372019793,1.2202511129105023,5,2.731880332925357
10,1,C_ID,21,0.9111111111111111,0.6086956521739131,0.7637499999999999,0.3386010753951931,0.92,0.7906976744186046,0.881875,0.8159234712714686,1.3155788048707124,10,2.107010249979794
10,1,C_Random_Diag,3,0.9333333333333333,0.5714285714285714,0.7385670731707317,0.39915691140255094,0.94,0.8235294117647058,0.8838075880758807,0.8346053815241903,1.381309167020293,8,2.6925890831043944
10,1,C_Random_Diag,10,0.9666666666666667,0.8235294117647058,0.8971036585365854,0.6420951393377863,0.97,0.918918918918919,0.9542682926829269,0.9243982748171475,1.5856647051590056,8,2.7272848329739645
10,1,C_Random_Diag,17,0.8666666666666667,0.5714285714285714,0.7815170940170941,0.352423896909191,0.88,0.75,0.8808275058275059,0.7958404520450175,1.482896661004117,12,1.6857891250401735
10,1,C_Random_Diag,24,0.8888888888888888,0.6428571428571429,0.7805451127819548,0.4495013009764563,0.9,0.7916666666666666,0.8719846491228069,0.795745042521131,1.5856207679291512,14,2.5732907080091536
10,1,C_Random_Min_Diag,6,0.9444444444444444,0.7619047619047619,0.8861454046639231,0.5293490460157128,0.95,0.8780487804878049,0.9460688758934372,0.8910953720025743,1.4961443294421946,9,1.585424083052203
10,1,C_Random_Min_Diag,13,0.8888888888888888,0.6428571428571429,0.8051948051948051,0.5249517854869026,0.9,0.7916666666666666,0.8898927159796723,0.8322974350777015,1.3882243636870784,13,1.6536959169898182
10,1,C_Random_Min_Diag,20,0.9555555555555556,0.8,0.8964334705075445,0.5465047298380632,0.96,0.9,0.9509421702404158,0.9084110380910527,1.438235642148088,9,1.1118480419972911
10,1,C_Random_Full,2,0.9222222222222223,0.41379310344827586,0.7228915662650602,0.1621655827095898,0.93,0.7407407407407407,0.885896527285613,0.7807918375032996,1.403482609055224,7,0.9450286250794306
10,1,C_Random_Full,9,0.8888888888888888,0.5,0.79375,0.25087063476449667,0.9,0.6785714285714286,0.8968750000000001,0.7769706913456913,1.7175816789532934,10,3.103717374964617
10,1,C_Random_Full,16,0.8777777777777778,0.6060606060606061,0.7721518987341773,0.28222166212037997,0.89,0.7547169811320755,0.8806509945750451,0.7792292358600603,1.5732229855251578,11,4.857530583045445
10,1,C_Random_Full,23,0.9,0.6206896551724138,0.9204389574759946,0.4751198778288561,0.91,0.7906976744186046,0.9623131903833658,0.8687979565267272,1.6752214348124275,9,3.793244749889709
10,2,C_ID,5,0.8444444444444444,0.42105263157894735,0.6304898648648648,0.35166570700563426,0.86,0.6666666666666666,0.7726091476091477,0.7200650024653015,0.9257605864666747,16,2.2957618749933317
10,2,C_ID,12,0.8111111111111111,0.5263157894736842,0.6635714285714286,0.457371812969639,0.83,0.6896551724137931,0.7757142857142857,0.7365468004257433,1.4496660547839109,20,2.616012042039074
10,2,C_ID,19,0.9111111111111111,0.6923076923076923,0.86,0.6178465710714575,0.92,0.8260869565217391,0.9159999999999999,0.864403461341702,1.7572467250757349,15,2.754000083892606
10,2,C_Random_Diag,1,0.8444444444444444,0.5909090909090909,0.8007518796992481,0.3345089833973964,0.86,0.71875,0.8837719298245614,0.7681565876265631,1.6502182387940665,14,1.8173550840001553
10,2,C_Random_Diag,8,0.8333333333333334,0.5945945945945946,0.8020756115641217,0.4986853136927705,0.85,0.7368421052631579,0.8703254006799418,0.7863514979470594,1.454074698031029,19,3.2879339170176536
10,2,C_Random_Diag,15,0.8555555555555555,0.6222222222222222,0.7953263497179694,0.4939790183199854,0.87,0.7450980392156863,0.8711314053779807,0.8025147414204521,1.1616723127093538,17,3.493217416922562
10,2,C_Random_Diag,22,0.8333333333333334,0.6538461538461539,0.853780864197531,0.46304121903356665,0.85,0.7575757575757576,0.9060019841269842,0.8024960077514456,1.5507518687068493,18,1.925681082997471
10,2,C_Random_Min_Diag,4,0.8333333333333334,0.3728813559322034,0.5777777777777777,0.19192644809241027,0.85,0.6086956521739131,0.7466666666666666,0.64985431833174,2.9536400317956915,15,88.33989966695663
10,2,C_Random_Min_Diag,11,0.7777777777777778,0.47619047619047616,0.6818495514147689,0.4332771936211748,0.8,0.6551724137931034,0.7844787283777467,0.7295666380395025,1.530753402381874,21,2.3808206249959767
10,2,C_Random_Min_Diag,18,0.8111111111111111,0.49122807017543857,0.6760676873489122,0.3007624739330123,0.83,0.6538461538461539,0.7960426179604262,0.7084853971016702,1.8011153275785579,17,7.252447374979965
10,2,C_Random_Full,0,0.7555555555555555,0.5555555555555556,0.6529447115384616,0.5137758455734307,0.78,0.6756756756756757,0.7493489583333334,0.7365513418290661,1.5887011635317432,26,4.5678057910408825
10,2,C_Random_Full,7,0.8333333333333334,0.5416666666666666,0.7039695945945946,0.323180657027726,0.85,0.6923076923076923,0.8178274428274428,0.7354905646854675,2.141677884856154,16,4.786981250043027
10,2,C_Random_Full,14,0.7555555555555555,0.45901639344262296,0.5591577540106951,0.2604317823709319,0.78,0.5925925925925926,0.696920955882353,0.6247361642600943,1.4530353685340338,22,4.76430350006558
10,2,C_Random_Full,21,0.8111111111111111,0.4375,0.5794753086419753,0.3376557415571697,0.83,0.6538461538461539,0.7296626984126984,0.6959051323912713,1.2875202572811486,18,1.553428207989782
10,3,C_ID,3,0.7888888888888889,0.6885245901639344,0.6932750136686714,0.6263619565453168,0.81,0.7654320987654321,0.7680859859446052,0.7814648527289249,1.3856793790294084,31,1.7061123750172555
10,3,C_ID,10,0.7333333333333333,0.6666666666666666,0.7303896103896104,0.6251608616846198,0.76,0.7391304347826086,0.7903030303030303,0.7947591361181062,1.1771233588776782,35,1.4602282909909263
10,3,C_ID,17,0.8111111111111111,0.6461538461538462,0.7752403846153846,0.5542118549818569,0.83,0.746268656716418,0.837673611111111,0.7950314060379985,1.6745495541045623,26,4.128002083976753
10,3,C_ID,24,0.7888888888888889,0.5714285714285714,0.7219065656565656,0.5200044032250483,0.81,0.6842105263157895,0.803698752228164,0.7654511221806035,1.2231594133281498,24,1.8937635420588776
10,3,C_Random_Diag,6,0.7444444444444445,0.52,0.642857142857143,0.48289979385923254,0.77,0.6571428571428571,0.7393822393822395,0.7276095406764536,1.50509136719688,27,2.794564166921191
10,3,C_Random_Diag,13,0.7888888888888889,0.6666666666666666,0.7912992357436801,0.6293777636938579,0.81,0.7532467532467533,0.8477048477048477,0.8090146006390354,1.304864170914317,27,2.4761824160814285
10,3,C_Random_Diag,20,0.8,0.6896551724137931,0.6956129807692307,0.4362189015527177,0.82,0.7692307692307693,0.7801649305555556,0.7255865629547643,1.833466256456202,26,4.6458809999749064
10,3,C_Random_Min_Diag,2,0.8,0.7352941176470589,0.7721928277483834,0.5107975813455516,0.82,0.7954545454545454,0.8337623337623338,0.763306130951543,1.3836276434858317,27,2.8863325419370085
10,3,C_Random_Min_Diag,9,0.8111111111111111,0.711864406779661,0.7416619559072921,0.701948216400773,0.83,0.7848101265822784,0.8079024800336275,0.8245282728002482,1.3698715419072451,29,1.987951916991733
10,3,C_Random_Min_Diag,16,0.7666666666666667,0.6206896551724138,0.6820276497695852,0.6137313350918874,0.79,0.717948717948718,0.765704584040747,0.7779414771741469,1.2536767711729118,28,1.4216208329889923
10,3,C_Random_Min_Diag,23,0.8222222222222222,0.7333333333333333,0.7652649769585254,0.6113633309213565,0.84,0.8,0.827037351443124,0.8058767943261922,1.469899396808164,28,1.760919374995865
10,3,C_Random_Full,5,0.7444444444444445,0.5454545454545454,0.6509327303561334,0.5406462374779224,0.77,0.6666666666666666,0.7404371584699453,0.7452480599239587,1.2704007572715699,29,2.594962375005707
10,3,C_Random_Full,12,0.7333333333333333,0.46153846153846156,0.5868055555555556,0.3525357333675234,0.76,0.5882352941176471,0.7083333333333334,0.671263341813906,1.8318656794713641,24,3.3475877080345526
10,3,C_Random_Full,19,0.7444444444444445,0.5588235294117647,0.6419753086419753,0.48469608733722597,0.77,0.6590909090909091,0.7387387387387387,0.7244695942850935,0.9923786365863273,27,1.7136201249668375
10,4,C_ID,1,0.7111111111111111,0.6329113924050633,0.642,0.6456442960130836,0.74,0.7111111111111111,0.7136000000000001,0.7785780323446749,1.3671186397381707,40,2.6948799579404294
10,4,C_ID,8,0.7333333333333333,0.6031746031746031,0.605795516675779,0.48259629418683114,0.76,0.7,0.7019429516329061,0.7072905059523753,1.4666683046446818,31,5.4639647079166025
10,4,C_ID,15,0.8111111111111111,0.7384615384615385,0.7228571428571429,0.637457674148716,0.83,0.8,0.7844444444444445,0.8074871975442509,1.0195935729801848,35,2.5133933749748394
10,4,C_ID,22,0.7333333333333333,0.6666666666666666,0.6852226720647773,0.6503182941505391,0.76,0.7391304347826086,0.7508012820512819,0.7920661252944186,1.1783202529168009,38,4.300301417009905
10,4,C_Random_Diag,4,0.6777777777777778,0.6329113924050633,0.6024797570850202,0.5755615698975891,0.71,0.7070707070707071,0.6852964743589743,0.7430524233529311,1.4354761138284768,38,1.7474611250218004
10,4,C_Random_Diag,11,0.7555555555555555,0.6764705882352942,0.7392344497607655,0.6528179101683184,0.78,0.75,0.7998776009791921,0.800754842068398,1.2821622914749065,33,1.9047714159823954
10,4,C_Random_Diag,18,0.7,0.6506024096385542,0.6687753036437246,0.5736791061419682,0.73,0.72,0.7377804487179486,0.7537785107115665,1.9620027220961331,38,3.533320334041491
10,4,C_Random_Min_Diag,0,0.7444444444444445,0.5901639344262295,0.7067307692307693,0.5248326894656227,0.77,0.6923076923076923,0.7881944444444444,0.75089916151055,1.2537394942366058,26,2.0037003750912845
10,4,C_Random_Min_Diag,7,0.6888888888888889,0.5882352941176471,0.6275303643724697,0.5634743403552008,0.72,0.6818181818181818,0.7051282051282051,0.7587103968969535,1.0778185206826527,38,1.5488398750312626
10,4,C_Random_Min_Diag,14,0.6444444444444445,0.5822784810126582,0.58683819891143,0.6398875749122557,0.68,0.6666666666666666,0.6593227254181967,0.7766192837339491,1.1250522765950712,47,1.7450636660214514
10,4,C_Random_Min_Diag,21,0.7222222222222222,0.5806451612903226,0.6678340517241379,0.5982819675351219,0.75,0.6829268292682927,0.7469211822660098,0.7643039929588813,1.3766360235205342,32,2.891967708012089
10,4,C_Random_Full,3,0.5666666666666667,0.5411764705882353,0.5108641975308642,0.4859859843862663,0.61,0.6285714285714286,0.5997979797979798,0.6921252576294088,1.179207212362449,45,1.5434793749591336
10,4,C_Random_Full,10,0.7222222222222222,0.6376811594202898,0.57484243697479,0.46580019899389,0.75,0.7191011235955056,0.6714691558441559,0.6989747232709302,1.5773724429016553,34,2.991299625020474
10,4,C_Random_Full,17,0.6777777777777778,0.5945945945945946,0.6091279959204488,0.5322515301745391,0.71,0.6808510638297872,0.6922922521075873,0.7301212591650503,1.5554494767753684,37,2.059184500016272
10,4,C_Random_Full,24,0.6,0.5609756097560976,0.5443006470881034,0.5175795415421242,0.64,0.6470588235294118,0.6336534613845538,0.7082051566333099,1.4250556890703412,41,2.216145292040892
15,1,C_ID,6,0.9380952380952381,0.6111111111111112,0.8147551546391754,0.4893568344845646,0.9422222222222222,0.7878787878787878,0.9043897572331228,0.8300469250392839,1.6552234329539495,16,3.2078267500037327
15,1,C_ID,13,0.9333333333333333,0.6511627906976745,0.8245081018518519,0.5169613098635935,0.9377777777777778,0.7945205479452054,0.9042771464646465,0.8340331237242151,1.2845675330082813,18,3.0105803749756888
15,1,C_ID,20,0.9523809523809523,0.48,0.7818638647784376,0.36908675115065803,0.9555555555555556,0.7843137254901961,0.9077116350985698,0.8342740079570679,1.0933541757506346,11,3.8076162500074133
15,1,C_Random_Diag,2,0.9380952380952381,0.47368421052631576,0.8361880466472302,0.3125465860457318,0.9422222222222222,0.7111111111111111,0.9209183673469388,0.7940726500224068,1.8560622793161285,14,16.977509333053604
15,1,C_Random_Diag,9,0.9761904761904762,0.8148148148148148,0.9484427609427609,0.5780445126768656,0.9777777777777777,0.9122807017543859,0.9770856715301159,0.9209759322802801,1.0946084812959271,12,3.7999526250641793
15,1,C_Random_Diag,16,0.9666666666666667,0.6666666666666666,0.8595909342177999,0.3429258610842296,0.9688888888888889,0.8627450980392157,0.947346600331675,0.8819652991963978,1.6795693703354968,9,6.398141541983932
15,1,C_Random_Diag,23,0.9142857142857143,0.6071428571428571,0.9192708333333335,0.3294900128970517,0.92,0.7441860465116279,0.9559659090909092,0.7914309369180427,2.4008088170017947,18,13.73798633296974
15,1,C_Random_Min_Diag,5,0.9714285714285714,0.5333333333333333,0.9383169934640523,0.28428683889210205,0.9733333333333334,0.8444444444444444,0.982376283846872,0.9169213910959149,1.4314668528993137,6,4.746845250017941
15,1,C_Random_Min_Diag,12,0.9523809523809523,0.6666666666666666,0.8964646464646464,0.4344267519443352,0.9555555555555556,0.8333333333333334,0.9539842873176206,0.8879937152922944,1.6610378354734978,12,3.3759289169684052
15,1,C_Random_Min_Diag,19,0.9571428571428572,0.64,0.8535861123800823,0.3452530694748539,0.96,0.8363636363636363,0.9380556629300347,0.862939883070642,1.4816769755298194,11,4.504721125005744
15,1,C_Random_Full,1,0.9523809523809523,0.4827586206896552,0.88025,0.3816392888833518,0.9555555555555556,0.7843137254901961,0.9521000000000001,0.8667256501732037,1.4962665245432918,10,9.667218666989356
15,1,C_Random_Full,8,0.9476190476190476,0.37037037037037035,0.6217450890817725,0.12145734326442374,0.9511111111111111,0.7317073170731707,0.8399690761499807,0.7440928002393953,1.2963603112231405,11,4.253722083987668
15,1,C_Random_Full,15,0.9047619047619048,0.38461538461538464,0.6656578947368421,0.23508744116883085,0.9111111111111111,0.6153846153846154,0.8089473684210526,0.6894895234637379,1.8557067742633333,20,16.462033417075872
15,1,C_Random_Full,22,0.9238095238095239,0.48,0.7835051546391751,0.2673807849545503,0.9288888888888889,0.6792452830188679,0.8882607249750581,0.7696839507575965,1.677508826904513,16,5.837622499908321
15,2,C_ID,4,0.8666666666666667,0.5294117647058824,0.7621137640449438,0.46286040147707214,0.8755555555555555,0.673469387755102,0.8380349031795362,0.7390668460374985,1.3678617807522835,32,2.7253140839748085
15,2,C_ID,11,0.9,0.5714285714285714,0.842181899641577,0.5072973553243949,0.9066666666666666,0.7209302325581395,0.9028811690102012,0.7980182709869785,1.463474040771515,24,5.937993625062518
15,2,C_ID,18,0.8714285714285714,0.6111111111111112,0.8317592592592592,0.394654692452264,0.88,0.7272727272727273,0.8878395061728395,0.7430641850453036,1.5134989362864344,30,3.5242324999999255
15,2,C_Random_Diag,0,0.8523809523809524,0.5714285714285714,0.7448195187165776,0.45723918412599973,0.8622222222222222,0.6915887850467289,0.8229359925788496,0.7218333271293815,1.5841984747953703,34,9.221403457922861
15,2,C_Random_Diag,7,0.9095238095238095,0.42857142857142855,0.6960595205290713,0.21941252599070676,0.9155555555555556,0.6666666666666666,0.8301509085309515,0.7056541854838853,1.167220165563226,19,4.033525082981214
15,2,C_Random_Diag,14,0.8666666666666667,0.5263157894736842,0.7580491522194703,0.34697385808098047,0.8755555555555555,0.6666666666666666,0.8405323957810145,0.7143263459554385,1.962011091269907,29,5.729598958045244
15,2,C_Random_Diag,21,0.8571428571428571,0.45,0.6906649846819246,0.29806863100488246,0.8666666666666667,0.6037735849056604,0.7915350983726015,0.6514092682451773,1.8147690411081783,31,5.666555167059414
15,2,C_Random_Min_Diag,3,0.8952380952380953,0.5294117647058824,0.832688588007737,0.35849546724037573,0.9022222222222223,0.673469387755102,0.9005175388154112,0.7561849849438289,2.5058302794547243,22,10.261550665949471
15,2,C_Random_Min_Diag,10,0.8904761904761904,0.5588235294117647,0.7674594594594595,0.4221277670656578,0.8977777777777778,0.7032967032967034,0.8546621621621621,0.7572336484019583,1.7385015296961785,25,5.920330459019169
15,2,C_Random_Min_Diag,17,0.919047619047619,0.6046511627906976,0.8561842105263157,0.3857817971283548,0.9244444444444444,0.7671232876712328,0.9178195488721804,0.7852841383826632,1.803255484011206,20,8.613347625010647
15,2,C_Random_Min_Diag,24,0.919047619047619,0.6666666666666666,0.8259007306626354,0.40830010488914326,0.9244444444444444,0.7901234567901234,0.8984420928865373,0.8046913268841345,1.7950930724875243,21,7.847356457961723
15,2,C_Random_Full,6,0.8809523809523809,0.3673469387755102,0.637837837837838,0.23764743467368205,0.8888888888888888,0.6075949367088608,0.7736486486486487,0.6539612003174375,1.9562579804650688,25,10.866247083991766
15,2,C_Random_Full,13,0.9142857142857143,0.5,0.7246817129629629,0.2970634181299611,0.92,0.704225352112676,0.849826388888889,0.746228613625258,1.7633569329912255,18,8.400100290891714
15,2,C_Random_Full,20,0.8714285714285714,0.46511627906976744,0.7208055049585104,0.26456730936013007,0.88,0.6046511627906976,0.8205178246161853,0.6717477614161751,2.058194525376062,27,10.916316249989904
15,3,C_ID,2,0.8333333333333334,0.6538461538461539,0.7758249158249158,0.4934340937079424,0.8444444444444444,0.7313432835820896,0.8318686868686869,0.7268190650162394,1.529417979606293,45,5.650825625052676
15,3,C_ID,9,0.8523809523809524,0.651685393258427,0.7511764705882353,0.45564358806937894,0.8622222222222222,0.7394957983193278,0.8190374331550803,0.7251613509633157,1.6248870118013614,40,2.7631331250304356
15,3,C_ID,16,0.8047619047619048,0.5116279069767442,0.7292255892255891,0.4476289981921828,0.8177777777777778,0.6379310344827587,0.7969191919191919,0.6905424766306814,1.3279316893562463,45,4.20848729100544
15,3,C_ID,23,0.8714285714285714,0.5822784810126582,0.7966116573033708,0.507374814898244,0.88,0.6972477064220184,0.8615228305044226,0.7669693868956586,1.3393241684436108,32,5.845239917049184
15,3,C_Random_Diag,5,0.8095238095238095,0.5378151260504201,0.7177914110429447,0.49351429960947346,0.8222222222222222,0.64,0.786067682564813,0.7134022129832435,1.3809290987704286,47,5.870511415996589
15,3,C_Random_Diag,12,0.8380952380952381,0.5494505494505495,0.7184814872676145,0.4398139542801152,0.8488888888888889,0.6611570247933884,0.7996887505558026,0.7080747405650902,1.4112456769462112,37,7.392430583946407
15,3,C_Random_Diag,19,0.8095238095238095,0.47368421052631576,0.6557365826944141,0.3582704309431218,0.8222222222222222,0.6226415094339622,0.7432611803144783,0.6471528958869885,2.1302516477743527,44,4.626371957943775
15,3,C_Random_Min_Diag,1,0.8571428571428571,0.6153846153846154,0.7141762985656592,0.5512127166592276,0.8666666666666667,0.7222222222222222,0.7880962213504026,0.737647209056931,1.3304959833239323,43,3.2978540000040084
15,3,C_Random_Min_Diag,8,0.8809523809523809,0.5714285714285714,0.8261914715719063,0.3720738463921584,0.8888888888888888,0.6915887850467289,0.8897799575821845,0.7332393109695687,2.348617469562022,26,8.14776429196354
15,3,C_Random_Min_Diag,15,0.7904761904761904,0.5740740740740741,0.6865993265993265,0.398494296713063,0.8044444444444444,0.6666666666666666,0.7649494949494949,0.6656323549234724,1.8596630920678248,45,5.104232041048817
15,3,C_Random_Min_Diag,22,0.8714285714285714,0.6075949367088608,0.7062528115159694,0.5911199274863116,0.88,0.7184466019417476,0.7878492527615335,0.7548697839961289,1.320191493337015,39,2.0928148339735344
15,3,C_Random_Full,4,0.8476190476190476,0.432,0.6584445224719102,0.24006158818079587,0.8577777777777778,0.5573770491803278,0.767451589768109,0.6134095278516221,2.095505258485878,32,8.434818750014529
15,3,C_Random_Full,11,0.8333333333333334,0.417910447761194,0.6531428571428572,0.2602383942196805,0.8444444444444444,0.528,0.7572000000000001,0.6057343615880479,2.065468697355002,35,5.049040083074942
15,3,C_Random_Full,18,0.7857142857142857,0.45588235294117646,0.6459932659932659,0.3279566837175387,0.8,0.5588235294117647,0.7344949494949494,0.6228000866494954,1.5609633132506002,45,3.399749542004429
15,4,C_ID,0,0.719047619047619,0.5324675324675324,0.6237755102040817,0.4671768721961805,0.7377777777777778,0.6086956521739131,0.6901680672268907,0.6578862097317737,1.8354469462437502,70,6.741525250021368
15,4,C_ID,7,0.7666666666666667,0.5693430656934306,0.7077743378052975,0.5202868970206094,0.7822222222222223,0.6467065868263473,0.7686546840958606,0.7018592945342668,1.3062440338269081,57,3.2829232909716666
15,4,C_ID,14,0.7571428571428571,0.48214285714285715,0.6299902629016553,0.3519094108850452,0.7733333333333333,0.5942028985507246,0.7128282637445682,0.6200653883963365,1.9681319108594795,52,7.143831208930351
15,4,C_ID,21,0.7238095238095238,0.5039370078740157,0.6285774410774412,0.4767118984591254,0.7422222222222222,0.5987261146496815,0.6973593964334706,0.6674916808284461,1.5941084209919696,66,2.8025252500083297
15,4,C_Random_Diag,3,0.6904761904761905,0.4050632911392405,0.4938419789166058,0.3418378990248218,0.7111111111111111,0.5285714285714286,0.5864318608221047,0.5657983787671969,3.661136740960118,67,46.71368870802689
15,4,C_Random_Diag,10,0.7238095238095238,0.5396825396825397,0.6411734693877551,0.5140048944854219,0.7422222222222222,0.6282051282051282,0.7044957983193277,0.6798250494652999,1.2591604562321308,70,2.8005206249654293
15,4,C_Random_Diag,17,0.7523809523809524,0.5483870967741935,0.6454661410018552,0.4048106276731792,0.7688888888888888,0.6363636363636364,0.7203676605085054,0.633526974460247,1.446351641979194,56,2.9646490829763934
15,4,C_Random_Diag,24,0.7761904761904762,0.5614035087719298,0.72455317530739,0.42469664451749756,0.7911111111111111,0.6527777777777778,0.7891110248447205,0.677997453842898,1.247806926245024,49,2.6638407499995083
15,4,C_Random_Min_Diag,6,0.7857142857142857,0.5470085470085471,0.7211143695014662,0.5378480807121503,0.8,0.6394557823129252,0.7808755760368663,0.7170735152041268,1.7219604240158557,55,2.918881874997169
15,4,C_Random_Min_Diag,13,0.819047619047619,0.6608695652173913,0.7409931840311588,0.6068049466252698,0.8311111111111111,0.7310344827586207,0.7989797846211979,0.7566177090239458,1.4851231614558589,52,3.600986374891363
15,4,C_Random_Min_Diag,20,0.8142857142857143,0.5494505494505495,0.6593357840030423,0.4528941145675076,0.8266666666666667,0.6611570247933884,0.7391789596273293,0.6861999962596108,1.2704236678007526,49,1.587171541992575
15,4,C_Random_Full,2,0.7380952380952381,0.5087719298245614,0.6331748608534322,0.4048220085654388,0.7555555555555555,0.6111111111111112,0.7106731296872142,0.6364755173857817,1.3651805100659096,56,3.318052834016271
15,4,C_Random_Full,9,0.6952380952380952,0.460431654676259,0.579890839041096,0.3784664302102382,0.7155555555555555,0.5562130177514792,0.6596584012484827,0.6108520096749169,1.133527021370887,64,3.3151450000004843
15,4,C_Random_Full,16,0.7428571428571429,0.4383561643835616,0.5824046920821114,0.3614636297453343,0.76,0.5340909090909091,0.6718894009216589,0.6005377202675825,1.9260467370895142,55,5.451258833054453
15,4,C_Random_Full,23,0.7380952380952381,0.42424242424242425,0.5896774193548386,0.3339641140685396,0.7555555555555555,0.5308641975308642,0.6776036866359447,0.5919184930668905,1.2701042583168738,55,3.138171083992347
20,1,C_ID,5,0.9394736842105263,0.5454545454545454,0.8717868009652711,0.380119156045144,0.9425,0.7368421052631579,0.9263456090651556,0.7808927767968528,1.5411227429287526,27,28.153492707991973
20,1,C_ID,12,0.9605263157894737,0.7058823529411765,0.8862944756554307,0.5798201015802096,0.9625,0.8351648351648352,0.9379788049029623,0.8606709655642579,1.3699127858568836,24,3.9937032089801505
20,1,C_ID,19,0.9421052631578948,0.56,0.8599999999999999,0.34219956440844507,0.945,0.7555555555555555,0.9222222222222222,0.786767602842467,1.7704917145745513,25,8.183959375019185
20,1,C_Random_Diag,1,0.9421052631578948,0.6101694915254238,0.8625351123595506,0.3956534808550749,0.945,0.7708333333333334,0.9250191521961185,0.8210989499097001,1.3695830101495239,24,6.718971124966629
20,1,C_Random_Diag,8,0.9447368421052632,0.56,0.8714448958862366,0.4402206104439971,0.9475,0.7555555555555555,0.9326616121308858,0.837950685898122,1.2173540187190348,22,6.016721540945582
20,1,C_Random_Diag,15,0.9552631578947368,0.4888888888888889,0.8441095446443039,0.22536360615111328,0.9575,0.7294117647058823,0.928374655647383,0.7867938132275873,2.2755789174737533,17,9.612466500024311
20,1,C_Random_Diag,22,0.9578947368421052,0.5128205128205128,0.853021978021978,0.24672566692466236,0.96,0.759493670886076,0.9346764346764346,0.8076425386903723,2.0664269772275676,16,6.709413500037044
20,1,C_Random_Min_Diag,4,0.968421052631579,0.7142857142857143,0.9468481607519041,0.44438157679053497,0.97,0.8536585365853658,0.9755788846697939,0.889867433896461,1.6274828129120933,17,5.1146229159785435
20,1,C_Random_Min_Diag,11,0.9421052631578948,0.5797101449275363,0.8518918232605384,0.3437164650553407,0.945,0.7358490566037735,0.9224195264698057,0.7963179058467091,2.218287690588617,22,5.574563750065863
20,1,C_Random_Min_Diag,18,0.9631578947368421,0.5882352941176471,0.793611111111111,0.38559812998356124,0.965,0.8108108108108109,0.8968055555555555,0.8181589530521339,1.2258943284771762,20,4.868195667047985
20,1,C_Random_Full,0,0.9736842105263158,0.4,0.731081081081081,0.18235877720012772,0.975,0.8,0.9103603603603604,0.8498464038120451,1.4491437073095856,10,7.45570883306209
20,1,C_Random_Full,7,0.968421052631579,0.3888888888888889,0.8141983695652175,0.19573129013695545,0.97,0.7692307692307693,0.9303243885869565,0.8298925593614281,1.4189222996117588,12,7.386480999994092
20,1,C_Random_Full,14,0.9631578947368421,0.35294117647058826,0.7701990632318502,0.18906091158397648,0.965,0.75,0.9053760848601735,0.7771739551388215,1.6256685541507916,14,8.217938166926615
20,1,C_Random_Full,21,0.9394736842105263,0.4383561643835616,0.8340640604067714,0.22304591683091654,0.9425,0.6371681415929203,0.9112435671943195,0.7296174389717469,1.6592410968380729,23,8.240823041065596
20,2,C_ID,3,0.9184210526315789,0.6,0.8544492894056848,0.5208491719419588,0.9225,0.7333333333333333,0.9064316860465116,0.7839617316862955,1.613488896552907,36,5.314817750011571
20,2,C_ID,10,0.8894736842105263,0.4888888888888889,0.8218512256973796,0.312175354805289,0.895,0.6461538461538462,0.8793185722466119,0.6771628331847175,2.605540922133886,42,16.144948875065893
20,2,C_ID,17,0.9236842105263158,0.6024096385542169,0.8638044181532489,0.43447580496605076,0.9275,0.7350427350427351,0.917214450250014,0.7907764925099348,1.8781954557919465,31,11.464079083991237
20,2,C_ID,24,0.9105263157894737,0.4842105263157895,0.7208007480448827,0.28306136275326177,0.915,0.6470588235294118,0.8242078783986299,0.6907001257950631,1.8027418374134605,34,4.147066459059715
20,2,C_Random_Diag,6,0.8894736842105263,0.5289256198347108,0.8191391941391941,0.3579292630808405,0.895,0.6530612244897959,0.8774813895781638,0.7090988701231367,1.8024636796921625,42,5.380379416979849
20,2,C_Random_Diag,13,0.9473684210526315,0.6875,0.9133878921414332,0.4841388009294873,0.95,0.8076923076923077,0.9502441082514618,0.8331533747212626,1.6632678687221287,27,4.912512167007662
20,2,C_Random_Diag,20,0.8842105263157894,0.5094339622641509,0.768939393939394,0.3130500519932969,0.89,0.6438356164383562,0.8411458333333334,0.6678911168226078,1.535097851957658,44,5.003253666916862
20,2,C_Random_Min_Diag,2,0.9263157894736842,0.5625,0.8292247534852091,0.42426700337261486,0.93,0.7307692307692307,0.8924748447869835,0.7671424411130628,1.8703882945042052,34,4.851837333058938
20,2,C_Random_Min_Diag,9,0.9421052631578948,0.6857142857142857,0.856868395773295,0.44014394204463536,0.945,0.8,0.91088032189658,0.790877818317361,1.4703584967255008,33,8.622620917041786
20,2,C_Random_Min_Diag,16,0.8894736842105263,0.5054945054945055,0.7790574809805579,0.36041838529231535,0.895,0.6564885496183206,0.8503292613094102,0.6933006951180862,1.253615317736715,42,5.7850241670385
20,2,C_Random_Min_Diag,23,0.9447368421052632,0.6666666666666666,0.8974736201298702,0.48666987341623563,0.9475,0.7961165048543689,0.9401929450757576,0.8244142913753735,1.5966073195747825,28,4.955288874916732
20,2,C_Random_Full,5,0.8842105263157894,0.4835164835164835,0.7235186688311688,0.31588152328042646,0.89,0.6412213740458015,0.8099190848214286,0.6567569064510707,1.6486306161168227,44,10.630915082991123
20,2,C_Random_Full,12,0.8842105263157894,0.45,0.6945684523809523,0.23201367399093048,0.89,0.5875,0.7900158110119047,0.6063796611394136,1.891632745439552,44,10.392792041995563
20,2,C_Random_Full,19,0.8789473684210526,0.4217687074829932,0.7006638896120801,0.25584301475613924,0.885,0.5594405594405595,0.7913718018508438,0.6156796702191134,2.1933192015338325,46,15.811579250032082
20,3,C_ID,1,0.8605263157894737,0.4788732394366197,0.7271074755737332,0.3681611438628618,0.8675,0.6103896103896104,0.8008622119051567,0.6484509858470613,1.3683490780192091,54,6.539082083036192
20,3,C_ID,8,0.8605263157894737,0.5314685314685315,0.7662863756613756,0.3958879734748625,0.8675,0.6338797814207651,0.8277899610136452,0.6797447486206004,2.3809127055358026,56,6.064124124939553
20,3,C_ID,15,0.8421052631578947,0.4580152671755725,0.6642708333333333,0.2660444268573096,0.85,0.5847953216374269,0.748203125,0.5701702496327191,3.7576539260494584,60,27.25735650002025
20,3,C_ID,22,0.8763157894736842,0.5546218487394958,0.761945865959677,0.3913063947333036,0.8825,0.6666666666666666,0.8309470642322343,0.6927543253196844,1.6462619402231913,49,6.915942750056274
20,3,C_Random_Diag,4,0.8631578947368421,0.5432098765432098,0.781912615121011,0.45532686110024206,0.87,0.65,0.8378324573976749,0.694256366414695,1.665310763470781,58,8.085466917022131
20,3,C_Random_Diag,11,0.8526315789473684,0.4662576687116564,0.7307925485008818,0.295938639921174,0.86,0.5833333333333334,0.8016366146848604,0.6100978843703428,2.4696869008944997,56,23.767550750053488
20,3,C_Random_Diag,18,0.8710526315789474,0.5714285714285714,0.7453148425787106,0.43440521256178255,0.8775,0.6794871794871795,0.81061872909699,0.693322252125631,2.160785700772506,58,5.602631250047125
20,3,C_Random_Min_Diag,0,0.8763157894736842,0.5573770491803278,0.7658500710083181,0.4844666558681432,0.8825,0.6666666666666666,0.8229598097867772,0.7066917042768891,1.4189686829814934,62,7.224391583935358
20,3,C_Random_Min_Diag,7,0.8763157894736842,0.5882352941176471,0.7865962725751543,0.4396893114620982,0.8825,0.6918238993710691,0.8450630472120982,0.709409397265502,1.4549524039774344,53,5.075495124910958
20,3,C_Random_Min_Diag,14,0.868421052631579,0.5369127516778524,0.7569072606553866,0.4755981817823805,0.875,0.6428571428571429,0.8192387322822104,0.6975717048487815,1.3132557391940245,58,5.966874334029853
20,3,C_Random_Min_Diag,21,0.8736842105263158,0.5094339622641509,0.7102330293819656,0.39972315287724636,0.88,0.6438356164383562,0.791857528147609,0.6653098131472166,1.79291235312261,51,5.351032832986675
20,3,C_Random_Full,3,0.8552631578947368,0.4788732394366197,0.6702097902097902,0.28307906530471455,0.8625,0.5934065934065934,0.7581538461538462,0.6029863308809522,1.591000111477188,55,10.534544666996226
20,3,C_Random_Full,10,0.8447368421052631,0.422360248447205,0.6863086752204445,0.27253626456174274,0.8525,0.5376344086021505,0.7657242004810915,0.5833959258681782,1.2591147960428828,59,6.608514875057153
20,3,C_Random_Full,17,0.8605263157894737,0.384,0.625986013986014,0.2950325115118512,0.8675,0.5467625899280576,0.7257230769230769,0.5854918487855096,1.340207710122978,55,5.9217158750398085
20,3,C_Random_Full,24,0.8473684210526315,0.38620689655172413,0.6448650674662669,0.28135240165421466,0.855,0.518918918918919,0.7359253065774806,0.5816069360257456,1.8147620211845863,58,8.275905458023772
20,4,C_ID,6,0.8157894736842105,0.5317919075144508,0.6777892074921779,0.4172200714941689,0.825,0.6217616580310881,0.7442244224422441,0.6375139280777667,2.0181959225411426,77,6.921570207923651
20,4,C_ID,13,0.7947368421052632,0.4842105263157895,0.6784308952983651,0.4195316990980893,0.805,0.5739130434782609,0.7408714981530515,0.6293028737385391,1.4882824309458562,83,4.689669957966544
20,4,C_ID,20,0.7710526315789473,0.4623115577889447,0.6200770547945205,0.36349488597609025,0.7825,0.5523012552301255,0.6904331557584982,0.5847147095064202,1.881802229355661,88,4.843180457944982
20,4,C_Random_Diag,2,0.7973684210526316,0.5520833333333334,0.6915517973666938,0.4704749957229374,0.8075,0.6293103448275862,0.7481477978498692,0.6535130254821944,1.6157471822047866,89,6.359477416030131
20,4,C_Random_Diag,9,0.8289473684210527,0.5903614457831325,0.7282552342971087,0.5431267561319199,0.8375,0.6699029126213593,0.7800161420500403,0.7019368859874906,1.3879740893004342,85,6.087843375047669
20,4,C_Random_Diag,16,0.8184210526315789,0.5116279069767442,0.7391549422799423,0.4198460967880012,0.8275,0.6054054054054054,0.7958603896103896,0.6489532165996533,1.3491112593944588,72,3.4534502919996157
20,4,C_Random_Diag,23,0.8526315789473684,0.5540540540540541,0.743110599078341,0.49019336285540904,0.86,0.6514285714285715,0.8001971326164874,0.6949991813312324,1.2084238675786603,70,5.170269040972926
20,4,C_Random_Min_Diag,5,0.7947368421052632,0.5617977528089888,0.7342572283150548,0.45444011665462325,0.805,0.6422018348623854,0.7848748991121873,0.6565147285351878,1.5758213779948549,85,6.428204833064228
20,4,C_Random_Min_Diag,12,0.7842105263157895,0.5258215962441315,0.6809041184041184,0.40152090089374615,0.795,0.6098654708520179,0.742268711018711,0.6233064845360315,1.3455970982504326,84,7.216614000033587
20,4,C_Random_Min_Diag,19,0.8210526315789474,0.5802469135802469,0.7363316418399083,0.5375012264711146,0.83,0.6633663366336634,0.7880313199105146,0.6954316479064114,1.3565216803217985,82,4.001081291004084
20,4,C_Random_Full,1,0.8210526315789474,0.46875,0.6445371417797888,0.27517514729069864,0.83,0.5714285714285714,0.7253241550116549,0.5527937440656934,2.461806826104371,68,24.087948333006352
20,4,C_Random_Full,8,0.8210526315789474,0.4675324675324675,0.6712514858210222,0.45205191014575774,0.83,0.5773195876288659,0.7383430193269362,0.6393088348897931,1.4378013768852915,78,5.4624113329919055
20,4,C_Random_Full,15,0.8315789473684211,0.4968152866242038,0.6861059907834101,0.373756938649082,0.84,0.5989847715736041,0.7558602150537634,0.6291701617426692,1.968482990948719,70,6.638947583036497
20,4,C_Random_Full,22,0.8368421052631579,0.4246575342465753,0.6814769730168391,0.2924043714846866,0.845,0.5562130177514792,0.7591655161834636,0.5902279037206184,1.6869181760940015,62,5.7552857080008835
10,1,C_ID,1,0.9333333333333333,0.7,0.8751714677640603,0.45312249478916145,0.94,0.85,0.9408706952566601,0.8783241001693329,1.3108032841826478,9,1.1196116670034826
10,1,C_ID,8,0.9222222222222223,0.72,0.8659188034188035,0.4830474036995776,0.93,0.8444444444444444,0.926864801864802,0.8463294864711097,1.2890798304044726,12,2.0600282499799505
10,1,C_ID,15,0.9555555555555556,0.6666666666666666,0.7857142857142857,0.5484742088698105,0.96,0.8571428571428571,0.9196428571428571,0.8879046923000337,1.2018606282786006,6,1.927308832993731
10,1,C_ID,22,0.9222222222222223,0.72,0.900625,0.4449128020295069,0.93,0.8444444444444444,0.9503125,0.8763207790454842,1.5164097510387824,10,3.921364541980438
10,1,C_Random_Diag,4,0.8444444444444444,0.5555555555555556,0.7166353383458648,0.28601507157203465,0.86,0.7142857142857143,0.8347039473684211,0.7319274021440785,1.2435094592604465,14,18.705762709025294
10,1,C_Random_Diag,11,0.9777777777777777,0.75,0.808139534883721,0.5244949494949495,0.98,0.9285714285714286,0.9451827242524917,0.9281714053142625,1.1883631716181016,4,1.3624804998980835
10,1,C_Random_Diag,18,0.9444444444444444,0.6666666666666666,0.9623015873015872,0.6076134513634512,0.95,0.8571428571428571,0.9858630952380953,0.9388221366995428,1.181613165116979,6,2.4040153750684112
10,1,C_Random_Min_Diag,0,0.9222222222222223,0.6,0.8924268502581756,0.3826595781299614,0.93,0.8,0.9557051736357194,0.8707135893400473,1.6546539492521992,7,8.006661041988991
10,1,C_Random_Min_Diag,7,0.9444444444444444,0.5,0.6964285714285714,0.35264550264550265,0.95,0.8275862068965517,0.8861607142857142,0.8429661383320923,1.104998939739437,6,1.3494083329569548
10,1,C_Random_Min_Diag,14,0.9666666666666667,0.8235294117647058,0.7721036585365854,0.5188075722808938,0.97,0.918918918918919,0.8987127371273713,0.8638226959881588,1.2131332463149898,8,2.3551515419967473
10,1,C_Random_Min_Diag,21,0.9333333333333333,0.625,0.803840877914952,0.5218190586993028,0.94,0.8333333333333334,0.9070825211176089,0.8627610079601973,1.3220716266886705,9,4.1868509580381215
10,1,C_Random_Full,3,0.8777777777777778,0.56,0.7553418803418803,0.3454895299977005,0.89,0.7555555555555555,0.8665501165501166,0.7914443463072983,1.702418039353704,12,2.730499209021218
10,1,C_Random_Full,10,0.9,0.5384615384615384,0.7722908093278464,0.30644269157957393,0.91,0.7391304347826086,0.8921377517868747,0.8218637341063773,1.398238513065052,9,5.339483999996446
10,1,C_Random_Full,17,0.9222222222222223,0.5,0.7099827882960413,0.20198461086066127,0.93,0.7407407407407407,0.8805811481218992,0.8096754848408331,1.5978752970193504,7,3.9257730409735814
10,1,C_Random_Full,24,0.9111111111111111,0.5185185185185185,0.7407407407407407,0.38343748836753183,0.92,0.75,0.8771929824561404,0.8198442484605615,1.3468155038529752,9,4.721178250038065
10,2,C_ID,6,0.8555555555555555,0.6111111111111112,0.7592407592407592,0.32607656020263126,0.87,0.75,0.8639186900056465,0.7728419202625258,1.717518359265264,13,4.880457374965772
10,2,C_ID,13,0.8666666666666667,0.6842105263157895,0.7796428571428571,0.673202955437996,0.88,0.7931034482758621,0.8530952380952381,0.8347859418417432,1.301204584973103,20,1.6191742499358952
10,2,C_ID,20,0.8333333333333334,0.5714285714285714,0.8082770270270271,0.40695858748643393,0.85,0.7272727272727273,0.882016632016632,0.7865752899105096,1.15317452802416,16,1.9820299999555573
10,2,C_Random_Diag,2,0.8333333333333334,0.6666666666666666,0.7182486631016043,0.502075788103921,0.85,0.7692307692307693,0.806295955882353,0.7615964367351491,1.8558785139529486,22,1.7661284579662606
10,2,C_Random_Diag,9,0.8444444444444444,0.45,0.6755555555555555,0.31944389089220154,0.86,0.6808510638297872,0.8053333333333332,0.7390566237659767,1.328244675333644,15,1.5121163750300184
10,2,C_Random_Diag,16,0.8111111111111111,0.5,0.6643835616438356,0.26956038726054427,0.83,0.6470588235294118,0.7886859462201927,0.6822073654408405,2.4148280642179554,17,5.958656000089832
10,2,C_Random_Diag,23,0.8888888888888888,0.6875,0.8116554054054055,0.5351169206637957,0.9,0.8076923076923077,0.8840956340956341,0.8212269625481763,1.2834086297153193,16,1.1209827919956297
10,2,C_Random_Min_Diag,5,0.9,0.6086956521739131,0.7419871794871795,0.3770643775471167,0.91,0.7906976744186046,0.8592657342657344,0.7980439124102473,1.8666504288570744,12,6.70287941605784
10,2,C_Random_Min_Diag,12,0.8444444444444444,0.4666666666666667,0.667763157894737,0.26530755631797626,0.86,0.68,0.8061951754385965,0.7206264559222306,2.4314860664354323,14,8.07273862499278
10,2,C_Random_Min_Diag,19,0.8555555555555555,0.5333333333333333,0.7177777777777778,0.4469633754613571,0.87,0.6896551724137931,0.8306666666666667,0.7646233242408136,1.815857159776615,15,4.625596291036345
10,2,C_Random_Full,1,0.7777777777777778,0.5652173913043478,0.6818181818181819,0.4034567551780452,0.8,0.696969696969697,0.78125,0.7115955381965582,1.5700442891874822,22,3.0183096249820665
10,2,C_Random_Full,8,0.7888888888888889,0.5454545454545454,0.6875,0.4073072534050129,0.81,0.6875,0.7916666666666666,0.7251653405840601,1.6540188368414688,20,4.250850833021104
10,2,C_Random_Full,15,0.7666666666666667,0.5416666666666666,0.6270053475935828,0.356739168498557,0.79,0.6764705882352942,0.7435661764705882,0.7008120372026345,1.5201945205975562,22,2.3060428330209106
10,2,C_Random_Full,22,0.8333333333333334,0.5106382978723404,0.7595555555555555,0.33771237881587163,0.85,0.6666666666666666,0.8557333333333332,0.7397176396299664,1.3725432263302688,15,1.985227124998346
10,3,C_ID,4,0.6888888888888889,0.5789473684210527,0.6460020242914979,0.6172454356294333,0.72,0.6666666666666666,0.7197516025641024,0.7687500739627463,1.1358506763766134,38,1.256738750031218
10,3,C_ID,11,0.8111111111111111,0.6779661016949152,0.7597512719050311,0.6594371143304993,0.83,0.7605633802816901,0.8213535098781,0.8178235834940415,1.1961712836350342,29,1.850600125035271
10,3,C_ID,18,0.8111111111111111,0.6530612244897959,0.7222222222222222,0.5448659391392886,0.83,0.7536231884057971,0.7972972972972974,0.7699577741480889,1.4162413637745117,27,1.4125630829948932
10,3,C_Random_Diag,0,0.7444444444444445,0.5454545454545454,0.6682692307692307,0.4544014914593193,0.77,0.6666666666666666,0.7604166666666667,0.7332442512711865,1.5292640409588392,26,3.199098458979279
10,3,C_Random_Diag,7,0.8111111111111111,0.5660377358490566,0.7505559673832469,0.46790776506115045,0.83,0.7017543859649122,0.8365711510441962,0.7694243995407657,1.728845487684016,19,5.118574999971315
10,3,C_Random_Diag,14,0.8,0.6666666666666666,0.7212752525252525,0.5262133767502841,0.82,0.7567567567567568,0.8032531194295899,0.7677775356428598,1.667354680052219,24,2.6466559170512483
10,3,C_Random_Diag,21,0.7555555555555555,0.6206896551724138,0.6244239631336406,0.423540472350324,0.78,0.717948717948718,0.7232597623089982,0.707370817201096,1.1285340995700144,28,1.8919351670192555
10,3,C_Random_Min_Diag,3,0.8555555555555555,0.7547169811320755,0.7652307692307693,0.5755553019189565,0.87,0.821917808219178,0.8323076923076922,0.7984035051643829,1.6166312262365876,25,3.5590000830125064
10,3,C_Random_Min_Diag,10,0.7555555555555555,0.6206896551724138,0.6653225806451613,0.5057922660708322,0.78,0.717948717948718,0.7533955857385399,0.7332136870841416,1.464018662409573,28,4.434051000047475
10,3,C_Random_Min_Diag,17,0.7,0.425531914893617,0.4986331328594861,0.4389435026596892,0.73,0.5970149253731343,0.6209177346010748,0.6707882150713841,1.3457713256392927,31,1.3700642499607056
10,3,C_Random_Min_Diag,24,0.8222222222222222,0.7142857142857143,0.8218694885361552,0.6607789851270904,0.84,0.7894736842105263,0.87001287001287,0.8337392276194809,1.2156490837805214,27,1.7023019589250907
10,3,C_Random_Full,6,0.7555555555555555,0.5970149253731343,0.7248677248677249,0.5522443899600376,0.78,0.7027027027027027,0.7992277992277994,0.7687537996536855,1.2430873301570886,27,1.8660982080036774
10,3,C_Random_Full,13,0.7666666666666667,0.5,0.6201923076923077,0.48063207337809427,0.79,0.6470588235294118,0.7256944444444444,0.7219976991799939,1.279367682839996,26,2.1614988329820335
10,3,C_Random_Full,20,0.7888888888888889,0.45901639344262296,0.6382505559673832,0.2842856253895602,0.81,0.5925925925925926,0.7629917435648372,0.6770707429729471,1.3880659175026908,19,5.230000999988988
10,4,C_ID,2,0.7333333333333333,0.6031746031746031,0.6539092400218699,0.5053763899253283,0.76,0.7,0.7383216205043407,0.7340524446957093,1.2426929202938526,31,2.2455829170066863
10,4,C_ID,9,0.7666666666666667,0.676923076923077,0.7088220295767464,0.5895220246731517,0.79,0.7529411764705882,0.7707747892412686,0.78358581563947,1.6855698238364085,37,2.469839624944143
10,4,C_ID,16,0.6777777777777778,0.4444444444444444,0.498961038961039,0.43022428786365957,0.71,0.5945945945945946,0.6103030303030303,0.6695683414145023,1.8134947292713433,35,2.177524667000398
10,4,C_ID,23,0.6333333333333333,0.5853658536585366,0.6179149797570849,0.5696370016231753,0.67,0.6666666666666666,0.6975160256410255,0.7407437991640216,1.33173862454023,38,1.9588504580315202
10,4,C_Random_Diag,5,0.7111111111111111,0.5789473684210527,0.6484375,0.4790446459321186,0.74,0.6666666666666666,0.7321428571428572,0.7203889191979871,0.9781902130905877,32,1.3459890829399228
10,4,C_Random_Diag,12,0.6888888888888889,0.547945205479452,0.5936234817813764,0.5796114868106101,0.72,0.6451612903225806,0.6782852564102564,0.7465730510264426,1.3717085099838857,38,2.187423666007817
10,4,C_Random_Diag,19,0.7888888888888889,0.7466666666666667,0.7054655870445344,0.557106759394154,0.81,0.8,0.7668269230769231,0.7670486091350973,1.8397134863794111,38,5.72491483297199
10,4,C_Random_Min_Diag,1,0.7333333333333333,0.647887323943662,0.6905864197530864,0.7017348804031132,0.76,0.7252747252747253,0.7578502415458936,0.8109332078406096,1.3478012714543377,36,1.6802895419532433
10,4,C_Random_Min_Diag,8,0.7777777777777778,0.7222222222222222,0.73559670781893,0.6652137189430644,0.8,0.782608695652174,0.7930756843800323,0.8023347693481374,1.512555975900495,36,1.7769643749343231
10,4,C_Random_Min_Diag,15,0.7666666666666667,0.676923076923077,0.7330555555555556,0.6136831689053588,0.79,0.7529411764705882,0.7997916666666667,0.7969030702816453,1.206647238222664,30,1.9443341250298545
10,4,C_Random_Min_Diag,22,0.6222222222222222,0.5238095238095238,0.5864756158873806,0.5798664343952203,0.66,0.6185567010309279,0.6708683473389356,0.7359388093705888,1.2907230921201605,39,1.4858905409928411
10,4,C_Random_Full,4,0.7777777777777778,0.5882352941176471,0.603219696969697,0.48070159114864874,0.8,0.704225352112676,0.7199197860962567,0.7234601648481662,1.1377868408276843,24,3.5875665839994326
10,4,C_Random_Full,11,0.7666666666666667,0.631578947368421,0.6108171663727219,0.3917428488730973,0.79,0.7272727272727273,0.716001716001716,0.6926660085939578,1.362401352452601,27,1.4061078330269083
10,4,C_Random_Full,18,0.5555555555555556,0.5652173913043478,0.5425531914893618,0.547361481296726,0.6,0.6428571428571429,0.6228070175438596,0.7252225496560347,1.1744944822486467,47,3.5619476250139996
15,1,C_ID,0,0.9523809523809523,0.5833333333333334,0.6903553299492386,0.2993070793079356,0.9555555555555556,0.8148148148148148,0.8562364031907179,0.7950770039390054,1.6401855997584733,13,7.8436893339967355
15,1,C_ID,7,0.9428571428571428,0.6,0.7970940170940171,0.4167141578538622,0.9466666666666667,0.8,0.8985470085470084,0.8158100893846657,1.4606369223828979,15,3.693916167016141
15,1,C_ID,14,0.9619047619047619,0.6666666666666666,0.8621632996632997,0.5243966521544551,0.9644444444444444,0.8518518518518519,0.9387392442947999,0.8758596202283209,1.6295063472076912,12,1.896006166934967
15,1,C_ID,21,0.9666666666666667,0.6956521739130435,0.889,0.6186338141025641,0.9688888888888889,0.8679245283018868,0.9556,0.9062707043705392,1.4383973647040995,10,3.9296216659713537
15,1,C_Random_Diag,3,0.9142857142857143,0.5714285714285714,0.7585358796296297,0.3142515677751901,0.92,0.75,0.868292297979798,0.7701753877409474,1.4685524837161246,18,6.004712291061878
15,1,C_Random_Diag,10,0.9809523809523809,0.6666666666666666,0.9865196078431372,0.5115560365560365,0.9822222222222222,0.9047619047619048,0.9961484593837534,0.9658641124987521,1.4417234437839634,6,5.672511082957499
15,1,C_Random_Diag,17,0.9238095238095239,0.5416666666666666,0.8556134259259259,0.3740802391824834,0.9288888888888889,0.7352941176470589,0.9212436868686869,0.8119846203319911,1.5789328260766669,18,4.771421917015687
15,1,C_Random_Diag,24,0.9476190476190476,0.5641025641025641,0.901991409605623,0.49462435208642175,0.9511111111111111,0.7796610169491526,0.9544960116026107,0.8676674354076215,1.483641190647763,13,13.717723792069592
15,1,C_Random_Min_Diag,6,0.9380952380952381,0.6,0.8795103092783505,0.5649645760446782,0.9422222222222222,0.7868852459016393,0.9378117725307615,0.8607112194843836,1.4721329910237024,16,5.723392250016332
15,1,C_Random_Min_Diag,13,0.9285714285714286,0.48484848484848486,0.7637606837606836,0.30826755599734784,0.9333333333333333,0.7301587301587301,0.8818803418803418,0.780803812247884,1.2901215891081468,15,2.129018416046165
15,1,C_Random_Min_Diag,20,0.9095238095238095,0.5454545454545454,0.8291540369247727,0.3215395116639617,0.9155555555555556,0.7142857142857143,0.9045272559285494,0.7730496526473236,1.62208336899606,19,6.633955958997831
15,1,C_Random_Full,2,0.9333333333333333,0.26666666666666666,0.717201166180758,0.14796653593691367,0.9377777777777778,0.6818181818181818,0.8634764250527797,0.7193111059892445,1.2722494977535221,14,15.106383666046895
15,1,C_Random_Full,9,0.9476190476190476,0.5263157894736842,0.923937871174052,0.2588541811386461,0.9511111111111111,0.7352941176470589,0.9678198685736373,0.8394756474810992,1.2983220986120438,11,3.7083326660795137
15,1,C_Random_Full,16,0.9333333333333333,0.3548387096774194,0.8166909620991254,0.19476327193435475,0.9377777777777778,0.6956521739130435,0.911505981703026,0.7526158541311659,1.4171519785053077,14,8.800344208953902
15,1,C_Random_Full,23,0.9238095238095239,0.4090909090909091,0.6688144329896908,0.18045169699863625,0.9288888888888889,0.6521739130434783,0.8290655138011307,0.7162476736148268,1.370311532887559,16,6.190170583082363
15,2,C_ID,5,0.8904761904761904,0.5490196078431373,0.7399051966292134,0.47667926785805154,0.8977777777777778,0.7160493827160493,0.8229141764284007,0.7401615144623193,1.8651694996896448,32,5.554879167000763
15,2,C_ID,12,0.8904761904761904,0.576271186440678,0.876656591490351,0.3627552431150625,0.8977777777777778,0.7191011235955056,0.9253447790599494,0.768770942387938,2.086530807030548,23,9.025111334049143
15,2,C_ID,19,0.8666666666666667,0.4827586206896552,0.7184065934065935,0.29799678522780854,0.8755555555555555,0.6590909090909091,0.8166368515205724,0.686176988339551,2.1682491011358285,28,7.585749624995515
15,2,C_Random_Diag,1,0.8857142857142857,0.6060606060606061,0.7989814814814815,0.5261650738095652,0.8933333333333333,0.7291666666666666,0.8659876543209878,0.7791747555108599,1.7125698341271571,30,5.848552749957889
15,2,C_Random_Diag,8,0.8428571428571429,0.48148148148148145,0.7419591836734694,0.3627455859849041,0.8533333333333334,0.6041666666666666,0.8193714285714284,0.6851872823285146,1.5266081154338984,35,7.325911709107459
15,2,C_Random_Diag,15,0.8761904761904762,0.4117647058823529,0.7250209030100334,0.2193055352347752,0.8844444444444445,0.5918367346938775,0.8256230116648993,0.6358340467017477,3.3861125056903787,26,58.5236761670094
15,2,C_Random_Diag,22,0.8952380952380953,0.6206896551724138,0.7725156850839909,0.4549903248139179,0.9022222222222223,0.75,0.85376008326828,0.7605395217105426,1.5543565278837468,27,3.531082624918781
15,2,C_Random_Min_Diag,4,0.8476190476190476,0.5581395348837209,0.7831717914438503,0.4824106850537512,0.8577777777777778,0.673469387755102,0.8495477736549166,0.7423876217700456,1.94973855325617,34,5.600412082974799
15,2,C_Random_Min_Diag,11,0.8428571428571429,0.5411764705882353,0.7601938502673797,0.38132109647343543,0.8533333333333334,0.6608695652173913,0.8336038961038961,0.7091268228519148,1.3371091296947686,34,3.233174042077735
15,2,C_Random_Min_Diag,18,0.8857142857142857,0.5882352941176471,0.7267380617977528,0.5596475250660096,0.8933333333333333,0.7157894736842105,0.8139493186708104,0.7600636034851445,1.465421424405778,32,5.2534426669590175
15,2,C_Random_Full,0,0.8666666666666667,0.47191011235955055,0.6800431711145998,0.23140749857789042,0.8755555555555555,0.6050420168067226,0.7916560184002044,0.6366570812730417,2.4106486361522084,28,10.321406167000532
15,2,C_Random_Full,7,0.8714285714285714,0.38095238095238093,0.6934831005869257,0.2232908241609076,0.88,0.5517241379310345,0.8029534218058808,0.636417751817048,2.2481818540257335,27,20.83327841607388
15,2,C_Random_Full,14,0.8904761904761904,0.4225352112676056,0.7385491746105557,0.2378976651111811,0.8977777777777778,0.6086956521739131,0.8417534477905995,0.6859975057513799,1.3032710580092948,23,8.09400379192084
15,2,C_Random_Full,21,0.819047619047619,0.4727272727272727,0.7026468788249693,0.2996416176873109,0.8311111111111111,0.5982905982905983,0.7868034225537517,0.6360968009380379,1.5159825844925676,38,11.38678904203698
15,3,C_ID,3,0.8285714285714286,0.5348837209302325,0.7295696506222822,0.43620990859818076,0.84,0.6551724137931034,0.8046891921160928,0.6990012828860394,1.3101510571981287,39,2.8277814170578495
15,3,C_ID,10,0.7952380952380952,0.5825242718446602,0.7103218645948945,0.5429965581618833,0.8088888888888889,0.6766917293233082,0.7761578044596913,0.7164290589867959,1.4922911792681903,51,5.046481959056109
15,3,C_ID,17,0.7952380952380952,0.4722222222222222,0.670310541707283,0.328850118491943,0.8088888888888889,0.6086956521739131,0.7555750567829858,0.6254676385120844,1.9468448673045082,43,11.79924750002101
15,3,C_ID,24,0.8666666666666667,0.6818181818181818,0.8113235294117647,0.4840114340374377,0.8755555555555555,0.7627118644067796,0.8627807486631016,0.7415873371006159,1.5900983161825484,40,5.918839499936439
15,3,C_Random_Diag,6,0.8238095238095238,0.5057471264367817,0.7130102040816326,0.36827585825503095,0.8355555555555556,0.6324786324786325,0.7885338345864661,0.6653766328053929,2.0701218346771997,42,14.406291541061364
15,3,C_Random_Diag,13,0.8047619047619048,0.5606060606060606,0.7174017545968032,0.5355465492124047,0.8177777777777778,0.647887323943662,0.7797396028475084,0.7192479377766785,1.1633158190920967,53,4.715221833088435
15,3,C_Random_Diag,20,0.8380952380952381,0.6185567010309279,0.7403367003367004,0.46078418655163106,0.8488888888888889,0.711864406779661,0.8052525252525253,0.7026488523604405,1.9175556425708775,45,8.639283625059761
15,3,C_Random_Min_Diag,2,0.8047619047619048,0.5686274509803921,0.7447289156626506,0.4228160755284255,0.8177777777777778,0.6666666666666666,0.8096283438840106,0.6868998614960111,1.4950415629003908,44,3.8952325829304755
15,3,C_Random_Min_Diag,9,0.861904761904762,0.6133333333333333,0.7754257147320731,0.47115049167770545,0.8711111111111111,0.7238095238095238,0.8402067585593597,0.7469757530027796,1.5046486971639734,37,3.2450783329550177
15,3,C_Random_Min_Diag,16,0.8142857142857143,0.4772727272727273,0.6788858421128591,0.3869189783849171,0.8266666666666667,0.6101694915254238,0.7648985629754861,0.6554668435463409,1.5334265825723674,41,2.6197784160031006
15,3,C_Random_Min_Diag,23,0.8666666666666667,0.6,0.7610529604749259,0.5243760545221409,0.8755555555555555,0.72,0.8299799911071588,0.7620724350311107,1.8208288029752886,37,4.447571416967548
15,3,C_Random_Full,5,0.7619047619047619,0.4148148148148148,0.5923807205452776,0.3545855071556094,0.7777777777777778,0.5565217391304348,0.6836387681843945,0.6109523548048061,1.264597293925615,52,3.365696959081106
15,3,C_Random_Full,12,0.7952380952380952,0.5631067961165048,0.7006249999999999,0.46062575554555935,0.8088888888888889,0.6616541353383458,0.7697115384615384,0.6941648314088,1.456842575691823,50,4.056019874988124
15,3,C_Random_Full,19,0.8285714285714286,0.4144144144144144,0.5652139208173691,0.24559781322580992,0.84,0.5546218487394958,0.6930921794004958,0.5996447185638882,1.2557865675528983,36,6.165268208947964
15,4,C_ID,1,0.7952380952380952,0.5510204081632653,0.6947905620360552,0.43856175837681555,0.8088888888888889,0.65625,0.7698420631747301,0.6814400751258968,1.3777730233033814,46,3.06640604196582
15,4,C_ID,8,0.8476190476190476,0.5822784810126582,0.7170599151643691,0.5828734743574598,0.8577777777777778,0.6972477064220184,0.7866353458616555,0.7472793699245768,1.1213284336921547,46,6.090800583013333
15,4,C_ID,15,0.8285714285714286,0.5656565656565656,0.7273411829134722,0.4174423842801442,0.84,0.6722689075630253,0.7966612211558097,0.6872392938656906,2.1749725663750477,44,6.722569957957603
15,4,C_ID,22,0.7714285714285715,0.5573770491803278,0.6905626134301271,0.4772066347538316,0.7866666666666666,0.6447368421052632,0.7541456380677721,0.685218462308568,1.605360730659198,58,3.979126750025898
15,4,C_Random_Diag,4,0.7761904761904762,0.5666666666666667,0.7158008166969148,0.5510636591510821,0.7911111111111111,0.6533333333333333,0.7741979091564528,0.7209679938764337,1.331370550019458,58,3.4055291670374572
15,4,C_Random_Diag,11,0.819047619047619,0.5063291139240507,0.6828060699588477,0.4660294111755983,0.8311111111111111,0.6422018348623854,0.7583284342543601,0.6955579416959292,1.6200234076276607,48,8.281182958977297
15,4,C_Random_Diag,18,0.8,0.625,0.7139444444444445,0.5845621061585987,0.8133333333333334,0.6967741935483871,0.7711555555555556,0.7427937377699227,2.0598088652295985,60,3.5592402080073953
15,4,C_Random_Min_Diag,0,0.8238095238095238,0.6605504587155964,0.7495498971193416,0.5336948965077325,0.8355555555555556,0.7338129496402878,0.8091808739956888,0.7316669370088204,1.2300132834618578,48,3.9284634169889614
15,4,C_Random_Min_Diag,7,0.7714285714285715,0.5,0.663224121557455,0.4211932062461475,0.7866666666666666,0.6153846153846154,0.7364362690449648,0.6639635495658929,1.504030581328258,54,4.608810500008985
15,4,C_Random_Min_Diag,14,0.7714285714285715,0.5826771653543307,0.697141560798548,0.5198695878883911,0.7866666666666666,0.6624203821656051,0.7593727469358327,0.7049463463494006,1.5117615685497412,58,3.063220917014405
15,4,C_Random_Min_Diag,21,0.8333333333333334,0.6666666666666666,0.8050213675213675,0.6526734234456781,0.8444444444444444,0.7407407407407407,0.8474080267558528,0.7890884852009618,1.576480115918076,54,5.525603374931961
15,4,C_Random_Full,3,0.7523809523809524,0.5271317829457365,0.6439625108979947,0.5030936316392933,0.7688888888888888,0.6163522012578616,0.7133204633204634,0.6805167653172108,1.291278798880786,62,3.4770256669726223
15,4,C_Random_Full,10,0.6571428571428571,0.5131578947368421,0.5576442355764423,0.4057799126463163,0.68,0.5934065934065934,0.6330457863304578,0.6021899865852327,1.1940519783085883,73,4.147263790946454
15,4,C_Random_Full,17,0.6952380952380952,0.4966442953020134,0.600010521885522,0.42749397631205477,0.7155555555555555,0.5810055865921788,0.6740826474622771,0.6298566210577834,1.5005413937037189,66,4.430865916074254
15,4,C_Random_Full,24,0.8095238095238095,0.5287356321839081,0.6951219512195121,0.4104877161938248,0.8222222222222222,0.6495726495726496,0.7767857142857142,0.6760614767846933,1.3670638900169065,41,4.405504334019497
20,1,C_ID,6,0.9631578947368421,0.5945945945945946,0.900663544106167,0.3423165590849866,0.965,0.8051948051948052,0.9590967534554806,0.869568602877127,1.2689719016688892,14,6.463592333020642
20,1,C_ID,13,0.9342105263157895,0.44776119402985076,0.7851830985915493,0.2607136756567533,0.9375,0.6739130434782609,0.8806572769953052,0.7345169124916455,2.073848200276633,25,10.806530499947257
20,1,C_ID,20,0.9447368421052632,0.6129032258064516,0.9421010744130521,0.3960002032874577,0.9475,0.7647058823529411,0.9703444527481486,0.8307225757701266,1.6097923578808473,21,9.861852542031556
20,1,C_Random_Diag,2,0.968421052631579,0.7142857142857143,0.9242633517495396,0.45845888628880954,0.97,0.8536585365853658,0.9641247455655715,0.8855572996608145,1.5104089703538965,18,6.473503042012453
20,1,C_Random_Diag,9,0.9605263157894737,0.6153846153846154,0.8302544158159131,0.4270774017226642,0.9625,0.810126582278481,0.9220087856451493,0.8436680095684899,1.3804486901249269,17,4.47717637498863
20,1,C_Random_Diag,16,0.9552631578947368,0.4782608695652174,0.8360881542699725,0.2618030951724256,0.9575,0.7209302325581395,0.9246891519618792,0.8060093950029729,2.0027118022181196,17,9.453718792065047
20,1,C_Random_Diag,23,0.9342105263157895,0.5294117647058824,0.8709256844850065,0.36306024322239444,0.9375,0.7037037037037037,0.9270449521002211,0.7854940276636957,2.0198099634356512,26,7.5813822080381215
20,1,C_Random_Min_Diag,5,0.9526315789473684,0.5714285714285714,0.8324555243445694,0.4241090182157726,0.955,0.7804878048780488,0.908612104187947,0.800820143786529,1.3987407393123101,24,12.846858709002845
20,1,C_Random_Min_Diag,12,0.9552631578947368,0.5957446808510638,0.8040530689604898,0.4221346389218116,0.9575,0.7816091954022989,0.9045386746217771,0.8186194952830717,1.612563190584951,19,4.601025042007677
20,1,C_Random_Min_Diag,19,0.9421052631578948,0.5625,0.8813177444890999,0.3533930116559491,0.945,0.7368421052631579,0.9365187935639372,0.8032877935684832,2.0565993781152394,23,9.991511584026739
20,1,C_Random_Full,1,0.9447368421052632,0.3142857142857143,0.7677755205688166,0.17860632697948944,0.9475,0.6865671641791045,0.8783586060122373,0.6971212692869259,2.174873150254081,22,66.89447741699405
20,1,C_Random_Full,8,0.9631578947368421,0.38095238095238093,0.8099141295862607,0.1657427433956485,0.965,0.7407407407407407,0.9217293474766955,0.7871425479707667,2.6558995595564947,14,20.936518499976955
20,1,C_Random_Full,15,0.9315789473684211,0.48484848484848486,0.8179595827900912,0.3049261533596317,0.935,0.6796116504854369,0.8971075902726602,0.7465587793568991,1.7263974310442387,26,9.24568112497218
20,1,C_Random_Full,22,0.9368421052631579,0.4,0.7645633802816901,0.2707733105508331,0.94,0.647887323943662,0.8692018779342723,0.7179815848457136,1.5932635563456987,25,6.027769416919909
20,2,C_ID,4,0.9105263157894737,0.5555555555555556,0.8376402584155049,0.3546143796140282,0.915,0.7,0.8977734960393919,0.7391469488611522,2.040465365613189,34,9.671397499972954
20,2,C_ID,11,0.9131578947368421,0.6046511627906976,0.8716422985379123,0.41650180901485234,0.9175,0.7301587301587301,0.9191821879683152,0.7703652942392925,1.7098029714982763,34,6.639959458028898
20,2,C_ID,18,0.9263157894736842,0.6585365853658537,0.8412132352941177,0.5703700000940168,0.93,0.7704918032786885,0.8941421568627451,0.7902266313989206,1.2730139094870099,40,4.210308459005319
20,2,C_Random_Diag,0,0.8947368421052632,0.4918032786885246,0.78879994479332,0.3795877914788789,0.9,0.6551724137931034,0.8558475813668691,0.7074932708074791,1.9739391692309727,43,13.779261583928019
20,2,C_Random_Diag,7,0.9289473684210526,0.5882352941176471,0.8408355670579537,0.4175974430710264,0.9325,0.7428571428571429,0.903252991741109,0.7745679540140755,2.268185096452478,31,6.009342874982394
20,2,C_Random_Diag,14,0.9394736842105263,0.6567164179104478,0.839943342776204,0.4203311505626399,0.9425,0.7850467289719626,0.9080525586161172,0.7997015936541532,1.1920781915383325,27,3.633986584027298
20,2,C_Random_Diag,21,0.9263157894736842,0.6024096385542169,0.7911387163561077,0.4397832401840324,0.93,0.7454545454545455,0.8670882740447957,0.7705971909693803,1.7907616579022485,35,3.5870023750467226
20,2,C_Random_Min_Diag,3,0.9105263157894737,0.5494505494505495,0.810396123767426,0.35177707913272693,0.915,0.6870229007633588,0.8806197816313424,0.7263156426491921,1.7587135631762156,34,9.134289917070419
20,2,C_Random_Min_Diag,10,0.9052631578947369,0.5806451612903226,0.8216058624221889,0.38946247544390317,0.91,0.706766917293233,0.8842002966600174,0.7299632614255582,2.085695202516445,37,4.516858541057445
20,2,C_Random_Min_Diag,17,0.8789473684210526,0.5964912280701754,0.7991622574955908,0.4881526460493834,0.885,0.7012987012987013,0.8520142949967512,0.7321473269837775,1.649379144574305,56,5.766238124924712
20,2,C_Random_Min_Diag,24,0.8789473684210526,0.484375,0.7480148398854466,0.2912095728447652,0.885,0.6222222222222222,0.8243739793140992,0.6431113676292379,2.2725362836701053,46,6.70126350002829
20,2,C_Random_Full,6,0.9315789473684211,0.5,0.7392893573614416,0.4938741024463441,0.935,0.6976744186046512,0.8358488546349818,0.7571937292269422,1.679729283644389,34,10.686447249958292
20,2,C_Random_Full,13,0.9157894736842105,0.5,0.7906296393328094,0.371171946467404,0.92,0.6605504587155964,0.8696373226034473,0.7255477033951765,1.9016680122486658,33,9.20460983295925
20,2,C_Random_Full,20,0.9236842105263158,0.45871559633027525,0.7915315846350329,0.22228088320483536,0.9275,0.6040268456375839,0.876620733763591,0.6669393091349434,2.2277353550598655,29,13.195107208099216
20,3,C_ID,2,0.8973684210526316,0.6060606060606061,0.8216479193982473,0.44566788755165104,0.9025,0.7194244604316546,0.8782676275257878,0.7398365391106771,1.4930475149726739,43,4.571033040992916
20,3,C_ID,9,0.8842105263157894,0.6271186440677966,0.785453438831406,0.5391821781169227,0.89,0.7215189873417721,0.8377818683847216,0.7358425993210694,1.3827017530501606,62,4.7351834590081125
20,3,C_ID,16,0.8526315789473684,0.549618320610687,0.7627776872521862,0.3507815424814102,0.86,0.6585365853658537,0.8243938723814885,0.6502353974570567,2.405450971950102,57,13.649751374963671
20,3,C_ID,23,0.8842105263157894,0.584070796460177,0.7803705440900564,0.4041338544716897,0.89,0.6944444444444444,0.8413787262872628,0.7045103406809857,1.683723087166932,52,4.5575693340506405
20,3,C_Random_Diag,5,0.9236842105263158,0.6172839506172839,0.8097601323407774,0.4654379550063763,0.9275,0.7478260869565218,0.8742482230727173,0.7628341357321244,1.6721069017355954,39,5.760272833984345
20,3,C_Random_Diag,12,0.8552631578947368,0.5045045045045045,0.6659096459096459,0.3877035709992389,0.8625,0.6357615894039735,0.7445191409897292,0.642186783635305,1.6851993159348648,65,4.106089500011876
20,3,C_Random_Diag,19,0.8710526315789474,0.5511811023622047,0.7606510882298538,0.3601680971929623,0.8775,0.6586826347305389,0.8300275843951137,0.6728538047930388,1.3971086699559863,49,6.53940574999433
20,3,C_Random_Min_Diag,1,0.868421052631579,0.609375,0.805818181818182,0.42144080823288527,0.875,0.7023809523809523,0.8576,0.6987775680001699,1.5823399363005375,55,5.042832833016291
20,3,C_Random_Min_Diag,8,0.8315789473684211,0.5341614906832298,0.7287385246283611,0.3888452496498089,0.84,0.6268656716417911,0.789696159543336,0.6468248877443612,2.0220512699394124,69,7.026050375076011
20,3,C_Random_Min_Diag,15,0.8763157894736842,0.49624060150375937,0.8047728579643474,0.32587003801010683,0.8825,0.618421052631579,0.86304961678096,0.6661749333936011,2.3858708097127304,47,10.032281833933666
20,3,C_Random_Min_Diag,22,0.8342105263157895,0.5543478260869565,0.7555722685628333,0.44367106393381855,0.8425,0.6519337016574586,0.8092926490984744,0.6697491716409696,1.8210522842180499,71,6.57636729197111
20,3,C_Random_Full,4,0.8342105263157895,0.4444444444444444,0.6686946071804116,0.2750283326720456,0.8425,0.5714285714285714,0.7485272319562161,0.5725098785108913,2.5876571844931995,63,16.645242249942385
20,3,C_Random_Full,11,0.8710526315789474,0.4520547945205479,0.7668787878787878,0.36423698821180656,0.8775,0.5874125874125874,0.8334848484848485,0.6624273868225397,1.3715748059295345,50,6.436422583996318
20,3,C_Random_Full,18,0.85,0.448,0.6895877464559231,0.2870195897868146,0.8575,0.5818181818181818,0.770214305818021,0.599717585029255,2.3698799777691018,57,17.595228624995798
20,4,C_ID,0,0.8473684210526315,0.5771812080536913,0.7721877649368614,0.5078802834775558,0.855,0.6666666666666666,0.8211796434450633,0.7091394473649084,1.2917652689134265,73,3.5907988749677315
20,4,C_ID,7,0.8473684210526315,0.5735294117647058,0.7370334125541731,0.4267453061695699,0.855,0.6704545454545454,0.7961270277105388,0.6629802400281135,1.3981839952869692,69,4.546406208071858
20,4,C_ID,14,0.8210526315789474,0.550561797752809,0.7310995499401297,0.49547191749480746,0.83,0.6330275229357798,0.7843471638133714,0.6850735772009291,1.4586176342466195,81,5.562740457942709
20,4,C_ID,21,0.8394736842105263,0.54421768707483,0.7283870967741936,0.4862490600200331,0.8475,0.6417112299465241,0.7887455197132616,0.6885654421072838,1.4895352886576672,70,5.2584075829945505
20,4,C_Random_Diag,3,0.8552631578947368,0.632258064516129,0.7656337062277656,0.5182230994496115,0.8625,0.708994708994709,0.8139566533972984,0.7059906626243951,1.2592442702127895,77,4.5661297080805525
20,4,C_Random_Diag,10,0.8105263157894737,0.5411764705882353,0.6627240987015025,0.4976246200975448,0.82,0.6285714285714286,0.7257663232432776,0.6603022920919567,1.407568869745302,87,5.818063874961808
20,4,C_Random_Diag,17,0.8342105263157895,0.5657894736842105,0.6951475409836065,0.47127609271992155,0.8425,0.65625,0.7593270060396895,0.66469174166807,1.577935171302924,75,4.8489825000287965
20,4,C_Random_Diag,24,0.8631578947368421,0.5737704918032787,0.7130144850733087,0.4876095042805798,0.87,0.6790123456790124,0.7740752329300515,0.6805845192059045,1.529822501712584,74,4.700151875033043
20,4,C_Random_Min_Diag,6,0.8184210526315789,0.4484848484848485,0.6635431094182825,0.421775522394016,0.8275,0.5591397849462365,0.7336382949561404,0.6254921433749577,1.362004880861761,76,3.911585916997865
20,4,C_Random_Min_Diag,13,0.8289473684210527,0.5730994152046783,0.7110625,0.48732538871080955,0.8375,0.6540284360189573,0.76885,0.678904428979536,1.2083390686549715,80,4.712807583040558
20,4,C_Random_Min_Diag,20,0.8105263157894737,0.5213270142180095,0.6980699070260092,0.44711582843410297,0.82,0.6113989637305699,0.7545054384230168,0.6509823563700129,1.4747888349079978,87,5.326133209047839
20,4,C_Random_Full,2,0.8526315789473684,0.5131578947368421,0.7250763607230484,0.4306013575643834,0.86,0.6162162162162163,0.7913230207897837,0.6662315274388012,1.4865460322989026,63,6.156153040938079
20,4,C_Random_Full,9,0.7736842105263158,0.46956521739130436,0.6364499288087326,0.34744475686513787,0.785,0.5545454545454546,0.7050442818636888,0.5833887331195331,1.3886137151363644,86,5.8695130829000846
20,4,C_Random_Full,16,0.781578947368421,0.5053763440860215,0.6457573261150994,0.4032058530971985,0.7925,0.5929203539823009,0.7119709100188191,0.6066013311017276,1.4769513100254525,87,9.415664874948561
20,4,C_Random_Full,23,0.7973684210526316,0.4512820512820513,0.6331704599031331,0.3034606375486819,0.8075,0.5446808510638298,0.7088054166241367,0.557982325177182,1.6055404782782787,77,5.530879374942742
10,1,C_ID,2,0.9333333333333333,0.6666666666666666,0.8209876543209876,0.5367058136794979,0.94,0.8421052631578947,0.9152046783625731,0.8746955505749365,1.202597198668498,9,3.6707392500247806
10,1,C_ID,9,0.9,0.64,0.77625,0.49794639058592793,0.91,0.8,0.888125,0.8411134883655262,1.2322002392594207,10,1.2235042080283165
10,1,C_ID,16,0.9111111111111111,0.6666666666666666,0.8039529914529915,0.5473909770393881,0.92,0.8095238095238095,0.8930652680652681,0.8500229517054092,1.1904223742407734,12,0.9198240829864517
10,1,C_ID,23,0.9666666666666667,0.7692307692307693,0.8968253968253969,0.3605366371354744,0.97,0.9090909090909091,0.9613095238095237,0.8948874946386391,1.0218092741980813,6,3.599137209006585
10,1,C_Random_Diag,5,0.8888888888888888,0.4827586206896552,0.7662500000000001,0.31186871512672426,0.9,0.6938775510204082,0.883125,0.7873581303753717,1.1925429547257091,10,2.2657246669987217
10,1,C_Random_Diag,12,0.9555555555555556,0.7142857142857143,0.9629948364888125,0.5548369347739095,0.96,0.8823529411764706,0.9847625797306875,0.9369988703466212,1.6092116944196238,7,4.690976916928776
10,1,C_Random_Diag,19,0.9666666666666667,0.8,0.96815834767642,0.5263536425759908,0.97,0.9142857142857143,0.986888731396173,0.9389113724141798,1.2232681107047825,7,1.2411096659488976
10,1,C_Random_Min_Diag,1,0.9222222222222223,0.5555555555555556,0.8657487091222031,0.2930617824235433,0.93,0.7894736842105263,0.9447200566973778,0.855061202960705,1.25290649187575,7,3.8685572911053896
10,1,C_Random_Min_Diag,8,0.9111111111111111,0.6363636363636364,0.8875,0.35582585776369724,0.92,0.8095238095238095,0.94375,0.8340576067214761,1.8123020857363545,10,11.945144249941222
10,1,C_Random_Min_Diag,15,0.8666666666666667,0.6666666666666666,0.808,0.39730946055236,0.88,0.7857142857142857,0.8847999999999999,0.7751070299270862,1.3146113170724085,15,1.5899011250585318
10,1,C_Random_Min_Diag,22,0.9111111111111111,0.5263157894736842,0.7964939024390244,0.269672497541543,0.92,0.7692307692307693,0.9095528455284554,0.8188186377569121,1.426377940670124,8,4.54898800002411
10,1,C_Random_Full,4,0.8444444444444444,0.4,0.6452067669172933,0.23098234469363058,0.86,0.6111111111111112,0.7930372807017545,0.695904445135844,1.9308206305368383,14,4.533846167032607
10,1,C_Random_Full,11,0.9222222222222223,0.5714285714285714,0.696159122085048,0.5530455365255719,0.93,0.8,0.8560753736192332,0.8418107234642981,1.4079638783243928,9,3.1681168749928474
10,1,C_Random_Full,18,0.9555555555555556,0.4,0.748546511627907,0.12486543062200958,0.96,0.8333333333333334,0.928156146179402,0.8555811306369497,1.3040018550147054,4,2.617323541897349
10,2,C_ID,0,0.8111111111111111,0.5957446808510638,0.7585714285714286,0.47928785639311955,0.83,0.7213114754098361,0.839047619047619,0.769018837627607,1.6579484616397608,20,2.599351083044894
10,2,C_ID,7,0.7888888888888889,0.56,0.7175,0.37672381384495723,0.81,0.6857142857142857,0.8116666666666666,0.7341219465614273,1.7756115849876546,20,2.550455833086744
10,2,C_ID,14,0.8222222222222222,0.64,0.8206018518518519,0.5288259218355729,0.84,0.7428571428571429,0.8846726190476191,0.8006754018285136,1.3957441235520307,18,3.2324551249621436
10,2,C_ID,21,0.8111111111111111,0.5531914893617021,0.6478646253021757,0.3042999116896176,0.83,0.6875,0.7782851344495181,0.7106507927734498,2.37800064974554,17,11.374133666045964
10,2,C_Random_Diag,3,0.7888888888888889,0.5833333333333334,0.7042857142857143,0.38035564229398033,0.81,0.7058823529411765,0.8028571428571429,0.7316169551730374,1.5109731594453402,20,2.2417802499840036
10,2,C_Random_Diag,10,0.8888888888888888,0.7368421052631579,0.793918918918919,0.46038966080753874,0.9,0.8275862068965517,0.8731808731808731,0.7975148497218696,1.3211558849558884,16,2.3741600840585306
10,2,C_Random_Diag,17,0.9333333333333333,0.625,0.8239329268292683,0.3921080835898767,0.94,0.8333333333333334,0.9217479674796748,0.8692873828596435,1.4870097162150246,8,1.8881147500360385
10,2,C_Random_Diag,24,0.7888888888888889,0.5365853658536586,0.6174999999999999,0.41576128071799995,0.81,0.6885245901639344,0.7449999999999999,0.7185960461632215,1.3028755647340233,20,2.7812474590027705
10,2,C_Random_Min_Diag,6,0.8333333333333334,0.6530612244897959,0.7950333580429948,0.4398701424439252,0.85,0.7575757575757576,0.865711510441962,0.7784499192136882,2.303074199234672,19,10.942552749998868
10,2,C_Random_Min_Diag,13,0.8,0.5128205128205128,0.6735714285714286,0.46284302496373997,0.82,0.6779661016949152,0.7823809523809524,0.7438602913848992,1.4139962219725206,20,1.008155957912095
10,2,C_Random_Min_Diag,20,0.8222222222222222,0.6382978723404256,0.782030620467365,0.4681224754995484,0.84,0.746268656716418,0.8627600202942669,0.7789698123804032,1.6469179109453558,17,5.81924170802813
10,2,C_Random_Full,2,0.8222222222222222,0.46808510638297873,0.6452702702702702,0.2630441850754005,0.84,0.6333333333333333,0.7817047817047817,0.6955080666547074,1.937340275623857,16,4.315188208944164
10,2,C_Random_Full,9,0.8,0.4186046511627907,0.5729166666666667,0.31884926400655383,0.82,0.6071428571428571,0.7254464285714286,0.684654805128782,1.2498248390875915,18,1.8547922080615535
10,2,C_Random_Full,16,0.7888888888888889,0.4666666666666667,0.579879679144385,0.40212075235434463,0.81,0.6,0.7111672794117646,0.6801940078876029,1.1914635561056637,22,2.397538666962646
10,2,C_Random_Full,23,0.8111111111111111,0.46511627906976744,0.6438356164383562,0.263154682091953,0.83,0.6349206349206349,0.7757483510908167,0.679577553543765,2.031731689137506,17,6.28594437497668
10,3,C_ID,5,0.7888888888888889,0.6666666666666666,0.7015384615384616,0.46314922193819785,0.81,0.7532467532467533,0.7868131868131869,0.7401317888513104,1.4577975782301478,25,2.454896125011146
10,3,C_ID,12,0.7111111111111111,0.5428571428571428,0.6249293386093838,0.48952317967031334,0.74,0.6506024096385542,0.721101303068516,0.716511878265534,1.4655957637964403,29,1.7210272500524297
10,3,C_ID,19,0.7888888888888889,0.7164179104477612,0.7843083652268998,0.6722171461391856,0.81,0.7816091954022989,0.836916081025217,0.8183086071682528,1.2160757060584582,31,1.4913315000012517
10,3,C_Random_Diag,1,0.6555555555555556,0.4057971014492754,0.46938217605248767,0.31239771807962685,0.69,0.5411764705882353,0.5988011575031005,0.6051605224269436,2.448630227338222,31,5.835552625008859
10,3,C_Random_Diag,8,0.7333333333333333,0.6376811594202898,0.6853471842536906,0.5163012069326767,0.76,0.7191011235955056,0.7620917734601074,0.7357976584388433,1.5072927217395045,31,2.10014733299613
10,3,C_Random_Diag,15,0.7333333333333333,0.5483870967741935,0.6508838383838385,0.3547420115869249,0.76,0.6585365853658537,0.7535650623885917,0.6871745724019556,1.5588550649979789,24,3.6453001250047237
10,3,C_Random_Diag,22,0.7111111111111111,0.4583333333333333,0.5808293269230769,0.37191206211135586,0.74,0.6176470588235294,0.697265625,0.6721622022907275,2.343235340280796,26,5.620349833043292
10,3,C_Random_Min_Diag,4,0.8444444444444444,0.6818181818181818,0.738440303657695,0.4248501720652888,0.86,0.78125,0.822814399251987,0.7533280947832399,1.620617166409846,21,4.379819500027224
10,3,C_Random_Min_Diag,11,0.7444444444444445,0.5,0.646333549643089,0.3355930441699271,0.77,0.6388888888888888,0.7535052012663953,0.6799486089628206,1.2714314894168575,23,0.9290789590450004
10,3,C_Random_Min_Diag,18,0.8222222222222222,0.6451612903225806,0.8046722907203115,0.6719197421548786,0.84,0.75,0.8638625056535505,0.8311991019275469,1.5236138388683271,23,3.75956437503919
10,3,C_Random_Full,0,0.6666666666666666,0.5833333333333334,0.564385775862069,0.40484885867562104,0.7,0.6739130434782609,0.668103448275862,0.676998831904051,1.4671787482123795,32,2.2777677919948474
10,3,C_Random_Full,7,0.7888888888888889,0.56,0.6278409090909092,0.5287668895709432,0.81,0.6865671641791045,0.7372994652406417,0.7427284342363146,1.3905346559454186,24,2.818909875000827
10,3,C_Random_Full,14,0.7555555555555555,0.47058823529411764,0.6180555555555556,0.45434410233758227,0.78,0.6086956521739131,0.7303921568627452,0.7053013307151805,1.1997522844520174,24,3.871042834012769
10,3,C_Random_Full,21,0.7888888888888889,0.5333333333333333,0.6231884057971014,0.429154539981986,0.81,0.65,0.7447405329593267,0.7145716835754068,1.7062457332661083,21,3.598502833978273
10,4,C_ID,3,0.6666666666666666,0.625,0.6356275303643725,0.6145425845370923,0.7,0.7,0.7115384615384616,0.7593967373341816,0.9911427710153884,38,2.271154582966119
10,4,C_ID,10,0.7,0.5483870967741935,0.6303137651821863,0.6586304086202741,0.73,0.6585365853658537,0.7073317307692308,0.778698231698285,1.0681549044501317,38,1.1838958750013262
10,4,C_ID,17,0.6777777777777778,0.6741573033707865,0.6914525691699603,0.6988234153284671,0.71,0.7339449541284404,0.7485909822866343,0.8109110655833482,1.2179045677743707,44,2.3049311669310555
10,4,C_ID,24,0.6444444444444445,0.6097560975609756,0.5959008097165992,0.464799330795838,0.68,0.6862745098039216,0.680088141025641,0.6956566531671821,2.3881068636038645,38,4.490462166955695
10,4,C_Random_Diag,6,0.7111111111111111,0.5396825396825397,0.5970475669764899,0.4741622072507465,0.74,0.6506024096385542,0.6953286482017362,0.7069237681481261,1.0707739781166785,31,1.5701483329758048
10,4,C_Random_Diag,13,0.6555555555555556,0.6172839506172839,0.627,0.5752790285074336,0.69,0.693069306930693,0.7016000000000001,0.7506989003817679,1.8677091077717312,40,2.353865333017893
10,4,C_Random_Diag,20,0.6555555555555556,0.5641025641025641,0.6022500000000001,0.5876029615623136,0.69,0.6593406593406593,0.6818000000000001,0.7476957385753735,1.874402337446949,40,5.578918874962255
10,4,C_Random_Min_Diag,2,0.7222222222222222,0.5806451612903226,0.6141975308641976,0.49206003010092614,0.75,0.6835443037974683,0.6980676328502415,0.7178355741756544,1.75465055380131,36,3.2410443749977276
10,4,C_Random_Min_Diag,9,0.6333333333333333,0.5135135135135135,0.5630144032921811,0.49530517452814893,0.67,0.6170212765957447,0.6580112721417068,0.7001127219296969,1.2625074862729757,36,2.6536932080052793
10,4,C_Random_Min_Diag,16,0.6777777777777778,0.6172839506172839,0.6733809280979092,0.6321062133852737,0.71,0.693069306930693,0.7428743476515456,0.7749628361358611,1.175735199891447,37,1.64464933401905
10,4,C_Random_Min_Diag,23,0.8,0.6896551724137931,0.7105429292929293,0.38071174020632337,0.82,0.7692307692307693,0.7956773618538324,0.7014228102034815,1.5057575678836623,24,3.3275603749789298
10,4,C_Random_Full,5,0.6333333333333333,0.5063291139240507,0.5490293678446989,0.5185713985142826,0.67,0.611764705882353,0.6374549819927972,0.7154382118449804,1.3352080302887543,41,3.0108186670113355
10,4,C_Random_Full,12,0.6666666666666666,0.4788732394366197,0.5160189075630253,0.424082303379162,0.7,0.5934065934065934,0.6260146103896105,0.6698951409566024,1.1968792869715312,34,2.1281607910059392
10,4,C_Random_Full,19,0.7,0.64,0.6101298701298702,0.45735526759910095,0.73,0.7157894736842105,0.6967676767676768,0.7029833803827563,1.8345132018587151,35,4.466725333011709
15,1,C_ID,1,0.9619047619047619,0.6923076923076923,0.8867629832096837,0.6981919163577212,0.9644444444444444,0.8571428571428571,0.9474256707759247,0.9133094957474981,1.279640199845301,13,7.571020624949597
15,1,C_ID,8,0.9761904761904762,0.46153846153846156,0.5543300653594772,0.2961333257385889,0.9777777777777777,0.8717948717948718,0.8726657329598506,0.8574266239721117,1.191022627052736,6,2.692521916003898
15,1,C_ID,15,0.9523809523809523,0.5833333333333334,0.8202861952861953,0.3148108010537081,0.9555555555555556,0.8148148148148148,0.9201271979049758,0.8317188989922847,1.104175201386788,12,1.69569620792754
15,1,C_ID,22,0.9476190476190476,0.6060606060606061,0.8092541975790706,0.4716489364530003,0.9511111111111111,0.7936507936507936,0.9114394488759971,0.8497177415536905,1.2402790872601865,13,5.751162000000477
15,1,C_Random_Diag,4,0.9571428571428572,0.64,0.8486919172198361,0.5778451688991442,0.96,0.8363636363636363,0.9297498187092096,0.8663103009613222,1.476904409777469,13,3.7942588339792565
15,1,C_Random_Diag,11,0.9476190476190476,0.6451612903225806,0.8166731745411948,0.4827485593096453,0.9511111111111111,0.819672131147541,0.9148839738941261,0.8566281333400899,1.7130206305468283,13,3.981081875041127
15,1,C_Random_Diag,18,0.9380952380952381,0.5882352941176471,0.8811953352769679,0.3440386763481345,0.9422222222222222,0.7868852459016393,0.9426460239268121,0.8348593605387196,1.4632489123011385,14,9.222853333922103
15,1,C_Random_Min_Diag,0,0.9428571428571428,0.45454545454545453,0.7274831649831648,0.27494825878221607,0.9466666666666667,0.7692307692307693,0.8788814066591843,0.7983256005502548,1.3027201536372401,12,6.881963707972318
15,1,C_Random_Min_Diag,7,0.9333333333333333,0.6511627906976745,0.8509837962962964,0.5007152923176783,0.9377777777777778,0.7945205479452054,0.9187184343434344,0.8349381284516546,1.73799658180775,18,3.5926886660745367
15,1,C_Random_Min_Diag,14,0.9333333333333333,0.6521739130434783,0.8564342794158171,0.5010428978076376,0.9377777777777778,0.8,0.9197720973206036,0.8451688251523712,1.3540140956110513,19,4.93629416602198
15,1,C_Random_Min_Diag,21,0.9666666666666667,0.7741935483870968,0.9262007028504492,0.6810372407409886,0.9688888888888889,0.8852459016393442,0.9657360406091371,0.9312678183824386,1.337941947241563,13,3.6043169159675017
15,1,C_Random_Full,3,0.9571428571428572,0.4,0.8538145271813614,0.35364586831131256,0.96,0.8,0.9381522999613454,0.8383991731582743,1.249374110271719,11,2.9494484170572832
15,1,C_Random_Full,10,0.9380952380952381,0.4117647058823529,0.8201874267864115,0.23931214139808268,0.9422222222222222,0.7037037037037037,0.9165155910079769,0.7949288236646781,1.3781809154809561,13,8.659094125032425
15,1,C_Random_Full,17,0.9428571428571428,0.3783783783783784,0.764349863334635,0.3073195718670007,0.9466666666666667,0.7272727272727273,0.8905910079767947,0.7811327647092929,1.2382914720953384,13,15.294227625010535
15,1,C_Random_Full,24,0.9,0.4722222222222222,0.7376692456479691,0.31259251979770997,0.9066666666666666,0.6326530612244898,0.84401955146636,0.7093278405432237,1.2129727104341117,22,4.328888749936596
15,2,C_ID,6,0.8952380952380953,0.5517241379310345,0.7441471571906354,0.47874201297572105,0.9022222222222223,0.717948717948718,0.8377518557794275,0.7620589239061648,1.4928621587051514,26,5.521759332972579
15,2,C_ID,13,0.8904761904761904,0.4810126582278481,0.7383988294314381,0.41435274746226936,0.8977777777777778,0.6506024096385542,0.8341065747613998,0.7317690179126067,1.6749107193156338,26,3.43378295795992
15,2,C_ID,20,0.8904761904761904,0.6567164179104478,0.8022598870056497,0.4653405966861549,0.8977777777777778,0.7628865979381443,0.8640536723163841,0.7654898153431069,1.5837757087508004,33,4.27003029093612
15,2,C_Random_Diag,2,0.8809523809523809,0.5454545454545454,0.7861621621621622,0.3187727592515883,0.8888888888888888,0.6875,0.8663513513513514,0.7230827319824306,1.6710431799457781,25,2.1564377499744296
15,2,C_Random_Diag,9,0.8952380952380953,0.5454545454545454,0.7583120204603582,0.3587546593014589,0.9022222222222223,0.717948717948718,0.8537151702786379,0.7443459206177956,1.8285076890227354,23,28.592401709058322
15,2,C_Random_Diag,16,0.8857142857142857,0.5915492957746479,0.764537037037037,0.47979670621888676,0.8933333333333333,0.7209302325581395,0.8430246913580247,0.7598356861310587,1.2403478198930702,30,3.1403187909163535
15,2,C_Random_Diag,23,0.919047619047619,0.5106382978723404,0.8453010833963215,0.4910184538314039,0.9244444444444444,0.7017543859649122,0.9097589653145208,0.7909761477614856,1.595416199666005,21,3.070165583048947
15,2,C_Random_Min_Diag,5,0.9285714285714286,0.6666666666666666,0.8780549256739733,0.6101093602020673,0.9333333333333333,0.8,0.9288653733098178,0.8477545254034091,1.4229690870590948,21,3.3770306250080466
15,2,C_Random_Min_Diag,12,0.8809523809523809,0.5882352941176471,0.7690988759763764,0.3995636572143212,0.8888888888888888,0.7142857142857143,0.8478151682571571,0.7349026968887794,2.0601406730171696,29,4.817105833091773
15,2,C_Random_Min_Diag,19,0.8809523809523809,0.5230769230769231,0.7936652499494029,0.36508815865438704,0.8888888888888888,0.6818181818181818,0.8673562321103304,0.7276400519510704,1.4501289570120126,27,12.700758249964565
15,2,C_Random_Full,1,0.9047619047619048,0.4897959183673469,0.7642162162162163,0.48510713457441196,0.9111111111111111,0.6857142857142857,0.8526351351351351,0.7599999474185449,1.3191019877871486,25,9.08540504204575
15,2,C_Random_Full,8,0.9047619047619048,0.36619718309859156,0.7057894736842105,0.263337083250187,0.9111111111111111,0.6206896551724138,0.8318796992481204,0.6968846270820315,1.12376120854317,20,7.147815875010565
15,2,C_Random_Full,15,0.8761904761904762,0.4838709677419355,0.7547055251973285,0.2902511165234888,0.8844444444444445,0.6521739130434783,0.8423106947697111,0.6881146890163655,2.142846179667289,27,16.90640854195226
15,2,C_Random_Full,22,0.8809523809523809,0.5098039215686274,0.7428365471256083,0.4813055868632933,0.8888888888888888,0.691358024691358,0.8266941948020403,0.7410163586248598,1.4425132218004137,31,5.072937540942803
15,3,C_ID,4,0.8333333333333334,0.6041666666666666,0.7989834284918536,0.42808810925246477,0.8444444444444444,0.6984126984126984,0.8509704728474087,0.7094810283989488,1.4935499271832238,43,4.684469167026691
15,3,C_ID,11,0.819047619047619,0.5681818181818182,0.7025192533611799,0.4890477829476496,0.8311111111111111,0.6779661016949152,0.7744904017415396,0.7051455083213666,1.5388343987083075,47,2.996527999988757
15,3,C_ID,18,0.8714285714285714,0.5915492957746479,0.7401968442430871,0.47381320866372156,0.88,0.7157894736842105,0.8151400622498888,0.7289308002345074,1.496972465146994,37,3.1827582910191268
15,3,C_Random_Diag,0,0.8476190476190476,0.5925925925925926,0.7266833307295735,0.4279223545395535,0.8577777777777778,0.7027027027027027,0.8055246776345042,0.7049450367110406,1.5662554833577491,37,3.237403374980204
15,3,C_Random_Diag,7,0.8571428571428571,0.5263157894736842,0.7213225371120109,0.43769389628482047,0.8666666666666667,0.6666666666666666,0.7987329434697855,0.7054387648662805,2.234184895732459,39,10.134750499972142
15,3,C_Random_Diag,14,0.8047619047619048,0.5591397849462365,0.7529224996391977,0.3911625278606551,0.8177777777777778,0.6666666666666666,0.8191039729501269,0.6826348769541297,1.532759453226614,41,5.698905708966777
15,3,C_Random_Diag,21,0.8666666666666667,0.65,0.7924859550561798,0.4345807164101066,0.8755555555555555,0.7454545454545455,0.8587138417403778,0.7304112199434714,1.8747542317664563,32,6.381275749998167
15,3,C_Random_Min_Diag,3,0.8761904761904762,0.6285714285714286,0.800122893258427,0.3931443361511975,0.8844444444444445,0.74,0.8639134592397801,0.7304886450075645,1.6940690831122909,32,5.797017415985465
15,3,C_Random_Min_Diag,10,0.8285714285714286,0.5656565656565656,0.7295317634173055,0.45657038872743805,0.84,0.6721311475409836,0.7982948744129059,0.7040174180342531,1.653466530393133,44,5.569756624987349
15,3,C_Random_Min_Diag,17,0.8238095238095238,0.5647058823529412,0.7111678004535147,0.43184817759551286,0.8355555555555556,0.6782608695652174,0.7871762740183794,0.7029915284946022,1.3946899287502366,42,3.9986008750274777
15,3,C_Random_Min_Diag,24,0.7857142857142857,0.42857142857142855,0.6331986531986531,0.31535725709791096,0.8,0.5528455284552846,0.7248989898989899,0.6138278117975374,2.5163217417292643,45,81.69464433391113
15,3,C_Random_Full,6,0.8142857142857143,0.4742268041237113,0.5972409656620183,0.2771593485593637,0.8266666666666667,0.5984251968503937,0.7091184752003465,0.5991184931900542,2.128088911623985,39,10.90919033298269
15,3,C_Random_Full,13,0.8571428571428571,0.4827586206896552,0.7047346938775509,0.48394030662831633,0.8666666666666667,0.6238532110091743,0.7933142857142856,0.7132673438871211,1.4556067689805032,35,4.2401191249955446
15,3,C_Random_Full,20,0.8,0.5436893203883495,0.6716867469879517,0.4229842518225526,0.8133333333333334,0.6466165413533834,0.7551562180927098,0.6747192271153795,1.3665038735684438,44,7.046253166976385
15,4,C_ID,2,0.7714285714285715,0.5663716814159292,0.7010575651964908,0.4721837054012129,0.7866666666666666,0.6573426573426573,0.7670007493443237,0.6901700221673425,1.491573597008642,53,5.207278124988079
15,4,C_ID,9,0.7476190476190476,0.5333333333333333,0.6890880217785844,0.5088236930746554,0.7644444444444445,0.6143790849673203,0.7529740447007931,0.6864297115537925,1.3639715608083522,58,4.367097083944827
15,4,C_ID,16,0.7619047619047619,0.5303030303030303,0.6430625,0.320235972738851,0.7777777777777778,0.6172839506172839,0.7254326923076923,0.6004955032304751,2.43683754644346,50,19.681336709065363
15,4,C_ID,23,0.7523809523809524,0.5737704918032787,0.6931544547643618,0.4807070458561494,0.7688888888888888,0.6578947368421053,0.7570806100217865,0.6823043159111619,1.476452374599162,57,4.360783042036928
15,4,C_Random_Diag,5,0.7904761904761904,0.5233644859813084,0.7267850536440992,0.5267634266621547,0.8044444444444444,0.6349206349206349,0.7888793596340766,0.7156057101252049,1.3845740264127901,51,5.502739915973507
15,4,C_Random_Diag,12,0.7714285714285715,0.6268656716417911,0.7006100171232877,0.5098935456906099,0.7866666666666666,0.6956521739130435,0.7574562164036761,0.7028981054673314,1.4095055510025143,64,4.19378545798827
15,4,C_Random_Diag,19,0.7952380952380952,0.5567010309278351,0.7076210826210826,0.46452777688283503,0.8088888888888889,0.6614173228346457,0.7711817168338907,0.6960228303720307,1.29398718448213,54,2.222978250007145
15,4,C_Random_Min_Diag,1,0.8047619047619048,0.5263157894736842,0.715601802757158,0.5008367184951316,0.8177777777777778,0.64,0.7855357856857258,0.7050816128917046,1.3780146482413984,46,2.718481665942818
15,4,C_Random_Min_Diag,8,0.7571428571428571,0.5984251968503937,0.714517625231911,0.4407596778236291,0.7733333333333333,0.6751592356687898,0.774830802999817,0.678650400783148,1.7427104129078483,56,4.520964249968529
15,4,C_Random_Min_Diag,15,0.7476190476190476,0.5045045045045045,0.6378333333333334,0.42370631506880735,0.7644444444444445,0.6099290780141844,0.7102666666666666,0.6521277654863555,1.9843511863308183,60,9.628913791035302
15,4,C_Random_Min_Diag,22,0.8,0.6271186440677966,0.7464581517000871,0.6031779596987,0.8133333333333334,0.7027027027027027,0.7958494208494208,0.7590589932641962,1.2577480076961476,62,2.0735164580401033
15,4,C_Random_Full,4,0.7428571428571429,0.463768115942029,0.5863010446343779,0.3142562348691158,0.76,0.5595238095238095,0.6762356001486436,0.5844931983918412,1.915701065099159,54,7.947275791899301
15,4,C_Random_Full,11,0.7666666666666667,0.5061728395061729,0.6444215112945764,0.47622708492276267,0.7822222222222223,0.5833333333333334,0.7185003631082063,0.6662669366776413,1.6819478528819898,57,4.9557590410113335
15,4,C_Random_Full,18,0.7142857142857143,0.5987261146496815,0.6859410430839002,0.4675034431852555,0.7333333333333333,0.6631016042780749,0.7463369963369964,0.6655400528425985,1.3155561217198155,63,8.99941054196097
20,1,C_ID,0,0.95,0.5217391304347826,0.797565242746756,0.2534229386623272,0.9525,0.7469879518072289,0.9013779387740606,0.7765959555223862,2.194811853533728,19,66.99439029104542
20,1,C_ID,7,0.9710526315789474,0.6451612903225806,0.8997252747252746,0.5245761646191286,0.9725,0.8450704225352113,0.9554334554334554,0.8892564701710989,1.2739095092670543,16,8.754669292015024
20,1,C_ID,14,0.9605263157894737,0.6666666666666666,0.9036344342751028,0.4687371452454849,0.9625,0.8235294117647058,0.950642027311638,0.8563527295763982,1.7232197115669885,21,6.453164917067625
20,1,C_ID,21,0.9552631578947368,0.5,0.8846770666277883,0.41528202091288346,0.9575,0.7428571428571429,0.9438170324596917,0.8233236606121681,1.639717794921186,19,23.52482945797965
20,1,C_Random_Diag,3,0.9710526315789474,0.5185185185185185,0.8623188405797101,0.3725105739045921,0.9725,0.8125,0.9483695652173914,0.865477040463378,1.891832490560611,12,6.487489667022601
20,1,C_Random_Diag,10,0.9447368421052632,0.6349206349206349,0.8776919475655431,0.5036840908301345,0.9475,0.7835051546391752,0.9332865168539327,0.8374957890851118,1.3018637408959886,24,6.276310208020732
20,1,C_Random_Diag,17,0.9605263157894737,0.6153846153846154,0.8588598901098901,0.35215288300162534,0.9625,0.810126582278481,0.9372710622710622,0.8541518740564555,1.4536059402942445,16,4.8388915420509875
20,1,C_Random_Diag,24,0.9657894736842105,0.5641025641025641,0.7964383561643835,0.43256485263940636,0.9675,0.8115942028985508,0.9127592954990215,0.8492377630855683,1.413706046445367,15,42.29207750002388
20,1,C_Random_Min_Diag,6,0.9657894736842105,0.6060606060606061,0.9219241249214001,0.38952098281687625,0.9675,0.821917808219178,0.9692428370902485,0.8903735916811024,1.1949196448425858,13,2.412480541970581
20,1,C_Random_Min_Diag,13,0.95,0.5555555555555556,0.9166788161539583,0.332539316365438,0.9525,0.7446808510638298,0.9594076283826977,0.8286841473941375,1.2509500887051992,19,7.289754125056788
20,1,C_Random_Min_Diag,20,0.9526315789473684,0.5714285714285714,0.9261111111111111,0.36260989937363725,0.955,0.7804878048780488,0.9630555555555556,0.8291192391550222,1.5896790620607804,20,15.552673000027426
20,1,C_Random_Full,2,0.9578947368421052,0.42857142857142855,0.7157451923076923,0.243972079304984,0.96,0.7647058823529411,0.87366452991453,0.7866549639284551,1.40714278745075,16,9.98249145806767
20,1,C_Random_Full,9,0.9710526315789474,0.32,0.8808819906380883,0.22029452249929685,0.9725,0.7843137254901961,0.9577323192586764,0.8323188745536623,1.157832701361513,11,11.083781249937601
20,1,C_Random_Full,16,0.9578947368421052,0.4489795918367347,0.768801510989011,0.2327024158337985,0.96,0.7297297297297297,0.8972451159951159,0.7986399258722976,1.6758790389450706,16,7.0048521250719205
20,1,C_Random_Full,23,0.9657894736842105,0.4,0.8647488584474886,0.3343336329417957,0.9675,0.7868852459016393,0.9420352250489237,0.83810547423617,1.842052567751495,15,9.972730958019383
20,2,C_ID,5,0.9,0.5531914893617021,0.797865595942519,0.47028749228646827,0.905,0.6865671641791045,0.8630702424126742,0.7349131683926295,1.476725514119397,42,3.419828417012468
20,2,C_ID,12,0.9421052631578948,0.47619047619047616,0.8221813103098019,0.3278929617434255,0.945,0.6842105263157895,0.9068568768289438,0.7799256638111658,1.941829000724141,22,5.363867083913647
20,2,C_ID,19,0.8921052631578947,0.5858585858585859,0.8236607142857143,0.4231358988584812,0.8975,0.7050359712230215,0.8787667410714286,0.7288049574775611,1.7059255089890684,44,4.1951627500820905
20,2,C_Random_Diag,1,0.9315789473684211,0.5813953488372093,0.8265895953757225,0.4621444532281137,0.935,0.7142857142857143,0.8908156711624919,0.7825134273760235,1.438695237295727,34,5.424413708969951
20,2,C_Random_Diag,8,0.9078947368421053,0.4380952380952381,0.7822997416020673,0.27084991856600177,0.9125,0.5957446808510638,0.860049833887043,0.655780730800309,1.6418152258204668,36,10.67121975007467
20,2,C_Random_Diag,15,0.8973684210526316,0.6428571428571429,0.8652162801098972,0.4994474895812678,0.9025,0.7368421052631579,0.9054502263457488,0.7552194325580563,1.595956855162064,47,4.9342127500567585
20,2,C_Random_Diag,22,0.9157894736842105,0.4375,0.6886224856321839,0.24858232576934794,0.92,0.6538461538461539,0.808383068081344,0.6728879566038606,2.067920470328896,32,9.485703833051957
20,2,C_Random_Min_Diag,4,0.9236842105263158,0.5869565217391305,0.8995150862068966,0.48261892433810805,0.9275,0.7131782945736435,0.938163129973475,0.798799271417932,1.382834941587865,32,5.735991375055164
20,2,C_Random_Min_Diag,11,0.8921052631578947,0.5473684210526316,0.7628586032841352,0.4754117797670499,0.8975,0.6814814814814815,0.8336470799157366,0.717178198679767,1.4099907775280045,47,7.764764750027098
20,2,C_Random_Min_Diag,18,0.9105263157894737,0.6407766990291263,0.858441127694859,0.5095386161149932,0.915,0.7424242424242424,0.9019977037887486,0.7800281711550465,1.5370836618630033,45,6.283421708038077
20,2,C_Random_Full,0,0.9105263157894737,0.44155844155844154,0.7240734444066644,0.31547619585047004,0.915,0.6324786324786325,0.8262684649967887,0.6915084015945538,1.4836516726810256,34,6.19284533301834
20,2,C_Random_Full,7,0.9157894736842105,0.4666666666666667,0.8194594109195403,0.26873479177313414,0.92,0.6349206349206349,0.8888980990274095,0.6990318032175953,1.6558106408407325,32,7.880832458962686
20,2,C_Random_Full,14,0.9026315789473685,0.46296296296296297,0.7657385423411756,0.4313372134328148,0.9075,0.6153846153846154,0.8425455776391508,0.707095306224231,1.2773980825354352,41,9.71324316598475
20,2,C_Random_Full,21,0.8763157894736842,0.4714285714285714,0.7520707831325302,0.3536468245697045,0.8825,0.5909090909090909,0.8249911410347273,0.6607828645035592,1.776210774656203,48,6.630083750002086
20,3,C_ID,3,0.8526315789473684,0.48120300751879697,0.7360559964726631,0.3017779170371549,0.86,0.6060606060606061,0.8055149447693307,0.6074064791440275,2.2737770784159483,56,14.605475125019439
20,3,C_ID,10,0.868421052631579,0.5547445255474452,0.7662937062937063,0.39115945332527025,0.875,0.6666666666666666,0.8286153846153845,0.6731385590023842,1.764531294342032,55,5.899999708053656
20,3,C_ID,17,0.8526315789473684,0.5714285714285714,0.7621976792954006,0.4838008974197902,0.86,0.6666666666666666,0.8156364030492431,0.70077032305275,1.43717300000247,69,5.823478832957335
20,3,C_ID,24,0.8605263157894737,0.5751633986928104,0.8068246055809651,0.4717001763165765,0.8675,0.6632124352331606,0.8545222338325786,0.7144239117994322,1.6773939645380676,61,5.250601375009865
20,3,C_Random_Diag,6,0.8736842105263158,0.5079365079365079,0.7349613039399625,0.3679804662145502,0.88,0.631578947368421,0.8085831639566394,0.665518132573274,1.5787862047415533,52,7.291139125009067
20,3,C_Random_Diag,13,0.8736842105263158,0.576,0.7492307692307693,0.3742905937267838,0.88,0.68,0.8161025641025641,0.6726653329828451,1.6539466193535977,55,7.673606917029247
20,3,C_Random_Diag,20,0.8394736842105263,0.5190839694656488,0.7531990338660774,0.36757194468500776,0.8475,0.631578947368421,0.8141375440226015,0.6492899914131218,1.7859651701677517,61,8.979548333096318
20,3,C_Random_Min_Diag,2,0.9052631578947369,0.6170212765957447,0.862256277430031,0.49731833081737065,0.91,0.7313432835820896,0.9074181536824799,0.7774540966106791,1.5521712081111128,41,4.6635608749929816
20,3,C_Random_Min_Diag,9,0.85,0.5874125874125874,0.728059012066365,0.45203545596822287,0.8575,0.6775956284153005,0.789863782051282,0.6785807626746345,1.3963518091427412,68,5.00737179198768
20,3,C_Random_Min_Diag,16,0.8631578947368421,0.5128205128205128,0.6919233067188094,0.37250472518353245,0.87,0.64,0.7719432270515862,0.6490699217989033,1.94174083134465,57,7.2072658750694245
20,3,C_Random_Min_Diag,23,0.8894736842105263,0.543859649122807,0.7802014422790393,0.4269076358485326,0.895,0.6623376623376623,0.842116528961,0.7043617694424846,1.7352196949075605,51,8.608199250069447
20,3,C_Random_Full,5,0.8631578947368421,0.3787878787878788,0.6636374127286365,0.2792558560196031,0.87,0.5232558139534884,0.7557915462276402,0.5902040641403304,1.8510945400194225,53,8.770621125004254
20,3,C_Random_Full,12,0.868421052631579,0.47368421052631576,0.722766181988743,0.35543010132778513,0.875,0.6103896103896104,0.7997755758807588,0.6530854233889303,1.5686036422554068,52,9.391986500006169
20,3,C_Random_Full,19,0.8657894736842106,0.5,0.7363072888729961,0.34746744943803676,0.8725,0.6282051282051282,0.8105869258101803,0.6620439207051314,1.3990409281368243,51,5.292604999965988
20,4,C_ID,1,0.8552631578947368,0.5882352941176471,0.7871889400921661,0.470661733097728,0.8625,0.6783625730994152,0.8344802867383513,0.6951734784664393,1.2852891099673165,70,4.71591658401303
20,4,C_ID,8,0.8289473684210527,0.5714285714285714,0.7094407530454041,0.5182001597790482,0.8375,0.6486486486486487,0.7642632524707995,0.6968581615884228,1.467682313872685,86,5.600079583004117
20,4,C_ID,15,0.8473684210526315,0.5606060606060606,0.7527056277056277,0.5545284846961228,0.855,0.6627906976744186,0.8064652738565782,0.7101191552428293,1.404978059224578,72,4.154330624965951
20,4,C_ID,22,0.8473684210526315,0.5679012345679012,0.7680995475113122,0.49485873925394686,0.855,0.6666666666666666,0.820804195804196,0.7032694595910547,1.1786203481115303,68,3.229249833035283
20,4,C_Random_Diag,4,0.8315789473684211,0.569620253164557,0.7636175115207372,0.45535336134177795,0.84,0.6565656565656566,0.816146953405018,0.6779703820766726,1.372215014367454,70,3.8926057079806924
20,4,C_Random_Diag,11,0.8184210526315789,0.5513513513513514,0.7004797079300391,0.4515557414440487,0.8275,0.6311111111111111,0.7616062981483984,0.6559356058877075,1.355079052782875,78,2.741294583072886
20,4,C_Random_Diag,18,0.8289473684210527,0.5660377358490566,0.7218721872187219,0.43622251896358477,0.8375,0.65625,0.7792181279983668,0.661306333689398,1.3518016437461868,77,2.375137416063808
20,4,C_Random_Min_Diag,0,0.8394736842105263,0.5662650602409639,0.768489819274236,0.41664412541790447,0.8475,0.6504854368932039,0.821710550475561,0.6716160930249342,1.822312570800188,67,4.67502154095564
20,4,C_Random_Min_Diag,7,0.8289473684210527,0.6,0.7247864261983863,0.540097067274866,0.8375,0.6761904761904762,0.7767135155949172,0.6975773710424342,1.418244348446794,86,3.761497166007757
20,4,C_Random_Min_Diag,14,0.7921052631578948,0.49760765550239233,0.6612417467855901,0.42229259630029337,0.8025,0.5989847715736041,0.7233992244396104,0.6249924658939344,1.2743567698767164,89,2.6740334579953924
20,4,C_Random_Min_Diag,21,0.7921052631578948,0.5196078431372549,0.6917147228433564,0.4320225387010535,0.8025,0.6116504854368932,0.7493381391343179,0.63876871173685,1.742483977431763,87,4.07106354192365
20,4,C_Random_Full,3,0.7789473684210526,0.45136186770428016,0.6335666023166023,0.31762178451005274,0.79,0.5252525252525253,0.7040345634095635,0.5609236096643387,1.5336237355430835,84,3.83944391598925
20,4,C_Random_Full,10,0.8473684210526315,0.48214285714285715,0.6542914444596382,0.43040575897500133,0.855,0.618421052631579,0.7302713467762012,0.6414872390845541,1.4551122032117545,71,3.5993125840323046
20,4,C_Random_Full,17,0.7684210526315789,0.45588235294117646,0.6481550364529087,0.4305502759183075,0.78,0.5321888412017167,0.7098822230401178,0.6073334925893071,1.3311672437230089,94,4.237877083942294
20,4,C_Random_Full,24,0.8447368421052631,0.5174825174825175,0.7256230221518987,0.4318193960421643,0.8525,0.6309523809523809,0.7909508740204942,0.6678691427897745,1.2808737861979307,64,3.5700425839750096
10,1,C_ID,3,0.9777777777777777,0.6666666666666666,0.8401162790697674,0.45236813211013793,0.98,0.9230769230769231,0.9543189368770764,0.9183256103414952,1.3846512667645063,4,8.533122124965303
10,1,C_ID,10,0.8777777777777778,0.3870967741935484,0.693325661680092,0.28295576627512153,0.89,0.7027027027027027,0.8393610608800481,0.7525126390066076,1.616875146273523,11,5.407668417086825
10,1,C_ID,17,0.8666666666666667,0.5517241379310345,0.7627372627372626,0.36860646446853784,0.88,0.7391304347826086,0.8658949745906267,0.7778891637249202,1.6264287154118275,13,1.7174051669426262
10,1,C_ID,24,0.9111111111111111,0.6,0.9197530864197531,0.415774811608145,0.92,0.8,0.9619883040935673,0.8730232910325106,1.2444506247926492,9,7.4024538330268115
10,1,C_Random_Diag,6,0.9222222222222223,0.6956521739130435,0.8237179487179487,0.5003547378547378,0.93,0.8372093023255814,0.9038461538461537,0.8435853355580024,1.3738510518562852,12,6.238524624961428
10,1,C_Random_Diag,13,0.9444444444444444,0.7058823529411765,0.9483648881239243,0.6132163471449186,0.95,0.8648648648648649,0.9787384833451453,0.9247396060909082,1.2603718272776439,7,1.0502707079285756
10,1,C_Random_Diag,20,0.9555555555555556,0.6,0.7549603174603174,0.3439536561629585,0.96,0.8666666666666667,0.9081101190476191,0.8727440922001652,1.5811356572993067,6,7.429735874990001
10,1,C_Random_Min_Diag,2,0.8888888888888888,0.48,0.7147435897435896,0.37951005697253604,0.9,0.7368421052631579,0.8444055944055945,0.7843806549646724,1.8760173872044539,12,8.8879714589566
10,1,C_Random_Min_Diag,9,0.9444444444444444,0.782608695652174,0.8958573072497124,0.7214920384275223,0.95,0.8837209302325582,0.9454490657022303,0.9085929107803069,1.282743272718682,11,2.050509624998085
10,1,C_Random_Min_Diag,16,0.8888888888888888,0.5925925925925926,0.8118750000000001,0.34568692633685455,0.9,0.7659574468085106,0.9059375000000001,0.8265361175059317,1.8712530383773998,10,4.465666457894258
10,1,C_Random_Min_Diag,23,0.9444444444444444,0.7058823529411765,0.8640275387263339,0.4706349206349206,0.95,0.8648648648648649,0.9440113394755492,0.8930489995041079,1.6653561566824577,7,1.1405001250095665
10,1,C_Random_Full,5,0.8888888888888888,0.4827586206896552,0.64625,0.2705513839860483,0.9,0.6938775510204082,0.8231249999999999,0.7543388706622592,1.1645320352849329,10,1.3197798329638317
10,1,C_Random_Full,12,0.9,0.5,0.7871116225546606,0.4762808616844667,0.91,0.7567567567567568,0.8884870403857745,0.8134240098735896,1.4562255150056702,11,1.2992258330341429
10,1,C_Random_Full,19,0.8777777777777778,0.43243243243243246,0.6997863247863249,0.27914719953832595,0.89,0.6666666666666666,0.8362470862470863,0.7180759048277361,1.1573688721667652,12,1.6884593330323696
10,2,C_ID,1,0.9222222222222223,0.6956521739130435,0.6773226773226774,0.4511772890380701,0.93,0.8372093023255814,0.8176171654432525,0.7957646331984334,1.464919873482911,13,2.073393458034843
10,2,C_ID,8,0.8444444444444444,0.6956521739130435,0.7664615384615385,0.6265372325284151,0.86,0.7878787878787878,0.8331868131868132,0.8208417708345347,1.3833155098429883,25,2.484063250012696
10,2,C_ID,15,0.8888888888888888,0.6666666666666666,0.8150337837837838,0.6158431248981819,0.9,0.8,0.8861746361746362,0.8542087286772319,1.3393006338767992,16,2.6323712080484256
10,2,C_ID,22,0.8333333333333334,0.6341463414634146,0.7532781228433402,0.6271952290624261,0.85,0.7540983606557377,0.8328658251519403,0.8074215746985762,1.2308162004809542,21,3.0689276669872925
10,2,C_Random_Diag,4,0.8333333333333334,0.4444444444444444,0.6313344594594594,0.2595574319830163,0.85,0.6808510638297872,0.7731288981288982,0.6880119007619905,1.5732335413990142,16,6.604838166967966
10,2,C_Random_Diag,11,0.9,0.5263157894736842,0.661875,0.339702380952381,0.91,0.7692307692307693,0.8309375000000001,0.7825601603204158,1.1959607473276945,10,1.0210154589731246
10,2,C_Random_Diag,18,0.7888888888888889,0.5306122448979592,0.6260192735359525,0.29995815993319,0.81,0.6666666666666666,0.7549781447304516,0.6854532997258297,1.7221293036301213,19,11.858867541071959
10,2,C_Random_Min_Diag,0,0.8333333333333334,0.5853658536585366,0.8154560810810811,0.4826725849651538,0.85,0.7272727272727273,0.8864345114345116,0.7983505706771878,1.4635380420702955,16,2.56580004200805
10,2,C_Random_Min_Diag,7,0.8666666666666667,0.7142857142857143,0.771911663216011,0.5144124880396133,0.88,0.8064516129032258,0.8454885460495559,0.7982400118745405,1.5735096814861853,21,3.9720135419629514
10,2,C_Random_Min_Diag,14,0.8777777777777778,0.5882352941176471,0.7005912162162162,0.5177916414837197,0.89,0.7555555555555555,0.8157484407484408,0.7900251473897502,1.4855176740012126,16,2.2188512919237837
10,2,C_Random_Min_Diag,21,0.8333333333333334,0.6666666666666666,0.8021390374331552,0.6292717353968046,0.85,0.7692307692307693,0.8639705882352942,0.8257806538216589,2.05471079521877,22,6.6313836249755695
10,2,C_Random_Full,3,0.8777777777777778,0.4444444444444444,0.6873126873126874,0.35968894629450676,0.89,0.6857142857142857,0.8232636928289103,0.7375800977581992,1.2807904901584828,13,3.72964812500868
10,2,C_Random_Full,10,0.8222222222222222,0.3870967741935484,0.5173247381144238,0.2979746761150182,0.84,0.6274509803921569,0.6960933536276002,0.6700972459801295,1.1796191102164697,17,1.4530454999767244
10,2,C_Random_Full,17,0.8,0.5818181818181818,0.7472993827160495,0.35450879910830485,0.82,0.6933333333333334,0.8375496031746033,0.735082249961877,1.8267186329462146,18,8.39566516596824
10,2,C_Random_Full,24,0.7666666666666667,0.5,0.6401687216093447,0.39397284289115203,0.79,0.6229508196721312,0.7492085029398463,0.7027591252197474,1.527394210860408,23,2.9185222910018638
10,3,C_ID,6,0.7444444444444445,0.5660377358490566,0.6544444444444445,0.5892228306528192,0.77,0.684931506849315,0.7408333333333333,0.760364399465536,1.2253486516553753,30,0.9980827079853043
10,3,C_ID,13,0.7444444444444445,0.6666666666666666,0.739766081871345,0.6265926903279618,0.77,0.7368421052631579,0.8002855977152183,0.7965396056714129,1.3658398689130946,33,3.0153095420682803
10,3,C_ID,20,0.8111111111111111,0.64,0.7199197860962567,0.4225076455217349,0.83,0.7428571428571429,0.8074448529411764,0.7438297577794104,1.6389414554698616,22,3.498295000055805
10,3,C_Random_Diag,2,0.7888888888888889,0.6545454545454545,0.6856205576817933,0.5714787452685316,0.81,0.7466666666666667,0.7622984704423316,0.7678287720576455,1.180726767562841,31,1.8489113330142573
10,3,C_Random_Diag,9,0.7888888888888889,0.5238095238095238,0.6975267379679144,0.4960365827290244,0.81,0.6779661016949152,0.7920496323529411,0.7441882257830008,1.6381822673857571,22,4.137245457968675
10,3,C_Random_Diag,16,0.7222222222222222,0.5079365079365079,0.5963821368004523,0.47029750160012124,0.75,0.6265060240963856,0.699873896595208,0.7070755992968898,1.3379333715477433,29,2.089287457987666
10,3,C_Random_Diag,23,0.7111111111111111,0.5263157894736842,0.6048615036743923,0.4105650347500869,0.74,0.6493506493506493,0.7061790668348045,0.6851438171531239,1.8221148765383008,29,3.637592416955158
10,3,C_Random_Min_Diag,5,0.7333333333333333,0.6285714285714286,0.7043527416619559,0.60540028138202,0.76,0.7111111111111111,0.780159730979403,0.775291346402049,1.5524425209501873,29,2.6348592080175877
10,3,C_Random_Min_Diag,12,0.7333333333333333,0.5806451612903226,0.6478365384615385,0.39874989656258253,0.76,0.6829268292682927,0.7456597222222222,0.702762368364781,1.4805163384780204,26,2.032781249959953
10,3,C_Random_Min_Diag,19,0.8,0.7,0.7602163461538461,0.47799106621004184,0.82,0.775,0.8268229166666667,0.758245013768337,1.4276669808633045,26,2.899174000020139
10,3,C_Random_Full,1,0.7222222222222222,0.4745762711864407,0.56640625,0.37528602821174695,0.75,0.6075949367088608,0.6868489583333333,0.6687761376926096,1.6534663609651838,26,5.127509624930099
10,3,C_Random_Full,8,0.7,0.47058823529411764,0.5519444444444445,0.46036727161563107,0.73,0.5909090909090909,0.6639583333333333,0.688524512089546,1.5818485809896434,30,2.3730057920329273
10,3,C_Random_Full,15,0.7777777777777778,0.5217391304347826,0.5801767676767676,0.44368772490791264,0.8,0.6666666666666666,0.7036541889483066,0.709511719346644,1.234880457188267,24,1.8890455410582945
10,3,C_Random_Full,22,0.8333333333333334,0.5,0.6215277777777778,0.4297699876902243,0.85,0.6938775510204082,0.7566964285714286,0.7375916776429465,1.2737802170151995,18,2.8293747920542955
10,4,C_ID,4,0.6777777777777778,0.5925925925925926,0.6343623481781375,0.5781341905013623,0.71,0.6741573033707865,0.7105368589743589,0.7488589348242278,1.2685281882962727,38,2.646433416986838
10,4,C_ID,11,0.7,0.6746987951807228,0.6439881246907472,0.6904399845366697,0.73,0.7378640776699029,0.7111601766358892,0.7996667610961123,1.3487209102278848,43,2.3565432919422165
10,4,C_ID,18,0.6777777777777778,0.6075949367088608,0.6430367018602313,0.5939884077793214,0.71,0.6868686868686869,0.7158863545418166,0.7599066791508041,1.3318384275611872,39,1.8203684579348192
10,4,C_Random_Diag,0,0.6555555555555556,0.6444444444444445,0.6697179614052449,0.7342588273008311,0.69,0.7090909090909091,0.7276621787025703,0.8251393957791605,1.0846812759179265,47,2.3614554170053452
10,4,C_Random_Diag,7,0.7333333333333333,0.6129032258064516,0.6362351611079706,0.5096392727973051,0.76,0.7073170731707317,0.7295081967213115,0.7279846869018003,1.293063305409994,29,2.079323749989271
10,4,C_Random_Diag,14,0.7444444444444445,0.6363636363636364,0.6864406779661016,0.5080172522181332,0.77,0.7228915662650602,0.7629185613890037,0.737094987801347,1.2896681946835258,31,2.092814915929921
10,4,C_Random_Diag,21,0.7777777777777778,0.6666666666666666,0.7279934390377254,0.6365108530023271,0.8,0.7469879518072289,0.7943365026870608,0.7991571747214868,1.3152609164458147,31,2.9958603749983013
10,4,C_Random_Min_Diag,3,0.6111111111111112,0.5542168674698795,0.5548418972332017,0.5630187357952409,0.65,0.6407766990291263,0.6372785829307568,0.7365192022577269,1.1697900998498942,44,2.3516220829915255
10,4,C_Random_Min_Diag,10,0.7666666666666667,0.6865671641791045,0.6893506493506493,0.6559611302472965,0.79,0.7586206896551724,0.7583838383838384,0.7936168251872912,1.5426909086442901,35,1.9858338750200346
10,4,C_Random_Min_Diag,17,0.7111111111111111,0.6097560975609756,0.6522182559918409,0.658558668165419,0.74,0.6862745098039216,0.7262143717382578,0.7850727955276537,0.9964231220687028,37,1.483870542026125
10,4,C_Random_Min_Diag,24,0.6888888888888889,0.5679012345679012,0.5943825910931173,0.5818819331181324,0.72,0.6534653465346535,0.6788862179487178,0.7459441548325264,1.2369196235529574,38,2.069247666047886
10,4,C_Random_Full,6,0.7,0.4857142857142857,0.571791972866026,0.44968773206072793,0.73,0.6,0.6815889029003783,0.6866558265645333,1.6613290267879723,29,3.9789152089506388
10,4,C_Random_Full,13,0.6555555555555556,0.5205479452054794,0.58925,0.6124285603547904,0.69,0.6236559139784946,0.6714000000000001,0.752994334582936,1.223492048602214,40,1.768485500011593
10,4,C_Random_Full,20,0.6555555555555556,0.5079365079365079,0.5640756302521008,0.45468274514313345,0.69,0.6265060240963856,0.6631493506493507,0.6845527031250059,0.8968114863877452,34,1.4536198339192197
15,1,C_ID,2,0.9523809523809523,0.6060606060606061,0.8461700336700337,0.48474772182815085,0.9555555555555556,0.8,0.9316311260755705,0.8616032982967747,1.1527599799298807,12,3.7623488339595497
15,1,C_ID,9,0.9476190476190476,0.5625,0.7092932448262397,0.4343109333490899,0.9511111111111111,0.7843137254901961,0.8650290065264685,0.8039065836505103,1.043465508764379,13,2.247485709027387
15,1,C_ID,16,0.9238095238095239,0.39215686274509803,0.8271585051546391,0.23439270336927043,0.9288888888888889,0.6666666666666666,0.9107914865314266,0.7531734980711077,2.7351157348851887,16,22.961369083961472
15,1,C_ID,23,0.9428571428571428,0.5714285714285714,0.8072390572390573,0.34546423925908887,0.9466666666666667,0.7931034482758621,0.9143284698840255,0.827117527841743,1.218199952060428,12,2.5079951669322327
15,1,C_Random_Diag,5,0.9428571428571428,0.6285714285714286,0.8190160093713393,0.4562927546406873,0.9466666666666667,0.8,0.9159717186366932,0.8570573821735554,1.3727967607714116,13,2.462024459033273
15,1,C_Random_Diag,12,0.9571428571428572,0.47058823529411764,0.8442500000000001,0.27899647970876007,0.96,0.8085106382978723,0.9377,0.8495511150620315,1.617856041357909,10,4.072051750030369
15,1,C_Random_Diag,19,0.9380952380952381,0.3157894736842105,0.7557594689574385,0.1640565121048417,0.9422222222222222,0.6976744186046512,0.8866026105873821,0.7476681389216917,1.8573877496888882,13,18.693244333029725
15,1,C_Random_Min_Diag,1,0.9428571428571428,0.6842105263157895,0.9434188034188034,0.5414883587372827,0.9466666666666667,0.8235294117647058,0.9717094017094017,0.8788418494683616,1.3111018062343194,15,3.591169833089225
15,1,C_Random_Min_Diag,8,0.9380952380952381,0.6486486486486487,0.8341968911917099,0.3738151670810392,0.9422222222222222,0.8059701492537313,0.9119170984455958,0.8144559660487892,1.9251381905095262,17,5.885619041975588
15,1,C_Random_Min_Diag,15,0.9476190476190476,0.5217391304347826,0.771585198720877,0.3295480148681202,0.9511111111111111,0.7924528301886793,0.9033629686896019,0.831541477671662,1.4889086765767183,11,8.121831749915145
15,1,C_Random_Min_Diag,22,0.9666666666666667,0.5882352941176471,0.881,0.543507836366532,0.9688888888888889,0.851063829787234,0.9524,0.8942607214300381,1.313715131640799,10,6.008897667052224
15,1,C_Random_Full,4,0.9380952380952381,0.32,0.7764212827988338,0.2463901177754941,0.9422222222222222,0.7111111111111111,0.8920654468684025,0.7507212432298229,1.8530961996839477,14,20.554837166913785
15,1,C_Random_Full,11,0.9476190476190476,0.38095238095238093,0.7140151515151516,0.3101706217578389,0.9511111111111111,0.7555555555555555,0.8728956228956228,0.7715080246619629,1.5026919283814268,12,12.673251333995722
15,1,C_Random_Full,18,0.9476190476190476,0.36363636363636365,0.7626770214709914,0.2299901529736318,0.9511111111111111,0.7441860465116279,0.8995941244684964,0.7895332295417956,1.2684685258226458,11,4.407092291046865
15,2,C_ID,0,0.8904761904761904,0.5818181818181818,0.8665945945945946,0.396628899370815,0.8977777777777778,0.7294117647058823,0.9166216216216218,0.7603148312764114,1.5500730152033824,25,3.2145777909317985
15,2,C_ID,7,0.8952380952380953,0.6470588235294118,0.8300951224448492,0.4172058304184449,0.9022222222222223,0.7551020408163265,0.8907754358574029,0.7772547884142627,1.5321517602422763,27,4.244671707972884
15,2,C_ID,14,0.8809523809523809,0.5517241379310345,0.7569444444444444,0.46622964078210516,0.8888888888888888,0.7045454545454546,0.837962962962963,0.7379397592962185,1.2295787546036103,30,1.9351740840356797
15,2,C_ID,21,0.8571428571428571,0.5945945945945946,0.7837448188862857,0.3723102309420381,0.8666666666666667,0.7115384615384616,0.8542628127277143,0.7124009031243985,1.4594883105580612,31,4.977183042094111
15,2,C_Random_Diag,3,0.8809523809523809,0.576271186440678,0.8088697017268446,0.4027788424730682,0.8888888888888888,0.7191011235955056,0.8755430615895734,0.7478146731525588,1.4983352539481294,28,3.649640209041536
15,2,C_Random_Diag,10,0.8952380952380953,0.5483870967741935,0.7816980286738351,0.4575341383137453,0.9022222222222223,0.7,0.8656603253377446,0.7683079724346642,1.6256295914651975,24,9.6020352919586
15,2,C_Random_Diag,17,0.8952380952380953,0.5925925925925926,0.7876947986237604,0.4516450479155276,0.9022222222222223,0.7380952380952381,0.8635180848295603,0.759166536871535,1.5640542856121429,27,3.453970000031404
15,2,C_Random_Diag,24,0.9095238095238095,0.5818181818181818,0.7811454849498327,0.5379729730997639,0.9155555555555556,0.7397260273972602,0.8612142099681865,0.7903013767806102,1.4784414310100584,26,3.610573333920911
15,2,C_Random_Min_Diag,6,0.9333333333333333,0.6153846153846154,0.7921905222437138,0.5798257292440219,0.9377777777777778,0.7878787878787878,0.8764376078205866,0.820263098844066,1.432165312969552,22,3.99850658304058
15,2,C_Random_Min_Diag,13,0.9095238095238095,0.6122448979591837,0.7919487427466151,0.40417703265844246,0.9155555555555556,0.759493670886076,0.8762938470385279,0.7841149371565033,1.327387715790299,22,2.4076310839736834
15,2,C_Random_Min_Diag,20,0.8809523809523809,0.5507246376811594,0.784108108108108,0.27956669410447227,0.8888888888888888,0.6868686868686869,0.8650675675675674,0.696305713893839,1.9062236786194358,25,9.024024500045925
15,2,C_Random_Full,2,0.8476190476190476,0.4318181818181818,0.679248595505618,0.243091988528357,0.8577777777777778,0.576271186440678,0.7816160650251016,0.6237940036795662,1.5290582312647472,32,7.795509499963373
15,2,C_Random_Full,9,0.8809523809523809,0.5079365079365079,0.8006476421776968,0.4283461866460781,0.8888888888888888,0.6666666666666666,0.8718449128285193,0.7391223655936195,1.4453586387473645,27,9.745830542058684
15,2,C_Random_Full,16,0.9,0.3870967741935484,0.7400604510578934,0.36459255027894055,0.9066666666666666,0.6557377049180327,0.8426681677455671,0.7173170678165799,1.4556968075772474,23,4.853603833005764
15,2,C_Random_Full,23,0.8285714285714286,0.5585585585585585,0.7350413997812841,0.37423600006445845,0.84,0.6567164179104478,0.8114717652289906,0.6708227934796813,1.3959164537258766,37,4.052118832943961
15,3,C_ID,5,0.8428571428571429,0.547945205479452,0.7630108556832694,0.45403078852646206,0.8533333333333334,0.6796116504854369,0.8327135451881902,0.7181827593156753,1.457506919298441,36,3.2952171249780804
15,3,C_ID,12,0.8571428571428571,0.5714285714285714,0.7455085142946415,0.46108832493173896,0.8666666666666667,0.7,0.8189195197865717,0.731621375804132,1.6467689482655838,37,4.923667583032511
15,3,C_ID,19,0.8285714285714286,0.6041666666666666,0.7559375000000002,0.5214796243736952,0.84,0.7,0.8122596153846154,0.7356260615667787,1.246330665902155,50,2.905225333990529
15,3,C_Random_Diag,1,0.8285714285714286,0.5128205128205128,0.694920440636475,0.3924651732202887,0.84,0.6481481481481481,0.7812637121544538,0.6788644084709226,1.2662670727816105,38,3.561287458986044
15,3,C_Random_Diag,8,0.8428571428571429,0.5238095238095238,0.7276203328834908,0.45327758704938914,0.8533333333333334,0.6491228070175439,0.8032813515269657,0.7107530414262976,1.6255215956367521,39,6.984871666994877
15,3,C_Random_Diag,15,0.8095238095238095,0.594059405940594,0.734625,0.531274884211732,0.8222222222222222,0.6870229007633588,0.7958653846153846,0.7243910736094588,1.513378784102017,50,5.159762041992508
15,3,C_Random_Diag,22,0.8809523809523809,0.5245901639344263,0.7824327059299736,0.429248004782746,0.8888888888888888,0.691358024691358,0.8601353109549831,0.7474740111487086,1.6347763854008361,27,4.216394542017952
15,3,C_Random_Min_Diag,4,0.8571428571428571,0.6363636363636364,0.779264705882353,0.4986404793742172,0.8666666666666667,0.7304347826086957,0.8394652406417112,0.7546680366862246,1.6975986176950189,40,5.36009745800402
15,3,C_Random_Min_Diag,11,0.8333333333333334,0.6122448979591837,0.7634173055859803,0.5349610175248718,0.8444444444444444,0.703125,0.8235654482336126,0.749705907358752,1.5781968058523523,44,3.0497953749727458
15,3,C_Random_Min_Diag,18,0.7952380952380952,0.5666666666666667,0.6831791626095425,0.4687362280230339,0.8088888888888889,0.656,0.7541092008312866,0.6809124218559293,1.3891525876647408,52,4.488912416039966
15,3,C_Random_Full,0,0.8095238095238095,0.42718446601941745,0.5930312157721797,0.3151457331229661,0.8222222222222222,0.5689655172413793,0.6964978558301,0.615703633668498,1.426742859932149,44,8.564105334109627
15,3,C_Random_Full,7,0.8047619047619048,0.4461538461538462,0.6374410774410775,0.3930678364499322,0.8177777777777778,0.5825242718446602,0.7280808080808081,0.6484526191083817,1.2441633249863868,45,5.8166110831080005
15,3,C_Random_Full,14,0.8095238095238095,0.42735042735042733,0.5721604849184586,0.33055750297899156,0.8222222222222222,0.54421768707483,0.6867603550295858,0.6139720554577959,1.2650317955721015,41,4.74460779200308
15,3,C_Random_Full,21,0.7952380952380952,0.39669421487603307,0.5666341735134383,0.27535386236159276,0.8088888888888889,0.5170068027210885,0.6787115424323766,0.5743300365412638,1.2146151390140574,43,3.912195915938355
15,4,C_ID,3,0.7476190476190476,0.5882352941176471,0.6744076818703684,0.530818991269644,0.7644444444444445,0.6626506024096386,0.7339672522599352,0.6971642865597734,1.1523621128177908,67,2.623721666052006
15,4,C_ID,10,0.7952380952380952,0.5714285714285714,0.7266446951451389,0.46730195528721435,0.8088888888888889,0.6666666666666666,0.790712344720497,0.7002488523616965,1.322250212937105,49,3.909609166905284
15,4,C_ID,17,0.7761904761904762,0.5982905982905983,0.7248322147651006,0.5790671364491065,0.7911111111111111,0.6802721088435374,0.7791416460614624,0.7307088601745131,1.266251991122172,61,2.7629793339874595
15,4,C_ID,24,0.7952380952380952,0.5853658536585366,0.7009508348794062,0.5126571698747154,0.8088888888888889,0.6666666666666666,0.7641302359612219,0.7066591390367225,1.1422058278766083,56,3.3720732079818845
15,4,C_Random_Diag,6,0.8333333333333334,0.6153846153846154,0.7689043209876543,0.5492910757644804,0.8444444444444444,0.7107438016528925,0.8239271017048795,0.7499484332496102,1.7459783006343033,48,4.90350108302664
15,4,C_Random_Diag,13,0.7714285714285715,0.5040650406504065,0.6679615027829313,0.4455005895321692,0.7866666666666666,0.6027397260273972,0.7381104810682275,0.6685192945306397,1.7999886846482664,56,4.914742083987221
15,4,C_Random_Diag,20,0.8095238095238095,0.5378151260504201,0.7313666623156246,0.48321822115252966,0.8222222222222222,0.6308724832214765,0.7963585988521671,0.7015083803724916,1.9306079188075809,47,7.17582362506073
15,4,C_Random_Min_Diag,2,0.8333333333333334,0.6601941747572816,0.7502898886827458,0.5894352404081094,0.8444444444444444,0.7368421052631579,0.8030455460032924,0.7558731643260768,1.2115709741960372,56,2.9738530419999734
15,4,C_Random_Min_Diag,9,0.8095238095238095,0.6078431372549019,0.7475598935226264,0.5153955367785484,0.8222222222222222,0.696969696969697,0.8067255434782609,0.7191581965124778,1.1207293412315784,49,2.9596007500076666
15,4,C_Random_Min_Diag,16,0.819047619047619,0.5806451612903226,0.7630244644441628,0.4793916381788137,0.8311111111111111,0.6833333333333333,0.8185656055900621,0.7153324656660658,1.902883221674462,49,5.8243192919762805
15,4,C_Random_Min_Diag,23,0.8095238095238095,0.5,0.6831617647058824,0.353481889461788,0.8222222222222222,0.6271186440677966,0.7695721925133691,0.654558538504656,1.2112187886955577,40,4.165065458975732
15,4,C_Random_Full,5,0.7714285714285715,0.5636363636363636,0.6174999999999999,0.4694386945055298,0.7866666666666666,0.6571428571428571,0.694,0.6650765587123622,1.4869197079980205,60,4.450984042021446
15,4,C_Random_Full,12,0.8285714285714286,0.5405405405405406,0.6688116100766703,0.45353971875259025,0.84,0.6605504587155964,0.7530120481927711,0.6977354685001818,1.2141645717141503,44,2.5520505000604317
15,4,C_Random_Full,19,0.7523809523809524,0.4925373134328358,0.6334575171253455,0.4054247783982604,0.7688888888888888,0.5853658536585366,0.7143124765829898,0.6395723578429441,1.1481505399611103,53,4.115856499993242
20,1,C_ID,1,0.9368421052631579,0.5862068965517241,0.8282268578878749,0.3379402756639115,0.94,0.7551020408163265,0.9029108327192336,0.7617291344515529,1.1502381054283453,26,14.19798441696912
20,1,C_ID,8,0.9631578947368421,0.625,0.9245833333333333,0.48068174178158696,0.965,0.8157894736842105,0.9622916666666667,0.8602265899567918,1.485532643727288,20,5.212448666919954
20,1,C_ID,15,0.9263157894736842,0.6410256410256411,0.8544360632183908,0.40649036804295136,0.93,0.7627118644067796,0.910422192749779,0.783416560324429,1.668393225222778,32,7.350214875070378
20,1,C_ID,22,0.95,0.46511627906976744,0.8167371336929581,0.2358034774966061,0.9525,0.7228915662650602,0.9107180907734924,0.7701741746779093,2.2203704782128777,19,20.44445608300157
20,1,C_Random_Diag,4,0.9578947368421052,0.64,0.8680555555555556,0.49772665911310726,0.96,0.8,0.9340277777777777,0.855172908987686,1.5081102797808212,20,5.727208332973532
20,1,C_Random_Diag,11,0.9473684210526315,0.5882352941176471,0.8630495676531482,0.3544515722199991,0.95,0.7727272727272727,0.9267474431633118,0.7984860967417545,1.8535180890769032,23,7.739707458997145
20,1,C_Random_Diag,18,0.9631578947368421,0.6511627906976745,0.845968800116635,0.48510069752640406,0.965,0.825,0.9249591590311812,0.8492784719602252,1.5451189371504048,19,8.074877417064272
20,1,C_Random_Min_Diag,0,0.9526315789473684,0.5652173913043478,0.8778247557953054,0.35026486149672253,0.955,0.7674418604651163,0.9404787271823282,0.8301640092319685,2.18625155751378,19,14.91752420796547
20,1,C_Random_Min_Diag,7,0.9578947368421052,0.6521739130434783,0.8809674961909598,0.44299944090868193,0.96,0.813953488372093,0.9376496408619315,0.8464845794103768,1.6532720625960142,22,3.2938686669804156
20,1,C_Random_Min_Diag,14,0.9894736842105263,0.8461538461538461,0.9814311594202898,0.5022162406936439,0.99,0.9393939393939394,0.9930366847826086,0.9394075175893714,1.8328430862920126,12,5.881902209017426
20,1,C_Random_Min_Diag,21,0.9710526315789474,0.46153846153846156,0.8277853260869565,0.24932065689076643,0.9725,0.8135593220338984,0.9354194972826086,0.8388594578652298,1.5982322070450228,12,7.1079137090127915
20,1,C_Random_Full,3,0.9578947368421052,0.25,0.685782967032967,0.1061829052459441,0.96,0.7142857142857143,0.8603479853479854,0.7142777997541768,1.9306625157522672,16,27.057816249900497
20,1,C_Random_Full,10,0.9368421052631579,0.4788732394366197,0.8123829588014981,0.29212886167205926,0.94,0.6666666666666666,0.8976634320735444,0.7480972200601245,1.6476752795018261,24,10.997252291999757
20,1,C_Random_Full,17,0.9552631578947368,0.28888888888888886,0.7946037919299952,0.14804400615018684,0.9575,0.7017543859649122,0.905628769265133,0.7402717607865579,1.979439403794628,17,12.566936208982952
20,1,C_Random_Full,24,0.9552631578947368,0.34615384615384615,0.8561233885819521,0.23422747707251565,0.9575,0.711864406779661,0.9318479209072403,0.7577761588306476,1.4529899439394798,18,16.98226625006646
20,2,C_ID,6,0.9157894736842105,0.5301204819277109,0.7857142857142857,0.4760282480256968,0.92,0.6857142857142857,0.8609022556390977,0.7531558076430922,1.4428788953792873,37,4.307529582991265
20,2,C_ID,13,0.9052631578947369,0.6021505376344086,0.8503385657125269,0.4469803071736259,0.91,0.7218045112781954,0.9019459568461383,0.7590827767781214,1.5348925373032072,38,4.557638208032586
20,2,C_ID,20,0.9131578947368421,0.5161290322580645,0.8246527777777779,0.45470173310946904,0.9175,0.6732673267326733,0.8872767857142857,0.7494572592302431,1.7825485942260575,36,6.1889651250094175
20,2,C_Random_Diag,2,0.9026315789473685,0.5,0.7750374280986525,0.2919001131175788,0.9075,0.6666666666666666,0.8539716638535113,0.6840492378874318,1.8591798095642962,37,6.7039828329579905
20,2,C_Random_Diag,9,0.8973684210526316,0.6,0.8383387445887447,0.4470715051554609,0.9025,0.7153284671532847,0.888857886904762,0.74339793703211,1.338275083854091,44,5.658185041043907
20,2,C_Random_Diag,16,0.8921052631578947,0.5737704918032787,0.814912651451113,0.35227662342118693,0.8975,0.68,0.8746182477572055,0.6930955792485842,2.1755903452141276,42,13.801802292000502
20,2,C_Random_Diag,23,0.9447368421052632,0.6557377049180327,0.8296977539513819,0.3983701619450487,0.9475,0.7920792079207921,0.8964829484802518,0.7746929857060323,2.1305942603926855,31,10.551310417009518
20,2,C_Random_Min_Diag,5,0.8894736842105263,0.5470085470085471,0.8396683250414594,0.4305706681886826,0.895,0.6624203821656051,0.8890011481056259,0.7188525378623627,1.5039505255322043,45,3.7182974580209702
20,2,C_Random_Min_Diag,12,0.8763157894736842,0.5565217391304348,0.7248671328671328,0.4630355845388498,0.8825,0.6709677419354839,0.7982358974358974,0.6938114485027533,1.5880037173896593,55,4.723195625003427
20,2,C_Random_Min_Diag,19,0.9315789473684211,0.6506024096385542,0.8412654637144433,0.4956905793685558,0.935,0.7719298245614035,0.8969617922356914,0.7804795231724593,1.9152286603047988,37,7.544897084007971
20,2,C_Random_Full,1,0.9026315789473685,0.4485981308411215,0.710735294117647,0.33804058675905907,0.9075,0.5986394557823129,0.807156862745098,0.6647184808056807,1.4402028101912214,40,9.06198379106354
20,2,C_Random_Full,8,0.9078947368421053,0.4383561643835616,0.7265838509316769,0.2517478603698566,0.9125,0.6371681415929203,0.8260079051383399,0.6641077905233371,2.304764554925681,35,11.088865166064352
20,2,C_Random_Full,15,0.9078947368421053,0.39344262295081966,0.7897722567287786,0.2729860068669889,0.9125,0.6213592233009708,0.8662187088274045,0.6806953787070595,2.061485515244023,35,8.951210833038203
20,2,C_Random_Full,22,0.8921052631578947,0.4090909090909091,0.6982516727822147,0.22748669108658767,0.8975,0.5487804878048781,0.7971855505585377,0.6141041336238302,2.2717607177633385,41,11.262941332999617
20,3,C_ID,4,0.8868421052631579,0.5471698113207547,0.8049964858475498,0.4728147098546648,0.8925,0.6712328767123288,0.8632064900721618,0.7229900612709701,1.6127411441933697,47,5.72304383397568
20,3,C_ID,11,0.8736842105263158,0.5785123966942148,0.7898773006134969,0.41949216702317965,0.88,0.6832298136645962,0.8466672193666058,0.6990505104919118,1.706331001695577,54,6.7050210000015795
20,3,C_ID,18,0.8368421052631579,0.5578231292517006,0.76993894993895,0.41648120100869945,0.845,0.6524064171122995,0.8240709617180206,0.6758379734780724,1.9360247053956061,65,8.943977457936853
20,3,C_Random_Diag,0,0.868421052631579,0.5,0.7479883156966489,0.42070829186511205,0.875,0.6323529411764706,0.8143071799870045,0.6809992779056384,1.5119297589977285,56,5.046529000042938
20,3,C_Random_Diag,7,0.8552631578947368,0.5673758865248227,0.7381674289531837,0.430722506059912,0.8625,0.6666666666666666,0.8028174464956075,0.6760292714185082,1.4183144805605297,61,6.773362166015431
20,3,C_Random_Diag,14,0.85,0.5751633986928104,0.7548695608632517,0.44859978321189914,0.8575,0.6632124352331606,0.8139371365588537,0.6860679412049437,1.629993554195064,63,5.331623875070363
20,3,C_Random_Diag,21,0.8157894736842105,0.40476190476190477,0.632741935483871,0.285693039425756,0.825,0.5333333333333333,0.7143548387096774,0.5600014271142387,3.826351714127271,70,55.92363624996506
20,3,C_Random_Min_Diag,3,0.8789473684210526,0.5736434108527132,0.7712780403019934,0.46902924085359426,0.885,0.6805555555555556,0.830686341522255,0.711827795882211,1.428411976178568,57,4.745500290999189
20,3,C_Random_Min_Diag,10,0.8421052631578947,0.5696969696969697,0.754994209612044,0.4740577346585799,0.85,0.6536585365853659,0.8119723003999408,0.6860337478528504,1.673984835668459,66,4.663397957920097
20,3,C_Random_Min_Diag,17,0.8710526315789474,0.5454545454545454,0.7082517482517482,0.44290351302128994,0.8775,0.6583850931677019,0.7860512820512819,0.67609346941998,1.7363953167453163,55,5.630272957962006
20,3,C_Random_Min_Diag,24,0.8894736842105263,0.5416666666666666,0.7858325857428748,0.3477922857390044,0.895,0.676923076923077,0.8538222410625971,0.6938354885485492,1.8420952408917792,43,9.058691541897133
20,3,C_Random_Full,6,0.8921052631578947,0.4166666666666667,0.7180012950571983,0.2869211603104552,0.8975,0.5625,0.8104598868417235,0.6340783044667115,1.4998740124812524,41,5.319309459067881
20,3,C_Random_Full,13,0.8657894736842106,0.4583333333333333,0.7322056754221389,0.33070202436979473,0.8725,0.5766871165644172,0.806592987804878,0.6389020107690472,1.7169239116449688,52,11.013545042020269
20,3,C_Random_Full,20,0.8789473684210526,0.423728813559322,0.7123145014319188,0.26442925155589914,0.885,0.569620253164557,0.7994919252404282,0.6097648878114958,1.8241522169127822,46,10.8661539159948
20,4,C_ID,2,0.8105263157894737,0.5402298850574713,0.717125,0.4148134082109609,0.82,0.6261682242990654,0.7736999999999999,0.6431479799905379,1.6398514429066577,80,8.85116654203739
20,4,C_ID,9,0.8342105263157895,0.5714285714285714,0.7696496909037386,0.4838602727190422,0.8425,0.6631016042780749,0.8161851068827812,0.6899997857081791,1.2379500367169098,79,3.604628875036724
20,4,C_ID,16,0.8078947368421052,0.45390070921985815,0.6069431010555532,0.3773939468386068,0.8175,0.5780346820809249,0.6863485351857446,0.5946217594560297,2.184509177635375,79,7.576216125045903
20,4,C_ID,23,0.8447368421052631,0.5850340136054422,0.7449466779706394,0.49410842588452225,0.8525,0.6739130434782609,0.7997968547511471,0.6930177069414549,1.517351113799841,73,4.9537691249279305
20,4,C_Random_Diag,5,0.8105263157894737,0.5497076023391813,0.7304595565465131,0.4310659509326882,0.82,0.6350710900473934,0.7838339017848274,0.6530703054183132,1.4516708400135607,81,5.397348499973305
20,4,C_Random_Diag,12,0.8157894736842105,0.5034965034965035,0.7441152597402596,0.43260080818645413,0.825,0.6120218579234973,0.7997423771880292,0.6521594229599202,1.3605931825956687,72,4.022961542010307
20,4,C_Random_Diag,19,0.8289473684210527,0.5540540540540541,0.7039562841530054,0.4051266045513301,0.8375,0.648936170212766,0.766281276962899,0.6463377390189794,1.233151702816983,75,2.8600032499525696
20,4,C_Random_Min_Diag,1,0.8657894736842106,0.5413533834586466,0.7641758241758241,0.4958310834490082,0.8725,0.6473988439306358,0.8196638655462185,0.7043561876786768,1.4076545148733925,65,3.9610133750829846
20,4,C_Random_Min_Diag,8,0.8368421052631579,0.5798816568047337,0.7694394213381555,0.5023343346270214,0.845,0.6602870813397129,0.8160173160173161,0.7058345420018213,1.517277224855302,79,11.799786500050686
20,4,C_Random_Min_Diag,15,0.8315789473684211,0.5644171779141104,0.7050491803278688,0.49831277561963716,0.84,0.6502463054187192,0.767144089732528,0.6797797187296876,1.5633099612473003,75,5.745457208016887
20,4,C_Random_Min_Diag,22,0.8315789473684211,0.5521472392638037,0.7611019736842106,0.5229206817202078,0.84,0.6403940886699507,0.8108723958333335,0.6973894401988591,1.5912617495901262,76,5.361131333978847
20,4,C_Random_Full,4,0.7763157894736842,0.4891304347826087,0.6454506537982566,0.4040812235124706,0.7875,0.5803571428571429,0.7111079401319127,0.6027195425486542,1.3752822707329164,88,6.88612420798745
20,4,C_Random_Full,11,0.8052631578947368,0.48044692737430167,0.6731618271353371,0.40055670779354774,0.815,0.5829145728643216,0.739863495066901,0.6267885948049599,1.7421540456033242,78,7.052742458996363
20,4,C_Random_Full,18,0.8210526315789474,0.4375,0.6314258658008658,0.34026839688289384,0.83,0.5482233502538071,0.7115506775832863,0.585308537580976,2.00252901840924,72,9.50037770892959
10,1,C_ID,4,0.9333333333333333,0.5714285714285714,0.7767857142857143,0.34510582010582014,0.94,0.8235294117647058,0.9162946428571428,0.8601307046711458,1.383123590067182,6,3.0662410830846056
10,1,C_ID,11,0.9333333333333333,0.7,0.8834019204389574,0.669183379690626,0.94,0.85,0.944769330734243,0.9038441256714869,1.216839283698367,9,1.7612636670237407
10,1,C_ID,18,0.9222222222222223,0.5555555555555556,0.7750342935528121,0.46811675180928053,0.93,0.7894736842105263,0.8934372969460689,0.8331968388478084,1.4329002367185333,9,2.6188287920085713
10,1,C_Random_Diag,0,0.9111111111111111,0.5714285714285714,0.8460365853658537,0.3161895396270396,0.92,0.7894736842105263,0.9315718157181572,0.8444588012913719,2.0779609983657084,8,9.280158999958076
10,1,C_Random_Diag,7,0.8777777777777778,0.4,0.6917735042735043,0.349453833655045,0.89,0.6857142857142857,0.831876456876457,0.7476617174334028,1.1887870113802088,12,2.3638068749569356
10,1,C_Random_Diag,14,0.9222222222222223,0.6956521739130435,0.8875171467764059,0.5807951946916455,0.93,0.8372093023255814,0.9467186484730343,0.8959809454292467,1.0985205963926454,9,2.7695244579808787
10,1,C_Random_Diag,21,0.8777777777777778,0.43478260869565216,0.6398158803222094,0.2151099350449089,0.89,0.6976744186046512,0.8113321277878239,0.731672375246772,2.48998181914237,11,12.713976249913685
10,1,C_Random_Min_Diag,3,0.9444444444444444,0.6153846153846154,0.8898809523809523,0.32451099479062306,0.95,0.8484848484848485,0.9587053571428571,0.8815384340671285,1.2243106370231076,6,2.3653389170067385
10,1,C_Random_Min_Diag,10,0.8777777777777778,0.375,0.6891025641025641,0.303957319430837,0.89,0.6666666666666666,0.8304195804195804,0.7357012222172128,2.1133971984988937,12,52.74166141601745
10,1,C_Random_Min_Diag,17,0.9333333333333333,0.7,0.8792866941015088,0.4887485970819304,0.94,0.85,0.9428200129954516,0.8793008388195369,1.5001904877875871,9,3.6889939580578357
10,1,C_Random_Min_Diag,24,0.9666666666666667,0.5714285714285714,0.7703488372093024,0.4492291130352276,0.97,0.8888888888888888,0.9343853820598007,0.8995421622972644,0.9492216746330352,4,2.977129374979995
10,1,C_Random_Full,6,0.8777777777777778,0.38095238095238093,0.6622554660529343,0.18247709036060256,0.89,0.6470588235294118,0.823086196503918,0.7120834391225794,1.1132074332502053,11,5.875420292024501
10,1,C_Random_Full,13,0.9444444444444444,0.42105263157894735,0.9,0.3426265763222285,0.95,0.8148148148148148,0.9666666666666667,0.8869729437229437,1.5016346831743805,5,1.7139965411042795
10,1,C_Random_Full,20,0.9444444444444444,0.3333333333333333,0.6670588235294117,0.1082486669695972,0.95,0.8,0.8890196078431373,0.8098284282728143,1.4726783208907948,5,13.362815042026341
10,2,C_ID,2,0.8777777777777778,0.56,0.7885338345864662,0.37574208598081493,0.89,0.7555555555555555,0.8766447368421053,0.7856319311120981,2.308110917226189,14,13.255548374960199
10,2,C_ID,9,0.8555555555555555,0.5294117647058824,0.735641891891892,0.4802419984508628,0.87,0.7037037037037037,0.8373180873180874,0.7756191059358278,1.4631440442898072,16,2.106527250027284
10,2,C_ID,16,0.8555555555555555,0.6111111111111112,0.7637362637362637,0.3052681758192375,0.87,0.7547169811320755,0.8664596273291925,0.7602883827730013,1.7359988842545762,13,4.8777673749718815
10,2,C_ID,23,0.8111111111111111,0.5833333333333334,0.8170829975825946,0.3633614643969729,0.83,0.711864406779661,0.884830035514967,0.7483366134751224,2.214561614265537,17,5.469530459027737
10,2,C_Random_Diag,5,0.8222222222222222,0.6415094339622641,0.8075000000000001,0.43381940041468176,0.84,0.75,0.8716666666666668,0.7701765600425231,1.2610510143613587,20,8.351679416955449
10,2,C_Random_Diag,12,0.8333333333333334,0.48484848484848486,0.708,0.3716639014007435,0.85,0.68,0.8247999999999999,0.7502450886832361,1.3637041297413677,15,1.4866538329515606
10,2,C_Random_Diag,19,0.8777777777777778,0.6857142857142857,0.782516891891892,0.4767022848328827,0.89,0.8,0.8661642411642412,0.7843436027975184,2.4174345660578087,16,12.855283832992427
10,2,C_Random_Min_Diag,1,0.8222222222222222,0.7037037037037037,0.726476314081765,0.45019434093147,0.84,0.7837837837837838,0.8093622795115333,0.7441622139314198,1.592899051123257,23,3.9950238750316203
10,2,C_Random_Min_Diag,8,0.7333333333333333,0.5,0.6201036866359447,0.5322270222090203,0.76,0.6470588235294118,0.7200764006791172,0.7302212485112232,1.0541509611245972,28,2.30338950001169
10,2,C_Random_Min_Diag,15,0.7666666666666667,0.5555555555555556,0.6609344581440624,0.47342907752664953,0.79,0.6756756756756757,0.763681592039801,0.7375626630305927,1.3703075457426974,23,1.2368559169117361
10,2,C_Random_Min_Diag,22,0.8333333333333334,0.5909090909090909,0.757227575982209,0.580571247973994,0.85,0.71875,0.8409422049538611,0.8023143660262706,1.4440148713115828,19,1.7802290419349447
10,2,C_Random_Full,4,0.8333333333333334,0.5365853658536586,0.6442857142857142,0.44589333746466453,0.85,0.6938775510204082,0.7628571428571429,0.748538227351863,1.2173467727772387,20,2.2067697080783546
10,2,C_Random_Full,11,0.8111111111111111,0.45714285714285713,0.6385714285714286,0.3950118505898332,0.83,0.6545454545454545,0.7590476190476191,0.7174748881030364,1.283196689959917,20,1.963262457982637
10,2,C_Random_Full,18,0.7888888888888889,0.46511627906976744,0.5604151223128243,0.2770708414679689,0.81,0.6349206349206349,0.7119961146187469,0.6515177563203323,2.272429871497284,19,21.031612542108633
10,3,C_ID,0,0.7555555555555555,0.65625,0.7100056529112493,0.5066331341965779,0.78,0.7380952380952381,0.7843631778058007,0.7476766356794575,1.4255074048026726,29,1.7983191659441218
10,3,C_ID,7,0.7666666666666667,0.6071428571428571,0.73046875,0.5776596667724607,0.79,0.7105263157894737,0.8053385416666667,0.7801911070192588,1.3887709646596216,26,3.557793124928139
10,3,C_ID,14,0.8777777777777778,0.7555555555555555,0.8071428571428572,0.5432844394387751,0.89,0.8307692307692308,0.8714285714285714,0.8044769824176319,1.576560951521736,20,3.835095167043619
10,3,C_ID,21,0.8333333333333334,0.6415094339622641,0.7628163530175212,0.6216298001433722,0.85,0.7457627118644068,0.8346901854364541,0.8104294420448783,1.6242793031075666,23,2.739042790955864
10,3,C_Random_Diag,3,0.7888888888888889,0.5882352941176471,0.716,0.5591661014664855,0.81,0.704225352112676,0.797142857142857,0.7762436255235355,1.569267706791341,25,2.8147739169653505
10,3,C_Random_Diag,10,0.7333333333333333,0.6666666666666666,0.7003827227993439,0.5026458885697143,0.76,0.7368421052631579,0.7734601074824308,0.7344934654597713,1.388527197841632,31,2.519110916997306
10,3,C_Random_Diag,17,0.7333333333333333,0.5555555555555556,0.6291690220463538,0.475267784748566,0.76,0.6756756756756757,0.7242538881883144,0.7135987807645102,1.5567819712488906,29,2.3786885410081595
10,3,C_Random_Diag,24,0.7444444444444445,0.5098039215686274,0.5952380952380952,0.4862665662109408,0.77,0.647887323943662,0.7046332046332047,0.7149736380235063,1.1087466122549807,27,1.4926684169331565
10,3,C_Random_Min_Diag,6,0.7444444444444445,0.5818181818181818,0.6226958525345622,0.4490251900999154,0.77,0.6933333333333334,0.7219864176570459,0.7095870994217308,1.2944473440491202,28,1.7121493340237066
10,3,C_Random_Min_Diag,13,0.8444444444444444,0.6956521739130435,0.8485092667203867,0.4579144513460463,0.86,0.7878787878787878,0.9046169457128361,0.7941800032637065,1.2928786929267195,17,3.1343527499120682
10,3,C_Random_Min_Diag,20,0.8333333333333334,0.7169811320754716,0.7648358585858586,0.5897350295201669,0.85,0.7945205479452054,0.8340017825311943,0.7992018409165171,1.1384316948930497,24,1.981720791081898
10,3,C_Random_Full,2,0.7666666666666667,0.39285714285714285,0.54574951330305,0.38095255536765504,0.79,0.5666666666666667,0.6834011759384894,0.6658258838163452,1.0772251656350584,23,1.0280142080737278
10,3,C_Random_Full,9,0.6888888888888889,0.5070422535211268,0.598141060688901,0.4599778915527571,0.72,0.6153846153846154,0.6961554361306326,0.7001450503863083,1.145867292017313,31,1.743362333974801
10,3,C_Random_Full,16,0.7555555555555555,0.5384615384615384,0.6286764705882353,0.33274894490003637,0.78,0.6666666666666666,0.7447150735294117,0.6852365546017025,1.5937281881347753,22,3.2318866660352796
10,3,C_Random_Full,23,0.7888888888888889,0.5,0.6163825055596738,0.28788851084532285,0.81,0.6470588235294118,0.748664400194269,0.681403440889569,2.5361850002872983,19,9.283554291934706
10,4,C_ID,5,0.7333333333333333,0.6666666666666666,0.7014278429372769,0.7082534243335382,0.76,0.7368421052631579,0.7649538338016861,0.8145185138560258,1.3970557602103426,37,1.665905375033617
10,4,C_ID,12,0.7111111111111111,0.5806451612903226,0.6370884773662552,0.5718133754137004,0.74,0.6829268292682927,0.7159822866344605,0.7509614526378985,1.1987220289736535,36,1.4082197920652106
10,4,C_ID,19,0.7111111111111111,0.6388888888888888,0.6238961038961038,0.4821513827229353,0.74,0.717391304347826,0.7074747474747476,0.719112163333754,1.8356131481284916,35,3.2147305000107735
10,4,C_Random_Diag,1,0.6555555555555556,0.5542168674698795,0.6005475360876057,0.6136725202419339,0.69,0.6407766990291263,0.6788715486194477,0.7585631393901563,1.0490365772170915,41,0.9912160419626161
10,4,C_Random_Diag,8,0.6444444444444445,0.5675675675675675,0.5529440870856012,0.586809771175965,0.68,0.6595744680851063,0.6372942593336011,0.7397301277940083,1.2909754943579488,43,2.053628916037269
10,4,C_Random_Diag,15,0.6555555555555556,0.5789473684210527,0.6182180189148829,0.6094693089304182,0.69,0.6666666666666666,0.6930772308923568,0.7633540390783062,1.0559268541235436,41,2.0851078329142183
10,4,C_Random_Diag,22,0.7444444444444445,0.5964912280701754,0.6298491379310345,0.5922882704982924,0.77,0.7012987012987013,0.7179802955665024,0.7634227701046812,1.2507787859244774,32,1.1812548750313
10,4,C_Random_Min_Diag,4,0.7444444444444445,0.5185185185185185,0.6171875,0.37553051859965036,0.77,0.6486486486486487,0.7235243055555556,0.6977988244280107,1.6568468555507279,26,6.307432500063442
10,4,C_Random_Min_Diag,11,0.6444444444444445,0.5822784810126582,0.5989609104403761,0.6245700690515729,0.68,0.6666666666666666,0.6746286631874748,0.7617901249004229,1.12534759043132,43,2.527768124942668
10,4,C_Random_Min_Diag,18,0.7,0.6111111111111112,0.6511627906976744,0.6822403354838904,0.73,0.6966292134831461,0.7169811320754715,0.7970403573311378,1.4710395804030132,43,1.5321165829664096
10,4,C_Random_Full,0,0.6333333333333333,0.5952380952380952,0.5920856147336984,0.5819973904966591,0.67,0.6730769230769231,0.6720688275310123,0.7423267180604257,1.351953530991819,41,1.4253364169271663
10,4,C_Random_Full,7,0.7222222222222222,0.6575342465753424,0.6445690973992861,0.5665113280219003,0.75,0.7311827956989247,0.7201926936973103,0.7452247884844547,1.2937487164961832,37,1.7904152079718187
10,4,C_Random_Full,14,0.6777777777777778,0.4935064935064935,0.5882509303561936,0.47493400532953467,0.71,0.6027397260273972,0.6840065279477764,0.7086067798205606,1.1748743475166974,33,4.606845166999847
10,4,C_Random_Full,21,0.5777777777777777,0.5287356321839081,0.5382905138339921,0.5924308614667572,0.62,0.616822429906542,0.623792270531401,0.7346887439849605,1.6349212799033532,44,2.309821750037372
15,1,C_ID,3,0.9476190476190476,0.42857142857142855,0.8163544997715853,0.1856488165438041,0.9511111111111111,0.7317073170731707,0.9223038268264401,0.7925010131162489,1.1621503765269636,11,23.649359042057768
15,1,C_ID,10,0.9380952380952381,0.5454545454545454,0.8376457725947521,0.4027592285685942,0.9422222222222222,0.7540983606557377,0.921622097114708,0.8375770346319092,1.459397268855387,14,4.150461124954745
15,1,C_ID,17,0.9285714285714286,0.6808510638297872,0.9211516203703703,0.6085143229985752,0.9333333333333333,0.8051948051948052,0.9569917929292929,0.8670266188258166,1.2101561154569869,18,5.6561526249861345
15,1,C_ID,24,0.9619047619047619,0.6666666666666666,0.89725,0.4463615795968737,0.9644444444444444,0.8518518518518519,0.9589000000000001,0.8848865464245899,1.464057317692609,10,2.6083574999356642
15,1,C_Random_Diag,6,0.9571428571428572,0.5263157894736842,0.71075,0.3127073486929379,0.96,0.8163265306122449,0.8843,0.8409122221699835,1.2055684887841807,10,1.7679907080018893
15,1,C_Random_Diag,13,0.9380952380952381,0.5405405405405406,0.8035923467395549,0.2654866388672057,0.9422222222222222,0.75,0.9088107324147934,0.801754515863241,1.965080227287049,13,2.772679249988869
15,1,C_Random_Diag,20,0.9571428571428572,0.6896551724137931,0.7477547832877782,0.41173812942394156,0.96,0.847457627118644,0.8828861493836113,0.8383272878996684,1.4369486874263724,13,3.799595499993302
15,1,C_Random_Min_Diag,2,0.9571428571428572,0.4166666666666667,0.7421196893558704,0.33325082976765746,0.96,0.7906976744186046,0.8908967916505606,0.7966804706167236,1.4365343810691509,11,72.69076137500815
15,1,C_Random_Min_Diag,9,0.9380952380952381,0.6666666666666666,0.8680555555555556,0.5383217181703233,0.9422222222222222,0.8059701492537313,0.9280303030303031,0.855078370676785,1.6810658716590228,18,2.8933462500572205
15,1,C_Random_Min_Diag,16,0.9333333333333333,0.5625,0.8728134110787171,0.3697199917262943,0.9377777777777778,0.7741935483870968,0.9385995777621394,0.8315735228767389,1.3332909404855677,14,4.583855792065151
15,1,C_Random_Min_Diag,23,0.9333333333333333,0.6153846153846154,0.9017094017094018,0.35225801395346207,0.9377777777777778,0.782608695652174,0.9508547008547009,0.8287626345519146,1.3319595130100315,15,2.4359725000103936
15,1,C_Random_Full,5,0.9238095238095239,0.5555555555555556,0.8209387381895763,0.3416804452894169,0.9288888888888889,0.7575757575757576,0.9048737046632125,0.7876036540951741,1.4385922056043088,17,4.088595665991306
15,1,C_Random_Full,12,0.919047619047619,0.4444444444444444,0.7743066138372448,0.32791048196741435,0.9244444444444444,0.6785714285714286,0.8801003886010363,0.7684049235459305,1.5100513216380913,17,7.92079029197339
15,1,C_Random_Full,19,0.9238095238095239,0.37735849056603776,0.7295425257731958,0.23013261837051985,0.9288888888888889,0.6530612244897959,0.8604090455603591,0.7308933362207172,1.308261378282856,16,2.574901791056618
15,2,C_ID,1,0.9095238095238095,0.6153846153846154,0.8096216216216215,0.45455972889536733,0.9155555555555556,0.759493670886076,0.8810135135135134,0.7798651666767662,1.2367861561151623,25,2.2729474579682574
15,2,C_ID,8,0.9095238095238095,0.6,0.8393496831082944,0.3441478781322806,0.9155555555555556,0.75,0.9102248229134586,0.7850403975578063,2.0864105245289855,19,7.090116249979474
15,2,C_ID,15,0.9142857142857143,0.6,0.8509648918856079,0.5331218586480466,0.92,0.7532467532467533,0.9097945398254995,0.8139444042725985,1.8752310598157793,23,4.159277040977031
15,2,C_ID,22,0.8761904761904762,0.5806451612903226,0.7575000000000001,0.3813512532642693,0.8844444444444445,0.717391304347826,0.8383333333333334,0.7219095264207382,1.906449901555649,30,4.982548874919303
15,2,C_Random_Diag,4,0.9095238095238095,0.5365853658536586,0.7682543520309477,0.43529597262698744,0.9155555555555556,0.7323943661971831,0.8622052903967798,0.7676061831108295,1.5164873943267654,22,5.555069874972105
15,2,C_Random_Diag,11,0.8761904761904762,0.6052631578947368,0.7894021739130435,0.3749532310343239,0.8844444444444445,0.7169811320754716,0.8664501590668081,0.7352572141887195,2.054399116395341,26,13.425427124951966
15,2,C_Random_Diag,18,0.8523809523809524,0.4675324675324675,0.7725716345287439,0.3686627889175609,0.8622222222222222,0.6206896551724138,0.8467330580519796,0.6983901722621091,1.6489274562772083,31,12.543495749938302
15,2,C_Random_Min_Diag,0,0.8523809523809524,0.5542168674698795,0.7411341292134831,0.3536707966189087,0.8622222222222222,0.672566371681416,0.8237508964857758,0.6971897145549361,1.9706873357178536,32,4.761228832998313
15,2,C_Random_Min_Diag,7,0.9,0.6071428571428571,0.7457810047095761,0.4827938464085994,0.9066666666666666,0.7469879518072289,0.8344620495783286,0.7632325653439052,1.4161234051588436,28,2.8786167920334265
15,2,C_Random_Min_Diag,14,0.8857142857142857,0.4918032786885246,0.7357837837837837,0.36704833996329156,0.8933333333333333,0.6593406593406593,0.8348648648648648,0.7180783186048174,2.046025116594919,25,5.0739764999598265
15,2,C_Random_Min_Diag,21,0.8571428571428571,0.6428571428571429,0.7773102815177478,0.43100651011601987,0.8666666666666667,0.7368421052631579,0.8403356735410268,0.7267663898877398,1.489197140903877,38,3.8359009579289705
15,2,C_Random_Full,3,0.8666666666666667,0.5168539325842697,0.7412037037037038,0.3935899549241245,0.8755555555555555,0.6386554621848739,0.8274691358024693,0.7047631706894077,1.3206471256625423,30,4.859718292020261
15,2,C_Random_Full,10,0.8857142857142857,0.4594594594594595,0.7963709677419354,0.27457806527798945,0.8933333333333333,0.6153846153846154,0.8746898263027295,0.6891232753343959,1.5729583946460086,24,3.8097775840433314
15,2,C_Random_Full,17,0.8428571428571429,0.42105263157894735,0.6765964732066427,0.29533689652388995,0.8533333333333334,0.5849056603773585,0.7776600753295668,0.653443719228337,1.7664365269918008,33,5.450629791012034
15,2,C_Random_Full,24,0.9095238095238095,0.43478260869565216,0.7768375241779497,0.3936133519489433,0.9155555555555556,0.6545454545454545,0.8673087981598621,0.7334416339666688,1.7125947273235564,22,10.544941083993763
15,3,C_ID,6,0.8238095238095238,0.6078431372549019,0.8049999999999999,0.40011569381438233,0.8355555555555556,0.6991869918699187,0.8581818181818182,0.7019949286706455,1.7175709717360836,40,4.601928209071048
15,3,C_ID,13,0.8142857142857143,0.5333333333333333,0.7257653061224489,0.3897531964798866,0.8266666666666667,0.6370370370370371,0.7979323308270676,0.6814155747369236,1.5412861022637387,42,4.3053557919338346
15,3,C_ID,20,0.8285714285714286,0.4819277108433735,0.6331360946745562,0.3831097445924191,0.84,0.6194690265486725,0.731403212172443,0.6657159357933364,1.0695000646981636,41,1.9134229170158505
15,3,C_Random_Diag,2,0.8285714285714286,0.5957446808510638,0.7098922902494331,0.4193374467522776,0.84,0.6935483870967742,0.7862364243943192,0.6924481918112704,1.2611550020751086,42,3.11214874999132
15,3,C_Random_Diag,9,0.780952380952381,0.5409836065573771,0.6754838709677419,0.5017870997564609,0.7955555555555556,0.631578947368421,0.7450230414746544,0.698045218372986,1.5009461907112993,55,3.6632717499742284
15,3,C_Random_Diag,16,0.8142857142857143,0.4727272727272727,0.6924576398260609,0.3557488916955424,0.8266666666666667,0.6071428571428571,0.7778860732077106,0.6552610215437847,1.3345907609519712,39,2.4880279999924824
15,3,C_Random_Diag,23,0.780952380952381,0.5504587155963303,0.7519883351007424,0.3953418059751754,0.7955555555555556,0.6474820143884892,0.8129748100759695,0.6767563648149961,1.1917680790494494,46,3.0817390420706943
15,3,C_Random_Min_Diag,5,0.8428571428571429,0.6222222222222222,0.7656058751529988,0.42805181836984274,0.8533333333333334,0.7166666666666667,0.8319438350153576,0.7229365888373362,1.5458002510902271,38,5.90402695897501
15,3,C_Random_Min_Diag,12,0.8666666666666667,0.6216216216216216,0.7481641123882503,0.4334698952282943,0.8755555555555555,0.7307692307692307,0.8222334910975884,0.7133689363134819,1.8245391719986088,36,4.685804625041783
15,3,C_Random_Min_Diag,19,0.8476190476190476,0.5473684210526316,0.7177937576499388,0.41955919112937823,0.8577777777777778,0.673469387755102,0.7976634488810883,0.7071729994254797,1.5653210999271725,38,3.5691724580246955
15,3,C_Random_Full,1,0.7666666666666667,0.5625,0.6800987765181277,0.49731713990280263,0.7822222222222223,0.6455696202531646,0.7449436191158045,0.6979499997234438,1.4183882052544843,59,4.286561083979905
15,3,C_Random_Full,8,0.7904761904761904,0.5050505050505051,0.6496969696969697,0.38091017658274023,0.8044444444444444,0.6201550387596899,0.7372727272727273,0.6441463751177137,1.2743166082386863,45,4.724103540997021
15,3,C_Random_Full,15,0.8523809523809524,0.4807692307692308,0.7202198594341322,0.35551845042386826,0.8622222222222222,0.6095238095238096,0.8114525139664804,0.6886093444877927,2.308304083370319,31,14.993899416993372
15,3,C_Random_Full,22,0.819047619047619,0.5,0.6773255813953489,0.32985459945877754,0.8311111111111111,0.6060606060606061,0.7686485300570426,0.6467357527756592,1.6862728782252991,38,7.542913249926642
15,4,C_ID,4,0.7476190476190476,0.496,0.6148377479646829,0.4274899695301178,0.7644444444444445,0.5972222222222222,0.695079883805374,0.6408843794321922,1.5660667852576662,57,3.8790434999391437
15,4,C_ID,11,0.7952380952380952,0.5985401459854015,0.6918878424657533,0.571701035829818,0.8088888888888889,0.6805555555555556,0.7503901508583318,0.7296773182662732,1.2902240319816944,64,2.808382250019349
15,4,C_ID,18,0.7904761904761904,0.5486725663716814,0.6589953130633337,0.45484525687466226,0.8044444444444444,0.6433566433566433,0.734216935181716,0.6744857269073836,1.661566754214517,53,3.067118125036359
15,4,C_Random_Diag,0,0.7380952380952381,0.45161290322580644,0.6139262523191095,0.39035721555623715,0.7555555555555555,0.5736434108527132,0.6954911285897201,0.6253243319390265,1.5588900568357626,56,4.865520374965854
15,4,C_Random_Diag,7,0.8,0.5686274509803921,0.6853700097370984,0.4590411950839479,0.8133333333333334,0.6666666666666666,0.7558095597959569,0.6908427165350574,1.6654204571221112,52,5.54213587497361
15,4,C_Random_Diag,14,0.7857142857142857,0.5555555555555556,0.7263266796494644,0.4801502476777507,0.8,0.6474820143884892,0.7875968259965992,0.697458997687858,1.3834077454517817,52,4.255190500058234
15,4,C_Random_Diag,21,0.7571428571428571,0.4715447154471545,0.6449345030645355,0.39704841059112683,0.7733333333333333,0.5751633986928104,0.7232577744473586,0.6402391868342086,1.162100684601994,53,3.145623542019166
15,4,C_Random_Min_Diag,3,0.7714285714285715,0.5663716814159292,0.7119205298013245,0.47505369082578547,0.7866666666666666,0.6573426573426573,0.7703150170037587,0.6921203038511491,1.6514540049897277,59,3.085364125086926
15,4,C_Random_Min_Diag,10,0.7571428571428571,0.5785123966942148,0.7073333333333333,0.49522599838170933,0.7733333333333333,0.6622516556291391,0.7658666666666667,0.6905354676541446,1.2137252579202644,60,4.455098500009626
15,4,C_Random_Min_Diag,17,0.7476190476190476,0.49382716049382713,0.6588021778584392,0.43375937117215624,0.7644444444444445,0.5882352941176471,0.7289113193943764,0.6593578754246847,1.518188932477,58,4.847759041003883
15,4,C_Random_Min_Diag,24,0.7380952380952381,0.5531914893617021,0.6536011229888781,0.5007638778746778,0.7555555555555555,0.631578947368421,0.720216291644863,0.6846188596341716,1.613105183643482,63,7.398399916943163
15,4,C_Random_Full,6,0.7285714285714285,0.4732824427480916,0.5883888888888889,0.4100186267985668,0.7466666666666667,0.5714285714285714,0.6707111111111111,0.6197837566976285,1.742258490393257,60,4.966260708053596
15,4,C_Random_Full,13,0.7619047619047619,0.5079365079365079,0.642161635832522,0.3877343119072974,0.7777777777777778,0.6025641025641025,0.7222747024371812,0.6351414683236687,1.237015118358743,52,3.5233005830086768
15,4,C_Random_Full,20,0.7571428571428571,0.5048543689320388,0.6090146750524108,0.3508602671122014,0.7733333333333333,0.6165413533834586,0.697874976176863,0.6154438024870453,1.8266019419087631,51,6.454321083030663
20,1,C_ID,2,0.9763157894736842,0.6086956521739131,0.9493243243243243,0.4249585965349324,0.9775,0.8571428571428571,0.9831081081081081,0.9150303054616318,1.1639927117555373,10,4.182224457967095
20,1,C_ID,9,0.9421052631578948,0.5806451612903226,0.8639020825721593,0.41017836974775324,0.945,0.7450980392156863,0.927203439515341,0.8074290884903519,1.6527346024976144,23,9.055452916072682
20,1,C_ID,16,0.9526315789473684,0.5238095238095238,0.8181221752442046,0.32411853228427207,0.955,0.7631578947368421,0.9113928546061509,0.7987263376518574,1.452602385500275,19,4.684728291002102
20,1,C_ID,23,0.9342105263157895,0.5135135135135135,0.8630422535211266,0.31732970780892944,0.9375,0.693069306930693,0.9239123630672927,0.7703047961322262,1.9162792982841517,25,40.39235141698737
20,1,C_Random_Diag,5,0.9552631578947368,0.5909090909090909,0.9109928561014725,0.3750098757506712,0.9575,0.7901234567901234,0.9566375452802045,0.847902180280377,1.3376274980798188,19,8.122475208016112
20,1,C_Random_Diag,12,0.9605263157894737,0.3673469387755102,0.9043835616438357,0.20741860381161098,0.9625,0.7272727272727273,0.9590215264187867,0.8063939321549178,1.903877184746579,15,7.002263791044243
20,1,C_Random_Diag,19,0.9605263157894737,0.6222222222222222,0.8808945065629556,0.43329800312638933,0.9625,0.810126582278481,0.9452758543667634,0.8621063351591228,1.4630881403087788,17,15.122633417020552
20,1,C_Random_Min_Diag,1,0.9815789473684211,0.6363636363636364,0.8953279424977538,0.547386043165939,0.9825,0.8771929824561403,0.9675155683613719,0.925747307622514,1.2205017571217465,9,5.586336666019633
20,1,C_Random_Min_Diag,8,0.9578947368421052,0.68,0.9005070422535211,0.5187462586450482,0.96,0.8222222222222222,0.9447261345852895,0.8539737919846461,1.3561081289929495,25,6.103869250044227
20,1,C_Random_Min_Diag,15,0.9578947368421052,0.6363636363636364,0.8377314477329056,0.4207900999939304,0.96,0.8095238095238095,0.9209460899211591,0.8392132814969835,1.3303404854794196,19,2.531651458935812
20,1,C_Random_Min_Diag,22,0.9657894736842105,0.6829268292682927,0.9252806531564368,0.560441751503409,0.9675,0.8395061728395061,0.9635982669223667,0.881586491773277,1.2063603793555078,19,5.6239096249919385
20,1,C_Random_Full,4,0.9342105263157895,0.4235294117647059,0.8153802816901409,0.28432493257391117,0.9375,0.6464646464646465,0.8974334898278561,0.7304575803646134,1.282843252284095,25,11.732939790934324
20,1,C_Random_Full,11,0.9578947368421052,0.5,0.8543956043956042,0.3159614258568087,0.96,0.75,0.9352869352869352,0.8326180294416012,1.6645837216315629,16,5.449234124971554
20,1,C_Random_Full,18,0.9578947368421052,0.4067796610169492,0.8428131583211796,0.3022609515463799,0.96,0.7333333333333333,0.9277790186881096,0.7937738680852248,1.3794388923577667,17,7.942404125002213
20,2,C_ID,0,0.9026315789473685,0.56,0.8369802240769982,0.3947030398724587,0.9075,0.6857142857142857,0.8922411650678461,0.7413781497461489,1.9362410207812824,39,6.51663083396852
20,2,C_ID,7,0.9210526315789473,0.5588235294117647,0.8068213328403735,0.2949083002586692,0.925,0.7222222222222222,0.882577672902972,0.7146525870016934,2.2187246883219354,31,15.434304333059117
20,2,C_ID,14,0.9131578947368421,0.6206896551724138,0.8519317936542198,0.49894968521900596,0.9175,0.7401574803149606,0.9004787465544755,0.7722001765530021,1.7083183970661995,41,6.442070749937557
20,2,C_ID,21,0.9,0.5393258426966292,0.8149815327793166,0.3511520576768064,0.905,0.6821705426356589,0.8787810042347247,0.7188215518022776,1.7306851189584664,38,9.4230544581078
20,2,C_Random_Diag,3,0.8947368421052632,0.5376344086021505,0.7883455882352941,0.37207560837928355,0.9,0.6825396825396826,0.8588970588235294,0.7106582342489112,1.515493258021792,40,8.234005874954164
20,2,C_Random_Diag,10,0.9342105263157895,0.46153846153846156,0.8312676056338026,0.2745654056358344,0.9375,0.6888888888888889,0.9062597809076682,0.7452830738292021,2.405595274718554,25,19.675896791974083
20,2,C_Random_Diag,17,0.9157894736842105,0.5,0.8038344109195402,0.2735949048964192,0.92,0.65625,0.8792827144120248,0.6976570816479264,1.9872363110995275,32,11.062224291963503
20,2,C_Random_Diag,24,0.9289473684210526,0.6197183098591549,0.8959834368530021,0.5014994928352673,0.9325,0.7567567567567568,0.9338076416337286,0.7972363038963716,1.4467994116219658,35,10.215772416908294
20,2,C_Random_Min_Diag,6,0.9,0.36220472440944884,0.6868267159125885,0.20421740367640415,0.905,0.5555555555555556,0.7948175035289373,0.6078811928742077,3.711009217834772,38,44.75874720897991
20,2,C_Random_Min_Diag,13,0.9157894736842105,0.6206896551724138,0.8027085257002154,0.4363826579413485,0.92,0.7401574803149606,0.8707400685622102,0.7488106985343259,1.2646591606706121,38,4.01003949996084
20,2,C_Random_Min_Diag,20,0.9131578947368421,0.611764705882353,0.8503099464637927,0.5490214963498994,0.9175,0.736,0.8985970605077305,0.7750991588422219,1.5133834655370202,42,3.487691416987218
20,2,C_Random_Full,2,0.8789473684210526,0.5128205128205128,0.7370151002343139,0.31401156831545163,0.885,0.64,0.8167074941027036,0.6579380880228127,1.4893005793905376,46,7.305021250038408
20,2,C_Random_Full,9,0.9,0.5106382978723404,0.7334386044063463,0.2853329809992156,0.905,0.6567164179104478,0.8237983995228391,0.6505494092130477,1.8209263399599522,39,6.41818337503355
20,2,C_Random_Full,16,0.9447368421052632,0.41935483870967744,0.7282304226038241,0.2846104726864972,0.9475,0.704225352112676,0.8546348772066966,0.7449771772389273,1.662291570553168,23,8.679870625026524
20,2,C_Random_Full,23,0.8947368421052632,0.41237113402061853,0.7820588235294117,0.3159604236367105,0.9,0.5932203389830508,0.8547058823529411,0.6731186465504146,1.4111589160254827,40,8.48625549999997
20,3,C_ID,5,0.8631578947368421,0.5609756097560976,0.7410829493087557,0.4903717133924673,0.87,0.6486486486486487,0.7986200716845877,0.7009576548807203,1.4493421299001783,70,4.889663291047327
20,3,C_ID,12,0.8605263157894737,0.5522388059701493,0.7477594916082777,0.3702305576216157,0.8675,0.6624203821656051,0.8132765067749588,0.6625832519085937,2.0567551306669585,57,9.215803290950134
20,3,C_ID,19,0.8631578947368421,0.46511627906976744,0.6862269920950896,0.3335234493896224,0.87,0.5987261146496815,0.7721921997402705,0.6337338327185795,1.7518400705756976,53,4.853247249964625
20,3,C_Random_Diag,1,0.8631578947368421,0.578125,0.7361904761904763,0.4558973732050561,0.87,0.6785714285714286,0.7982633053221289,0.6879896319281853,1.3945786415876797,65,4.827183832996525
20,3,C_Random_Diag,8,0.8473684210526315,0.5671641791044776,0.7532922737970057,0.3861898698916736,0.855,0.6666666666666666,0.8127399186651971,0.66055358162177,1.8621958456755214,63,5.2866551670013
20,3,C_Random_Diag,15,0.8973684210526316,0.5416666666666666,0.7920386904761905,0.441767937793046,0.9025,0.6766917293233082,0.8570265997023809,0.724613670573222,1.5184895264590326,44,7.675303707947023
20,3,C_Random_Diag,22,0.8605263157894737,0.5540540540540541,0.8164849114303849,0.37549373672103636,0.8675,0.648936170212766,0.8667630178878136,0.6769178100257758,1.9110169729738617,53,10.027207332896069
20,3,C_Random_Min_Diag,4,0.8552631578947368,0.5481481481481482,0.811444245288143,0.4031498410461726,0.8625,0.6514285714285715,0.8604197659925215,0.6878966253930008,1.9162785658011603,57,4.75953300006222
20,3,C_Random_Min_Diag,11,0.868421052631579,0.5535714285714286,0.7727482545727309,0.41941201341833095,0.875,0.6710526315789473,0.8350090067445854,0.6894399211878514,1.3394394145061777,53,4.962510916986503
20,3,C_Random_Min_Diag,18,0.8552631578947368,0.5131578947368421,0.7243356643356644,0.2749672091527564,0.8625,0.6145833333333334,0.7978461538461539,0.5938111569621882,2.9827681578290957,55,14.493643708061427
20,3,C_Random_Full,0,0.8473684210526315,0.4134078212290503,0.6494699079031914,0.2341885146779036,0.855,0.5205479452054794,0.7393494186972448,0.550283166611395,2.2991484815062107,58,13.9321405000519
20,3,C_Random_Full,7,0.8789473684210526,0.45112781954887216,0.7016727414735745,0.23865013884100642,0.885,0.5818181818181818,0.7920749410270368,0.6008179544082226,1.8063968023886445,46,9.130829500034451
20,3,C_Random_Full,14,0.868421052631579,0.5309734513274337,0.7116931879134631,0.3567854051256898,0.875,0.6535947712418301,0.7929063744167131,0.6603706527939297,1.3062220112443317,51,4.7191216660430655
20,3,C_Random_Full,21,0.8763157894736842,0.4793388429752066,0.6842651895447464,0.3685640609003536,0.8825,0.6086956521739131,0.7707678773407063,0.6520324511498989,1.535880845845258,53,8.417113250005059
20,4,C_ID,3,0.8526315789473684,0.6233766233766234,0.7431100252882432,0.5819436502329283,0.86,0.7021276595744681,0.7960770303834508,0.7231588608543495,1.500445742217585,77,6.766019458998926
20,4,C_ID,10,0.8315789473684211,0.5476190476190477,0.726250501985632,0.5134829240203374,0.84,0.6358974358974359,0.7851213617736682,0.6846904291942398,1.2672963703721178,73,4.346408125013113
20,4,C_ID,17,0.8473684210526315,0.5379310344827586,0.7195174288302895,0.37961788991087925,0.855,0.6378378378378379,0.7839961808233263,0.6427187110090085,2.3384933686880514,67,7.012960167019628
20,4,C_ID,24,0.8368421052631579,0.6172839506172839,0.7123333333333333,0.4827809918234676,0.845,0.693069306930693,0.7698666666666667,0.6671468215349876,1.5902607806184037,80,6.285381917026825
20,4,C_Random_Diag,6,0.8,0.5057471264367817,0.6777500409232281,0.41347667285626666,0.81,0.5981308411214953,0.7409363074088695,0.6235331273170723,1.3143543713704136,82,3.190742708975449
20,4,C_Random_Diag,13,0.8210526315789474,0.5145631067961165,0.688734736927508,0.4750292078684694,0.83,0.6031746031746031,0.749174593834788,0.6598419071233758,1.3571201538515634,83,2.43567733396776
20,4,C_Random_Diag,20,0.8157894736842105,0.5521472392638037,0.7034400227171311,0.46070737077824686,0.825,0.6403940886699507,0.7610244843254552,0.6590006269230233,1.3637546563022431,83,2.559246666962281
20,4,C_Random_Min_Diag,2,0.8315789473684211,0.5952380952380952,0.7713342762847714,0.5014108525612284,0.84,0.6730769230769231,0.8184818481848184,0.7008816442363077,1.2891439754444651,77,4.20112387498375
20,4,C_Random_Min_Diag,9,0.8184210526315789,0.5402298850574713,0.7307978142076503,0.47238954806695005,0.8275,0.6268656716417911,0.7874719585849871,0.6690343185042797,1.5178298605336733,75,3.147867333027534
20,4,C_Random_Min_Diag,16,0.8473684210526315,0.5,0.6717848457393543,0.39360666177877973,0.855,0.6190476190476191,0.7472366053395028,0.6415346186211469,2.073926247247166,67,4.579448582953773
20,4,C_Random_Min_Diag,23,0.8552631578947368,0.5190839694656488,0.7265730553947115,0.45035859588849664,0.8625,0.631578947368421,0.7901607169308251,0.6751358851918322,1.5451002385473043,66,2.9944012080086395
20,4,C_Random_Full,5,0.7894736842105263,0.45652173913043476,0.6387043189368771,0.3977926516881077,0.8,0.5535714285714286,0.7068733153638813,0.6057434661830268,1.3633559687910968,86,4.1070094159804285
20,4,C_Random_Full,12,0.85,0.4883720930232558,0.672600933252181,0.3869163084691425,0.8575,0.5849056603773585,0.7524543641662831,0.6319713030647668,1.237445836085898,62,3.6735807079821825
20,4,C_Random_Full,19,0.8131578947368421,0.5052631578947369,0.6951289524818937,0.367157531549963,0.8225,0.5953488372093023,0.7599951328048951,0.6217956615464194,1.551005344637972,74,4.75979208399076
10,1,C_ID,5,0.9444444444444444,0.782608695652174,0.9766803840877915,0.7900793650793652,0.95,0.8837209302325582,0.9889538661468487,0.9540925826386963,1.350503514907983,9,2.6859876660164446
10,1,C_ID,12,0.9222222222222223,0.7741935483870968,0.8853383458646616,0.7469952018261574,0.93,0.8627450980392157,0.9331140350877193,0.9041902703368311,1.4483779073185068,14,2.2848012500908226
10,1,C_ID,19,0.9,0.6896551724137931,0.936875,0.5527484989210995,0.91,0.8163265306122449,0.9684375,0.8871840914471358,1.274252109344452,10,1.4487817080225796
10,1,C_Random_Diag,1,0.9444444444444444,0.7368421052631579,0.774375,0.6241842748374896,0.95,0.8717948717948718,0.8871875,0.8640984774947905,1.1932816510387656,10,2.9237857080297545
10,1,C_Random_Diag,8,0.9555555555555556,0.7142857142857143,0.9424603174603174,0.619702380952381,0.96,0.8823529411764706,0.9784226190476191,0.9291517127684407,1.2122439031143675,6,3.2458264159504324
10,1,C_Random_Diag,15,0.9111111111111111,0.6363636363636364,0.864375,0.49751797293357397,0.92,0.8095238095238095,0.9321875,0.8638425924214587,1.7062859301354354,10,2.6771271660691127
10,1,C_Random_Diag,22,0.9,0.6451612903225806,0.8338675213675215,0.46746750447408336,0.91,0.7906976744186046,0.9093822843822844,0.8372888692409857,1.4536187613895932,12,1.8490742089925334
10,1,C_Random_Min_Diag,4,0.8777777777777778,0.5806451612903226,0.8237179487179488,0.37334876974371045,0.89,0.7450980392156863,0.9038461538461539,0.8127945319961132,1.298626217909543,12,1.8600944579811767
10,1,C_Random_Min_Diag,11,0.9111111111111111,0.6666666666666666,0.8181818181818183,0.38068482554128485,0.92,0.8095238095238095,0.9047619047619048,0.8244088924833466,1.4375699718970838,11,3.26902945805341
10,1,C_Random_Min_Diag,18,0.9888888888888889,0.8,0.8275862068965517,0.8290740740740741,0.99,0.96,0.960212201591512,0.9749085228496993,1.3002280917062026,3,2.119693582993932
10,1,C_Random_Full,0,0.8888888888888888,0.4444444444444444,0.6020299145299146,0.3039362811520272,0.9,0.7222222222222222,0.7829254079254079,0.754358406353835,1.8222907707835596,12,2.4298787920270115
10,1,C_Random_Full,7,0.9111111111111111,0.42857142857142855,0.6841196777905639,0.4348013412684282,0.92,0.7647058823529411,0.8345388788426764,0.7752715302156357,1.585051811668019,11,52.003107916912995
10,1,C_Random_Full,14,0.8777777777777778,0.56,0.7422324510932106,0.3339849803085097,0.89,0.7555555555555555,0.8649789029535865,0.7829723286996021,1.3245199949480488,11,1.4241510410793126
10,1,C_Random_Full,21,0.8777777777777778,0.5,0.6823935558112773,0.28979512027080034,0.89,0.7272727272727273,0.8336347197106692,0.7722381318050101,1.5285080182739774,11,5.264184333966114
10,2,C_ID,3,0.8111111111111111,0.5581395348837209,0.6925866236905721,0.36899667961872984,0.83,0.6984126984126984,0.806443429731101,0.7361189606891081,1.201742336226368,17,1.729981332900934
10,2,C_ID,10,0.8666666666666667,0.5945945945945946,0.8074324324324325,0.608293414144824,0.88,0.7450980392156863,0.8814968814968814,0.8311111380359162,1.3743437558623655,16,3.0209693339420483
10,2,C_ID,17,0.8222222222222222,0.6382978723404256,0.7375,0.5271670344796036,0.84,0.746268656716418,0.825,0.7810938486267532,1.8736416637856381,20,6.311651875032112
10,2,C_ID,24,0.9,0.7272727272727273,0.8491541353383458,0.6133265505210994,0.91,0.8301886792452831,0.9120065789473684,0.8556788912933508,1.759747559292271,14,5.455438082921319
10,2,C_Random_Diag,6,0.8777777777777778,0.7027027027027027,0.8560956790123457,0.570334557722031,0.89,0.8070175438596491,0.9074900793650793,0.8392563016832756,1.4040568685533874,18,2.2410620839800686
10,2,C_Random_Diag,13,0.9111111111111111,0.6363636363636364,0.7974683544303798,0.5898703369995235,0.92,0.8095238095238095,0.8939119951778178,0.8617566700213172,1.44312751984288,11,2.5597606669180095
10,2,C_Random_Diag,20,0.8444444444444444,0.5909090909090909,0.770941438102298,0.5576416919491711,0.86,0.7407407407407407,0.8499271491015056,0.8014136656730382,1.2553065222016409,19,1.2792743750615045
10,2,C_Random_Min_Diag,2,0.8555555555555555,0.5625,0.8073308270676691,0.4310085460952058,0.87,0.7307692307692307,0.887609649122807,0.7941372602837387,1.587955693096067,14,2.919552334002219
10,2,C_Random_Min_Diag,9,0.8666666666666667,0.6666666666666666,0.8240000000000001,0.4500088442440038,0.88,0.7796610169491526,0.8943999999999999,0.803195461119747,1.6740972165878363,15,2.78247424995061
10,2,C_Random_Min_Diag,16,0.9444444444444444,0.8148148148148148,0.849624060150376,0.7577468487394958,0.95,0.8936170212765957,0.9122807017543859,0.9008283136163038,1.09123356629679,14,1.6103428340284154
10,2,C_Random_Min_Diag,23,0.8,0.49122807017543857,0.6882716049382716,0.2917522470972638,0.82,0.6285714285714286,0.7996031746031746,0.6916147206206684,2.1210844150669157,18,12.752239999943413
10,2,C_Random_Full,5,0.8666666666666667,0.3,0.5528846153846154,0.17704800451924754,0.88,0.65,0.756118881118881,0.687418300015416,1.014185800700075,12,1.7001711659831926
10,2,C_Random_Full,12,0.8333333333333334,0.6,0.7211925866236906,0.4441286836219581,0.85,0.7333333333333333,0.8244545915778791,0.7637916986168869,1.4324918040585533,17,8.547207625000738
10,2,C_Random_Full,19,0.7555555555555555,0.6451612903225806,0.6221198156682027,0.38569854379699603,0.78,0.7317073170731707,0.7215619694397283,0.6859142625839721,1.4099507060833083,28,4.777603541035205
10,3,C_ID,1,0.7666666666666667,0.5,0.6104209799861973,0.28754029989643143,0.79,0.6190476190476191,0.7360916316035531,0.6617798264562567,2.590515077481732,21,14.421460750047117
10,3,C_ID,8,0.8333333333333334,0.5957446808510638,0.6560674886437379,0.5738786202590865,0.85,0.7368421052631579,0.7602894617819991,0.771534188189934,1.057455014049701,23,2.2740643339930102
10,3,C_ID,15,0.7444444444444445,0.5660377358490566,0.6477534562211981,0.4500095823466925,0.77,0.684931506849315,0.7404499151103565,0.7180320830962019,1.5425435203652742,28,4.457555374945514
10,3,C_ID,22,0.8222222222222222,0.6,0.6781417112299465,0.4753772382323279,0.84,0.7333333333333333,0.7787224264705883,0.7523846484507768,1.311536626751416,22,0.845033209072426
10,3,C_Random_Diag,4,0.7,0.6197183098591549,0.6505926724137931,0.5490156915886006,0.73,0.7032967032967034,0.733784893267652,0.741151496041198,1.450298616597852,32,4.826392250019126
10,3,C_Random_Diag,11,0.7666666666666667,0.5925925925925926,0.6724759615384615,0.44247167507386037,0.79,0.7027027027027027,0.7634548611111112,0.7310341224349166,1.613730511445235,26,2.7542912089265883
10,3,C_Random_Diag,18,0.7666666666666667,0.6181818181818182,0.675191064079953,0.5040706182097373,0.79,0.72,0.762977262977263,0.7483145218371685,1.2982775653756546,27,1.6889543749857694
10,3,C_Random_Min_Diag,0,0.7111111111111111,0.5230769230769231,0.6034024455077087,0.5547922043715003,0.74,0.6352941176470588,0.6956344349245207,0.7350401132185056,1.3193826241421476,33,1.096465874928981
10,3,C_Random_Min_Diag,7,0.7111111111111111,0.5625,0.6575630252100839,0.6113385207163654,0.74,0.6666666666666666,0.7353896103896104,0.7695428778481828,1.1783356361981205,34,1.2735806669807062
10,3,C_Random_Min_Diag,14,0.7666666666666667,0.6388888888888888,0.6950431034482758,0.6486129823667675,0.79,0.717391304347826,0.7676518883415435,0.791267320122576,1.3583637749859567,32,2.1236057499190792
10,3,C_Random_Min_Diag,21,0.7222222222222222,0.675,0.7236363636363636,0.575067532949953,0.75,0.74,0.7850505050505051,0.7796713197573744,1.7141552846676449,35,3.156244125100784
10,3,C_Random_Full,3,0.7333333333333333,0.5333333333333333,0.6268028846153846,0.38710779228313164,0.76,0.65,0.73046875,0.6918767615628163,1.2935393212017543,26,1.629897917038761
10,3,C_Random_Full,10,0.7777777777777778,0.5660377358490566,0.6440622972096041,0.49159030353072736,0.8,0.684931506849315,0.7519222071460878,0.7377168913292586,1.2920563585003588,23,2.0464274589903653
10,3,C_Random_Full,17,0.6888888888888889,0.5757575757575758,0.5732467532467531,0.46817843937920756,0.72,0.6744186046511628,0.668080808080808,0.702429380569908,1.474917049606551,35,2.586819333024323
10,3,C_Random_Full,24,0.7666666666666667,0.5306122448979592,0.5461538461538462,0.4514134979194649,0.79,0.6666666666666666,0.6758241758241758,0.7015056569552471,1.9986445654492888,25,3.61263908399269
10,4,C_ID,6,0.7111111111111111,0.6111111111111112,0.6405228758169934,0.5863019951116254,0.74,0.6976744186046512,0.7138855542216886,0.7683610468479014,1.576008979794482,39,4.041729375021532
10,4,C_ID,13,0.6777777777777778,0.5925925925925926,0.6508097165991902,0.6544614389478898,0.71,0.673469387755102,0.7235576923076923,0.7815351645414677,1.2382835639780208,38,1.1143118750769645
10,4,C_ID,20,0.6888888888888889,0.5833333333333334,0.6648059542796385,0.5701955178320719,0.72,0.6739130434782609,0.7427580579355366,0.751596023123784,1.3774910502531406,33,2.172739416011609
10,4,C_Random_Diag,2,0.7222222222222222,0.576271186440678,0.6225,0.44471543648867146,0.75,0.6835443037974683,0.716875,0.7036178509568842,1.2841962864934016,30,1.4178705830127
10,4,C_Random_Diag,9,0.7555555555555555,0.5901639344262295,0.6647823629169022,0.5299778407485926,0.78,0.691358024691358,0.7507356031946195,0.7534054856735697,1.3578458519661454,29,2.654733958072029
10,4,C_Random_Diag,16,0.6888888888888889,0.6190476190476191,0.6769537083125934,0.6822415527465138,0.72,0.6923076923076923,0.740296118447379,0.806457267939758,1.3984328935117283,41,1.9011638750089332
10,4,C_Random_Diag,23,0.6888888888888889,0.5507246376811594,0.6079306722689075,0.5611056789041219,0.72,0.651685393258427,0.6970373376623377,0.7362487079826725,1.917792786795572,34,3.838245291961357
10,4,C_Random_Min_Diag,5,0.7777777777777778,0.696969696969697,0.7195378151260505,0.6678619247732709,0.8,0.7674418604651163,0.7832792207792207,0.8083120922503584,1.230746430253276,34,1.9086190829984844
10,4,C_Random_Min_Diag,12,0.7333333333333333,0.6086956521739131,0.67309670781893,0.651828683154825,0.76,0.6966292134831461,0.7441626409017714,0.7948099054795373,1.140620506788745,36,2.477589500020258
10,4,C_Random_Min_Diag,19,0.7222222222222222,0.59375,0.6642170717919729,0.46666967393269476,0.75,0.6904761904761905,0.7503152585119798,0.7193761408648348,1.884141355824717,29,2.7435909589985386
10,4,C_Random_Full,1,0.6333333333333333,0.6136363636363636,0.5719940623453736,0.5157520810982607,0.67,0.6851851851851852,0.6527498996386993,0.7132013228743115,1.3019971948356346,43,4.031861750059761
10,4,C_Random_Full,8,0.6,0.4722222222222222,0.4831718510963794,0.4049342975427764,0.64,0.5869565217391305,0.59313528703332,0.6541343355600007,1.752095174769064,37,4.419960750034079
10,4,C_Random_Full,15,0.7333333333333333,0.6923076923076923,0.66,0.6224834529923987,0.76,0.7551020408163265,0.728,0.7791833993060169,1.5040027746321663,40,3.491386750014499
10,4,C_Random_Full,22,0.7444444444444445,0.5862068965517241,0.6887125220458554,0.43756391261206123,0.77,0.6933333333333334,0.772844272844273,0.716038253895376,1.5688702468667401,27,2.193171582999639
15,1,C_ID,4,0.9428571428571428,0.6486486486486487,0.9504273504273504,0.5491592535251834,0.9466666666666667,0.8125,0.9752136752136752,0.8843445962523733,1.3451390635332536,15,3.3981970829190686
15,1,C_ID,11,0.9428571428571428,0.6153846153846154,0.8504273504273504,0.39047331452422845,0.9466666666666667,0.7931034482758621,0.925213675213675,0.8416208634828468,1.6511989314777098,15,11.662302082986571
15,1,C_ID,18,0.9047619047619048,0.5882352941176471,0.8877631578947367,0.40282735459200436,0.9111111111111111,0.7407407407407407,0.9358646616541353,0.801156357151889,1.4832213227862254,20,5.2379245000192896
15,1,C_Random_Diag,0,0.9428571428571428,0.6,0.9023163669612922,0.6429422510660748,0.9466666666666667,0.7777777777777778,0.9481055699481866,0.8824021589148431,1.431677941215008,17,2.9920729999430478
15,1,C_Random_Diag,7,0.9714285714285714,0.75,0.975,0.6422145417306707,0.9733333333333334,0.8888888888888888,0.99,0.9381509066619393,1.3424878730010927,10,7.079248750000261
15,1,C_Random_Diag,14,0.9142857142857143,0.6086956521739131,0.8069736842105264,0.35100878056733953,0.92,0.7631578947368421,0.8896992481203008,0.7792155388595805,1.6205773921167863,20,22.810412457911298
15,1,C_Random_Diag,21,0.9238095238095239,0.5555555555555556,0.7765786082474226,0.2925567183878472,0.9288888888888889,0.7575757575757576,0.8846857332889924,0.7802948351696473,1.8818524073504024,16,6.188740374986082
15,1,C_Random_Min_Diag,3,0.9428571428571428,0.6666666666666666,0.9146262886597939,0.4883020995431046,0.9466666666666667,0.8181818181818182,0.9559361489857001,0.8596559040184001,1.4399949505004321,16,2.884455749997869
15,1,C_Random_Min_Diag,10,0.919047619047619,0.509090909090909,0.8709234989332519,0.2900572513495858,0.9244444444444444,0.6823529411764706,0.9314281088082901,0.7805043799912779,1.7611024499634502,17,25.904986332985573
15,1,C_Random_Min_Diag,17,0.919047619047619,0.5116279069767442,0.715635476988723,0.22504965225621038,0.9244444444444444,0.7123287671232876,0.8489313471502591,0.7318519147660698,1.3763976444046355,17,3.5234521670499817
15,1,C_Random_Min_Diag,24,0.9428571428571428,0.5238095238095238,0.8924663299663298,0.3577140056384974,0.9466666666666667,0.7540983606557377,0.9522072577628133,0.8488684993173345,1.261290143538633,12,5.562987333047204
15,1,C_Random_Full,6,0.9333333333333333,0.4864864864864865,0.8252991452991453,0.42440555602537294,0.9377777777777778,0.7307692307692307,0.9126495726495726,0.8199713560169135,1.635039415133517,15,6.0293851249152794
15,1,C_Random_Full,13,0.9333333333333333,0.37037037037037035,0.7598396501457727,0.19214067980665672,0.9377777777777778,0.7017543859649122,0.8840605207600281,0.7535618019946198,1.444191987124277,14,7.0862050000578165
15,1,C_Random_Full,20,0.9285714285714286,0.27906976744186046,0.6304273504273504,0.12647780021982633,0.9333333333333333,0.6666666666666666,0.8152136752136753,0.6859369546395613,1.5989701805462742,15,12.533855749992654
15,2,C_ID,2,0.861904761904762,0.5428571428571428,0.7011641842150316,0.36483408217162233,0.8711111111111111,0.68,0.7945503766478341,0.6987943003597591,1.2982664970801818,33,4.089694958995096
15,2,C_ID,9,0.861904761904762,0.5714285714285714,0.8091548026671473,0.438247240473946,0.8711111111111111,0.6915887850467289,0.8713869322322079,0.7362040182710939,1.192988925294464,31,2.6615222089458257
15,2,C_ID,16,0.8761904761904762,0.5757575757575758,0.8104400838254906,0.4944849569069359,0.8844444444444445,0.7096774193548387,0.875062782521346,0.7661525069272804,1.2988226998988066,29,3.612383458064869
15,2,C_ID,23,0.8523809523809524,0.5925925925925926,0.6782435740514077,0.44327481219322484,0.8622222222222222,0.7047619047619048,0.7693067134708205,0.7019808483906271,1.2422223144493025,38,5.7038522500079125
15,2,C_Random_Diag,5,0.8428571428571429,0.5238095238095238,0.7294127717856531,0.29646738920966703,0.8533333333333334,0.6491228070175439,0.8139712806026365,0.6563718967768135,1.6606510258936928,33,12.116994332987815
15,2,C_Random_Diag,12,0.8761904761904762,0.6086956521739131,0.7687080143727543,0.5208598107766419,0.8844444444444445,0.7291666666666666,0.8354268563806135,0.7551735380643871,1.4054768808947449,37,5.039952791063115
15,2,C_Random_Diag,19,0.8761904761904762,0.6486486486486487,0.7988939606741573,0.507610795033681,0.8844444444444445,0.75,0.8630767391824049,0.7615037961597119,1.5345291474642235,32,2.70831679191906
15,2,C_Random_Min_Diag,1,0.8952380952380953,0.5573770491803278,0.6926982591876207,0.25311686428742053,0.9022222222222223,0.7032967032967034,0.8172800460034502,0.6986510973452048,2.2952038978460805,22,6.177699791966006
15,2,C_Random_Min_Diag,8,0.8904761904761904,0.6,0.7877837837837838,0.45342791430936147,0.8977777777777778,0.7333333333333333,0.8673648648648649,0.7674451120403902,1.329887864323776,25,3.101302499999292
15,2,C_Random_Min_Diag,15,0.8857142857142857,0.6,0.7729840780688237,0.5327448728168168,0.8933333333333333,0.72,0.8439265536723164,0.7658149981866653,1.3865956932482775,33,3.8528625840554014
15,2,C_Random_Min_Diag,22,0.8809523809523809,0.647887323943662,0.8299683988764045,0.6003969841144379,0.8888888888888888,0.7524752475247525,0.884233803490318,0.8034181587903775,1.2197182976864702,32,2.5921089579351246
15,2,C_Random_Full,4,0.8809523809523809,0.46153846153846156,0.6883830455259027,0.32340013577782956,0.8888888888888888,0.6666666666666666,0.7970866342959366,0.6890652945697704,1.795220425329893,28,6.029772749985568
15,2,C_Random_Full,11,0.8428571428571429,0.4074074074074074,0.6488614963191234,0.28319493068887036,0.8533333333333334,0.5494505494505495,0.7585922787193974,0.6293140745140642,1.3022454069694198,33,3.867458665976301
15,2,C_Random_Full,18,0.8904761904761904,0.4918032786885246,0.7489729729729729,0.38470960129732623,0.8977777777777778,0.6593406593406593,0.8431081081081082,0.7257182295557003,1.438567240373419,25,10.322680459008552
15,3,C_ID,0,0.8095238095238095,0.45652173913043476,0.6872058823529412,0.2981504824702839,0.8222222222222222,0.5945945945945946,0.7725133689839573,0.6190229172319255,2.923897193634349,40,27.311173625057563
15,3,C_ID,7,0.8904761904761904,0.684931506849315,0.760621488764045,0.4912259827933915,0.8977777777777778,0.7766990291262136,0.8370188859670094,0.7669320056489434,1.2400202093145969,32,3.038658083998598
15,3,C_ID,14,0.8428571428571429,0.5822784810126582,0.704069851349401,0.4561402745158019,0.8533333333333334,0.6972477064220184,0.7833368554522401,0.7001366692071446,1.7435075225025598,41,4.599163000006229
15,3,C_ID,21,0.7952380952380952,0.46938775510204084,0.6516976998904711,0.35673131144935283,0.8088888888888889,0.59375,0.7402491321217073,0.6353806490011805,1.5588176638642037,44,7.924918917007744
15,3,C_Random_Diag,3,0.8571428571428571,0.6067415730337079,0.7444852941176471,0.5008199710246133,0.8666666666666667,0.7079646017699115,0.8141711229946524,0.7350191136822402,1.6099445961227006,40,2.8023903330322355
15,3,C_Random_Diag,10,0.8095238095238095,0.5769230769230769,0.7406060606060607,0.4716943372567685,0.8222222222222222,0.671875,0.8054545454545454,0.7080179073651147,1.323404490923802,45,4.556883667013608
15,3,C_Random_Diag,17,0.8476190476190476,0.625,0.7998529411764707,0.5225571157949056,0.8577777777777778,0.7154471544715447,0.8544385026737967,0.7613678229437051,1.5458761485152364,40,3.837245750008151
15,3,C_Random_Diag,24,0.819047619047619,0.5217391304347826,0.686101890604705,0.4025579344587428,0.8311111111111111,0.639344262295082,0.7701817413355876,0.6796467960869095,2.3873251489709473,41,11.335086375009269
15,3,C_Random_Min_Diag,6,0.7571428571428571,0.5100671140939598,0.6502121316362803,0.46814810993660827,0.7733333333333333,0.6,0.7230846042120552,0.6667654174025095,1.3308502202943,57,2.761459333007224
15,3,C_Random_Min_Diag,13,0.8428571428571429,0.5070422535211268,0.7247765006385696,0.3841822532331474,0.8533333333333334,0.6534653465346535,0.8057245886860491,0.6984476632384835,1.5329164839212606,36,3.993333415943198
15,3,C_Random_Min_Diag,20,0.8809523809523809,0.6,0.7471836734693877,0.5422814026013207,0.8888888888888888,0.723404255319149,0.8230285714285714,0.7621186617247623,1.3812011390144656,35,2.772278750082478
15,3,C_Random_Full,2,0.8047619047619048,0.54,0.6803419936373278,0.39689797397181786,0.8177777777777778,0.6461538461538462,0.7589464214314274,0.665285085384539,2.138368568313576,46,5.407401250093244
15,3,C_Random_Full,9,0.7904761904761904,0.4915254237288136,0.693592552026287,0.3268328795793594,0.8044444444444444,0.5945945945945946,0.7714927506636716,0.6299948410044518,1.519691246374269,44,13.421858125017025
15,3,C_Random_Full,16,0.8,0.4943820224719101,0.630761732349255,0.35750624629962957,0.8133333333333334,0.6218487394957983,0.7262543877761719,0.6401695985751292,1.5372123252876109,43,7.075216665980406
15,3,C_Random_Full,23,0.8428571428571429,0.49504950495049505,0.7460408163265306,0.3804486530857524,0.8533333333333334,0.631578947368421,0.8222285714285714,0.6986707118976054,1.8017004740809313,35,3.408810417051427
15,4,C_ID,5,0.819047619047619,0.5208333333333334,0.7258843493016578,0.47636882625249494,0.8311111111111111,0.6486486486486487,0.7922026518899664,0.7012417029203626,1.4303539898441713,47,5.081613834016025
15,4,C_ID,12,0.7761904761904762,0.5899280575539568,0.6989444444444444,0.5176838959910728,0.7911111111111111,0.6666666666666666,0.7591555555555556,0.7086740050904414,1.3416900309987532,60,3.8048461669823155
15,4,C_ID,19,0.819047619047619,0.6122448979591837,0.7505387248066928,0.5160710435503447,0.8311111111111111,0.703125,0.8090062111801243,0.7363561082150328,1.603310731135444,49,5.9107022089883685
15,4,C_Random_Diag,1,0.7904761904761904,0.5785123966942148,0.7053890738685411,0.4917951603766148,0.8044444444444444,0.6716417910447762,0.7723461025347818,0.7027042160754201,1.3884428836591782,51,5.182334666023962
15,4,C_Random_Diag,8,0.7333333333333333,0.5039370078740157,0.5911999102031653,0.382057679940064,0.7511111111111111,0.5987261146496815,0.6740647932700912,0.6234263165553602,1.2856937381976261,59,3.587998916977085
15,4,C_Random_Diag,15,0.7238095238095238,0.5037037037037037,0.6007811640444494,0.4206757374581978,0.7422222222222222,0.593939393939394,0.6795743553514659,0.6376384279601395,1.1839772100082182,61,3.280646290979348
15,4,C_Random_Diag,22,0.7333333333333333,0.567741935483871,0.6680931009289217,0.5254593819735004,0.7511111111111111,0.6395348837209303,0.7288077775882653,0.6909155125338431,1.4076283517573605,67,2.570054250070825
15,4,C_Random_Min_Diag,4,0.8095238095238095,0.631578947368421,0.7102920227920227,0.5756171193594342,0.8222222222222222,0.7083333333333334,0.7732720178372352,0.734922982579488,1.6422052619534553,54,4.5703723329352215
15,4,C_Random_Min_Diag,11,0.7761904761904762,0.6050420168067226,0.6860505565862709,0.45971799577413114,0.7911111111111111,0.6845637583892618,0.7523779037863545,0.6822944224578925,1.0167084589197517,56,2.692274707951583
15,4,C_Random_Min_Diag,18,0.780952380952381,0.5882352941176471,0.6957777777777778,0.4958661733111671,0.7955555555555556,0.6714285714285714,0.7566222222222221,0.700246580434186,1.780182098223954,60,4.36930070805829
15,4,C_Random_Full,0,0.7571428571428571,0.5,0.6383276533592989,0.35950456653963825,0.7733333333333333,0.6,0.7192990742490082,0.6186589175773652,1.213566118417937,52,4.3921375420177355
15,4,C_Random_Full,7,0.7380952380952381,0.484375,0.6256594455045459,0.41285738129351557,0.7555555555555555,0.5822784810126582,0.7015392876320028,0.6322603944677521,1.302103418323302,59,4.033355082967319
15,4,C_Random_Full,14,0.7666666666666667,0.5223880597014925,0.6229707792207793,0.427964665696932,0.7822222222222223,0.6097560975609756,0.7026248399487836,0.6482244833865243,1.4137154458302688,56,6.065504082944244
15,4,C_Random_Full,21,0.8142857142857143,0.43243243243243246,0.6387205387205386,0.42652013549147033,0.8266666666666667,0.5871559633027523,0.7290404040404039,0.6515361536407418,1.2600558478532702,45,4.830491167027503
20,1,C_ID,3,0.9605263157894737,0.6153846153846154,0.9187843406593406,0.35998973103416276,0.9625,0.810126582278481,0.9639041514041514,0.8624396968669559,1.5975450297871105,16,14.60528537502978
20,1,C_ID,10,0.95,0.5833333333333334,0.942411430237644,0.41570448931061577,0.9525,0.7727272727272727,0.9719440301157752,0.8574612950036962,1.8019238291542485,19,10.490924249985255
20,1,C_ID,17,0.9789473684210527,0.4444444444444444,0.8854447439353099,0.3837168879444388,0.98,0.8518518518518519,0.9644483688075101,0.8974376028069743,1.2975647932318664,9,9.016370916971937
20,1,C_ID,24,0.9578947368421052,0.6,0.8520499108734403,0.3487879520621712,0.96,0.8,0.9320229320229318,0.8383107042098163,1.3685714296921596,17,27.09741062496323
20,1,C_Random_Diag,6,0.9657894736842105,0.6341463414634146,0.9612607338017174,0.3826072465546149,0.9675,0.8148148148148148,0.984048537447766,0.888006605784363,1.4114215821517193,14,5.689146791934036
20,1,C_Random_Diag,13,0.9421052631578948,0.4888888888888889,0.8539867953275775,0.348369985688158,0.945,0.7294117647058823,0.9235168927906359,0.783594979262656,1.4118033105848644,22,3.8175682090222836
20,1,C_Random_Diag,20,0.9657894736842105,0.41379310344827586,0.8737162020540766,0.2220618000456871,0.9675,0.7547169811320755,0.950251837172818,0.8281619893884158,1.8154052480639198,13,42.990474749938585
20,1,C_Random_Min_Diag,2,0.9526315789473684,0.5818181818181818,0.8514360693978713,0.34905489203647294,0.955,0.775,0.9276227004758859,0.8318486885555502,2.049751491489609,19,9.922407209058292
20,1,C_Random_Min_Diag,9,0.9815789473684211,0.72,0.9708108108108109,0.4377756356703725,0.9825,0.8923076923076924,0.9902702702702703,0.9358158195440666,1.45457980353173,10,18.76447029202245
20,1,C_Random_Min_Diag,16,0.9736842105263158,0.625,0.9370471014492754,0.5000598101654747,0.975,0.8387096774193549,0.9763926630434783,0.9296270489753002,1.24453453356873,12,6.355842165998183
20,1,C_Random_Min_Diag,23,0.9631578947368421,0.4727272727272727,0.952088212334114,0.2576775071641311,0.965,0.7407407407407407,0.9802716168434586,0.8442379808660033,2.185505764059804,14,28.620182833983563
20,1,C_Random_Full,5,0.9342105263157895,0.4117647058823529,0.7609191655801825,0.32337927004121547,0.9375,0.6486486486486487,0.864867354458364,0.729869321168281,1.3508489852504795,26,9.35074625001289
20,1,C_Random_Full,12,0.9342105263157895,0.36363636363636365,0.7258028169014085,0.2348387687592276,0.9375,0.6352941176470588,0.8476682316118936,0.7009362996438928,2.2624814216507256,25,10.267248666030355
20,1,C_Random_Full,19,0.9578947368421052,0.5294117647058824,0.8571209330877839,0.4493652980127062,0.96,0.7837837837837838,0.9323204419889501,0.8285119329058663,1.0762399819393125,18,7.86656958295498
20,2,C_ID,1,0.9052631578947369,0.5773195876288659,0.8850129198966408,0.3874094031394105,0.91,0.7007299270072993,0.9260797342192693,0.7494307183282305,1.8080482203199397,36,8.648637249949388
20,2,C_ID,8,0.9026315789473685,0.5833333333333334,0.8195618484080023,0.4327092900867886,0.9075,0.7058823529411765,0.8777677037602596,0.7373438949215767,1.4908504665407933,42,6.656698332983069
20,2,C_ID,15,0.9078947368421053,0.5977011494252874,0.7977192603784444,0.409772377073932,0.9125,0.7244094488188977,0.864040814352725,0.7321584431616723,1.5583357143413783,41,4.283831959008239
20,2,C_ID,22,0.9263157894736842,0.6111111111111112,0.8085685141108466,0.3537216688937968,0.93,0.75,0.8794690644401626,0.7358744676932272,1.888677219329733,34,7.675228332984261
20,2,C_Random_Diag,4,0.9157894736842105,0.6097560975609756,0.8783022774327123,0.40488624591374317,0.92,0.7377049180327869,0.9225559947299078,0.760313877146818,1.786371408041903,35,6.111334333079867
20,2,C_Random_Diag,11,0.9289473684210526,0.6,0.8358658632433849,0.4635632214905178,0.9325,0.7476635514018691,0.8978032733402208,0.7807352489525675,1.2997388480378922,33,2.2933498750207946
20,2,C_Random_Diag,18,0.9026315789473685,0.48,0.7949369036626655,0.3464809199700166,0.9075,0.6285714285714286,0.8656483161927808,0.6948957415613835,2.2334602481702137,38,9.881146542029455
20,2,C_Random_Min_Diag,0,0.9157894736842105,0.5555555555555556,0.8738775143678161,0.37698401940998877,0.92,0.7142857142857143,0.9223861626878869,0.7646678583498407,1.9036059179998788,32,5.261834249948151
20,2,C_Random_Min_Diag,7,0.9131578947368421,0.5569620253164557,0.7467443700985682,0.4784908308642592,0.9175,0.7068965517241379,0.829779002853136,0.7289057094016311,1.4205038687646812,41,6.391789000015706
20,2,C_Random_Min_Diag,14,0.9210526315789473,0.5373134328358209,0.728669985154135,0.35559749823084436,0.925,0.7102803738317757,0.8310586700016314,0.7251851744620004,1.7633771705730328,33,5.360033959033899
20,2,C_Random_Min_Diag,21,0.9157894736842105,0.68,0.8366477272727273,0.513221124715519,0.92,0.7714285714285715,0.8876953125000001,0.7767805884767162,1.3524372088484944,44,2.4511334999697283
20,2,C_Random_Full,3,0.9131578947368421,0.5217391304347826,0.8122883964296707,0.36612768246624483,0.9175,0.6666666666666666,0.8770165355918532,0.7196028909396075,1.7457917649242105,38,11.71770654199645
20,2,C_Random_Full,10,0.9105263157894737,0.4,0.7332919254658385,0.26753514257265676,0.915,0.5873015873015873,0.8302766798418972,0.6537429398235711,1.4893222891636162,35,11.08341866696719
20,2,C_Random_Full,17,0.8842105263157894,0.3609022556390977,0.6739042207792207,0.20592775202316507,0.89,0.5365853658536586,0.7758091517857142,0.5814659082101434,2.412916663181756,44,12.88786150002852
20,2,C_Random_Full,24,0.8868421052631579,0.45045045045045046,0.7420812918363122,0.274262674389412,0.8925,0.5960264900662252,0.8239602468089116,0.6340841553619807,1.6149500243960067,43,6.706520750070922
20,3,C_ID,6,0.8605263157894737,0.5645161290322581,0.7592373708823681,0.4544628074440498,0.8675,0.6707317073170732,0.8186849336274623,0.6898459330570283,1.359507693503429,61,3.1778151250910014
20,3,C_ID,13,0.8368421052631579,0.5276073619631901,0.7755122742949888,0.3617936460472954,0.845,0.6236559139784946,0.8302653781254794,0.6458594059831053,1.7622127157299257,62,9.03636149992235
20,3,C_ID,20,0.8394736842105263,0.5194805194805194,0.7217741935483872,0.35159338303368926,0.8475,0.625,0.7896341463414633,0.6352486718037412,1.9943785262741853,62,6.776762916939333
20,3,C_Random_Diag,2,0.8842105263157894,0.5217391304347826,0.8027197346600332,0.3953676659498367,0.89,0.6666666666666666,0.8634213547646383,0.7015960678309073,1.4099023021749264,45,4.331923291902058
20,3,C_Random_Diag,9,0.8657894736842106,0.56,0.7777681610986095,0.37226615433860133,0.8725,0.6666666666666666,0.8386535964140589,0.6780153776313482,1.9352585418156405,53,6.131293374928646
20,3,C_Random_Diag,16,0.85,0.5116279069767442,0.6952083333333333,0.35950361181232804,0.8575,0.6272189349112426,0.7714062500000001,0.6379759489437401,1.6813055345344579,60,8.858568917028606
20,3,C_Random_Diag,23,0.8526315789473684,0.6257668711656442,0.8027903469079939,0.49704078157485165,0.86,0.700507614213198,0.8476107226107226,0.7096855312362402,1.4663406941326294,68,5.278528874972835
20,3,C_Random_Min_Diag,5,0.8631578947368421,0.5166666666666667,0.7365489202175405,0.4041024630508461,0.87,0.6442953020134228,0.803245396111834,0.6723137964654975,1.3191905611690016,59,4.333374207955785
20,3,C_Random_Min_Diag,12,0.8842105263157894,0.5454545454545454,0.7586982863077723,0.5160043852726642,0.89,0.6666666666666666,0.8248083448535881,0.7264222329627719,1.252027403350013,53,3.895011125016026
20,3,C_Random_Min_Diag,19,0.881578947368421,0.5892857142857143,0.8276229919678714,0.48161745396844613,0.8875,0.6973684210526315,0.878322111977321,0.7360065772923046,1.4893325248482134,48,4.27539166691713
20,3,C_Random_Full,1,0.85,0.425531914893617,0.6861115637390691,0.27227844753989877,0.8575,0.5263157894736842,0.7676410277029473,0.5888049809212742,2.2715980968709615,57,10.929975750041194
20,3,C_Random_Full,8,0.868421052631579,0.5185185185185185,0.7103333333333334,0.29266155819912676,0.875,0.6285714285714286,0.7930952380952381,0.6285490142132741,1.735938261427556,50,8.39811191696208
20,3,C_Random_Full,15,0.8631578947368421,0.45751633986928103,0.7446603044762554,0.3469902710078483,0.87,0.574585635359116,0.8136710329961863,0.6337955130234257,1.71361540480186,54,10.16693587496411
20,3,C_Random_Full,22,0.8421052631578947,0.45751633986928103,0.6435416666666667,0.29747583401044636,0.85,0.5699481865284974,0.73265625,0.5925260085649033,1.4470741802764278,60,6.286707749939524
20,4,C_ID,4,0.8289473684210527,0.5695364238410596,0.7258266966759002,0.46075274445925785,0.8375,0.6596858638743456,0.782946134868421,0.6722983568786011,1.5538581904074198,76,7.51624908298254
20,4,C_ID,11,0.8447368421052631,0.5769230769230769,0.7591006960092133,0.4296381744918544,0.8525,0.6632653061224489,0.8171487210672342,0.6783250716611332,1.702167697381366,63,6.405301625025459
20,4,C_ID,18,0.8368421052631579,0.5641025641025641,0.7268279043757864,0.4235964066845563,0.845,0.6530612244897959,0.7882148921565084,0.6639693279180284,1.761274245519149,69,6.294968291069381
20,4,C_Random_Diag,0,0.8394736842105263,0.5853658536585366,0.7291195324283559,0.4595314111894853,0.8475,0.6666666666666666,0.7906832750582751,0.6784742376621429,1.56342582046691,68,4.99568766693119
20,4,C_Random_Diag,7,0.8131578947368421,0.5,0.6946308724832215,0.40759117045385845,0.8225,0.6,0.7545071719963152,0.6356688711881565,1.3609163858734732,82,4.171468124957755
20,4,C_Random_Diag,14,0.8605263157894737,0.6015037593984962,0.8000154170306799,0.4787711886513113,0.8675,0.6936416184971098,0.8493943264058206,0.7148579213569897,1.695948967242911,61,7.070824958034791
20,4,C_Random_Diag,21,0.7868421052631579,0.5463917525773195,0.7028559099289946,0.4369718905982891,0.7975,0.6239316239316239,0.7583968613441358,0.6387298583485366,2.2934126550381855,87,7.677027625031769
20,4,C_Random_Min_Diag,3,0.8210526315789474,0.5194805194805194,0.6826875000000001,0.4617689653403253,0.83,0.6185567010309279,0.74615,0.650452444847952,1.182151498322568,80,5.657835167017765
20,4,C_Random_Min_Diag,10,0.7763157894736842,0.5472636815920398,0.6968598593858147,0.45151226300616,0.7875,0.6224066390041494,0.7486786868412311,0.6383962198254787,1.135881862453113,97,4.987527166027576
20,4,C_Random_Min_Diag,17,0.8368421052631579,0.5609756097560976,0.7438601002957439,0.4694458458685349,0.845,0.6477272727272727,0.7966724507502296,0.6734307732544316,1.4624429717680585,77,3.119589874986559
20,4,C_Random_Min_Diag,24,0.8210526315789474,0.49740932642487046,0.6964128012111527,0.4581251924436158,0.83,0.5858585858585859,0.7577435484412229,0.6502741544353038,1.354094107294666,79,7.332134167081676
20,4,C_Random_Full,6,0.8184210526315789,0.3916083916083916,0.6206221198156683,0.3255565403680007,0.8275,0.5280898876404494,0.7049283154121864,0.5740658781087473,1.2697244661962592,70,4.568709083017893
20,4,C_Random_Full,13,0.781578947368421,0.47761194029850745,0.6728935945803416,0.35141922736044,0.7925,0.5643153526970954,0.7364094014579452,0.5877262311271387,1.4114887522223905,83,5.390173500054516
20,4,C_Random_Full,20,0.7973684210526316,0.5164835164835165,0.6919395665242841,0.446068253569332,0.8075,0.6046511627906976,0.7500641766140419,0.6433144985458912,1.3453168269410063,86,3.682776749948971
10,1,C_ID,6,0.9222222222222223,0.47058823529411764,0.825301204819277,0.26858826864078966,0.93,0.7567567567567568,0.9280652019844082,0.8477480151528594,1.8146829411395,7,2.4670717499684542
10,1,C_ID,13,0.9444444444444444,0.625,0.7762478485370052,0.5071428571428571,0.95,0.8484848484848485,0.9078667611622961,0.8812223019498562,1.0930016771432305,7,5.272014208952896
10,1,C_ID,20,0.8777777777777778,0.5925925925925926,0.7510683760683761,0.4380949988950495,0.89,0.7659574468085106,0.8642191142191142,0.8065978508458733,1.248710502450005,12,1.6415059589780867
10,1,C_Random_Diag,2,0.9666666666666667,0.5714285714285714,0.6875,0.27398386437908495,0.97,0.8888888888888888,0.9107142857142857,0.8952556278308158,1.1140081832847717,4,1.2617957500042394
10,1,C_Random_Diag,9,0.9333333333333333,0.42857142857142855,0.8055555555555556,0.33936546840958604,0.94,0.8,0.9270833333333333,0.8589961196211195,1.4711027968269588,6,4.085676749935374
10,1,C_Random_Diag,16,0.9333333333333333,0.5714285714285714,0.8261617900172116,0.32214497186301694,0.94,0.8235294117647058,0.9284195605953224,0.8598651079893755,1.178965186284801,7,2.4807952500414103
10,1,C_Random_Diag,23,0.9333333333333333,0.7,0.9397865853658538,0.5166777636614593,0.94,0.85,0.9732384823848239,0.9026749714185214,1.2296654213808111,8,0.9004851250210777
10,1,C_Random_Min_Diag,5,0.9333333333333333,0.5714285714285714,0.833079268292683,0.5058054792429793,0.94,0.8,0.9258130081300813,0.8642429639570349,1.5343642090685214,8,2.3557494579581544
10,1,C_Random_Min_Diag,12,0.9333333333333333,0.5882352941176471,0.8689024390243902,0.4963089912538442,0.94,0.8235294117647058,0.9417344173441735,0.8864721810897647,1.2402740959259562,8,2.6182912909425795
10,1,C_Random_Min_Diag,19,0.9,0.6086956521739131,0.6823935558112773,0.4264294974188022,0.91,0.7906976744186046,0.833634719710669,0.7915684192177135,1.2175716507372412,11,1.6596901669399813
10,1,C_Random_Full,1,0.8777777777777778,0.3018867924528302,0.5995397008055235,0.22513414221043695,0.89,0.65,0.7902350813743219,0.7107795652045306,1.297535991137199,11,2.5977692500455305
10,1,C_Random_Full,8,0.9,0.4,0.6927297668038409,0.18707080265512582,0.91,0.6896551724137931,0.8544509421702404,0.7563070135656312,1.1617056406195378,9,2.794392333016731
10,1,C_Random_Full,15,0.9,0.36363636363636365,0.7277091906721536,0.16212165010315277,0.91,0.6896551724137931,0.8710201429499674,0.7337468112253316,1.7081108523730775,9,9.472983874962665
10,1,C_Random_Full,22,0.9222222222222223,0.42857142857142855,0.7831325301204819,0.19668351879858909,0.93,0.7586206896551724,0.9107016300496101,0.8075656793821478,1.4926471077809333,7,3.1748921250691637
10,2,C_ID,4,0.9333333333333333,0.8125,0.8635555555555556,0.6819404933501061,0.94,0.8846153846153846,0.9181333333333332,0.8929298901818084,1.2724770747134249,15,1.3995169160189107
10,2,C_ID,11,0.7777777777777778,0.5,0.5892857142857142,0.27244537288632414,0.8,0.65625,0.726190476190476,0.6566459910557549,1.970155580596089,20,4.296717584016733
10,2,C_ID,18,0.8222222222222222,0.5365853658536586,0.7001689189189189,0.3152967108451743,0.84,0.6896551724137931,0.8154885654885655,0.7126566146468196,1.8043442487370513,16,5.0060572910588235
10,2,C_Random_Diag,0,0.9111111111111111,0.75,0.7874228395061729,0.6884679446750386,0.92,0.8461538461538461,0.863343253968254,0.8530742061445167,1.4013565280879405,18,1.7119971249485388
10,2,C_Random_Diag,7,0.7444444444444445,0.5660377358490566,0.6499399038461537,0.3920773913291015,0.77,0.684931506849315,0.7471788194444444,0.6983942918836615,1.936853140962815,26,3.553088999935426
10,2,C_Random_Diag,14,0.8444444444444444,0.6153846153846154,0.7885802469135802,0.5824765040274617,0.86,0.7457627118644068,0.8640873015873016,0.8166491660378232,1.4697122366620814,18,3.7122670410899445
10,2,C_Random_Diag,21,0.8222222222222222,0.6,0.728088336783989,0.5046464611541428,0.84,0.7333333333333333,0.8158017765310893,0.7707663621873186,1.2174613049679328,21,3.4043332919245586
10,2,C_Random_Min_Diag,3,0.9,0.7058823529411765,0.8846153846153848,0.47042216170631845,0.91,0.8148148148148148,0.9347826086956523,0.8514557331048003,1.420964712341382,13,1.4725970829604194
10,2,C_Random_Min_Diag,10,0.7888888888888889,0.5581395348837209,0.7209224598930482,0.4856319044768747,0.81,0.6984126984126984,0.8081341911764706,0.7578071975730665,1.2940204919242804,22,1.4084195420145988
10,2,C_Random_Min_Diag,17,0.8111111111111111,0.6382978723404256,0.6856452726017943,0.3850364261703277,0.83,0.746268656716418,0.7870500233754091,0.7138128578897369,1.4017140918789042,21,1.5524051670217887
10,2,C_Random_Min_Diag,24,0.8111111111111111,0.5957446808510638,0.7177157689811811,0.4478302999176832,0.83,0.7164179104477612,0.8032564450474898,0.751858635186759,1.2170944933634493,23,1.306021208059974
10,2,C_Random_Full,6,0.8333333333333334,0.5161290322580645,0.6784850926672039,0.40162044115227036,0.85,0.7058823529411765,0.7975646879756468,0.7454898944881425,1.3506759063336289,17,2.184709499939345
10,2,C_Random_Full,13,0.7333333333333333,0.45161290322580644,0.5678661616161615,0.31127996929008367,0.76,0.5853658536585366,0.6949643493761142,0.6551322230228247,1.1852483409684007,24,2.2625287499977276
10,2,C_Random_Full,20,0.8222222222222222,0.6521739130434783,0.6753571428571429,0.33499180105868775,0.84,0.7575757575757576,0.7835714285714286,0.6969153396024158,2.0939441629176803,20,14.117460750043392
10,3,C_ID,2,0.7555555555555555,0.5263157894736842,0.6407995296884186,0.510677307084025,0.78,0.6493506493506493,0.7378807378807379,0.7365894045083947,1.5411995349117236,27,1.6973305839346722
10,3,C_ID,9,0.8444444444444444,0.6818181818181818,0.7777777777777778,0.5742192298439385,0.86,0.78125,0.8494623655913979,0.8123294382036313,1.5176259045205756,21,2.169384624925442
10,3,C_ID,16,0.7888888888888889,0.6071428571428571,0.6678424456202234,0.5571271116386726,0.81,0.7105263157894737,0.7576147576147576,0.7630145765589726,1.5213468468982154,27,2.628280417062342
10,3,C_ID,23,0.7444444444444445,0.39436619718309857,0.4857235561323816,0.2741860534932577,0.77,0.5666666666666667,0.6415649027589325,0.6127808110800181,3.5571720251433083,23,78.90320541593246
10,3,C_Random_Diag,5,0.8333333333333334,0.7169811320754716,0.7528409090909091,0.49806074875683515,0.85,0.7945205479452054,0.8255347593582887,0.7699907181305875,1.3737233283657297,24,2.4442994999699295
10,3,C_Random_Diag,12,0.7111111111111111,0.6666666666666666,0.6395173453996984,0.5206387108236415,0.74,0.7346938775510204,0.7130852340936374,0.7347599586297128,1.308117257430557,39,1.6628328330116346
10,3,C_Random_Diag,19,0.7555555555555555,0.6333333333333333,0.6519396551724138,0.5504932042555398,0.78,0.725,0.7348111658456487,0.7537994127998293,1.4183144060845687,32,2.759768542018719
10,3,C_Random_Min_Diag,1,0.8333333333333334,0.6938775510204082,0.7887735236859184,0.5728061702008272,0.85,0.782608695652174,0.8527815468113976,0.8017362922343999,1.3837470323023524,23,1.8336042079608887
10,3,C_Random_Min_Diag,8,0.8111111111111111,0.6792452830188679,0.7678571428571428,0.6473684087149849,0.83,0.7671232876712328,0.8289473684210527,0.8080055404654483,1.37750390840948,28,1.7361345830140635
10,3,C_Random_Min_Diag,15,0.7444444444444445,0.6349206349206349,0.6811111111111111,0.49902616851350884,0.77,0.7228915662650602,0.7608333333333334,0.7353941178665468,1.3289149561440006,30,1.7416435410268605
10,3,C_Random_Min_Diag,22,0.8111111111111111,0.6071428571428571,0.6650345622119815,0.6227485069855251,0.83,0.7301587301587301,0.7531833616298811,0.7821809878123949,1.717541491621472,28,3.181656999979168
10,3,C_Random_Full,4,0.7333333333333333,0.5245901639344263,0.5936059907834101,0.48549549347727955,0.76,0.6419753086419753,0.7005517826825127,0.7156208339162651,1.2295143950239353,28,2.2937389169819653
10,3,C_Random_Full,11,0.6666666666666666,0.4788732394366197,0.5625000000000001,0.4163778512404533,0.7,0.5934065934065934,0.6666666666666667,0.6750783046583789,1.2074823825910344,32,1.1457611250225455
10,3,C_Random_Full,18,0.7444444444444445,0.6461538461538462,0.6465281574630946,0.41833382201875435,0.77,0.7294117647058823,0.732740801984291,0.686845397310802,1.3600492216615838,31,2.465525875100866
10,4,C_ID,0,0.6444444444444445,0.5151515151515151,0.5667532467532468,0.44461810350889525,0.68,0.627906976744186,0.6630303030303031,0.6849387406947179,1.6553416535589007,35,2.6726519169751555
10,4,C_ID,7,0.7777777777777778,0.7058823529411765,0.6403508771929824,0.4819984918811922,0.8,0.7727272727272727,0.7239902080783354,0.7196969853761546,1.8262491244747139,33,3.97307416703552
10,4,C_ID,14,0.7333333333333333,0.5789473684210527,0.6574025974025973,0.6685756231336837,0.76,0.6744186046511628,0.7335353535353535,0.788831848198548,1.2863518467570898,35,1.8892859579063952
10,4,C_ID,21,0.7444444444444445,0.6756756756756757,0.6565527791942886,0.5407516496775052,0.77,0.7446808510638298,0.7296266559614613,0.7526626834960759,1.2084017067896171,37,1.9546804999699816
10,4,C_Random_Diag,3,0.7111111111111111,0.5230769230769231,0.6213942307692308,0.37262843855094735,0.74,0.6410256410256411,0.7265625,0.6857452039323415,1.426097566811073,26,1.891094042104669
10,4,C_Random_Diag,10,0.7777777777777778,0.6557377049180327,0.6605555555555556,0.5260865480691518,0.8,0.7407407407407407,0.7454166666666666,0.7532334613155824,1.25796456073755,30,2.476823707926087
10,4,C_Random_Diag,17,0.6555555555555556,0.6190476190476191,0.6192592592592593,0.6873724150532287,0.69,0.6923076923076923,0.6884848484848485,0.7923756301624956,1.3161426303715065,45,1.9225027919746935
10,4,C_Random_Diag,24,0.6111111111111112,0.5555555555555556,0.5761999010390895,0.669526286832582,0.65,0.6391752577319587,0.6505507955936353,0.7787870472059114,1.4563608353926962,47,1.7651600410463288
10,4,C_Random_Min_Diag,6,0.7333333333333333,0.59375,0.6096227446692181,0.4665460039346809,0.76,0.691358024691358,0.704836709384043,0.711248962212004,2.154681924492266,31,5.163718374911696
10,4,C_Random_Min_Diag,13,0.7555555555555555,0.6842105263157895,0.7078189300411524,0.6312602192793352,0.78,0.75,0.7713365539452497,0.7935214374986564,1.2140104805091134,36,1.6234863749705255
10,4,C_Random_Min_Diag,20,0.6777777777777778,0.5454545454545454,0.5808261091279959,0.5749256301722016,0.71,0.6391752577319587,0.6700120433560819,0.7339566176676044,1.1813003177391739,37,1.2952174589736387
10,4,C_Random_Full,2,0.6555555555555556,0.4675324675324675,0.5276448697501329,0.42322146458179727,0.69,0.5773195876288659,0.6374949000407997,0.6681091426868753,1.4246173180427864,33,3.7316246669506654
10,4,C_Random_Full,9,0.7,0.5066666666666667,0.5678879310344828,0.4783539910196926,0.73,0.6105263157894737,0.6707717569786535,0.700030601721709,1.5995969170404223,32,2.6179753340547904
10,4,C_Random_Full,16,0.7111111111111111,0.6133333333333333,0.6517809675704413,0.4972399544560039,0.74,0.6947368421052632,0.7327621379028968,0.7327174491364472,1.773437622123279,33,4.588928084005602
10,4,C_Random_Full,23,0.6555555555555556,0.6172839506172839,0.5571862348178137,0.46491217988348327,0.69,0.693069306930693,0.6494391025641024,0.681956592486477,1.452926876725602,38,3.2886272500036284
15,1,C_ID,5,0.9333333333333333,0.6222222222222222,0.8690399484536082,0.509609840216629,0.9377777777777778,0.7733333333333333,0.9324077153308946,0.8456538185838223,1.3559408190516176,16,3.4550833749817684
15,1,C_ID,12,0.9428571428571428,0.6666666666666666,0.9173646907216495,0.6867916987215839,0.9466666666666667,0.8181818181818182,0.9573495177918192,0.9073323997992925,1.1842324113294802,16,3.451654916978441
15,1,C_ID,19,0.919047619047619,0.4666666666666667,0.8742761353245961,0.25781061638273817,0.9244444444444444,0.6582278481012658,0.9332091968911918,0.7564618544708871,2.331056536588785,17,26.954907584004104
15,1,C_Random_Diag,1,0.9238095238095239,0.5,0.74215178299299,0.28428458226119,0.9288888888888889,0.7419354838709677,0.863018134715026,0.7600801156250329,1.186352778025624,17,5.550809375010431
15,1,C_Random_Diag,8,0.9238095238095239,0.5853658536585366,0.8823367318820611,0.4169872772855085,0.9288888888888889,0.7647058823529411,0.9342469972282106,0.8188416164174607,1.2694467252980952,19,4.7000692919828
15,1,C_Random_Diag,15,0.9238095238095239,0.5106382978723404,0.8419780927835052,0.3126785704605395,0.9288888888888889,0.7012987012987013,0.9184403059527769,0.7851249890582528,1.5155748092239338,16,6.937119584064931
15,1,C_Random_Diag,22,0.9523809523809523,0.6428571428571429,0.8059351815696993,0.5588247200279532,0.9555555555555556,0.8275862068965517,0.9098984771573604,0.8744924735422561,1.551963449048903,13,2.5101520830066875
15,1,C_Random_Min_Diag,4,0.9333333333333333,0.6382978723404256,0.9329914529914529,0.49871024635908007,0.9377777777777778,0.7887323943661971,0.9664957264957266,0.8685495628882165,1.5735642952574782,15,6.1683664579177275
15,1,C_Random_Min_Diag,11,0.9476190476190476,0.6285714285714286,0.9493440233236152,0.47037609296982535,0.9511111111111111,0.8,0.9755453905700211,0.8902999874856834,1.3525986969663235,14,3.436246708035469
15,1,C_Random_Min_Diag,18,0.9476190476190476,0.56,0.8353737113402061,0.4823541391322965,0.9511111111111111,0.8,0.9150315929497839,0.8444650807523877,1.3196206528686527,16,6.492618124932051
15,1,C_Random_Full,0,0.9238095238095239,0.36363636363636365,0.7847938144329897,0.23940032504023,0.9288888888888889,0.65625,0.8889258397073495,0.7398441296592871,1.4522530163165537,16,10.313720499980263
15,1,C_Random_Full,7,0.9428571428571428,0.42857142857142855,0.7838921282798834,0.3728321071923218,0.9466666666666667,0.75,0.8956720619282195,0.7922415455995961,1.2919108819461904,14,4.584956000093371
15,1,C_Random_Full,14,0.9523809523809523,0.4444444444444444,0.8434205388520108,0.42183558902763885,0.9555555555555556,0.7916666666666666,0.9273023930384336,0.8038943416497122,1.2953433942034218,13,7.166837124968879
15,1,C_Random_Full,21,0.9285714285714286,0.4307692307692308,0.8292307692307692,0.2025180575935061,0.9333333333333333,0.6666666666666666,0.9146153846153846,0.7431099180902252,2.28864788283773,15,17.64397079194896
15,2,C_ID,3,0.8523809523809524,0.5714285714285714,0.8006495786516855,0.3745440933784375,0.8622222222222222,0.6923076923076923,0.8642720535500836,0.7094725971063505,1.820336949909794,32,6.7103126250440255
15,2,C_ID,10,0.8761904761904762,0.509090909090909,0.8014571948998178,0.33983140933925926,0.8844444444444445,0.6829268292682927,0.8723653395784543,0.722464281275847,1.7388675134655203,27,4.827476916019805
15,2,C_ID,17,0.8904761904761904,0.59375,0.7848260947918544,0.4965678364744003,0.8977777777777778,0.723404255319149,0.8549914986640759,0.7689987155104367,1.3041837000918373,31,4.042864458984695
15,2,C_ID,24,0.8904761904761904,0.5172413793103449,0.7959776796093931,0.27758171384377,0.8977777777777778,0.6818181818181818,0.8765128060793695,0.7103874041418532,1.8998135305668908,23,10.533208000008017
15,2,C_Random_Diag,6,0.9095238095238095,0.43333333333333335,0.7786842105263159,0.27013653099793017,0.9155555555555556,0.6428571428571429,0.8735338345864662,0.7213450212410287,2.590331201280547,20,28.339983416954055
15,2,C_Random_Diag,13,0.8714285714285714,0.5641025641025641,0.7948180605829682,0.37631428123003313,0.88,0.6947368421052632,0.8647664490205929,0.7347479930611269,1.5377192983273031,29,7.404035500017926
15,2,C_Random_Diag,20,0.8333333333333334,0.5176470588235295,0.6950204081632653,0.29914351315653914,0.8444444444444444,0.6434782608695652,0.7865142857142857,0.6493775993217477,1.8516114526086218,35,5.94609716697596
15,2,C_Random_Min_Diag,2,0.8809523809523809,0.6052631578947368,0.8209182701466946,0.43952993467440477,0.8888888888888888,0.7311827956989247,0.8819688598694124,0.769998985413992,1.660094875907823,29,3.989756499999203
15,2,C_Random_Min_Diag,9,0.8857142857142857,0.5373134328358209,0.8166486486486485,0.35735050893413733,0.8933333333333333,0.7,0.8854054054054054,0.7478381275825198,1.9040408130488908,25,5.223002750077285
15,2,C_Random_Min_Diag,16,0.8952380952380953,0.4594594594594595,0.7183268858800773,0.22554575417266834,0.9022222222222223,0.6352941176470588,0.8325186889016676,0.6778363178756709,2.0813416570398067,22,11.599807249964215
15,2,C_Random_Min_Diag,23,0.8666666666666667,0.6585365853658537,0.8393199233716475,0.5702178145270401,0.8755555555555555,0.75,0.88657876943881,0.7873480715856548,1.6309345335722845,36,3.800160082988441
15,2,C_Random_Full,5,0.9,0.37209302325581395,0.7591332829428068,0.21971712131139168,0.9066666666666666,0.5970149253731343,0.8594944150499706,0.6901289329364899,1.7464986429728364,21,5.764079833053984
15,2,C_Random_Full,12,0.9,0.5373134328358209,0.7731891891891891,0.4746928712805088,0.9066666666666666,0.6804123711340206,0.8582432432432432,0.757847605462279,1.2655740986817527,25,6.173619749955833
15,2,C_Random_Full,19,0.8714285714285714,0.4819277108433735,0.7307692307692308,0.34084900996307244,0.88,0.6304347826086957,0.8246869409660107,0.6969384535998666,1.424943170127025,28,5.062326582963578
15,3,C_ID,1,0.8666666666666667,0.5625,0.7468571428571428,0.376174148378271,0.8755555555555555,0.7021276595744681,0.8227999999999999,0.6993619195190359,1.5835377374436812,35,9.293957417015918
15,3,C_ID,8,0.8095238095238095,0.5585585585585585,0.7417508417508418,0.4793027032087651,0.8222222222222222,0.6564885496183206,0.8063131313131313,0.7141027444629309,1.6923815652605083,45,3.445514583028853
15,3,C_ID,15,0.7904761904761904,0.45454545454545453,0.6496875,0.43502619397612874,0.8044444444444444,0.5806451612903226,0.7305288461538462,0.6635621869800423,1.5840514692062144,50,5.325064125005156
15,3,C_ID,22,0.8523809523809524,0.6206896551724138,0.8273412086971408,0.4010386750669674,0.8622222222222222,0.7207207207207207,0.8812970809792843,0.7323843075048331,1.6843876205467165,33,3.989429167006165
15,3,C_Random_Diag,4,0.8428571428571429,0.5882352941176471,0.7630385487528345,0.5626519033820244,0.8533333333333334,0.6818181818181818,0.8253968253968254,0.7518927214668087,1.4303896941701495,42,3.3628771249204874
15,3,C_Random_Diag,11,0.8428571428571429,0.5526315789473685,0.733881075059184,0.5056621350596868,0.8533333333333334,0.6792452830188679,0.8027049349576708,0.7332243691633863,1.2386200775219656,43,3.113627874990925
15,3,C_Random_Diag,18,0.8380952380952381,0.5194805194805194,0.7246213825161194,0.4890010091649752,0.8488888888888889,0.6542056074766355,0.8011154429283085,0.7154516551488027,1.857853015627909,39,4.934140541008674
15,3,C_Random_Min_Diag,0,0.8523809523809524,0.5952380952380952,0.7942508982971412,0.5267101534783452,0.8622222222222222,0.7017543859649122,0.8536016007114273,0.7540238220353073,1.2801343696085565,37,3.2520232079550624
15,3,C_Random_Min_Diag,7,0.8238095238095238,0.49411764705882355,0.6262860082304527,0.4549925753697649,0.8355555555555556,0.6407766990291263,0.715265530080345,0.6745532065490013,1.748532667742833,48,4.121057083946653
15,3,C_Random_Min_Diag,14,0.8047619047619048,0.5470085470085471,0.6912252850339154,0.31848525029618346,0.8177777777777778,0.6394557823129252,0.7739327979712596,0.632670087619392,2.2977418164406944,41,15.294483667006716
15,3,C_Random_Min_Diag,21,0.8476190476190476,0.5121951219512195,0.7213883677298312,0.5518488860606754,0.8577777777777778,0.6470588235294118,0.7960164835164836,0.7307537371313468,1.4115613752563516,41,2.6606361659942195
15,3,C_Random_Full,3,0.8285714285714286,0.42696629213483145,0.6418298653610771,0.35541348462460143,0.84,0.5777777777777777,0.7431987713909609,0.641315929095722,1.8687127496897529,38,6.304328875034116
15,3,C_Random_Full,10,0.8666666666666667,0.3829787234042553,0.6256481481481482,0.31309800457612597,0.8755555555555555,0.5777777777777777,0.750432098765432,0.6458008788690333,1.4802261428538457,30,4.9378699590452015
15,3,C_Random_Full,17,0.8285714285714286,0.5111111111111111,0.7259791921664627,0.4191668829615217,0.84,0.6333333333333333,0.8035322509872751,0.6926121246047459,1.2438768970721543,38,4.228624791954644
15,3,C_Random_Full,24,0.8285714285714286,0.5684210526315789,0.6996323529411765,0.4207078040330637,0.84,0.672,0.7815508021390374,0.695023314904867,1.2396122250522623,40,4.090208958950825
15,4,C_ID,6,0.7380952380952381,0.5038167938931297,0.6304489973844812,0.4683693892378408,0.7555555555555555,0.6056338028169014,0.7024394524394525,0.6671475982579931,1.251249113673581,62,2.5749342079507187
15,4,C_ID,13,0.7761904761904762,0.6277372262773723,0.7052481021014413,0.5657905550517222,0.7911111111111111,0.6951219512195121,0.7634228187919463,0.7292803298074169,1.298187506211633,61,5.574492875020951
15,4,C_ID,20,0.7761904761904762,0.544,0.6350286146204513,0.5683134015840787,0.7911111111111111,0.632258064516129,0.7052154195011338,0.7085213950390156,1.3542335407639432,63,2.2985462499782443
15,4,C_Random_Diag,2,0.7714285714285715,0.5714285714285714,0.7027565982404692,0.4763992902416922,0.7866666666666666,0.6575342465753424,0.7664516129032257,0.6870290729069793,1.7814417274905392,55,7.043001207988709
15,4,C_Random_Diag,9,0.7571428571428571,0.5283018867924528,0.692888888888889,0.5098136156279418,0.7733333333333333,0.6153846153846154,0.7543111111111112,0.6906410448044134,1.2094628658715545,60,2.6053189169615507
15,4,C_Random_Diag,16,0.780952380952381,0.576,0.6942663817663817,0.4544734856598774,0.7955555555555556,0.6580645161290323,0.7607302118171684,0.6814202527011053,1.4728347685933323,54,4.431592708919197
15,4,C_Random_Diag,23,0.7714285714285715,0.5932203389830508,0.6992543496271748,0.5689061079287625,0.7866666666666666,0.6756756756756757,0.7536059731885287,0.7242039618000669,1.4286845140972952,68,4.72742183401715
15,4,C_Random_Min_Diag,5,0.8238095238095238,0.625,0.769489162124477,0.5298155309521719,0.8355555555555556,0.7086614173228346,0.8235151397515528,0.7359383221825706,1.4050172380548966,49,5.706135709071532
15,4,C_Random_Min_Diag,12,0.7761904761904762,0.5405405405405406,0.7211850649350648,0.5264257600443294,0.7911111111111111,0.6266666666666667,0.7800896286811778,0.7124775585783218,1.4328798949241357,56,4.397859917022288
15,4,C_Random_Min_Diag,19,0.7857142857142857,0.6190476190476191,0.7299228675136116,0.5730997633641776,0.8,0.6923076923076923,0.7854181687094448,0.7341254423436694,1.486263500161727,58,4.006584500079043
15,4,C_Random_Full,1,0.7523809523809524,0.5185185185185185,0.6595016275676282,0.4655058393099891,0.7688888888888888,0.6231884057971014,0.7285215679255415,0.6692693681589773,1.233566884693942,59,5.893236333038658
15,4,C_Random_Full,8,0.7523809523809524,0.5,0.6498296007789679,0.3656439426399183,0.7688888888888888,0.5862068965517241,0.7282259588135274,0.6221747385094061,1.6266926315512111,52,6.0494518330087885
15,4,C_Random_Full,15,0.7523809523809524,0.5619834710743802,0.6279669762641898,0.42214229136390113,0.7688888888888888,0.6490066225165563,0.7054738562091503,0.640795151635556,1.343484638246276,57,3.2548119999701157
15,4,C_Random_Full,22,0.780952380952381,0.4835164835164835,0.5859623541887593,0.2978998810672455,0.7955555555555556,0.6115702479338843,0.6877748900439824,0.5974522914576113,2.1305536315614906,46,8.871948749991134
20,1,C_ID,4,0.9710526315789474,0.7027027027027027,0.9317479395604396,0.3925648719648766,0.9725,0.8571428571428571,0.9696657509157509,0.8790787504261095,1.203885343833732,16,6.126984125003219
20,1,C_ID,11,0.9526315789473684,0.39215686274509803,0.7087937384898712,0.25091111265132116,0.955,0.7352941176470589,0.8620601919162547,0.7619367642361116,1.2341137974292269,18,5.859520209021866
20,1,C_ID,18,0.9605263157894737,0.5957446808510638,0.842157765500307,0.5156951645695883,0.9625,0.8,0.9252326257633032,0.8549530952112783,1.373813209462951,18,4.134305250016041
20,1,C_Random_Diag,0,0.9657894736842105,0.6486486486486487,0.8743093922651933,0.4837703548264663,0.9675,0.8311688311688312,0.9404623437045653,0.8756779397601464,1.4006653447177722,18,3.910668333992362
20,1,C_Random_Diag,7,0.9657894736842105,0.6486486486486487,0.9634074941451991,0.4537486196598411,0.9675,0.8311688311688312,0.9849324975891997,0.8957057621986768,1.5550139458325873,14,6.708742709015496
20,1,C_Random_Diag,14,0.9605263157894737,0.6341463414634146,0.9367254701851582,0.5196064991624401,0.9625,0.8148148148148148,0.9691739470132821,0.8858773957121637,1.5662998869535736,19,6.406276167021133
20,1,C_Random_Diag,21,0.9368421052631579,0.4878048780487805,0.8813521126760562,0.42735253490901937,0.94,0.7058823529411765,0.9340845070422534,0.797571230239345,1.3808733659828079,25,5.883101291954517
20,1,C_Random_Min_Diag,3,0.9710526315789474,0.56,0.7796255235279625,0.22017093751543515,0.9725,0.8307692307692308,0.9218026051228254,0.847317376916761,2.0421662247247943,11,7.573596791015007
20,1,C_Random_Min_Diag,10,0.968421052631579,0.7,0.9176642111724984,0.4581766641245131,0.97,0.85,0.9609988368711835,0.8722839294419544,1.45933159775207,18,7.058691708021797
20,1,C_Random_Min_Diag,17,0.9552631578947368,0.6530612244897959,0.9326833797585886,0.4507493661326527,0.9575,0.8089887640449438,0.9655207554861064,0.8674388427902253,1.4199178644978416,21,4.879822083050385
20,1,C_Random_Min_Diag,24,0.9605263157894737,0.5142857142857142,0.8405734890109889,0.2665142423634289,0.9625,0.7733333333333333,0.9291437728937728,0.8070913339275105,1.589510794813613,16,21.425244208076037
20,1,C_Random_Full,6,0.9473684210526315,0.42857142857142855,0.8883333333333332,0.2866441334922661,0.95,0.676056338028169,0.9441666666666666,0.7817459538056197,1.5527084454998772,20,11.725259040948004
20,1,C_Random_Full,13,0.9631578947368421,0.3076923076923077,0.8491412958626074,0.30993153617583774,0.965,0.7666666666666667,0.9378817100610735,0.8147474382031015,1.370783642052857,14,6.852391582913697
20,1,C_Random_Full,20,0.9447368421052632,0.45901639344262296,0.8501777552056882,0.3671860142434696,0.9475,0.7160493827160493,0.9215216812982177,0.78457450548077,1.5735206532437545,22,8.666788792004809
20,2,C_ID,2,0.9026315789473685,0.6021505376344086,0.8559926470588235,0.45899651433097943,0.9075,0.7218045112781954,0.9039950980392156,0.7608690943802418,1.7570544632310732,40,7.600827708025463
20,2,C_ID,9,0.9289473684210526,0.6086956521739131,0.846288936130881,0.41530192135379584,0.9325,0.7522935779816514,0.906567784707006,0.7821189151811255,1.885424412179634,31,6.56771945906803
20,2,C_ID,16,0.8947368421052632,0.5454545454545454,0.7995307432199296,0.3719264323367319,0.9,0.6762589928057554,0.8631717771183647,0.7107945607712283,1.8394907590419993,43,7.120380208012648
20,2,C_ID,23,0.8868421052631579,0.5769230769230769,0.7870544678714859,0.39651685461080277,0.8925,0.6944444444444444,0.8496855067328136,0.7026497298558513,1.568333353916296,48,4.8009020840981975
20,2,C_Random_Diag,5,0.8842105263157894,0.5483870967741935,0.8440543831168832,0.3918268700171211,0.89,0.6585365853658537,0.8927873883928572,0.7071643224474904,1.2692389699425781,44,10.45281079201959
20,2,C_Random_Diag,12,0.8894736842105263,0.5490196078431373,0.818822203437588,0.32476622632558977,0.895,0.6762589928057554,0.877266653941592,0.6826809340190033,2.52041720382196,42,13.8995836249087
20,2,C_Random_Diag,19,0.9,0.6041666666666666,0.755174512987013,0.42926204745425633,0.905,0.7205882352941176,0.8316824776785714,0.7195735004646903,1.7472487131052936,44,5.636872417060658
20,2,C_Random_Min_Diag,1,0.9026315789473685,0.5454545454545454,0.7369500130174433,0.4360120504826589,0.9075,0.6875,0.8166621302848849,0.7025053036953955,1.662703365624441,46,5.511816791957244
20,2,C_Random_Min_Diag,8,0.8921052631578947,0.5656565656565656,0.8478444632290786,0.3938031535888782,0.8975,0.6917293233082706,0.8969268944455049,0.7312527628264667,1.4536646380282328,42,4.202579875010997
20,2,C_Random_Min_Diag,15,0.9157894736842105,0.6,0.815527950310559,0.3492054313944548,0.92,0.7333333333333333,0.8826086956521739,0.7316056483257097,1.9276057202910997,35,7.104674416943453
20,2,C_Random_Min_Diag,22,0.9263157894736842,0.5789473684210527,0.8524311458687521,0.4922499067466235,0.93,0.7241379310344828,0.9070862770284736,0.7852940119406081,1.2621638295676072,34,6.57733337499667
20,2,C_Random_Full,4,0.9131578947368421,0.43037974683544306,0.7362318840579711,0.3234135820662594,0.9175,0.6218487394957983,0.8321475625823451,0.6780389229605723,1.9180047476225013,35,20.50825570896268
20,2,C_Random_Full,11,0.8973684210526316,0.3484848484848485,0.7012181367020076,0.21734056172993935,0.9025,0.5517241379310345,0.8025001242606491,0.6141673608470055,1.771157080740938,39,12.267918959027156
20,2,C_Random_Full,18,0.881578947368421,0.4492753623188406,0.7278448661427386,0.2919267427074198,0.8875,0.5730337078651685,0.8090852046075927,0.6311075368642238,1.6642645944939158,47,9.013043875107542
20,3,C_ID,0,0.8447368421052631,0.5333333333333333,0.6844200244200245,0.4201089220532528,0.8525,0.6368715083798883,0.7586741363211952,0.6516876886692786,1.4475822256938409,65,5.8086149169830605
20,3,C_ID,7,0.881578947368421,0.56,0.7506202758063585,0.39994584589239246,0.8875,0.6666666666666666,0.8189434879142055,0.6912214577396376,1.2589392348372501,53,5.1639106249203905
20,3,C_ID,14,0.8763157894736842,0.5573770491803278,0.7878945242628814,0.382999484284796,0.8825,0.6758620689655173,0.8460056135059276,0.6851528232624013,1.6757073816867079,53,4.248859375016764
20,3,C_ID,21,0.8236842105263158,0.45652173913043476,0.6809388528138528,0.40007795151373826,0.8325,0.5535714285714286,0.7502999717673631,0.6231302840090908,2.1062698903347723,72,7.679313333006576
20,3,C_Random_Diag,3,0.9026315789473685,0.5531914893617021,0.8051948051948052,0.49873793338285194,0.9075,0.6935483870967742,0.8660714285714286,0.7472695637535425,1.4311929710192584,44,5.250169249949977
20,3,C_Random_Diag,10,0.8947368421052632,0.5892857142857143,0.8148467846353042,0.43253543572945174,0.9,0.7007299270072993,0.8685143832917377,0.7292740258213257,1.666112913523311,49,7.024601083016023
20,3,C_Random_Diag,17,0.8921052631578947,0.52,0.8314732142857144,0.4522276592211921,0.8975,0.6666666666666666,0.8841378348214286,0.7279766659987683,1.0684781933277954,44,6.064679709030315
20,3,C_Random_Diag,24,0.8394736842105263,0.4861111111111111,0.6850273889227023,0.3228516173888686,0.8475,0.6114649681528662,0.761849976990336,0.6133317418811332,2.145766420777861,62,11.292442540987395
20,3,C_Random_Min_Diag,6,0.8763157894736842,0.5128205128205128,0.8004350676440789,0.380751493238498,0.8825,0.6412213740458015,0.8566505415471553,0.6903754562932898,1.7515129854327394,51,5.49473241600208
20,3,C_Random_Min_Diag,13,0.8789473684210526,0.5178571428571429,0.7371858465608465,0.4642677578231942,0.885,0.6447368421052632,0.8063474658869396,0.6978820355056935,1.515331467301851,56,6.791564167011529
20,3,C_Random_Min_Diag,20,0.85,0.525,0.7730432893378958,0.3291551092549536,0.8575,0.62,0.8319930843150657,0.6277013441666445,1.9240034165027318,57,7.711962749948725
20,3,C_Random_Full,2,0.8342105263157895,0.484375,0.6859197066203436,0.34868494587956556,0.8425,0.6071428571428571,0.7589616353132869,0.6158374604588602,1.443488763929662,66,6.959973791963421
20,3,C_Random_Full,9,0.8552631578947368,0.45517241379310347,0.6669790104947526,0.3373840823300433,0.8625,0.572972972972973,0.7523690078037905,0.6068738188711247,1.331906909117789,58,7.871862250030972
20,3,C_Random_Full,16,0.8026315789473685,0.4632768361581921,0.6271256830601093,0.34160531559993185,0.8125,0.5622119815668203,0.7056255392579811,0.5881956027940969,1.1896202690271382,75,9.003135541919619
20,3,C_Random_Full,23,0.868421052631579,0.43243243243243246,0.6826060606060607,0.26635435598095203,0.875,0.5531914893617021,0.7732900432900434,0.6003925093466107,2.0142128830623456,50,14.735048083937727
20,4,C_ID,5,0.8342105263157895,0.5733333333333334,0.7472406181015452,0.5268339022872583,0.8425,0.6631578947368421,0.7988241654277606,0.6970705535634774,1.5196538752690678,78,5.1220487910322845
20,4,C_ID,12,0.8315789473684211,0.5477707006369427,0.6946010928961749,0.45514422757600215,0.84,0.6395939086294417,0.758895599654875,0.6721999810945523,1.6601268048470097,75,5.037037874921225
20,4,C_ID,19,0.8184210526315789,0.5562130177514792,0.7205434829197205,0.4318088551970535,0.8275,0.6411483253588517,0.7781633833486441,0.6542948583759214,1.425378712383355,77,6.453894875012338
20,4,C_Random_Diag,1,0.8157894736842105,0.5108695652173914,0.6591492839352429,0.4915784401454815,0.825,0.6020408163265306,0.7222697869101979,0.6603356722656595,1.2218839006875588,88,6.480938749969937
20,4,C_Random_Diag,8,0.8447368421052631,0.5223880597014925,0.7409973604826546,0.41532424635988746,0.8525,0.632183908045977,0.7998615967365967,0.6620156437164058,1.316940600495823,68,5.709113040938973
20,4,C_Random_Diag,15,0.8,0.4971751412429379,0.6979126484076978,0.3914580116285818,0.81,0.5911330049261084,0.7601987002823993,0.6259591692608606,1.9604771769878844,77,10.426276959013194
20,4,C_Random_Diag,22,0.8605263157894737,0.5384615384615384,0.7780708180708181,0.46749294002267866,0.8675,0.65,0.8302894491129785,0.6929609393005615,1.3445035595794834,65,7.0415485829580575
20,4,C_Random_Min_Diag,4,0.8289473684210527,0.5146198830409356,0.6996509525211321,0.5199522698791171,0.8375,0.6078431372549019,0.7603275277693883,0.678291831435798,1.409805274298028,79,3.5397789160488173
20,4,C_Random_Min_Diag,11,0.8236842105263158,0.5308641975308642,0.7252459016393442,0.46489042584088647,0.8325,0.6237623762376238,0.7830888697152718,0.6647093570828551,1.3965394563161035,75,3.889895625063218
20,4,C_Random_Min_Diag,18,0.8473684210526315,0.5396825396825397,0.7455069124423963,0.4549218476571676,0.855,0.6506024096385542,0.8020609318996414,0.6824105936232192,1.3084486887035867,70,5.827414416940883
20,4,C_Random_Full,0,0.8105263157894737,0.43312101910828027,0.6442324677618794,0.3582892037508939,0.82,0.5482233502538071,0.7199276873870115,0.5906623890336838,1.0740973572409986,74,5.07288408302702
20,4,C_Random_Full,7,0.7868421052631579,0.5082872928176796,0.6389358108108107,0.38392416172889776,0.7975,0.5972850678733032,0.7083712318087317,0.5903829925805275,1.2342901114154639,84,6.02112979197409
20,4,C_Random_Full,14,0.8421052631578947,0.43529411764705883,0.6590624999999999,0.27003533493319803,0.85,0.5428571428571428,0.744296875,0.576834038315132,1.5369749103501784,60,6.918348249979317
20,4,C_Random_Full,21,0.8052631578947368,0.4371584699453552,0.6393746687864335,0.295907652400004,0.815,0.5381165919282511,0.7161034626616605,0.5570776024773397,1.4275927631673637,74,6.259186250041239
