n,rep,idx,lam,F_cont,f1_cont,F_oracle,f1_oracle,F_search,f1_search
1000,0,0,3.759348130206619e-05,2.1199047546132012e-08,0.5333333333333333,4.23980950922648e-08,0.4,2.1199047546132012e-08,0.5333333333333333
1000,0,4,5.4541704556886654e-05,4.4621963039560666e-08,0.5333333333333333,8.924392607912211e-08,0.4,4.4621963039560666e-08,0.5333333333333333
1000,0,8,7.913067459935424e-05,9.39249549382333e-08,0.5333333333333333,1.8784990987646736e-07,0.4,9.39249549382333e-08,0.5333333333333333
1000,0,12,0.00011480505997054084,1.9770302692259223e-07,0.5333333333333333,3.954060538451852e-07,0.4,1.9770302692259223e-07,0.5333333333333333
1000,0,16,0.0001665624849222129,4.1614592075193614e-07,0.5333333333333333,8.322918415038729e-07,0.4,4.1614592075193614e-07,0.5333333333333333
1000,0,20,0.00024165364654294238,8.759472733125201e-07,0.5333333333333333,1.7518945466250409e-06,0.4,8.759472733125201e-07,0.5333333333333333
1000,0,24,0.0003505980648329868,1.843785045969528e-06,0.5333333333333333,3.687570091939057e-06,0.4,1.843785045969528e-06,0.5333333333333333
1000,0,28,0.0005086577621446827,3.880990784850549e-06,0.5333333333333333,7.761981569701098e-06,0.4,3.880990784850549e-06,0.5333333333333333
1000,0,32,0.0007379753197248485,8.169113587844885e-06,0.5333333333333333,1.633822717568977e-05,0.4,8.169113587844885e-06,0.5333333333333333
1000,0,36,0.0010706758316765517,1.7195201048044136e-05,0.5333333333333333,3.267088199128386e-05,0.4166666666666667,1.7195201048044136e-05,0.5333333333333333
1000,0,40,0.0015533673090364162,3.619424995174555e-05,0.5333333333333333,6.514964991314199e-05,0.43478260869565216,3.619424995174555e-05,0.5333333333333333
1000,0,44,0.002253669995524827,7.618542673093309e-05,0.5333333333333333,0.00013713376811567957,0.43478260869565216,7.618542673093309e-05,0.5333333333333333
1000,0,48,0.003269689286740236,0.0001632522413404909,0.5714285714285714,0.00027261713481150875,0.45454545454545453,0.0001542749241462729,0.5714285714285714
1000,0,52,0.004743759313942599,0.0003227194306972002,0.5714285714285714,0.0005400780582868117,0.47619047619047616,0.00031374211350298223,0.5714285714285714
1000,0,56,0.006882382530926079,0.0006583825784878208,0.5714285714285714,0.0010657617592949203,0.5,0.0006494052612936028,0.5714285714285714
1000,0,60,0.00998515864048527,0.001364921329432247,0.5714285714285714,0.0022433263442022972,0.5,0.001355944012238029,0.5714285714285714
1000,0,64,0.014486755513463427,0.0028521176745535193,0.5714285714285714,0.0028358769799618467,0.7142857142857143,0.002843140357359301,0.5714285714285714
1000,0,68,0.021017801805967472,0.005967909685110483,0.5714285714285714,0.005710689438465453,0.7142857142857143,0.004890271732030126,0.3333333333333333
1000,0,72,0.03049323172082152,0.014245192862224325,0.6153846153846154,0.011311899349195381,0.7692307692307693,0.01085368735659266,0.8333333333333334
1000,0,76,0.04424045812991314,0.024130590129688528,0.6666666666666666,0.022159617363910446,0.8333333333333334,0.020810227257636496,0.36363636363636365
1000,0,80,0.06418532982872267,0.05353136934405636,0.6,0.04268849339871076,0.9090909090909091,0.052733559283245315,0.8
1000,0,84,0.09312192367276466,0.08767089011876353,0.6,0.08365591832835938,0.9090909090909091,0.0868730800579525,0.8
1000,0,88,0.13510396677334932,0.18078668709647688,0.5714285714285714,0.16520956121320834,1.0,0.17805855334609672,0.2857142857142857
1000,0,92,0.19601272308373446,0.23740847645318305,0.3333333333333333,0.27260667372992287,0.8888888888888888,0.23731476855246644,0.0
1000,0,96,0.2843808996012372,0.2922546852229645,0.3333333333333333,0.2922546852229645,0.3333333333333333,0.2922546852229645,0.3333333333333333
1000,1,0,2.7644158830945512e-05,1.1462992762058141e-08,0.5333333333333333,2.2925985524116944e-08,0.4,1.1462992762058141e-08,0.5333333333333333
1000,1,4,4.0106941189248424e-05,2.4128500973367478e-08,0.5333333333333333,4.825700194673562e-08,0.4,2.4128500973367478e-08,0.5333333333333333
1000,1,8,5.818830449480575e-05,5.0788181699703464e-08,0.5333333333333333,1.0157636339940759e-07,0.4,5.0788181699703464e-08,0.5333333333333333
1000,1,12,8.442126673294886e-05,1.0690425415193549e-07,0.5333333333333333,2.1380850830387163e-07,0.4,1.0690425415193549e-07,0.5333333333333333
1000,1,16,0.00012248080329324413,2.2502320763037544e-07,0.5333333333333333,4.500464152607515e-07,0.4,2.2502320763037544e-07,0.5333333333333333
1000,1,20,0.00017769867423113875,4.7365228235256563e-07,0.5333333333333333,9.473045647051319e-07,0.4,4.7365228235256563e-07,0.5333333333333333
1000,1,24,0.00025781035047511104,9.96992652181494e-07,0.5333333333333333,1.9939853043629887e-06,0.4,9.96992652181494e-07,0.5333333333333333
1000,1,28,0.00037403867586341557,2.0985739656248588e-06,0.5333333333333333,4.197147931249718e-06,0.4,2.0985739656248588e-06,0.5333333333333333
1000,1,32,0.0005426660752131581,4.417297037808795e-06,0.5333333333333333,8.83459407561759e-06,0.4,4.417297037808795e-06,0.5333333333333333
1000,1,36,0.0007873155590326914,9.29798684242439e-06,0.5333333333333333,1.859597368484878e-05,0.4,9.29798684242439e-06,0.5333333333333333
1000,1,40,0.0011422600708022477,1.957137104023734e-05,0.5333333333333333,3.914274208047468e-05,0.4,1.957137104023734e-05,0.5333333333333333
1000,1,44,0.0016572237832467097,4.119586001637806e-05,0.5333333333333333,8.239172003275612e-05,0.4,4.119586001637806e-05,0.5333333333333333
1000,1,48,0.0024043479571422446,8.671333648521126e-05,0.5333333333333333,0.0001647553393219014,0.4166666666666667,8.671333648521126e-05,0.5333333333333333
1000,1,52,0.003488297209739892,0.00018252326135218677,0.5333333333333333,0.0003467941965691549,0.4166666666666667,0.00018252326135218677,0.5333333333333333
1000,1,56,0.0050609219798377235,0.00038419396929006874,0.5333333333333333,0.0006915491447221237,0.43478260869565216,0.00038419396929006874,0.5333333333333333
1000,1,60,0.007342531254071213,0.0008086914782551885,0.5333333333333333,0.0013747755130338207,0.45454545454545453,0.0008086914782551885,0.5333333333333333
1000,1,64,0.010652755650412401,0.0017022180442108998,0.5333333333333333,0.0027235488707374397,0.47619047619047616,0.0017022180442108998,0.5333333333333333
1000,1,68,0.015455324467903549,0.004117222112185562,0.5714285714285714,0.003941306397734939,0.625,0.002875048828212733,0.15384615384615385
1000,1,72,0.0224230295190269,0.0076802122906257046,0.5714285714285714,0.008028365417292736,0.7142857142857143,0.00556212828280568,0.3333333333333333
1000,1,76,0.032531976527268205,0.014516278423197145,0.6153846153846154,0.01437797603775853,0.8333333333333334,0.011395269344381247,0.3333333333333333
1000,1,80,0.04719832776711513,0.026796665761859566,0.6666666666666666,0.02793886246550979,0.9090909090909091,0.02367347214041491,0.3333333333333333
1000,1,84,0.06847669222141459,0.055455176346153656,0.6,0.04834384379258588,0.9090909090909091,0.05063046125280558,0.4
1000,1,88,0.09934795573103737,0.10198592672997266,0.5,0.08730396080596789,1.0,0.10160853304890378,0.25
1000,1,92,0.1441368732593297,0.1269538188445769,0.3333333333333333,0.16909462524376723,1.0,0.12693033339438609,0.0
1000,1,96,0.20911792376705723,0.15926984813065165,0.3333333333333333,0.24505225728628072,0.75,0.15926984813065165,0.3333333333333333
1000,2,0,3.698683983307997e-05,2.0520394812568673e-08,0.5333333333333333,4.104078962513837e-08,0.4,2.0520394812568673e-08,0.5333333333333333
1000,2,4,5.366157165545239e-05,4.319346408799878e-08,0.5333333333333333,8.638692817599859e-08,0.4,4.319346408799878e-08,0.5333333333333333
1000,2,8,7.785375245705229e-05,9.091810157465962e-08,0.5333333333333333,1.8183620314932027e-07,0.4,9.091810157465962e-08,0.5333333333333333
1000,2,12,0.00011295246457859048,1.9137388881566607e-07,0.5333333333333333,3.8274777763133314e-07,0.4,1.9137388881566607e-07,0.5333333333333333
1000,2,16,0.00016387468621266237,4.028236917194783e-07,0.5333333333333333,8.056473834389577e-07,0.4,4.028236917194783e-07,0.5333333333333333
1000,2,20,0.0002377541108243222,8.479052582079612e-07,0.5333333333333333,1.6958105164159234e-06,0.4,8.479052582079612e-07,0.5333333333333333
1000,2,24,0.00034494050618963975,1.7847592921554733e-06,0.5333333333333333,3.5695185843109474e-06,0.4,1.7847592921554733e-06,0.5333333333333333
1000,2,28,0.0005004496132488864,3.7567472310143994e-06,0.5333333333333333,7.5134944620288e-06,0.4,3.7567472310143994e-06,0.5333333333333333
1000,2,32,0.0007260667010886476,7.907592816446273e-06,0.5333333333333333,1.5815185632892545e-05,0.4,7.907592816446273e-06,0.5333333333333333
1000,2,36,0.0010533984650470184,1.6644724892451215e-05,0.5333333333333333,3.162497729565731e-05,0.4166666666666667,1.6644724892451215e-05,0.5333333333333333
1000,2,40,0.0015283008083136638,3.5035550410382974e-05,0.5333333333333333,6.656754577972766e-05,0.4166666666666667,3.5035550410382974e-05,0.5333333333333333
1000,2,44,0.0022173027949000685,7.374647526407483e-05,0.5333333333333333,0.00012536900794892723,0.45454545454545453,6.649354285377116e-05,0.2857142857142857
1000,2,48,0.003216926705480501,0.00016517189667087485,0.5714285714285714,0.00026388974442505763,0.45454545454545453,0.00013982805039995785,0.2857142857142857
1000,2,52,0.004667209842623244,0.0003195340055405912,0.5714285714285714,0.00032364363160746054,0.7142857142857143,0.00029478680221808754,0.42857142857142855
1000,2,56,0.006771322354957311,0.0006444514482560732,0.5714285714285714,0.0006485610743229426,0.7142857142857143,0.0005694021009805582,0.6153846153846154
1000,2,60,0.009824029341044958,0.0013236931553329636,0.5714285714285714,0.0013325261097478466,0.7142857142857143,0.0011773310536881694,0.6153846153846154
1000,2,64,0.014252984488776531,0.0026170788276229065,0.6153846153846154,0.0027772602126209145,0.7142857142857143,0.0024569632258112754,0.6153846153846154
1000,2,68,0.02067864007577324,0.005310581890175754,0.6153846153846154,0.004738561415235856,0.6666666666666666,0.004663621747967463,0.5
1000,2,72,0.030001166122091253,0.011016920012989645,0.6666666666666666,0.011370860761633761,0.7692307692307693,0.009611902488139815,0.3333333333333333
1000,2,76,0.043526555198367435,0.02230015938681384,0.5454545454545454,0.020612313683448086,0.8333333333333334,0.02035064789621465,0.36363636363636365
1000,2,80,0.06314957891058354,0.05575561677955775,0.4,0.04233703914986049,0.8333333333333334,0.0538870126364816,0.4444444444444444
1000,2,84,0.0916192264333748,0.0862774947900283,0.25,0.07883876234966847,0.8,0.0862774947900283,0.25
1000,2,88,0.13292381037307613,0.10692462784571365,0.2857142857142857,0.127212602492284,0.75,0.1058445369611215,0.0
1000,2,92,0.19284968943659603,0.1362773540313591,0.3333333333333333,0.16799115937015674,0.5714285714285714,0.13512793198866255,0.0
1000,2,96,0.27979187935861777,0.19791609359021275,0.3333333333333333,0.19791609359021275,0.3333333333333333,0.19676667154751623,0.0
1000,3,0,2.8342000205094284e-05,1.2049034634383466e-08,0.5333333333333333,2.409806926876783e-08,0.4,1.2049034634383466e-08,0.5333333333333333
1000,3,4,4.1119389537688615e-05,2.536206293928264e-08,0.5333333333333333,5.072412587856617e-08,0.4,2.536206293928264e-08,0.5333333333333333
1000,3,8,5.9657193695463465e-05,5.338471139427069e-08,0.5333333333333333,1.0676942278854227e-07,0.4,5.338471139427069e-08,0.5333333333333333
1000,3,12,8.655237345768496e-05,1.1236970026737853e-07,0.5333333333333333,2.2473940053475795e-07,0.4,1.1236970026737853e-07,0.5333333333333333
1000,3,16,0.0001255726742595375,2.365274478103787e-07,0.5333333333333333,4.730548956207583e-07,0.4,2.365274478103787e-07,0.5333333333333333
1000,3,20,0.00018218444960843322,4.978676051869162e-07,0.5333333333333333,9.957352103738332e-07,0.4,4.978676051869162e-07,0.5333333333333333
1000,3,24,0.0002643184424863583,1.0479635855762148e-06,0.5333333333333333,2.0959271711524305e-06,0.4,1.0479635855762148e-06,0.5333333333333333
1000,3,28,0.0003834808030464327,2.2058628945770537e-06,0.5333333333333333,4.191139499696403e-06,0.4166666666666667,2.2058628945770537e-06,0.5333333333333333
1000,3,32,0.0005563649850604982,4.643129949020525e-06,0.5333333333333333,8.821946903138997e-06,0.4166666666666667,4.643129949020525e-06,0.5333333333333333
1000,3,36,0.0008071903316732337,9.773343473201176e-06,0.5333333333333333,1.8569352599082233e-05,0.4166666666666667,9.773343473201176e-06,0.5333333333333333
1000,3,40,0.0011710949629152104,2.057195118248067e-05,0.5333333333333333,3.908670724671327e-05,0.4166666666666667,1.854151624103125e-05,0.42857142857142855
1000,3,44,0.0016990582745490214,4.330198530470246e-05,0.5333333333333333,7.79435735484645e-05,0.43478260869565216,3.899854695103087e-05,0.42857142857142855
1000,3,48,0.0024650426410573766,9.114652833346691e-05,0.5333333333333333,0.0001549490981668938,0.45454545454545453,8.239913016414838e-05,0.5714285714285714
1000,3,52,0.00357635480386568,0.00018629607425632152,0.5333333333333333,0.0003261529989198949,0.45454545454545453,0.0001728563158447222,0.5714285714285714
1000,3,56,0.005188678471560532,0.0003771125555454489,0.5714285714285714,0.0006461372227496578,0.47619047619047616,0.0003260826237940101,0.6153846153846154
1000,3,60,0.007527884048902341,0.0007786923841739635,0.5714285714285714,0.0011900498033280845,0.5263157894736842,0.0006856139728254406,0.6153846153846154
1000,3,64,0.010921670819328055,0.0016239794298065525,0.5714285714285714,0.0025049407632010004,0.5263157894736842,0.0014369802356099643,0.6153846153846154
1000,3,68,0.015845474333940478,0.0033055486621412066,0.6153846153846154,0.0037661858530134975,0.6666666666666666,0.002807934479865394,0.5
1000,3,72,0.02298907017259961,0.006632494492228305,0.6153846153846154,0.00634755368258933,0.6153846153846154,0.005720826530463391,0.5
1000,3,76,0.03335320459727014,0.015217878195645218,0.5,0.01356548192786221,0.7692307692307693,0.015217878195645218,0.5
1000,3,80,0.04838978908478262,0.03264128471239835,0.6666666666666666,0.02920827372427448,1.0,0.02507281274127899,0.5454545454545454
1000,3,84,0.07020529858955128,0.04816455828666818,0.6666666666666666,0.04861236569211176,1.0,0.04477117729040437,0.4444444444444444
1000,3,88,0.10185586759662144,0.09883015001031495,0.5,0.08945611929570493,1.0,0.09478981078314408,0.25
1000,3,92,0.14777542396785048,0.13990042682842652,0.5,0.1482765873652188,0.8888888888888888,0.13872914764378813,0.25
1000,3,96,0.214396837846996,0.23549225006027794,0.3333333333333333,0.2916235607500039,0.8888888888888888,0.23549225006027794,0.3333333333333333
1000,4,0,3.427310764565758e-05,1.7619688615362486e-08,0.5333333333333333,3.5239377230725726e-08,0.4,1.7619688615362486e-08,0.5333333333333333
1000,4,4,4.972441090080925e-05,3.708775559148777e-08,0.5333333333333333,7.417551118297626e-08,0.4,3.708775559148777e-08,0.5333333333333333
1000,4,8,7.214160632865124e-05,7.806617045517138e-08,0.5333333333333333,1.5613234091034347e-07,0.4,7.806617045517138e-08,0.5333333333333333
1000,4,12,0.00010466511858853206,1.643218057372722e-07,0.5333333333333333,3.1221143090081807e-07,0.4166666666666667,1.643218057372722e-07,0.5333333333333333
1000,4,16,0.0001518511661529327,3.4588164993008355e-07,0.5333333333333333,6.571751348671596e-07,0.4166666666666667,3.4588164993008355e-07,0.5333333333333333
1000,4,20,0.00022031004190284316,7.280477184484876e-07,0.5333333333333333,1.3832906650521271e-06,0.4166666666666667,7.280477184484876e-07,0.5333333333333333
1000,4,24,0.0003196321489842913,1.5324706599647427e-06,0.5333333333333333,2.911694253933012e-06,0.4166666666666667,1.5324706599647427e-06,0.5333333333333333
1000,4,28,0.0004637315202789118,3.2257038435028622e-06,0.5333333333333333,6.128837302655439e-06,0.4166666666666667,3.2257038435028622e-06,0.5333333333333333
1000,4,32,0.0006727950351163189,6.7897973891575315e-06,0.5333333333333333,1.290061503939931e-05,0.4166666666666667,6.7897973891575315e-06,0.5333333333333333
1000,4,36,0.0009761103989759411,1.4291872664834564e-05,0.5333333333333333,2.7154558063185674e-05,0.4166666666666667,1.4291872664834564e-05,0.5333333333333333
1000,4,40,0.0014161690578234493,3.0083022005048343e-05,0.5333333333333333,5.715774180959186e-05,0.4166666666666667,3.0083022005048343e-05,0.5333333333333333
1000,4,44,0.0020546188243057394,6.332187769787248e-05,0.5333333333333333,0.00012031156762595772,0.4166666666666667,6.332187769787248e-05,0.5333333333333333
1000,4,48,0.002980900119142261,0.0001371778031208623,0.5714285714285714,0.00025324431732861685,0.4166666666666667,0.00012392389505845364,0.7142857142857143
1000,4,52,0.004324775678673569,0.00026971971165320747,0.5714285714285714,0.0005049994861128536,0.43478260869565216,0.00025646580359079877,0.7142857142857143
1000,4,56,0.006274509015158925,0.000548707724244474,0.5714285714285714,0.001003921316223421,0.45454545454545453,0.0005354538161820654,0.7142857142857143
1000,4,60,0.009103238250124778,0.0013885483683095013,0.6153846153846154,0.0010946220484498788,0.46153846153846156,0.0010226117443915515,0.46153846153846156
1000,4,64,0.013207240030786051,0.002487295279416654,0.6153846153846154,0.0022307902281327356,0.6153846153846154,0.0019033548481772436,0.5
1000,4,68,0.01916144392116801,0.004800052206375881,0.6153846153846154,0.005220667949213044,0.7142857142857143,0.003654888395409083,0.5454545454545454
1000,4,72,0.027799974278366613,0.009668183847181225,0.6153846153846154,0.009558828301311419,0.7692307692307693,0.0073059871260130905,0.5454545454545454
1000,4,76,0.04033300272450119,0.01978639994213163,0.6666666666666666,0.018409213496082294,0.8333333333333334,0.014991199976084064,0.5454545454545454
1000,4,80,0.05851628107586149,0.03972840459702739,0.6,0.03492179505489623,1.0,0.036356888233165276,0.4
1000,4,84,0.08489710459541715,0.08896793555884173,0.5,0.06329701918791603,1.0,0.08853952689013497,0.25
1000,4,88,0.12317116255801111,0.12271997657773395,0.5,0.12302414606696704,1.0,0.1213637638644102,0.25
1000,4,92,0.17870026731996416,0.17552641654037796,0.5714285714285714,0.2119625289889545,0.8888888888888888,0.17316165527077731,0.2857142857142857
1000,4,96,0.2592634905527213,0.2622614281975796,0.3333333333333333,0.2622614281975796,0.3333333333333333,0.25878839901927814,0.0
1000,5,0,3.170733038425365e-05,1.508032200144327e-08,0.5333333333333333,2.8652611802742865e-08,0.4166666666666667,1.508032200144327e-08,0.5333333333333333
1000,5,4,4.6001907410753933e-05,3.174263228141375e-08,0.5333333333333333,6.031100133468683e-08,0.4166666666666667,3.174263228141375e-08,0.5333333333333333
1000,5,8,6.67408911372274e-05,6.681519824686873e-08,0.5333333333333333,1.2694887666905198e-07,0.4166666666666667,6.681519824686873e-08,0.5333333333333333
1000,5,12,9.682960556435416e-05,1.4063958770622627e-07,0.5333333333333333,2.672152166418305e-07,0.4166666666666667,1.4063958770622627e-07,0.5333333333333333
1000,5,16,0.00014048317836317563,2.960328510452976e-07,0.5333333333333333,5.62462416986066e-07,0.4166666666666667,2.960328510452976e-07,0.5333333333333333
1000,5,20,0.00020381703806387317,6.231207750769555e-07,0.5333333333333333,1.1839294726462158e-06,0.4166666666666667,6.231207750769555e-07,0.5333333333333333
1000,5,24,0.00029570362437086965,1.3116095019910263e-06,0.5333333333333333,2.4920580537829494e-06,0.4166666666666667,1.3116095019910263e-06,0.5333333333333333
1000,5,28,0.0004290153281428112,2.985542178781866e-06,0.5714285714285714,5.2455433257722945e-06,0.4166666666666667,2.792644376102288e-06,0.5714285714285714
1000,5,32,0.0006224277844854697,5.730931812874953e-06,0.5714285714285714,1.1041365886635476e-05,0.4166666666666667,5.538034010195373e-06,0.5714285714285714
1000,5,36,0.0009030361422669874,1.150971383197781e-05,0.5714285714285714,2.2017805404491953e-05,0.43478260869565216,1.1316816029298226e-05,0.5714285714285714
1000,5,40,0.0013101508232228993,2.3673496054218984e-05,0.5714285714285714,4.63453698489743e-05,0.43478260869565216,2.335382944408263e-05,0.5714285714285714
1000,5,44,0.0019008045185019277,4.927709166675599e-05,0.5714285714285714,6.503504071608983e-05,0.5882352941176471,4.8957425056619634e-05,0.5714285714285714
1000,5,48,0.0027577418977377155,0.00010317020618599507,0.5714285714285714,0.00012548481619784844,0.625,0.00010285053957585872,0.5714285714285714
1000,5,52,0.0040010113089018855,0.00021261942455078422,0.5714285714285714,0.0002641335096717883,0.625,0.00019217804167717445,0.6153846153846154
1000,5,56,0.005804782350042566,0.0004260442295338008,0.6153846153846154,0.0004697463169417266,0.7142857142857143,0.0004044269213260334,0.6153846153846154
1000,5,60,0.00842174528634704,0.0008728077759747154,0.6153846153846154,0.0009728905737950561,0.7692307692307693,0.0008438206893870267,0.8333333333333334
1000,5,64,0.012218510426594817,0.0018132022164950871,0.6153846153846154,0.0019132850143154278,0.7692307692307693,0.0016666658248423523,0.8333333333333334
1000,5,68,0.017726966557256467,0.0038213214428915463,0.7272727272727273,0.003429075568939983,0.8333333333333334,0.0031688079432492734,0.5454545454545454
1000,5,72,0.02571879323670276,0.0069462202829631515,0.7272727272727273,0.006449746547273639,0.9090909090909091,0.006293706783320878,0.5454545454545454
1000,5,76,0.03731356537599511,0.013523832802610693,0.7272727272727273,0.013027359066921181,0.9090909090909091,0.01287131930296842,0.5454545454545454
1000,5,80,0.05413559447578339,0.02736907665621096,0.7272727272727273,0.026872602920521446,0.9090909090909091,0.026716563156568687,0.5454545454545454
1000,5,84,0.0785414784064523,0.07302008534517518,0.4444444444444444,0.05600239364468896,0.9090909090909091,0.07302008534517518,0.4444444444444444
1000,5,88,0.11395023717769845,0.09531148421352265,0.5714285714285714,0.11208153223766643,0.9090909090909091,0.09531148421352265,0.5714285714285714
1000,5,92,0.16532228341384292,0.13835188673446247,0.5714285714285714,0.19090685410184788,0.8888888888888888,0.13835188673446247,0.5714285714285714
1000,5,96,0.23985432650346514,0.20027632200776038,0.3333333333333333,0.20027632200776035,0.3333333333333333,0.20027632200776038,0.3333333333333333
1000,6,0,3.0083571832161978e-05,1.3575319412712744e-08,0.5333333333333333,2.715063882542601e-08,0.4,1.3575319412712744e-08,0.5333333333333333
1000,6,4,4.364611177405043e-05,2.857474609489356e-08,0.5333333333333333,5.714949218978764e-08,0.4,2.857474609489356e-08,0.5333333333333333
1000,6,8,6.33230350312428e-05,6.014710148352005e-08,0.5333333333333333,1.2029420296704062e-07,0.4,6.014710148352005e-08,0.5333333333333333
1000,6,12,9.187088156503363e-05,1.2660388319304655e-07,0.5333333333333333,2.5320776638609363e-07,0.4,1.2660388319304655e-07,0.5333333333333333
1000,6,16,0.0001332889188803429,2.6648903844435947e-07,0.5333333333333333,5.329780768887195e-07,0.4,2.6648903844435947e-07,0.5333333333333333
1000,6,20,0.00019337939936621217,5.609338814885546e-07,0.5333333333333333,1.1218677629771096e-06,0.4,5.609338814885546e-07,0.5333333333333333
1000,6,24,0.00028056039776876016,1.1807120519424738e-06,0.5333333333333333,2.361424103884948e-06,0.4,1.1807120519424738e-06,0.5333333333333333
1000,6,28,0.0004070450991891855,2.485285691609008e-06,0.5333333333333333,4.9705713832180165e-06,0.4,2.485285691609008e-06,0.5333333333333333
1000,6,32,0.0005905527440494048,5.231288152564228e-06,0.5333333333333333,9.939447489872032e-06,0.4166666666666667,5.231288152564228e-06,0.5333333333333333
1000,6,36,0.0008567909162866227,1.1011360113469057e-05,0.5333333333333333,2.092158421559121e-05,0.4166666666666667,1.1011360113469057e-05,0.5333333333333333
1000,6,40,0.001243056918502538,2.3177857539555376e-05,0.5333333333333333,4.403792932515521e-05,0.4166666666666667,2.089076413756135e-05,0.7142857142857143
1000,6,44,0.001803462750671963,4.799403044538297e-05,0.5333333333333333,9.269561995224657e-05,0.4166666666666667,4.400176832156211e-05,0.5714285714285714
1000,6,48,0.002616515659620332,0.00011219117919338291,0.6153846153846154,0.00017457693202447975,0.45454545454545453,9.251639842525346e-05,0.5714285714285714
1000,6,52,0.003796116218362466,0.0002029633089486965,0.6153846153846154,0.0003458519602395493,0.47619047619047616,0.00019454172991155191,0.5714285714285714
1000,6,56,0.005507514656115444,0.0003940299410768389,0.6153846153846154,0.000727985224495834,0.47619047619047616,0.000386996927759313,0.7692307692307693
1000,6,60,0.00799046076108045,0.0007962068869213182,0.6153846153846154,0.0012450255319001445,0.5555555555555556,0.0007891738736037924,0.7692307692307693
1000,6,64,0.01159279042561809,0.0016427508070565517,0.6153846153846154,0.0018157489047862917,0.7142857142857143,0.0016357177937390258,0.7692307692307693
1000,6,68,0.016819153972558922,0.003424644613060656,0.6153846153846154,0.003422362892580429,0.7692307692307693,0.0034176115997431307,0.7692307692307693
1000,6,72,0.02440171261334278,0.007175360270398986,0.6153846153846154,0.007173078549918758,0.7692307692307693,0.00716832725708146,0.7692307692307693
1000,6,76,0.035402706904025076,0.014606176704710684,0.6666666666666666,0.014705611707732717,0.8333333333333334,0.014606176704710684,0.6666666666666666
1000,6,80,0.05136326601301649,0.029146927818322378,0.6666666666666666,0.02924636282134441,0.8333333333333334,0.029146927818322378,0.6666666666666666
1000,6,84,0.07451930448922668,0.08838143941286472,0.4444444444444444,0.057501389013239416,0.9090909090909091,0.07141088587929956,0.4
1000,6,88,0.10811475150647178,0.11962922175634474,0.4444444444444444,0.10503481136429865,1.0,0.11962922175634474,0.4444444444444444
1000,6,92,0.15685599286552654,0.15999938913898432,0.5714285714285714,0.20189733389822842,1.0,0.15999938913898432,0.5714285714285714
1000,6,96,0.22757118852885957,0.2534225589003417,0.3333333333333333,0.2914158649882696,0.75,0.25191286301857474,0.0
1000,7,0,2.3381029988407813e-05,8.200088449782384e-09,0.5333333333333333,1.64001768995657e-08,0.4,8.200088449782384e-09,0.5333333333333333
1000,7,4,3.392187117805865e-05,1.7260400163312094e-08,0.5333333333333333,3.452080032662512e-08,0.4,1.7260400163312094e-08,0.5333333333333333
1000,7,8,4.9214826925559427e-05,3.6331487839691537e-08,0.5333333333333333,7.266297567938401e-08,0.4,3.6331487839691537e-08,0.5333333333333333
1000,7,12,7.140228723229848e-05,7.647429933005483e-08,0.5333333333333333,1.529485986601106e-07,0.4,7.647429933005483e-08,0.5333333333333333
1000,7,16,0.00010359249316705187,1.6097106960848534e-07,0.5333333333333333,3.219421392169714e-07,0.4,1.6097106960848534e-07,0.5333333333333333
1000,7,20,0.00015029497032290276,3.388286715654333e-07,0.5333333333333333,6.437744759743242e-07,0.4166666666666667,3.388286715654333e-07,0.5333333333333333
1000,7,24,0.00021805226820766058,7.132018750575833e-07,0.5333333333333333,1.3550835626094091e-06,0.4166666666666667,7.132018750575833e-07,0.5333333333333333
1000,7,28,0.00031635650593198934,1.5012215826824522e-06,0.5333333333333333,2.85232100709666e-06,0.4166666666666667,1.5012215826824522e-06,0.5333333333333333
1000,7,32,0.0004589791230705518,3.1599275312191906e-06,0.5333333333333333,6.003862309316463e-06,0.4166666666666667,3.1599275312191906e-06,0.5333333333333333
1000,7,36,0.0006659001204795857,6.6513445568209016e-06,0.5333333333333333,1.2637554657959713e-05,0.4166666666666667,6.6513445568209016e-06,0.5333333333333333
1000,7,40,0.0009661070583956966,1.4000442724229788e-05,0.5333333333333333,2.6600841176036598e-05,0.4166666666666667,1.4000442724229788e-05,0.5333333333333333
1000,7,44,0.0014016559234285332,2.946958991523441e-05,0.5333333333333333,5.304526184742194e-05,0.43478260869565216,2.946958991523441e-05,0.5333333333333333
1000,7,48,0.002033562751259418,6.20306619496466e-05,0.5333333333333333,0.00011165519150936387,0.43478260869565216,6.20306619496466e-05,0.5333333333333333
1000,7,52,0.0029503513624045447,0.00013056859742463528,0.5333333333333333,0.0002350234753643435,0.43478260869565216,0.00013056859742463528,0.5333333333333333
1000,7,56,0.004280454663251218,0.0002748343818622365,0.5333333333333333,0.0004947018873520257,0.43478260869565216,0.00024740234391634877,0.2857142857142857
1000,7,60,0.00621020681049201,0.0005785000294362201,0.5333333333333333,0.0008099000412107084,0.5263157894736842,0.000520701426732934,0.2857142857142857
1000,7,64,0.00900994676107329,0.0011760901483325998,0.5714285714285714,0.0013394558205166891,0.625,0.0010577198299279614,0.46153846153846156
1000,7,68,0.013071890053681416,0.0023999128158064655,0.6153846153846154,0.0022130468121726735,0.7692307692307693,0.002134061857185882,0.46153846153846156
1000,7,72,0.01896507427921582,0.004665509609894125,0.6153846153846154,0.004478643606260333,0.7692307692307693,0.004399658651273542,0.46153846153846156
1000,7,76,0.02751507555059946,0.009434373691562397,0.6153846153846154,0.009247507687928605,0.7692307692307693,0.009168522732941813,0.46153846153846156
1000,7,80,0.03991966345129972,0.02131573850992185,0.6666666666666666,0.020587738515605823,0.8333333333333334,0.018874858135180327,0.6666666666666666
1000,7,84,0.05791659656301815,0.057690728625250064,0.6,0.03864484727057548,0.8333333333333334,0.05603911823963024,0.6
1000,7,88,0.08402706504616578,0.08957455763970049,0.4444444444444444,0.07654820199751185,1.0,0.08957455763970049,0.4444444444444444
1000,7,92,0.12190888414152762,0.13163465798269597,0.5714285714285714,0.13505741479021055,1.0,0.13163465798269597,0.5714285714285714
1000,7,96,0.17686891746685543,0.1808971717824907,0.5714285714285714,0.25821369928969745,1.0,0.1808971717824907,0.5714285714285714
1000,8,0,3.2249344216608344e-05,1.5600303036019353e-08,0.5333333333333333,3.1200606072039566e-08,0.4,1.5600303036019353e-08,0.5333333333333333
1000,8,4,4.6788276677076994e-05,3.2837142516160613e-08,0.5333333333333333,6.567428503232209e-08,0.4,3.2837142516160613e-08,0.5333333333333333
1000,8,8,6.788177829933364e-05,6.911903737619825e-08,0.5333333333333333,1.3823807475239737e-07,0.4,6.911903737619825e-08,0.5333333333333333
1000,8,12,9.848483749215444e-05,1.4548894823784104e-07,0.5333333333333333,2.909778964756829e-07,0.4,1.4548894823784104e-07,0.5333333333333333
1000,8,16,0.0001428846364791136,3.0624029012652667e-07,0.5333333333333333,6.124805802530542e-07,0.4,3.0624029012652667e-07,0.5333333333333333
1000,8,20,0.00020730114260882862,6.446064559038885e-07,0.5333333333333333,1.2892129118077779e-06,0.4,6.446064559038885e-07,0.5333333333333333
1000,8,24,0.00030075846351197954,1.3568348006113008e-06,0.5333333333333333,2.7136696012226025e-06,0.4,1.3568348006113008e-06,0.5333333333333333
1000,8,28,0.00043634903423940113,2.8560071952248705e-06,0.5333333333333333,5.712014390449742e-06,0.4,2.8560071952248705e-06,0.5333333333333333
1000,8,32,0.0006330677363434335,6.0116213819849855e-06,0.5333333333333333,1.2023242763969973e-05,0.4,6.0116213819849855e-06,0.5333333333333333
1000,8,36,0.0009184728906243326,1.2653886762177257e-05,0.5333333333333333,2.5307773524354514e-05,0.4,1.2653886762177257e-05,0.5333333333333333
1000,8,40,0.0013325469019861355,2.663521868989271e-05,0.5333333333333333,5.327043737978542e-05,0.4,2.663521868989271e-05,0.5333333333333333
1000,8,44,0.0019332973940970925,5.6064582210339134e-05,0.5333333333333333,0.00011212916442067827,0.4,5.6064582210339134e-05,0.5333333333333333
1000,8,48,0.002804883496747269,0.00011801057145487779,0.5333333333333333,0.00023602114290975559,0.4,0.00011801057145487779,0.5333333333333333
1000,8,52,0.004069405697409262,0.00024840094095160447,0.5333333333333333,0.0004968018819032089,0.4,0.00024840094095160447,0.5333333333333333
1000,8,56,0.005904010897176699,0.0006584895289804939,0.42857142857142855,0.0010457203402194362,0.4,0.0005144747313005183,0.2857142857142857
1000,8,60,0.00856570891817758,0.0011784288610395316,0.42857142857142855,0.0018709699164091472,0.45454545454545453,0.0010344140633595559,0.2857142857142857
1000,8,64,0.01242737700671136,0.002272851315985414,0.42857142857142855,0.0039382123313069246,0.45454545454545453,0.0021288365183054383,0.2857142857142857
1000,8,68,0.01802999620255558,0.004576505677248025,0.42857142857142855,0.0068266960243475415,0.5263157894736842,0.0042416056063862015,0.15384615384615385
1000,8,72,0.02615843736684012,0.009333707047279321,0.42857142857142855,0.013343144986760501,0.5555555555555556,0.007927805627259293,0.5
1000,8,76,0.03795141373229521,0.020981852863696682,0.3076923076923077,0.01854384684814913,0.6153846153846154,0.015391163075172333,0.5454545454545454
1000,8,80,0.05506100322741991,0.04151426634615882,0.4,0.040157190673633915,0.7272727272727273,0.035511064784957275,0.4444444444444444
1000,8,84,0.07988408805519857,0.06258421004773153,0.4444444444444444,0.06572311349079872,0.8,0.05560958547296192,0.4444444444444444
1000,8,88,0.11589813389438586,0.0995434385317196,0.4444444444444444,0.11769018914266707,0.8888888888888888,0.09484271743035771,0.2222222222222222
1000,8,92,0.16814834802795076,0.15188680607116817,0.5714285714285714,0.1769041505241621,0.75,0.14804619581140788,0.2857142857142857
1000,8,96,0.2439544623755018,0.23796540409950628,0.3333333333333333,0.2366636974553234,0.5714285714285714,0.23796540409950628,0.3333333333333333
1000,9,0,3.422425424439573e-05,1.7569493678775588e-08,0.5333333333333333,3.3382037989674205e-08,0.4166666666666667,1.7569493678775588e-08,0.5333333333333333
1000,9,4,4.965353298033114e-05,3.69821000614325e-08,0.5333333333333333,7.026599011672235e-08,0.4166666666666667,3.69821000614325e-08,0.5333333333333333
1000,9,8,7.203877460186165e-05,7.78437756920674e-08,0.5333333333333333,1.4790317381492872e-07,0.4166666666666667,7.78437756920674e-08,0.5333333333333333
1000,9,12,0.0001045159273599633,1.638536860786969e-07,0.5333333333333333,3.113220035495247e-07,0.4166666666666667,1.638536860786969e-07,0.5333333333333333
1000,9,16,0.00015163471522502595,3.448963029206208e-07,0.5333333333333333,6.5530297554918e-07,0.4166666666666667,3.448963029206208e-07,0.5333333333333333
1000,9,20,0.00021999600866750392,7.25973657444487e-07,0.5333333333333333,1.3793499491445257e-06,0.4166666666666667,7.25973657444487e-07,0.5333333333333333
1000,9,24,0.00031917654052905696,1.5281049603614514e-06,0.5333333333333333,2.903399424686758e-06,0.4166666666666667,1.5281049603614514e-06,0.5333333333333333
1000,9,28,0.0004630705104203317,3.216514464314198e-06,0.5333333333333333,6.1113774821969766e-06,0.4166666666666667,3.216514464314198e-06,0.5333333333333333
1000,9,32,0.0006718360229906214,6.7704546268178215e-06,0.5333333333333333,1.2863863790953862e-05,0.4166666666666667,6.7704546268178215e-06,0.5333333333333333
1000,9,36,0.0009747190365850526,1.4251158004219397e-05,0.5333333333333333,2.4226968607172972e-05,0.45454545454545453,1.4251158004219397e-05,0.5333333333333333
1000,9,40,0.0014141504292254313,2.9997321547177072e-05,0.5333333333333333,5.099544663020109e-05,0.45454545454545453,2.9997321547177072e-05,0.5333333333333333
1000,9,44,0.00205169013984264,6.34436764827995e-05,0.5714285714285714,0.00010734052696315163,0.45454545454545453,6.136589541351877e-05,0.5714285714285714
1000,9,48,0.0029766510994400624,0.00012623243754404748,0.5714285714285714,0.00022594152007884223,0.45454545454545453,0.0001241546564747667,0.5714285714285714
1000,9,52,0.004318611078609223,0.0002583967609306434,0.5714285714285714,0.0004755852420313012,0.45454545454545453,0.00025631897986136263,0.5714285714285714
1000,9,56,0.006265565235977654,0.0005365899929837162,0.5714285714285714,0.0010010613470204386,0.45454545454545453,0.0005345122119144354,0.5714285714285714
1000,9,60,0.009090262357900078,0.0011221600801074216,0.5714285714285714,0.001983188873650922,0.47619047619047616,0.001120082299038141,0.5714285714285714
1000,9,64,0.013188414232919794,0.0023547289833963773,0.5714285714285714,0.00365261966956071,0.5263157894736842,0.0023526512023270964,0.5714285714285714
1000,9,68,0.019134130911845498,0.005685086348603014,0.46153846153846156,0.006040896934902083,0.625,0.005685086348603014,0.46153846153846156
1000,9,72,0.02776034777841418,0.011354632032163995,0.5,0.011825107734223917,0.7142857142857143,0.01099170742898885,0.36363636363636365
1000,9,76,0.040275511457979134,0.020293561920254385,0.5,0.021211350225739625,0.7692307692307693,0.018655026658798576,0.36363636363636365
1000,9,80,0.05843287109187911,0.046743045029177296,0.4,0.03775961795307054,0.6666666666666666,0.04399559648983011,0.2
1000,9,84,0.08477609099024162,0.07816916689887021,0.4444444444444444,0.07178818473022226,0.8,0.069721732590772,0.4444444444444444
1000,9,88,0.12299559253703293,0.10519723941738778,0.5714285714285714,0.11983205915318862,0.8888888888888888,0.10329737900428142,0.25
1000,9,92,0.17844554528088785,0.15534192995856047,0.5714285714285714,0.220121440235534,0.8888888888888888,0.15351331158714465,0.2857142857142857
1000,9,96,0.25889393248791226,0.23251191662159104,0.3333333333333333,0.23251191662159104,0.3333333333333333,0.23251191662159104,0.3333333333333333
1000,10,0,2.586830890737675e-05,1.0037541085912012e-08,0.5333333333333333,2.0075082171824917e-08,0.4,1.0037541085912012e-08,0.5333333333333333
1000,10,4,3.753048701384505e-05,2.1128061832445884e-08,0.5333333333333333,4.225612366489266e-08,0.4,2.1128061832445884e-08,0.5333333333333333
1000,10,8,5.4450310630654515e-05,4.4472544916621525e-08,0.5333333333333333,8.894508983324394e-08,0.4,4.4472544916621525e-08,0.5333333333333333
1000,10,12,7.8998077660997e-05,9.36104441119937e-08,0.5333333333333333,1.8722088822398828e-07,0.4,9.36104441119937e-08,0.5333333333333333
1000,10,16,0.00011461268451643168,1.970410117809465e-07,0.5333333333333333,3.9408202356189384e-07,0.4,1.970410117809465e-07,0.5333333333333333
1000,10,20,0.00016628338107711497,4.1475244233655557e-07,0.5333333333333333,8.295048846731119e-07,0.4,4.1475244233655557e-07,0.5333333333333333
1000,10,24,0.00024124871465228562,8.730141348206992e-07,0.5333333333333333,1.746028269641399e-06,0.4,8.730141348206992e-07,0.5333333333333333
1000,10,28,0.00035001057799269124,1.8376110706016671e-06,0.5333333333333333,3.6752221412033346e-06,0.4,1.8376110706016671e-06,0.5333333333333333
1000,10,32,0.0005078054193297943,3.867995158510623e-06,0.5333333333333333,7.735990317021247e-06,0.4,3.867995158510623e-06,0.5333333333333333
1000,10,36,0.0007367387162398632,8.141759040101426e-06,0.5333333333333333,1.628351808020285e-05,0.4,8.141759040101426e-06,0.5333333333333333
1000,10,40,0.0010688817317529478,1.866777943796387e-05,0.5714285714285714,3.427524469425542e-05,0.4,1.713762234712771e-05,0.6666666666666666
1000,10,44,0.0015507643772357529,3.5709666400544725e-05,0.5714285714285714,6.853879938054669e-05,0.4166666666666667,3.5709666400544725e-05,0.5714285714285714
1000,10,48,0.002249893587159965,7.158120489838666e-05,0.5714285714285714,0.00012908153941536016,0.45454545454545453,7.158120489838666e-05,0.5714285714285714
1000,10,52,0.003264210364805141,0.00014708735495251666,0.5714285714285714,0.0002717042672953834,0.45454545454545453,0.00014708735495251666,0.5714285714285714
1000,10,56,0.00473581033632403,0.0003060205631376015,0.5714285714285714,0.0005719114383116548,0.45454545454545453,0.0003060205631376015,0.5714285714285714
1000,10,60,0.006870849925437433,0.0006405597317469773,0.5714285714285714,0.0012038187567960318,0.45454545454545453,0.0006405597317469773,0.5714285714285714
1000,10,64,0.009968426804551312,0.0013447326142544595,0.5714285714285714,0.0020867601921116395,0.5263157894736842,0.0013447326142544595,0.5714285714285714
1000,10,68,0.01446248048437337,0.0028269490330974367,0.5714285714285714,0.003764940151695851,0.5882352941176471,0.002514958967046923,0.6153846153846154
1000,10,72,0.02098258289516477,0.005831768987460408,0.6153846153846154,0.005793014584589183,0.6153846153846154,0.005288224285345889,0.6153846153846154
1000,10,76,0.030442135111481704,0.01166922664977936,0.6153846153846154,0.011733206078429011,0.7692307692307693,0.011125681947664843,0.6153846153846154
1000,10,80,0.04416632569859937,0.0244923972216998,0.6666666666666666,0.024020494905257636,0.7692307692307693,0.023412398952806886,0.46153846153846156
1000,10,84,0.06407777636395272,0.047025344467176926,0.6666666666666666,0.04950915890914485,0.8333333333333334,0.04376550457848995,0.18181818181818182
1000,10,88,0.09296588201084956,0.12367571721464052,0.25,0.09210250658038911,0.8333333333333334,0.12367571721464052,0.25
1000,10,92,0.13487757703959855,0.14698648745505571,0.2857142857142857,0.150971607543818,0.8888888888888888,0.14698648745505571,0.2857142857142857
1000,10,96,0.19568427034285266,0.17479654763507954,0.3333333333333333,0.2668058283214723,0.8888888888888888,0.17479654763507954,0.3333333333333333
1000,11,0,3.6611671857981723e-05,2.010621774354797e-08,0.5333333333333333,4.021243548709699e-08,0.4,2.010621774354797e-08,0.5333333333333333
1000,11,4,5.31172671604098e-05,4.232166105885524e-08,0.5333333333333333,8.464332211771154e-08,0.4,4.232166105885524e-08,0.5333333333333333
1000,11,8,7.70640598313798e-05,8.908303976541729e-08,0.5333333333333333,1.7816607953083563e-07,0.4,8.908303976541729e-08,0.5333333333333333
1000,11,12,0.00011180675579109882,1.8751125960795613e-07,0.5333333333333333,3.750225192159133e-07,0.4,1.8751125960795613e-07,0.5333333333333333
1000,11,16,0.00016221245893199376,3.9469322749145646e-07,0.5333333333333333,7.89386454982914e-07,0.4,3.9469322749145646e-07,0.5333333333333333
1000,11,20,0.00023534250364912713,8.307914103575914e-07,0.5333333333333333,1.6615828207151838e-06,0.4,8.307914103575914e-07,0.5333333333333333
1000,11,24,0.0003414416770974395,1.748736282886682e-06,0.5333333333333333,3.4974725657733647e-06,0.4,1.748736282886682e-06,0.5333333333333333
1000,11,28,0.0004953734113108834,3.6809222495067247e-06,0.5333333333333333,7.36184449901345e-06,0.4,3.6809222495067247e-06,0.5333333333333333
1000,11,32,0.0007187020012315359,7.74798849861322e-06,0.5333333333333333,1.549597699722644e-05,0.4,7.74798849861322e-06,0.5333333333333333
1000,11,36,0.0010427135465493358,1.6308773102362405e-05,0.5333333333333333,3.261754620472481e-05,0.4,1.6308773102362405e-05,0.5333333333333333
1000,11,40,0.0015127988210613425,3.4328404095068815e-05,0.5333333333333333,6.865680819013763e-05,0.4,3.4328404095068815e-05,0.5333333333333333
1000,11,44,0.0021948120656705237,7.225800005419367e-05,0.5333333333333333,0.00014451600010838734,0.4,7.225800005419367e-05,0.5333333333333333
1000,11,48,0.0031842965082649172,0.00015209616378822214,0.5333333333333333,0.00030419232757644427,0.4,0.00015209616378822214,0.5333333333333333
1000,11,52,0.004619869013454877,0.00032014784552220814,0.5333333333333333,0.0006082809064921954,0.4166666666666667,0.00032014784552220814,0.5333333333333333
1000,11,56,0.0067026389176019835,0.0006738805268962902,0.5333333333333333,0.0012803730011029515,0.4166666666666667,0.0006738805268962902,0.5333333333333333
1000,11,60,0.009724381433523827,0.0014184539139699439,0.5333333333333333,0.0024113716537489047,0.45454545454545453,0.0012929391185604073,0.42857142857142855
1000,11,64,0.014108412436827974,0.0029857095223146334,0.5333333333333333,0.00447856428347195,0.5,0.002703469166070628,0.42857142857142855
1000,11,68,0.02046889078224006,0.007457914046626293,0.42857142857142855,0.008170022052177806,0.5555555555555556,0.0055364171177138335,0.3333333333333333
1000,11,72,0.029696855810764124,0.013028478419864604,0.46153846153846156,0.013101499974313263,0.7142857142857143,0.010397158547209281,0.3333333333333333
1000,11,76,0.043085053041100975,0.028472566168506987,0.5,0.02391308087483426,0.7692307692307693,0.019284454768436342,0.36363636363636365
1000,11,80,0.06250903487505333,0.05271246758768766,0.5454545454545454,0.04843614532506731,0.7692307692307693,0.043532059621356166,0.6
1000,11,84,0.09068990671273365,0.10470553434129196,0.5,0.08922312737980534,0.8888888888888888,0.0937474956223428,0.5
1000,11,88,0.13157552657794613,0.13964821493274057,0.5,0.1437478874680022,0.8888888888888888,0.13181374228808504,0.25
1000,11,92,0.1908935605050417,0.2162934719117771,0.3333333333333333,0.25851728095617144,0.8888888888888888,0.21580763342487194,0.0
1000,11,96,0.2769538712102702,0.2762481886411844,0.3333333333333333,0.2762481886411844,0.3333333333333333,0.27620227642896633,0.0
1000,12,0,3.221823247506735e-05,1.5570217557262267e-08,0.5333333333333333,3.1140435114525534e-08,0.4,1.5570217557262267e-08,0.5333333333333333
1000,12,4,4.674313886710019e-05,3.277381546723518e-08,0.5333333333333333,6.554763093447137e-08,0.4,3.277381546723518e-08,0.5333333333333333
1000,12,8,6.781629106562102e-05,6.898574000845544e-08,0.5333333333333333,1.379714800169119e-07,0.4,6.898574000845544e-08,0.5333333333333333
1000,12,12,9.838982672886008e-05,1.4520837005602663e-07,0.5333333333333333,2.9041674011205426e-07,0.4,1.4520837005602663e-07,0.5333333333333333
1000,12,16,0.00014274679212945927,3.056496999487658e-07,0.5333333333333333,6.112993998975325e-07,0.4,3.056496999487658e-07,0.5333333333333333
1000,12,20,0.00020710115405939706,6.433633201910116e-07,0.5333333333333333,1.2867266403820243e-06,0.4,6.433633201910116e-07,0.5333333333333333
1000,12,24,0.00030046831436909453,1.3542181190970753e-06,0.5333333333333333,2.7084362381941515e-06,0.4,1.3542181190970753e-06,0.5333333333333333
1000,12,28,0.0004359280775128476,2.850499331460709e-06,0.5333333333333333,5.415948729775348e-06,0.4166666666666667,2.850499331460709e-06,0.5333333333333333
1000,12,32,0.0006324570002100482,6.000027856720394e-06,0.5333333333333333,1.1400052927768751e-05,0.4166666666666667,6.000027856720394e-06,0.5333333333333333
1000,12,36,0.00091758681706595,1.2629483502798319e-05,0.5333333333333333,2.3996018655316805e-05,0.4166666666666667,1.2629483502798319e-05,0.5333333333333333
1000,12,40,0.0013312613609677698,2.6583852168086384e-05,0.5333333333333333,4.519254868574686e-05,0.45454545454545453,2.6583852168086384e-05,0.5333333333333333
1000,12,44,0.0019314322941917106,5.5956460605699826e-05,0.5333333333333333,9.512598302968975e-05,0.45454545454545453,5.5956460605699826e-05,0.5333333333333333
1000,12,48,0.0028021775561297706,0.0001177829858411612,0.5333333333333333,0.00018845277734585796,0.47619047619047616,0.0001177829858411612,0.5333333333333333
1000,12,52,0.004065479840888495,0.0002479218950500611,0.5333333333333333,0.00039667503208009783,0.47619047619047616,0.0002479218950500611,0.5333333333333333
1000,12,56,0.005898315151556123,0.000521851824406148,0.5333333333333333,0.0006784073717279924,0.5555555555555556,0.0004234356667987273,0.6153846153846154
1000,12,60,0.008557445366516257,0.0010739336641112614,0.5333333333333333,0.0012082928748150242,0.625,0.0008847126616847354,0.6153846153846154
1000,12,64,0.012415388008148525,0.002233216986182614,0.6153846153846154,0.0025433406799824903,0.625,0.0017598481909343355,0.6666666666666666
1000,12,68,0.018012602218415268,0.004276960737614379,0.6153846153846154,0.004752002967815077,0.7142857142857143,0.0035481239734371293,0.6666666666666666
1000,12,72,0.02613320167407666,0.008511392245478899,0.6666666666666666,0.009591623247112987,0.7142857142857143,0.007312273079557728,0.6666666666666666
1000,12,76,0.037914801062988696,0.018208066180288304,0.7272727272727273,0.018208066180288304,0.7272727272727273,0.015304644720787103,0.6
1000,12,80,0.05500788451313247,0.04313193226126105,0.6,0.036284100702599686,0.8333333333333334,0.04313193226126105,0.6
1000,12,84,0.07980702189583365,0.06436059123581574,0.6666666666666666,0.06642114366081601,0.9090909090909091,0.06436059123581574,0.6666666666666666
1000,12,88,0.11578632409253108,0.12446203016670465,0.5,0.12975695258762318,0.9090909090909091,0.12446203016670465,0.5
1000,12,92,0.1679861311497019,0.20250233103326773,0.2857142857142857,0.22152123444736152,1.0,0.20250233103326773,0.2857142857142857
1000,12,96,0.2437191134601806,0.28654999843803464,0.2857142857142857,0.2918569103329288,0.5714285714285714,0.28654999843803464,0.2857142857142857
1000,13,0,3.3340880898754016e-05,1.6674215086573507e-08,0.5333333333333333,3.33484301731481e-08,0.4,1.6674215086573507e-08,0.5333333333333333
1000,13,4,4.837190950831791e-05,3.5097624442213456e-08,0.5333333333333333,7.0195248884428e-08,0.4,3.5097624442213456e-08,0.5333333333333333
1000,13,8,7.017935838546896e-05,7.387713515094138e-08,0.5333333333333333,1.4775427030188385e-07,0.4,7.387713515094138e-08,0.5333333333333333
1000,13,12,0.00010181823280201876,1.5550428796389133e-07,0.5333333333333333,3.1100857592778377e-07,0.4,1.5550428796389133e-07,0.5333333333333333
1000,13,16,0.00014772082232476812,3.273216202245857e-07,0.5333333333333333,6.546432404491725e-07,0.4,3.273216202245857e-07,0.5333333333333333
1000,13,20,0.00021431762021185895,6.889806349991191e-07,0.5333333333333333,1.3779612699982393e-06,0.4,6.889806349991191e-07,0.5333333333333333
1000,13,24,0.0003109381711421281,1.4502381940981702e-06,0.5333333333333333,2.9004763881963417e-06,0.4,1.4502381940981702e-06,0.5333333333333333
1000,13,28,0.0004511180470258954,3.0526123852868695e-06,0.5333333333333333,6.10522477057374e-06,0.4,3.0526123852868695e-06,0.5333333333333333
1000,13,32,0.000654495045124054,6.425456461379061e-06,0.5333333333333333,1.2850912922758123e-05,0.4,6.425456461379061e-06,0.5333333333333333
1000,13,36,0.0009495602468489754,1.3524969935938307e-05,0.5333333333333333,2.7049939871876613e-05,0.4,1.3524969935938307e-05,0.5333333333333333
1000,13,40,0.0013776493330442023,2.8468765272557034e-05,0.5333333333333333,5.693753054511407e-05,0.4,2.8468765272557034e-05,0.5333333333333333
1000,13,44,0.0019987332990562645,5.992402201134508e-05,0.5333333333333333,0.00011984804402269016,0.4,5.992402201134508e-05,0.5333333333333333
1000,13,48,0.0028998197908089614,0.0001261343222875099,0.5333333333333333,0.00023965521234626885,0.4166666666666667,0.0001261343222875099,0.5333333333333333
1000,13,52,0.004207142004957718,0.00026550065774819467,0.5333333333333333,0.0005044512497215699,0.4166666666666667,0.0002572958192971611,0.5714285714285714
1000,13,56,0.006103842696011766,0.0005507797739779977,0.5333333333333333,0.0010618215262432015,0.4166666666666667,0.0005213133187021445,0.5714285714285714
1000,13,60,0.008855630642786109,0.001108704592278605,0.5714285714285714,0.0021173992401992124,0.43478260869565216,0.001077044847423392,0.5714285714285714
1000,13,64,0.012848003788284587,0.0022784661903199627,0.5714285714285714,0.0042093156342662644,0.45454545454545453,0.00224680644546475,0.5714285714285714
1000,13,68,0.01864025364226814,0.004740702226128223,0.5714285714285714,0.006254263005265632,0.47058823529411764,0.00470904248127301,0.5714285714285714
1000,13,72,0.02704381642266636,0.009923473062667859,0.5714285714285714,0.009923473062667859,0.5714285714285714,0.009891813317812647,0.5714285714285714
1000,13,76,0.03923594714636548,0.02360119830899251,0.46153846153846156,0.02113710198658976,0.7692307692307693,0.020208469495748005,0.3333333333333333
1000,13,80,0.056924641271492694,0.04989273525152471,0.6,0.04702869295566423,0.8333333333333334,0.045428140533818454,0.6
1000,13,84,0.08258790776223926,0.10256243685343658,0.4444444444444444,0.07426450645700719,0.8,0.06988035542339344,0.6666666666666666
1000,13,88,0.11982091333722494,0.13428884619116854,0.2857142857142857,0.12054911477188975,0.8888888888888888,0.13300091196158415,0.2857142857142857
1000,13,92,0.173839629335314,0.16456409129608432,0.3333333333333333,0.18970904039124536,0.75,0.16456409129608432,0.3333333333333333
1000,13,96,0.25221153708274036,0.21191775076492952,0.3333333333333333,0.21191775076492952,0.3333333333333333,0.21191775076492952,0.3333333333333333
1000,14,0,2.9700827215688198e-05,1.3232087059442473e-08,0.5333333333333333,2.6464174118885833e-08,0.4,1.3232087059442473e-08,0.5333333333333333
1000,14,4,4.309081486965588e-05,2.785227489196434e-08,0.5333333333333333,5.570454978392957e-08,0.4,2.785227489196434e-08,0.5333333333333333
1000,14,8,6.251739430173749e-05,5.862636885418379e-08,0.5333333333333333,1.1725273770836846e-07,0.4,5.862636885418379e-08,0.5333333333333333
1000,14,12,9.070203480953884e-05,1.2340288677886193e-07,0.5333333333333333,2.4680577355772476e-07,0.4,1.2340288677886193e-07,0.5333333333333333
1000,14,16,0.00013159312236981946,2.597512478255742e-07,0.5333333333333333,5.195024956511493e-07,0.4,2.597512478255742e-07,0.5333333333333333
1000,14,20,0.00019091908898627178,5.467514780902193e-07,0.5333333333333333,1.0935029561804395e-06,0.4,5.467514780902193e-07,0.5333333333333333
1000,14,24,0.00027699090866551036,1.1508594522501764e-06,0.5333333333333333,2.3017189045003537e-06,0.4,1.1508594522501764e-06,0.5333333333333333
1000,14,28,0.000401866381673663,2.4224488307922335e-06,0.5333333333333333,4.844897661584468e-06,0.4,2.4224488307922335e-06,0.5333333333333333
1000,14,32,0.0005830393116421838,5.099022583802872e-06,0.5333333333333333,1.0198045167605746e-05,0.4,5.099022583802872e-06,0.5333333333333333
1000,14,36,0.0008458902123249424,1.0732953769607043e-05,0.5333333333333333,2.1465907539214086e-05,0.4,1.0732953769607043e-05,0.5333333333333333
1000,14,40,0.0012272418634890676,2.2591838872501788e-05,0.5333333333333333,4.2924493857753396e-05,0.4166666666666667,2.2591838872501788e-05,0.5333333333333333
1000,14,44,0.0017805178137249235,4.755365527487673e-05,0.5333333333333333,9.035194502226578e-05,0.4166666666666667,4.755365527487673e-05,0.5333333333333333
1000,14,48,0.0025832264847767926,0.00010009588607478396,0.5333333333333333,0.00019018218354208952,0.4166666666666667,0.00010009588607478396,0.5333333333333333
1000,14,52,0.003747819325487076,0.00021069224544741598,0.5333333333333333,0.00040031526635009036,0.4166666666666667,0.00021069224544741598,0.5333333333333333
1000,14,56,0.005437444134019892,0.00044348698065881,0.5333333333333333,0.000842625263251739,0.4166666666666667,0.00044348698065881,0.5333333333333333
1000,14,60,0.007888800431099987,0.00093349758362585,0.5333333333333333,0.0015869458921639451,0.45454545454545453,0.00093349758362585,0.5333333333333333
1000,14,64,0.011445298693251041,0.0019649229326660096,0.5333333333333333,0.003143876692265616,0.47619047619047616,0.0019649229326660096,0.5333333333333333
1000,14,68,0.01660516872265059,0.004135974424615401,0.5333333333333333,0.006203961636923102,0.5,0.004135974424615401,0.5333333333333333
1000,14,72,0.02409125665460212,0.008705829707968663,0.5333333333333333,0.008726965658217407,0.7142857142857143,0.008705829707968663,0.5333333333333333
1000,14,76,0.034952288464628584,0.018975301315566875,0.5714285714285714,0.01738416225139282,0.7142857142857143,0.01651050584955237,0.14285714285714285
1000,14,80,0.050709785978774825,0.0533242697254412,0.5,0.03560673124022311,0.7142857142857143,0.04874865537054662,0.3333333333333333
1000,14,84,0.07357121684937637,0.07539537178000988,0.6666666666666666,0.07103519652641174,1.0,0.07209894675542251,0.6666666666666666
1000,14,88,0.10673923867404064,0.11428389564966888,0.5,0.11588925495653063,1.0,0.11148595829491997,0.25
1000,14,92,0.154860359263045,0.14154347779112503,0.3333333333333333,0.1975485458544853,0.8888888888888888,0.141383126337907,0.0
1000,14,96,0.22467586586704583,0.18128974853916613,0.3333333333333333,0.18128974853916613,0.3333333333333333,0.1811293970859481,0.0
1000,15,0,3.2481602456996904e-05,1.5825817472615814e-08,0.5333333333333333,3.165163494523332e-08,0.4,1.5825817472615814e-08,0.5333333333333333
1000,15,4,4.712524361627554e-05,3.3311828788399784e-08,0.5333333333333333,6.662365757680125e-08,0.4,3.3311828788399784e-08,0.5333333333333333
1000,15,8,6.83706596321246e-05,7.011820647797749e-08,0.5333333333333333,1.4023641295595667e-07,0.4,7.011820647797749e-08,0.5333333333333333
1000,15,12,9.919412059903701e-05,1.4759210342124449e-07,0.5333333333333333,2.9518420684249066e-07,0.4,1.4759210342124449e-07,0.5333333333333333
1000,15,16,0.00014391368482267984,3.106672301886244e-07,0.5333333333333333,6.213344603772505e-07,0.4,3.106672301886244e-07,0.5333333333333333
1000,15,20,0.0002087941155601381,6.539247403881047e-07,0.5333333333333333,1.3078494807762112e-06,0.4,6.539247403881047e-07,0.5333333333333333
1000,15,24,0.0003029245116352553,1.376448896241869e-06,0.5333333333333333,2.6152529028595527e-06,0.4166666666666667,1.376448896241869e-06,0.5333333333333333
1000,15,28,0.00043949159919225676,2.8972929864085095e-06,0.5333333333333333,5.50485667417617e-06,0.4166666666666667,2.8972929864085095e-06,0.5333333333333333
1000,15,32,0.0006376270600153292,6.098524014956884e-06,0.5333333333333333,1.1587195628418082e-05,0.4166666666666667,6.098524014956884e-06,0.5333333333333333
1000,15,36,0.0009250876886179966,1.2836808474488813e-05,0.5333333333333333,2.4389936101528744e-05,0.4166666666666667,1.2836808474488813e-05,0.5333333333333333
1000,15,40,0.0013421438412792805,2.7020251360258537e-05,0.5333333333333333,5.133847758449122e-05,0.4166666666666667,2.7020251360258537e-05,0.5333333333333333
1000,15,44,0.0019472209098090657,5.687503907396468e-05,0.5333333333333333,0.00010806257424053289,0.4166666666666667,5.687503907396468e-05,0.5333333333333333
1000,15,48,0.00282508413404004,0.00011971650546607147,0.5333333333333333,0.0002035180592923215,0.45454545454545453,0.00011971650546607147,0.5333333333333333
1000,15,52,0.004098713363337573,0.00025199176852203,0.5333333333333333,0.00042838600648745104,0.45454545454545453,0.00025199176852203,0.5333333333333333
1000,15,56,0.005946531302336037,0.0005304185179449349,0.5333333333333333,0.0007956277769174023,0.5,0.00047738868136411626,0.42857142857142855
1000,15,60,0.008627398745656056,0.0011164800328848994,0.5333333333333333,0.001674720205122323,0.5,0.000995894947488564,0.7692307692307693
1000,15,64,0.012516878383757582,0.002248931717091675,0.5714285714285714,0.0028201004005280004,0.5882352941176471,0.001968280130065196,0.6153846153846154
1000,15,68,0.018159847376089253,0.0043268670819143,0.6153846153846154,0.004459255865358857,0.7142857142857143,0.004045573877054131,0.6153846153846154
1000,15,72,0.026346829186324246,0.008669622015997882,0.6153846153846154,0.009447396598669859,0.7142857142857143,0.008418078094460027,0.6153846153846154
1000,15,76,0.03822473800563599,0.018064020577671897,0.5454545454545454,0.017671126295456804,0.7692307692307693,0.018064020577671897,0.5454545454545454
1000,15,80,0.055457549949044206,0.03400899489470806,0.6,0.03654261486423287,0.9090909090909091,0.03400899489470806,0.6
1000,15,84,0.08045940945094932,0.09096106206556921,0.5,0.060509856643829935,0.8,0.09096106206556921,0.5
1000,15,88,0.1167328267322255,0.11244650540170682,0.5714285714285714,0.10792104773300042,0.8888888888888888,0.11244650540170682,0.5714285714285714
1000,15,92,0.16935934441829295,0.15761460951640138,0.5714285714285714,0.19825725596238958,0.8888888888888888,0.15761460951640138,0.5714285714285714
1000,15,96,0.24571141078926495,0.23503163835338622,0.3333333333333333,0.30402698668828143,0.75,0.23503163835338622,0.3333333333333333
1000,16,0,3.4814235621492365e-05,1.818046502863182e-08,0.5333333333333333,3.6360930057264153e-08,0.4,1.818046502863182e-08,0.5333333333333333
1000,16,4,5.050949494099961e-05,3.826813618792298e-08,0.5333333333333333,7.653627237584648e-08,0.4,3.826813618792298e-08,0.5333333333333333
1000,16,8,7.328062884769727e-05,8.055075846470939e-08,0.5333333333333333,1.6110151692941932e-07,0.4,8.055075846470939e-08,0.5333333333333333
1000,16,12,0.00010631764523851899,1.695516253359537e-07,0.5333333333333333,3.3910325067190793e-07,0.4,1.695516253359537e-07,0.5333333333333333
1000,16,16,0.00015424869937396518,3.5688991887839835e-07,0.5333333333333333,7.137798377567972e-07,0.4,3.5688991887839835e-07,0.5333333333333333
1000,16,20,0.0002237884520973172,7.512190693816986e-07,0.5333333333333333,1.5024381387633976e-06,0.4,7.512190693816986e-07,0.5333333333333333
1000,16,24,0.0003246787265978479,1.581244132578001e-06,0.5333333333333333,3.1624882651560026e-06,0.4,1.581244132578001e-06,0.5333333333333333
1000,16,28,0.00047105324031357305,3.328367328148753e-06,0.5333333333333333,6.6567346562975064e-06,0.4,3.328367328148753e-06,0.5333333333333333
1000,16,32,0.0006834175972506958,7.005894183478712e-06,0.5333333333333333,1.4011788366957425e-05,0.4,7.005894183478712e-06,0.5333333333333333
1000,16,36,0.0009915219178218563,1.4746735702816978e-05,0.5333333333333333,2.9493471405633957e-05,0.4,1.4746735702816978e-05,0.5333333333333333
1000,16,40,0.0014385285328854358,3.104046509888286e-05,0.5333333333333333,6.208093019776573e-05,0.4,3.104046509888286e-05,0.5333333333333333
1000,16,44,0.0020870585941977315,6.533720363421916e-05,0.5333333333333333,0.00013067440726843832,0.4,6.533720363421916e-05,0.5333333333333333
1000,16,48,0.003027964670869349,0.00013752855072049388,0.5333333333333333,0.00027505710144098776,0.4,0.00013752855072049388,0.5333333333333333
1000,16,52,0.004393058284766239,0.0002894844164002994,0.5333333333333333,0.0005210719495205389,0.43478260869565216,0.0002894844164002994,0.5333333333333333
1000,16,56,0.006373575385148873,0.0006093369478526341,0.5333333333333333,0.0008530717269936884,0.5263157894736842,0.0005532447710866579,0.42857142857142855
1000,16,60,0.00924696659068732,0.0014091489590302262,0.5714285714285714,0.0017956342137150376,0.5263157894736842,0.0011591777982646685,0.42857142857142855
1000,16,64,0.013415765243559655,0.002684579899233938,0.5714285714285714,0.0037796378984763677,0.5263157894736842,0.00243460873846838,0.42857142857142855
1000,16,68,0.019463978300901946,0.005369239771307599,0.5714285714285714,0.0054595403873788665,0.7142857142857143,0.004942025066564142,0.7692307692307693
1000,16,72,0.028238899862969024,0.011020191462640536,0.5714285714285714,0.01000670082869326,0.7692307692307693,0.00899607374118992,0.6666666666666666
1000,16,76,0.04096980859426052,0.022755185022682377,0.6153846153846154,0.02057977783804787,0.7692307692307693,0.017908591411011192,0.3333333333333333
1000,16,80,0.05944017735802346,0.054273604064076816,0.6,0.04443093784102204,0.9090909090909091,0.043954907598096477,0.6666666666666666
1000,16,84,0.08623751990992314,0.07881921601609634,0.6666666666666666,0.0754423544758151,1.0,0.0673775585332631,0.6666666666666666
1000,16,88,0.1251158756714331,0.1281097362035858,0.6666666666666666,0.13707039826192846,1.0,0.11667999356215378,0.6666666666666666
1000,16,92,0.1815217130708352,0.23852925153761495,0.5,0.26679152304548687,1.0,0.22983051833485066,0.25
1000,16,96,0.2633569252450501,0.31454040127981514,0.3333333333333333,0.34425495406068807,0.5714285714285714,0.31454040127981514,0.3333333333333333
1000,17,0,2.7821374811418444e-05,1.1610433445961429e-08,0.5333333333333333,2.3220866891923325e-08,0.4,1.1610433445961429e-08,0.5333333333333333
1000,17,4,4.0364051233727935e-05,2.4438849479985202e-08,0.5333333333333333,4.8877698959970867e-08,0.4,2.4438849479985202e-08,0.5333333333333333
1000,17,8,5.856132714657699e-05,5.1441435557526225e-08,0.5333333333333333,1.0288287111505291e-07,0.4,5.1441435557526225e-08,0.5333333333333333
1000,17,12,8.496245873116944e-05,1.0827929090468506e-07,0.5333333333333333,2.165585818093706e-07,0.4,1.0827929090468506e-07,0.5333333333333333
1000,17,16,0.00012326598021895427,2.2791752819009436e-07,0.5333333333333333,4.558350563801892e-07,0.4,2.2791752819009436e-07,0.5333333333333333
1000,17,20,0.00017883783151117,4.797445496942645e-07,0.5333333333333333,9.594890993885294e-07,0.4,4.797445496942645e-07,0.5333333333333333
1000,17,24,0.0002594630726402135,1.0098162909585106e-06,0.5333333333333333,2.0196325819170216e-06,0.4,1.0098162909585106e-06,0.5333333333333333
1000,17,28,0.0003764364927434044,2.1255664960343277e-06,0.5333333333333333,4.251132992068656e-06,0.4,2.1255664960343277e-06,0.5333333333333333
1000,17,32,0.0005461448969482092,4.4741137269385516e-06,0.5333333333333333,8.948227453877103e-06,0.4,4.4741137269385516e-06,0.5333333333333333
1000,17,36,0.0007923627337211608,9.417580526851068e-06,0.5333333333333333,1.8835161053702135e-05,0.4,9.417580526851068e-06,0.5333333333333333
1000,17,40,0.0011495826570903753,1.982310428224451e-05,0.5333333333333333,3.964620856448902e-05,0.4,1.982310428224451e-05,0.5333333333333333
1000,17,44,0.001667847602166545,4.17257343607904e-05,0.5333333333333333,8.34514687215808e-05,0.4,4.03142161998392e-05,0.5714285714285714
1000,17,48,0.0024197612993686712,8.782867118883539e-05,0.5333333333333333,0.00016687447525878723,0.4166666666666667,8.181205679180622e-05,0.5714285714285714
1000,17,52,0.0035106593302147984,0.00018099065694595327,0.5714285714285714,0.0003142805877870175,0.45454545454545453,0.00016915009331498128,0.5714285714285714
1000,17,56,0.005093365587770912,0.0003648288519971269,0.5714285714285714,0.0006226169522565341,0.47619047619047616,0.00031814636072120936,0.3076923076923077
1000,17,60,0.00738960137413892,0.0007517906306799499,0.5714285714285714,0.0009010024397331512,0.625,0.0006756404968348512,0.46153846153846156
1000,17,64,0.010721046335213891,0.0015413301649791725,0.6153846153846154,0.0016461967551813484,0.7142857142857143,0.0013445645610274622,0.5
1000,17,68,0.015554402558716745,0.003148677938912214,0.6666666666666666,0.0033606779150782942,0.7142857142857143,0.0026780499076139754,0.5
1000,17,72,0.022566774864497118,0.005880091771679958,0.6666666666666666,0.007121967773006396,0.7692307692307693,0.005143251091180252,0.5454545454545454
1000,17,76,0.03274052641125124,0.013338253784288271,0.8,0.013670258673440653,1.0,0.012320315945154557,0.4
1000,17,80,0.04750089794054971,0.03284156612315757,0.5,0.022553207939485745,1.0,0.03232298470420318,0.25
1000,17,84,0.06891566973654799,0.04237811888155441,0.5,0.041250964665074025,1.0,0.04169375361853485,0.25
1000,17,88,0.09998483694310553,0.058131650826607394,0.5714285714285714,0.08060795028984236,1.0,0.057437481271987285,0.2857142857142857
1000,17,92,0.14506087885028157,0.10168887099302934,0.3333333333333333,0.13790840756149378,0.8888888888888888,0.10054525829029667,0.0
1000,17,96,0.21045849766990135,0.13656405199601304,0.3333333333333333,0.13656405199601307,0.3333333333333333,0.1354204392932804,0.0
1000,18,0,1.6641732949228924e-05,4.1542091333017745e-09,0.5333333333333333,8.308418266604197e-09,0.4,4.1542091333017745e-09,0.5333333333333333
1000,18,4,2.414430508678544e-05,8.744212021856598e-09,0.5333333333333333,1.7488424043713845e-08,0.4,8.744212021856598e-09,0.5333333333333333
1000,18,8,3.50292526566942e-05,1.8405728125297764e-08,0.5333333333333333,3.681145625059618e-08,0.4,1.8405728125297764e-08,0.5333333333333333
1000,18,12,5.082144784353732e-05,3.874229341370076e-08,0.5333333333333333,7.748458682740217e-08,0.4,3.874229341370076e-08,0.5333333333333333
1000,18,16,7.373321909623437e-05,8.154881397439951e-08,0.5333333333333333,1.630976279487997e-07,0.4,8.154881397439951e-08,0.5333333333333333
1000,18,20,0.00010697427619596314,1.7165243651475307e-07,0.5333333333333333,3.4330487302950677e-07,0.4,1.7165243651475307e-07,0.5333333333333333
1000,18,24,0.00015520135846387652,3.6131192503549046e-07,0.5333333333333333,7.226238500709816e-07,0.4,3.6131192503549046e-07,0.5333333333333333
1000,18,28,0.00022517059732105654,7.605269684688208e-07,0.5333333333333333,1.5210539369376423e-06,0.4,7.605269684688208e-07,0.5333333333333333
1000,18,32,0.0003266839826645097,1.600836367943185e-06,0.5333333333333333,3.201672735886371e-06,0.4,1.600836367943185e-06,0.5333333333333333
1000,18,36,0.000473962523523339,3.3696071055691754e-06,0.5333333333333333,6.739214211138352e-06,0.4,3.3696071055691754e-06,0.5333333333333333
1000,18,40,0.0006876384690562192,7.092699961889713e-06,0.5333333333333333,1.3476129927590455e-05,0.4166666666666667,7.092699961889713e-06,0.5333333333333333
1000,18,44,0.0009976456801076517,1.4929453545561885e-05,0.5333333333333333,2.836596173656758e-05,0.4166666666666667,1.4929453545561885e-05,0.5333333333333333
1000,18,48,0.001447413063442336,3.142506864335292e-05,0.5333333333333333,5.970763042237055e-05,0.4166666666666667,3.142506864335292e-05,0.5333333333333333
1000,18,52,0.0020999485268131113,6.614675722896834e-05,0.5333333333333333,0.00012567883873503986,0.4166666666666667,6.614675722896834e-05,0.5333333333333333
1000,18,56,0.003046665756060615,0.000139232583437286,0.5333333333333333,0.0002645419085308434,0.4166666666666667,0.000139232583437286,0.5333333333333333
1000,18,60,0.004420190357350828,0.00029307124192825857,0.5333333333333333,0.0005275282354708654,0.43478260869565216,0.00026393800234401243,0.42857142857142855
1000,18,64,0.006412939376874835,0.0006090524354576222,0.5714285714285714,0.0009870189948353232,0.47619047619047616,0.0005553720692034488,0.42857142857142855
1000,18,68,0.009304077002719832,0.001222493210642044,0.5714285714285714,0.001817882826323341,0.5263157894736842,0.0011137904834337376,0.46153846153846156
1000,18,72,0.013498622672888169,0.002743034226108998,0.6153846153846154,0.0022053212871012287,0.6153846153846154,0.002261554065743383,0.46153846153846156
1000,18,76,0.019584190243883946,0.005021613384090266,0.6666666666666666,0.005141790310691397,0.7692307692307693,0.0045118366793159845,0.5
1000,18,80,0.028413306809366254,0.009471256095602933,0.6666666666666666,0.010227096266705878,0.7692307692307693,0.008585868383080314,0.3333333333333333
1000,18,84,0.04122284321126318,0.01883732748066362,0.6666666666666666,0.02093117784963237,0.7692307692307693,0.017951939768141002,0.3333333333333333
1000,18,88,0.05980728726232662,0.03673001312104837,0.7272727272727273,0.0367393188837169,0.9090909090909091,0.03461956435859012,0.36363636363636365
1000,18,92,0.08677013352395713,0.09089890947542771,0.6,0.07011007955856835,0.9090909090909091,0.08986045058492932,0.4
1000,18,96,0.12588860683049222,0.16079221857201412,0.2857142857142857,0.12276834075518368,0.8888888888888888,0.1580734577156267,0.2857142857142857
1000,19,0,3.190719693662777e-05,1.527103824529123e-08,0.5333333333333333,3.0542076490582915e-08,0.4,1.527103824529123e-08,0.5333333333333333
1000,19,4,4.6291879556797066e-05,3.2144071693515094e-08,0.5333333333333333,6.428814338703064e-08,0.4,3.2144071693515094e-08,0.5333333333333333
1000,19,8,6.716159107166902e-05,6.766018972917137e-08,0.5333333333333333,1.3532037945834318e-07,0.4,6.766018972917137e-08,0.5333333333333333
1000,19,12,9.74399691363534e-05,1.4241821377940256e-07,0.5333333333333333,2.848364275588056e-07,0.4,1.4241821377940256e-07,0.5333333333333333
1000,19,16,0.0001413687113987777,2.9977668843826353e-07,0.5333333333333333,5.995533768765275e-07,0.4,2.9977668843826353e-07,0.5333333333333333
1000,19,20,0.00020510179487623353,6.310011939217886e-07,0.5333333333333333,1.2620023878435777e-06,0.4,6.310011939217886e-07,0.5333333333333333
1000,19,24,0.00029756758652761076,1.3281970282780067e-06,0.5333333333333333,2.6563940565560137e-06,0.4,1.3281970282780067e-06,0.5333333333333333
1000,19,28,0.0004317196180818386,2.7957274295509285e-06,0.5333333333333333,5.591454859101858e-06,0.4,2.7957274295509285e-06,0.5333333333333333
1000,19,32,0.0006263512461544077,5.884738253387691e-06,0.5333333333333333,1.1769476506775381e-05,0.4,5.884738253387691e-06,0.5333333333333333
1000,19,36,0.0009087284133676083,1.238680993892416e-05,0.5333333333333333,2.477361987784832e-05,0.4,1.238680993892416e-05,0.5333333333333333
1000,19,40,0.001318409333950681,2.607304757772417e-05,0.5333333333333333,5.214609515544834e-05,0.4,2.607304757772417e-05,0.5333333333333333
1000,19,44,0.0019127862035333105,5.4881265906410624e-05,0.5333333333333333,0.00010976253181282125,0.4,5.4881265906410624e-05,0.5333333333333333
1000,19,48,0.0027751252711961196,0.00011551980406247006,0.5333333333333333,0.00023103960812494013,0.4,0.00011551980406247006,0.5333333333333333
1000,19,52,0.004026231607382681,0.00025118243550624903,0.5714285714285714,0.0004620004172541889,0.4166666666666667,0.0002394814482727585,0.5714285714285714
1000,19,56,0.005841372684880761,0.0004929822029859294,0.5714285714285714,0.0008701016885136121,0.45454545454545453,0.0004812812157524389,0.5714285714285714
1000,19,60,0.008474831597145096,0.0010019475356959503,0.5714285714285714,0.0017237464943992535,0.47619047619047616,0.0009696549606487405,0.42857142857142855
1000,19,64,0.012295529574044818,0.0020732707739302154,0.5714285714285714,0.0021068078618555327,0.7142857142857143,0.0020419098521029795,0.5714285714285714
1000,19,68,0.01783870815287215,0.004315728910964173,0.6153846153846154,0.004361840586126884,0.7142857142857143,0.003956826131784818,0.46153846153846156
1000,19,72,0.025880911159377046,0.010124486420268738,0.6666666666666666,0.008769524852525074,0.7692307692307693,0.008176050778299457,0.46153846153846156
1000,19,76,0.037548770723720946,0.017895416934710192,0.6666666666666666,0.01816013399204326,0.8333333333333334,0.01693483603618465,0.3333333333333333
1000,19,80,0.05447683716312018,0.0447050298785666,0.4,0.03417338973296925,0.8333333333333334,0.0438937798066135,0.2
1000,19,84,0.0790365631176918,0.062070109556383736,0.4444444444444444,0.06432048776027084,0.9090909090909091,0.056599395366570285,0.25
1000,19,88,0.11466852032455808,0.08662920292601144,0.5714285714285714,0.1073346636312622,0.8888888888888888,0.07731081193786443,0.2857142857142857
1000,19,92,0.1663643892744155,0.1406500875569769,0.3333333333333333,0.158927789227616,0.75,0.1406239347444512,0.0
1000,19,96,0.24136624367622309,0.18604806519106287,0.3333333333333333,0.18604806519106287,0.3333333333333333,0.18604806519106287,0.3333333333333333
10000.0,0,0,3.094425894181952e-05,1.4363207421875841e-08,0.5333333333333333,2.872641484375209e-08,0.4,1.4363207421875841e-08,0.5333333333333333
10000.0,0,4,4.4894821402022084e-05,3.0233174830792215e-08,0.5333333333333333,6.046634966158459e-08,0.4,3.0233174830792215e-08,0.5333333333333333
10000.0,0,8,6.513469889548904e-05,6.363793500309086e-08,0.5333333333333333,1.2727587000618142e-07,0.4,6.363793500309086e-08,0.5333333333333333
10000.0,0,12,9.449929563624322e-05,1.518284659408422e-07,0.5714285714285714,2.6790350627238374e-07,0.4,1.4734692844981063e-07,0.5
10000.0,0,16,0.00013710229765665746,2.850319284251886e-07,0.5714285714285714,5.639112006820418e-07,0.4,2.824234554094142e-07,0.5714285714285714
10000.0,0,20,0.00019891195903819496,5.654124486718397e-07,0.5714285714285714,1.1869790234523775e-06,0.4,5.628039756560643e-07,0.5714285714285714
10000.0,0,24,0.0002885871945596189,1.1555865677794542e-06,0.5714285714285714,2.49847706591374e-06,0.4,1.152978094763678e-06,0.5714285714285714
10000.0,0,28,0.00041869060697250214,2.3978465170728014e-06,0.5714285714285714,5.259054731010068e-06,0.4,2.395238044057025e-06,0.5714285714285714
10000.0,0,32,0.0006074483818816391,5.012684632901662e-06,0.5714285714285714,1.1069806099518646e-05,0.4,4.981473132800114e-06,0.5714285714285714
10000.0,0,36,0.0008813035938846728,1.0516668220137816e-05,0.5714285714285714,2.3300880737821213e-05,0.4,1.0485456720036269e-05,0.5714285714285714
10000.0,0,40,0.001278620616599782,2.210202608423736e-05,0.5714285714285714,4.659381441402918e-05,0.4166666666666667,2.207081458413581e-05,0.5714285714285714
10000.0,0,44,0.0018550595873411857,4.6488093868035347e-05,0.5714285714285714,9.291364395983416e-05,0.43478260869565216,4.64568823679338e-05,0.5714285714285714
10000.0,0,48,0.0026913738351393955,9.781842901450294e-05,0.5714285714285714,0.00015211335552993237,0.5263157894736842,9.778721751440138e-05,0.5714285714285714
10000.0,0,52,0.003904722613711223,0.00020586386420349366,0.5714285714285714,0.00029731374445554225,0.5555555555555556,0.00018700707872610847,0.3076923076923077
10000.0,0,56,0.005665083940016129,0.0004545266932900098,0.6153846153846154,0.000529537404782573,0.625,0.00038916288701491884,0.3076923076923077
10000.0,0,60,0.00821906681277056,0.0008289675730503047,0.6666666666666666,0.0009131061608143542,0.7142857142857143,0.0007863961843174692,0.5
10000.0,0,64,0.011924458664348431,0.0016126839522824683,0.6666666666666666,0.0019086880154168368,0.7142857142857143,0.0015701125635496328,0.5
10000.0,0,68,0.017300347798221965,0.0032623318070502047,0.6666666666666666,0.003809784389845891,0.7692307692307693,0.0032197604183173694,0.5
10000.0,0,72,0.025099842463649276,0.006734682413536167,0.6666666666666666,0.007469276668899461,0.8333333333333334,0.006144989477203277,0.4
10000.0,0,76,0.0364155737819768,0.01370553111562842,0.7272727272727273,0.014558299296387233,0.9090909090909091,0.011365678893482663,0.4
10000.0,0,80,0.05283276242833419,0.03675665261191964,0.6666666666666666,0.02612867169422279,1.0,0.03362001756003866,0.2222222222222222
10000.0,0,84,0.07665129217846622,0.055261371452838416,0.6666666666666666,0.04925957024537127,1.0,0.05212473640095744,0.2222222222222222
10000.0,0,88,0.11120790060141957,0.10180907834208644,0.5,0.09794789447197089,1.0,0.099931652930518,0.25
10000.0,0,92,0.16134362258865548,0.14307115487924688,0.3333333333333333,0.2004321499258855,1.0,0.14171979624185865,0.0
10000.0,0,96,0.2340819708784088,0.18556027545828824,0.3333333333333333,0.18556027545828824,0.3333333333333333,0.18486370305229327,0.0
10000.0,1,0,2.8046256325170943e-05,1.1798887407857868e-08,0.5333333333333333,2.3597774815716268e-08,0.4,1.1798887407857868e-08,0.5333333333333333
10000.0,1,4,4.069031580563179e-05,2.4835527005430728e-08,0.5333333333333333,4.967105401086199e-08,0.4,2.4835527005430728e-08,0.5333333333333333
10000.0,1,8,5.9034681176898766e-05,5.227640372487128e-08,0.5333333333333333,1.0455280744974309e-07,0.4,5.227640372487128e-08,0.5333333333333333
10000.0,1,12,8.564921438077731e-05,1.1003681886066526e-07,0.5333333333333333,2.2007363772133106e-07,0.4,1.1003681886066526e-07,0.5333333333333333
10000.0,1,16,0.00012426234507920006,2.3161695606873294e-07,0.5333333333333333,4.632339121374664e-07,0.4,2.3161695606873294e-07,0.5333333333333333
10000.0,1,20,0.00018028338632429663,4.875314907683338e-07,0.5333333333333333,9.750629815366683e-07,0.4,4.875314907683338e-07,0.5333333333333333
10000.0,1,24,0.000261560325163991,1.0262070554983903e-06,0.5333333333333333,2.052414110996781e-06,0.4,1.0262070554983903e-06,0.5333333333333333
10000.0,1,28,0.000379479247060674,2.1600674842460407e-06,0.5333333333333333,4.320134968492082e-06,0.4,2.1600674842460407e-06,0.5333333333333333
10000.0,1,32,0.0005505594124775967,4.546735000015147e-06,0.5333333333333333,9.093470000030295e-06,0.4,4.546735000015147e-06,0.5333333333333333
10000.0,1,36,0.0007987674398943133,9.570441345529731e-06,0.5333333333333333,1.9140882691059463e-05,0.4,9.570441345529731e-06,0.5333333333333333
10000.0,1,40,0.0011588747891241957,2.014486165301474e-05,0.5333333333333333,4.028972330602948e-05,0.4,2.014486165301474e-05,0.5333333333333333
10000.0,1,44,0.0016813288947347957,4.240300278405194e-05,0.5333333333333333,8.480600556810388e-05,0.4,4.240300278405194e-05,0.5333333333333333
10000.0,1,48,0.002439320346598013,8.925425629990576e-05,0.5333333333333333,0.00016065766133983037,0.43478260869565216,8.925425629990576e-05,0.5333333333333333
10000.0,1,52,0.0035390361588150884,0.0001878716540010098,0.5333333333333333,0.00030059464640161567,0.47619047619047616,0.0001878716540010098,0.5333333333333333
10000.0,1,56,0.005134535507346659,0.00039545182314305416,0.5333333333333333,0.0005536325524002758,0.5263157894736842,0.00039545182314305416,0.5333333333333333
10000.0,1,60,0.007449331878267778,0.0008380255753521068,0.5714285714285714,0.0008380255753521068,0.5714285714285714,0.0008003556941091807,0.5714285714285714
10000.0,1,64,0.010807705069558108,0.0016370054085215538,0.5714285714285714,0.0016370054085215538,0.5714285714285714,0.0016370054085215538,0.5714285714285714
10000.0,1,68,0.01568012954441137,0.0035875695739210267,0.6666666666666666,0.0035875695739210262,0.6666666666666666,0.003072520076323355,0.6666666666666666
10000.0,1,72,0.02274918319357643,0.006074037001756986,0.7272727272727273,0.006585988890069135,1.0,0.005901913848388173,0.7272727272727273
10000.0,1,76,0.03300516966451686,0.011831670580529105,0.8,0.010874608054633963,1.0,0.010197597857286364,0.6
10000.0,1,80,0.047884849988422254,0.020858802834255293,0.8,0.01990174030836015,1.0,0.019224730111012556,0.6
10000.0,1,84,0.06947271841716393,0.04882868543691872,0.6666666666666666,0.038902988402286495,1.0,0.04730216566823367,0.6666666666666666
10000.0,1,88,0.10079301919996635,0.0873826518756105,0.5,0.07889879426609327,1.0,0.08669046340774673,0.25
10000.0,1,92,0.146233412926805,0.12327923757080149,0.5714285714285714,0.16308613179191833,1.0,0.12327923757080149,0.5714285714285714
10000.0,1,96,0.21215964385188874,0.17333416565470303,0.3333333333333333,0.22349020165718714,0.5714285714285714,0.17333416565470303,0.3333333333333333
10000.0,2,0,3.140173729996433e-05,1.4791036581839562e-08,0.5333333333333333,2.958207316367989e-08,0.4,1.4791036581839562e-08,0.5333333333333333
10000.0,2,4,4.555854416955765e-05,3.113371420274303e-08,0.5333333333333333,6.226742840548682e-08,0.4,3.113371420274303e-08,0.5333333333333333
10000.0,2,8,6.60976469875726e-05,6.553348405940646e-08,0.5333333333333333,1.310669681188137e-07,0.4,6.553348405940646e-08,0.5333333333333333
10000.0,2,12,9.589636844043581e-05,1.379417022009572e-07,0.5333333333333333,2.758834044019152e-07,0.4,1.379417022009572e-07,0.5333333333333333
10000.0,2,16,0.0001391292110866341,2.903540606638379e-07,0.5333333333333333,5.807081213276765e-07,0.4,2.903540606638379e-07,0.5333333333333333
10000.0,2,20,0.00020185266337392497,6.11167465667206e-07,0.5333333333333333,1.222334931334413e-06,0.4,6.11167465667206e-07,0.5333333333333333
10000.0,2,24,0.00029285365303894376,1.286448931473811e-06,0.5333333333333333,2.572897862947623e-06,0.4,1.286448931473811e-06,0.5333333333333333
10000.0,2,28,0.0004248805077165647,2.707851687562287e-06,0.5333333333333333,5.4157033751245746e-06,0.4,2.707851687562287e-06,0.5333333333333333
10000.0,2,32,0.0006164288680171585,5.699768239873731e-06,0.5333333333333333,1.0259582831772717e-05,0.43478260869565216,5.699768239873731e-06,0.5333333333333333
10000.0,2,36,0.0008943327416149682,1.199746579086818e-05,0.5333333333333333,2.1595438423562726e-05,0.43478260869565216,1.199746579086818e-05,0.5333333333333333
10000.0,2,40,0.0012975236790861695,2.5253515466839636e-05,0.5333333333333333,4.293097629362739e-05,0.45454545454545453,2.5253515466839636e-05,0.5333333333333333
10000.0,2,44,0.0018824846943981438,5.3156229369649105e-05,0.5333333333333333,9.036558992840348e-05,0.45454545454545453,5.3156229369649105e-05,0.5333333333333333
10000.0,2,48,0.0027311629697109622,0.00011188876750680603,0.5333333333333333,0.00016783315126020905,0.5,0.00011188876750680603,0.5333333333333333
10000.0,2,52,0.0039624498352191,0.00023551513044941814,0.5333333333333333,0.00030616966958424354,0.5555555555555556,0.00023551513044941814,0.5333333333333333
10000.0,2,56,0.005748836254282366,0.0005440366878721935,0.5714285714285714,0.0005453104515960965,0.625,0.00044616730952325075,0.2857142857142857
10000.0,2,60,0.008340577080573652,0.0010370041426111224,0.5714285714285714,0.0010406948051539188,0.7142857142857143,0.0009391417222026685,0.42857142857142855
10000.0,2,64,0.012100749257759906,0.002018441597939441,0.5714285714285714,0.002046708401185618,0.7692307692307693,0.0015066657611765778,0.3333333333333333
10000.0,2,68,0.01755611526452146,0.003960120254597239,0.6153846153846154,0.00374555607360444,0.8333333333333334,0.002968335619774702,0.36363636363636365
10000.0,2,72,0.025470917264359575,0.008290729760211488,0.7272727272727273,0.007127387331624559,0.8333333333333334,0.00644592972047914,0.7272727272727273
10000.0,2,76,0.03695393978182195,0.014629472534343125,0.7272727272727273,0.01380151332286695,0.9090909090909091,0.011462802325458965,0.4
10000.0,2,80,0.05361383931427328,0.03387167815185306,0.6666666666666666,0.025207855873745657,1.0,0.03138996942083242,0.4444444444444444
10000.0,2,84,0.07778450100280464,0.0527327261035885,0.6666666666666666,0.049027742100535156,1.0,0.05044587840226401,0.4444444444444444
10000.0,2,88,0.11285199257581528,0.09823053743125948,0.5714285714285714,0.0991663193411093,1.0,0.09823053743125948,0.5714285714285714
10000.0,2,92,0.163728918539603,0.15002187642656195,0.3333333333333333,0.2047032183747299,1.0,0.14889257153767418,0.0
10000.0,2,96,0.2375426268892733,0.19332457001250675,0.3333333333333333,0.19332457001250675,0.3333333333333333,0.193321582772637,0.0
10000.0,3,0,3.187247027250485e-05,1.5237815419075584e-08,0.5333333333333333,3.047563083815173e-08,0.4,1.5237815419075584e-08,0.5333333333333333
10000.0,3,4,4.624149711310637e-05,3.2074140828921376e-08,0.5333333333333333,6.414828165784332e-08,0.4,3.2074140828921376e-08,0.5333333333333333
10000.0,3,8,6.708849477243161e-05,6.751299196245875e-08,0.5333333333333333,1.3502598392491805e-07,0.4,6.751299196245875e-08,0.5333333333333333
10000.0,3,12,9.733391892181822e-05,1.4210837659018625e-07,0.5333333333333333,2.7000591552135473e-07,0.4166666666666667,1.4210837659018625e-07,0.5333333333333333
10000.0,3,16,0.0001412148506955644,2.991245108545581e-07,0.5333333333333333,5.68336570623661e-07,0.4166666666666667,2.991245108545581e-07,0.5333333333333333
10000.0,3,20,0.00020487856934013203,6.296284226228892e-07,0.5333333333333333,1.19629400298349e-06,0.4166666666666667,6.296284226228892e-07,0.5333333333333333
10000.0,3,24,0.00029724372449573954,1.3253074762814867e-06,0.5333333333333333,2.5180842049348253e-06,0.4166666666666667,1.3253074762814867e-06,0.5333333333333333
10000.0,3,28,0.00043124974972573763,2.7896451995776702e-06,0.5333333333333333,5.021361359239807e-06,0.43478260869565216,2.7896451995776702e-06,0.5333333333333333
10000.0,3,32,0.0006256695476212718,5.871935742309103e-06,0.5333333333333333,1.0569484336156386e-05,0.43478260869565216,5.871935742309103e-06,0.5333333333333333
10000.0,3,36,0.0009077393855174763,1.2359861880294683e-05,0.5333333333333333,2.1011765196500963e-05,0.45454545454545453,1.2359861880294683e-05,0.5333333333333333
10000.0,3,40,0.0013169744238829754,2.6016324497428422e-05,0.5333333333333333,4.4227751645628316e-05,0.45454545454545453,2.6016324497428422e-05,0.5333333333333333
10000.0,3,44,0.0019107043947125299,5.476186925960662e-05,0.5333333333333333,9.309517774133126e-05,0.45454545454545453,5.476186925960662e-05,0.5333333333333333
10000.0,3,48,0.0027721049230476046,0.00011526848556577148,0.5333333333333333,0.0001959564254618115,0.45454545454545453,0.00011526848556577148,0.5333333333333333
10000.0,3,52,0.004021849599367739,0.00024262911299901657,0.5333333333333333,0.0004124694920983282,0.45454545454545453,0.0002201371210366849,0.5714285714285714
10000.0,3,56,0.005835015141545082,0.0005107110255309057,0.5333333333333333,0.0008171376408494491,0.47619047619047616,0.000461410842315385,0.5714285714285714
10000.0,3,60,0.008465607890313158,0.0010688901431619095,0.5333333333333333,0.0010749977542879865,0.6666666666666666,0.0009553720107023932,0.5714285714285714
10000.0,3,64,0.012282147554728633,0.002222415198351898,0.6666666666666666,0.0021095179329066968,0.7692307692307693,0.0019069727186246613,0.5
10000.0,3,68,0.017819293134133843,0.004147764635264977,0.7272727272727273,0.004449261821739187,0.8333333333333334,0.0037624356502627514,0.5454545454545454
10000.0,3,72,0.025852743291456468,0.007305298786308798,0.7272727272727273,0.007848340232402088,0.9090909090909091,0.006725969947428331,0.5454545454545454
10000.0,3,76,0.037507903970312895,0.013447563121234386,0.7272727272727273,0.013503441713658337,1.0,0.012278234430028123,0.6
10000.0,3,80,0.054417546501192085,0.037119427747071124,0.6666666666666666,0.02516164051588226,1.0,0.037119427747071124,0.6666666666666666
10000.0,3,84,0.07895054251907047,0.06094820437373758,0.5,0.04970103149222838,1.0,0.06094820437373758,0.5
10000.0,3,88,0.11454371916453478,0.08904704949231561,0.5,0.1013540972621403,1.0,0.08904704949231561,0.5
10000.0,3,92,0.166183324159864,0.13137070157302191,0.3333333333333333,0.18249306415679112,0.8888888888888888,0.13054864410314365,0.0
10000.0,3,96,0.24110354919725013,0.17463096405849862,0.3333333333333333,0.1746309640584986,0.3333333333333333,0.17463096405849862,0.3333333333333333
10000.0,4,0,3.157469334521219e-05,1.4954418897662803e-08,0.5333333333333333,2.990883779532625e-08,0.4,1.4954418897662803e-08,0.5333333333333333
10000.0,4,4,4.580947377741808e-05,3.147761831645933e-08,0.5333333333333333,6.29552366329193e-08,0.4,3.147761831645933e-08,0.5333333333333333
10000.0,4,8,6.646170288403322e-05,6.625736925368263e-08,0.5333333333333333,1.325147385073659e-07,0.4,6.625736925368263e-08,0.5333333333333333
10000.0,4,12,9.642455121200202e-05,1.3946541114654003e-07,0.5333333333333333,2.789308222930807e-07,0.4,1.3946541114654003e-07,0.5333333333333333
10000.0,4,16,0.00013989551385192812,2.9356132193842517e-07,0.5333333333333333,5.87122643876851e-07,0.4,2.9356132193842517e-07,0.5333333333333333
10000.0,4,20,0.00020296443747885455,6.17918443216618e-07,0.5333333333333333,1.2358368864332367e-06,0.4,6.17918443216618e-07,0.5333333333333333
10000.0,4,24,0.00029446664690556217,1.3006590920970754e-06,0.5333333333333333,2.6013181841941517e-06,0.4,1.3006590920970754e-06,0.5333333333333333
10000.0,4,28,0.0004272206856377921,2.737762713552378e-06,0.5333333333333333,5.475525427104757e-06,0.4,2.737762713552378e-06,0.5333333333333333
10000.0,4,32,0.000619824065492076,5.76272808244688e-06,0.5333333333333333,1.152545616489376e-05,0.4,5.76272808244688e-06,0.5333333333333333
10000.0,4,36,0.0008992585918202552,1.2129990224438229e-05,0.5333333333333333,2.4259980448876457e-05,0.4,1.2129990224438229e-05,0.5333333333333333
10000.0,4,40,0.00130467024432256,2.553246669631033e-05,0.5333333333333333,5.106493339262066e-05,0.4,2.553246669631033e-05,0.5333333333333333
10000.0,4,44,0.0018928531369104978,5.3743394968678684e-05,0.5333333333333333,0.00010748678993735737,0.4,5.3743394968678684e-05,0.5333333333333333
10000.0,4,48,0.0027462058044960664,0.00011312469480971831,0.5333333333333333,0.00020362445065749295,0.43478260869565216,0.00011312469480971831,0.5333333333333333
10000.0,4,52,0.003984274412835488,0.00023811663895163365,0.5333333333333333,0.0004047982862177772,0.45454545454545453,0.00023811663895163365,0.5333333333333333
10000.0,4,56,0.005780499979566741,0.0005198969508660255,0.5714285714285714,0.0005056102469706092,0.7142857142857143,0.0004512916050065498,0.42857142857142855
10000.0,4,60,0.008386515724450613,0.0010754662627606862,0.6153846153846154,0.0010040230377368741,0.7142857142857143,0.0008428342263368506,0.3076923076923077
10000.0,4,64,0.012167398364341678,0.0019418734122164378,0.6666666666666666,0.002076578405157006,0.7692307692307693,0.001813150978134958,0.6666666666666666
10000.0,4,68,0.017652811706411337,0.0035032857138498044,0.6666666666666666,0.003709925754001,0.9090909090909091,0.0033591343886613515,0.7272727272727273
10000.0,4,72,0.02561120724503157,0.006602095345690419,0.7272727272727273,0.00660039733007852,0.9090909090909091,0.006333177290753193,0.5454545454545454
10000.0,4,76,0.037157476523115525,0.012614231443359913,0.8,0.012055476500947328,1.0,0.011752012411576465,0.8
10000.0,4,80,0.05390913627602327,0.02405560828681716,0.8,0.023496853344404576,1.0,0.023193389255033715,0.8
10000.0,4,84,0.07821292633311394,0.06501001444780864,0.6666666666666666,0.04757985488112153,1.0,0.0637986469654003,0.6666666666666666
10000.0,4,88,0.11347356437446464,0.11182706873021542,0.5714285714285714,0.0982722646280465,1.0,0.11182706873021542,0.5714285714285714
10000.0,4,92,0.16463071279298497,0.15450813407885702,0.5714285714285714,0.2049749279996505,1.0,0.15450813407885702,0.5714285714285714
10000.0,4,96,0.2388509759443621,0.22960897206606679,0.3333333333333333,0.24423267459304404,0.5714285714285714,0.22836380918946336,0.0
10000.0,5,0,3.076722222128803e-05,1.4199329448211798e-08,0.5333333333333333,2.839865889642446e-08,0.4,1.4199329448211798e-08,0.5333333333333333
10000.0,5,4,4.463797143302445e-05,2.98882274048326e-08,0.5333333333333333,5.977645480966606e-08,0.4,2.98882274048326e-08,0.5333333333333333
10000.0,5,8,6.476205356871148e-05,6.291185373654983e-08,0.5333333333333333,1.2582370747310054e-07,0.4,6.291185373654983e-08,0.5333333333333333
10000.0,5,12,9.395865107198232e-05,1.3242342166899786e-07,0.5333333333333333,2.6484684333799656e-07,0.4,1.3242342166899786e-07,0.5333333333333333
10000.0,5,16,0.00013631791496389035,2.7873860910153665e-07,0.5333333333333333,5.574772182030741e-07,0.4,2.7873860910153665e-07,0.5333333333333333
10000.0,5,20,0.0001977739540541743,5.867180535333398e-07,0.5333333333333333,1.1734361070666804e-06,0.4,5.867180535333398e-07,0.5333333333333333
10000.0,5,24,0.0002869361441787299,1.2349852625423528e-06,0.5333333333333333,2.3464719988304715e-06,0.4166666666666667,1.2349852625423528e-06,0.5333333333333333
10000.0,5,28,0.0004162952155651617,2.599525597536667e-06,0.5333333333333333,4.679146075566002e-06,0.43478260869565216,2.599525597536667e-06,0.5333333333333333
10000.0,5,32,0.0006039730790921077,5.471752204020021e-06,0.5333333333333333,9.849153967236038e-06,0.43478260869565216,5.471752204020021e-06,0.5333333333333333
10000.0,5,36,0.0008762615245836335,1.1517513891984506e-05,0.5333333333333333,1.9579773616373663e-05,0.45454545454545453,1.1517513891984506e-05,0.5333333333333333
10000.0,5,40,0.001271305437354663,2.4243262725712962e-05,0.5333333333333333,3.8789220361140736e-05,0.47619047619047616,2.4243262725712962e-05,0.5333333333333333
10000.0,5,44,0.001844446514772511,5.1029744187846955e-05,0.5333333333333333,8.164759070055513e-05,0.47619047619047616,5.1029744187846955e-05,0.5333333333333333
10000.0,5,48,0.0026759760840284964,0.00010741272003438729,0.5333333333333333,0.00016111908005158105,0.5,0.00010741272003438729,0.5333333333333333
10000.0,5,52,0.003882383113275413,0.00022609347957369132,0.5333333333333333,0.0002939215234457987,0.5555555555555556,0.00022609347957369132,0.5333333333333333
10000.0,5,56,0.005632673149886633,0.0004753934626047856,0.5333333333333333,0.00047590510220180723,0.6666666666666666,0.00042838903137398847,0.42857142857142855
10000.0,5,60,0.008172044305716894,0.0009613117718348801,0.5714285714285714,0.0008887590261068945,0.7142857142857143,0.0008015789480660008,0.6153846153846154
10000.0,5,64,0.011856237057877946,0.001999780598126934,0.6666666666666666,0.0020357481198859393,0.9090909090909091,0.0016127829600346968,0.5454545454545454
10000.0,5,68,0.01720136992823936,0.0034993976890195936,0.7272727272727273,0.003237236091702435,1.0,0.0028795203678331945,0.7272727272727273
10000.0,5,72,0.024956242521444284,0.005998421703981036,0.8,0.005689187942059982,1.0,0.005378789935032548,0.8
10000.0,5,76,0.03620723485323545,0.011159545315942569,0.8,0.010850311554021514,1.0,0.010539913546994082,0.8
10000.0,5,80,0.05253049831483522,0.031296862038135365,0.6666666666666666,0.021713982035178204,1.0,0.030959577183253702,0.6666666666666666
10000.0,5,84,0.07621275870389535,0.04860971203724405,0.6666666666666666,0.044580967055577736,1.0,0.048469024857754894,0.4444444444444444
10000.0,5,88,0.11057166361617832,0.08344581408510585,0.5714285714285714,0.09271377859751109,1.0,0.08344581408510585,0.5714285714285714
10000.0,5,92,0.160420551660524,0.1333625788293183,0.3333333333333333,0.19402873309914276,1.0,0.13232766820554903,0.0
10000.0,5,96,0.23274275301128267,0.1746368131467158,0.3333333333333333,0.1746368131467158,0.3333333333333333,0.1746368131467158,0.3333333333333333
10000.0,6,0,3.138666264969207e-05,1.4776838884283642e-08,0.5333333333333333,2.9553677768567766e-08,0.4,1.4776838884283642e-08,0.5333333333333333
10000.0,6,4,4.5536673433116894e-05,3.1103829410315035e-08,0.5333333333333333,6.220765882063053e-08,0.4,3.1103829410315035e-08,0.5333333333333333
10000.0,6,8,6.606591629373746e-05,6.54705794359669e-08,0.5333333333333333,1.3094115887193423e-07,0.4,6.54705794359669e-08,0.5333333333333333
10000.0,6,12,9.585033263665814e-05,1.3780929399837022e-07,0.5333333333333333,2.7561858799674087e-07,0.4,1.3780929399837022e-07,0.5333333333333333
10000.0,6,16,0.00013906242101767227,2.9007535408944514e-07,0.5333333333333333,5.511431727699462e-07,0.4166666666666667,2.9007535408944514e-07,0.5333333333333333
10000.0,6,20,0.00020175576241975742,6.105808150436642e-07,0.5333333333333333,1.1601035485829622e-06,0.4166666666666667,6.105808150436642e-07,0.5333333333333333
10000.0,6,24,0.00029271306634597375,1.2852140881449367e-06,0.5333333333333333,2.44190676747538e-06,0.4166666666666667,1.2852140881449367e-06,0.5333333333333333
10000.0,6,28,0.00042467654049653026,2.7052524607215176e-06,0.5333333333333333,4.869454429298732e-06,0.43478260869565216,2.7052524607215176e-06,0.5333333333333333
10000.0,6,32,0.0006161329465044626,5.694297116524066e-06,0.5333333333333333,9.680305098090913e-06,0.45454545454545453,5.579172766696985e-06,0.5333333333333333
10000.0,6,36,0.0008939034101681731,1.3789394273076098e-05,0.5714285714285714,1.917751936104694e-05,0.47619047619047616,1.060150639538833e-05,0.6153846153846154
10000.0,6,40,0.0012969007926676459,2.4398041988240476e-05,0.6153846153846154,3.279805748742841e-05,0.5555555555555556,2.1196166707128498e-05,0.6153846153846154
10000.0,6,44,0.0018815809928564155,4.6698786388119234e-05,0.6153846153846154,5.199145339748265e-05,0.7142857142857143,4.3496911107007255e-05,0.6153846153846154
10000.0,6,48,0.0027298518535070516,9.36397157011275e-05,0.6153846153846154,0.00010181202925714757,0.7692307692307693,9.043784042001548e-05,0.6153846153846154
10000.0,6,52,0.003960547630098514,0.00019244587235932434,0.6153846153846154,0.0002006181859153445,0.7692307692307693,0.00018924399707821238,0.6153846153846154
10000.0,6,56,0.005746076480350817,0.0004004233610124669,0.6153846153846154,0.000408595674568487,0.7692307692307693,0.00039711658096258206,0.6153846153846154
10000.0,6,60,0.008336573121131619,0.0008323027088063912,0.6666666666666666,0.0008553942605354881,0.7692307692307693,0.0008323027088063912,0.6666666666666666
10000.0,6,64,0.012094940198173474,0.0016385885422372849,0.6666666666666666,0.0015609135294437214,0.8333333333333334,0.0016385885422372849,0.6666666666666666
10000.0,6,68,0.017547687313697467,0.0030936659284968655,0.8,0.0032841939385971435,0.9090909090909091,0.0030936659284968655,0.8
10000.0,6,72,0.025458689750760374,0.0056453425817431565,0.8,0.0058895169570137695,1.0,0.0056453425817431565,0.8
10000.0,6,76,0.03693619975320279,0.011016377344615856,0.8,0.011260551719886469,1.0,0.011016377344615856,0.8
10000.0,6,80,0.053588101570221244,0.022321890677304734,0.8,0.022566065052575343,1.0,0.022321890677304734,0.8
10000.0,6,84,0.07774715994304039,0.06734931380292888,0.5,0.04636308692238802,1.0,0.06734931380292888,0.5
10000.0,6,88,0.11279781709168978,0.08976442203123443,0.5714285714285714,0.0964535368832,1.0,0.08976442203123443,0.5714285714285714
10000.0,6,92,0.16365031918814477,0.1319386603204285,0.5714285714285714,0.20188913260618518,1.0,0.1319386603204285,0.5714285714285714
10000.0,6,96,0.23742859268820654,0.19787141930956026,0.3333333333333333,0.1978714193095603,0.3333333333333333,0.19787141930956026,0.3333333333333333
10000.0,7,0,3.0375467919778282e-05,1.3840035770182195e-08,0.5333333333333333,2.768007154036484e-08,0.4,1.3840035770182195e-08,0.5333333333333333
10000.0,7,4,4.406960301829454e-05,2.913194865285113e-08,0.5333333333333333,5.826389730570271e-08,0.4,2.913194865285113e-08,0.5333333333333333
10000.0,7,8,6.393744831583321e-05,6.131995945709764e-08,0.5333333333333333,1.2263991891419574e-07,0.4,6.131995945709764e-08,0.5333333333333333
10000.0,7,12,9.276229004020761e-05,1.29072636802554e-07,0.5333333333333333,2.4523800992485306e-07,0.4166666666666667,1.29072636802554e-07,0.5333333333333333
10000.0,7,16,0.0001345821999495205,2.716855281487907e-07,0.5333333333333333,5.162025034827028e-07,0.4166666666666667,2.716855281487907e-07,0.5333333333333333
10000.0,7,20,0.00019525572876005903,5.718719942043262e-07,0.5333333333333333,1.08655678898822e-06,0.4166666666666667,5.718719942043262e-07,0.5333333333333333
10000.0,7,24,0.00028328263045129104,1.203735730731041e-06,0.5333333333333333,2.287097888388978e-06,0.4166666666666667,1.203735730731041e-06,0.5333333333333333
10000.0,7,28,0.0004109945927067634,2.533748328512975e-06,0.5333333333333333,4.814121824174654e-06,0.4166666666666667,2.533748328512975e-06,0.5333333333333333
10000.0,7,32,0.0005962827829051901,5.33329735783737e-06,0.5333333333333333,1.0133264979891005e-05,0.4166666666666667,5.33329735783737e-06,0.5333333333333333
10000.0,7,36,0.0008651042215604959,1.1226079712426872e-05,0.5333333333333333,2.132955145361106e-05,0.4166666666666667,1.1226079712426872e-05,0.5333333333333333
10000.0,7,40,0.0012551181010382953,2.3629821713309646e-05,0.5333333333333333,3.544473256996585e-05,0.5,2.3629821713309646e-05,0.5333333333333333
10000.0,7,44,0.0018209614613975322,5.7576344590767764e-05,0.5714285714285714,6.963391352179628e-05,0.5263157894736842,4.476476605365792e-05,0.5714285714285714
10000.0,7,48,0.0026419032927275637,0.00010703700150786882,0.5714285714285714,0.00012563375414624537,0.5882352941176471,9.422696096274315e-05,0.5714285714285714
10000.0,7,52,0.0038329493270923337,0.000211146943242962,0.5714285714285714,0.0002644470097930369,0.5882352941176471,0.00017872505448692256,0.6153846153846154
10000.0,7,56,0.005560953190262207,0.00042856766754449324,0.6153846153846154,0.00041922792382074656,0.7142857142857143,0.0003864514844421336,0.6153846153846154
10000.0,7,60,0.00806799092430121,0.0008201576965012739,0.6666666666666666,0.0008795873773191736,0.7692307692307693,0.0007964708104859651,0.6153846153846154
10000.0,7,64,0.011705273417620256,0.001553982702240186,0.6666666666666666,0.0016108901937128045,0.8333333333333334,0.001553982702240186,0.6666666666666666
10000.0,7,68,0.016982347534446995,0.002929776212307519,0.7272727272727273,0.0029784145584513945,0.9090909090909091,0.002897502357197821,0.5454545454545454
10000.0,7,72,0.02463847852939525,0.005778743786227068,0.7272727272727273,0.0055504271394225405,0.9090909090909091,0.005337421622255429,0.6
10000.0,7,76,0.03574621370880096,0.01109285665820822,0.8,0.010581437760617849,1.0,0.010241116466994663,0.8
10000.0,7,80,0.051861635570994526,0.021681637530083533,0.8,0.021170218632493163,1.0,0.020829897338869977,0.8
10000.0,7,84,0.07524235338626752,0.05375989805362266,0.6666666666666666,0.043458587375033046,1.0,0.053660722642396394,0.4444444444444444
10000.0,7,88,0.10916377165455836,0.09331882453477774,0.5,0.09037346711561751,1.0,0.09331882453477774,0.5
10000.0,7,92,0.15837794148559264,0.14512575385372367,0.3333333333333333,0.1891247919208569,1.0,0.14392957599961495,0.0
10000.0,7,96,0.22977927538624365,0.18544941874302845,0.3333333333333333,0.18544941874302845,0.3333333333333333,0.18544941874302845,0.3333333333333333
10000.0,8,0,3.147915656832983e-05,1.4864059473801387e-08,0.5333333333333333,2.9728118947603172e-08,0.4,1.4864059473801387e-08,0.5333333333333333
10000.0,8,4,4.5670866272112415e-05,3.1287420390677703e-08,0.5333333333333333,6.257484078135575e-08,0.4,3.1287420390677703e-08,0.5333333333333333
10000.0,8,8,6.626060712642023e-05,6.58570208514273e-08,0.5333333333333333,1.317140417028548e-07,0.4,6.58570208514273e-08,0.5333333333333333
10000.0,8,12,9.613279569962366e-05,1.386227161353839e-07,0.5333333333333333,2.7724543227076787e-07,0.4,1.386227161353839e-07,0.5333333333333333
10000.0,8,16,0.00013947222655828474,2.91787529716883e-07,0.5333333333333333,5.835750594337657e-07,0.4,2.91787529716883e-07,0.5333333333333333
10000.0,8,20,0.00020235032009166507,6.141847806179904e-07,0.5333333333333333,1.22836956123598e-06,0.4,5.858854666863476e-07,0.5714285714285714
10000.0,8,24,0.00029357566772685294,1.2928000902190146e-06,0.5333333333333333,2.585600180438027e-06,0.4,1.1966392453272703e-06,0.5714285714285714
10000.0,8,28,0.00042592802740428013,2.6361393529683006e-06,0.5714285714285714,5.442440535855037e-06,0.4,2.4822174052649198e-06,0.5714285714285714
10000.0,8,32,0.0006179486397261371,5.342158149915208e-06,0.5714285714285714,1.1455815640181495e-05,0.4,5.170177843713885e-06,0.5714285714285714
10000.0,8,36,0.0008965376701470983,1.103806833073616e-05,0.5714285714285714,2.290772412879444e-05,0.4166666666666667,1.0866088024534841e-05,0.5714285714285714
10000.0,8,40,0.0013007226528551107,2.3027413277114433e-05,0.5714285714285714,4.5680744330561796e-05,0.43478260869565216,2.285543297091311e-05,0.5714285714285714
10000.0,8,44,0.0018871258576037772,4.8263835144730235e-05,0.5714285714285714,8.012799005482785e-05,0.5,4.8091854838528906e-05,0.5714285714285714
10000.0,8,48,0.0027378965028553915,0.0001013840841265286,0.5714285714285714,0.00015741762246730348,0.5263157894736842,0.00010121210382032729,0.5714285714285714
10000.0,8,52,0.003972219038885994,0.00021319711636582655,0.5714285714285714,0.0002366778613933256,0.6666666666666666,0.00019004670180489548,0.46153846153846156
10000.0,8,56,0.005763009696105285,0.00044855283133678116,0.5714285714285714,0.0004396088003839422,0.7142857142857143,0.0003992517817790774,0.46153846153846156
10000.0,8,60,0.00836114031786068,0.0010018179779139045,0.6153846153846154,0.0008342236184511496,0.9090909090909091,0.0008071331604002567,0.9090909090909091
10000.0,8,64,0.012130582994194969,0.0020803071879969028,0.6666666666666666,0.0017069595788168335,1.0,0.0016365017282070312,0.5
10000.0,8,68,0.017599398907911512,0.003483879849226777,0.8,0.0029263680648724186,1.0,0.0029263680648724186,1.0
10000.0,8,72,0.025533714419828015,0.006050617825378298,0.8,0.0054931060410239405,1.0,0.0052874097257022265,0.8
10000.0,8,76,0.037045047702183254,0.011453355229256047,0.8,0.010895843444901689,1.0,0.010690147129579974,0.8
10000.0,8,80,0.053746021307082364,0.02282559958238844,0.8,0.022268087798034082,1.0,0.022062391482712367,0.8
10000.0,8,84,0.077976274441971,0.05636452367835319,0.6666666666666666,0.04620557206934579,1.0,0.05593003099252464,0.6666666666666666
10000.0,8,88,0.11313022300030899,0.10751545330101958,0.5,0.09659168192122125,1.0,0.10751545330101958,0.5
10000.0,8,92,0.16413258324651162,0.16565123776905366,0.3333333333333333,0.20264961337427193,1.0,0.16448620352939713,0.0
10000.0,8,96,0.2381282752629194,0.20843037803920836,0.3333333333333333,0.20843037803920839,0.3333333333333333,0.20843037803920836,0.3333333333333333
10000.0,9,0,2.9683247444850576e-05,1.3216427683083428e-08,0.5333333333333333,2.643285536616814e-08,0.4,1.3216427683083428e-08,0.5333333333333333
10000.0,9,4,4.3065309632205294e-05,2.7819313405765713e-08,0.5333333333333333,5.5638626811532704e-08,0.4,2.7819313405765713e-08,0.5333333333333333
10000.0,9,8,6.24803905692418e-05,5.8556988085275e-08,0.5333333333333333,1.1711397617055127e-07,0.4,5.8556988085275e-08,0.5333333333333333
10000.0,9,12,9.064834872952234e-05,1.2325684691083647e-07,0.5333333333333333,2.4651369382167416e-07,0.4,1.2325684691083647e-07,0.5333333333333333
10000.0,9,16,0.0001315152330599269,2.5944384790210335e-07,0.5333333333333333,5.18887695804208e-07,0.4,2.5944384790210335e-07,0.5333333333333333
10000.0,9,20,0.00019080608493394244,5.461044307172828e-07,0.5333333333333333,1.0922088614345668e-06,0.4,5.461044307172828e-07,0.5333333333333333
10000.0,9,24,0.0002768269591343043,1.1494974795531867e-06,0.5333333333333333,2.2989949591063746e-06,0.4,1.1494974795531867e-06,0.5333333333333333
10000.0,9,28,0.0004016285189755683,2.419582008817627e-06,0.5333333333333333,4.839164017635256e-06,0.4,2.419582008817627e-06,0.5333333333333333
10000.0,9,32,0.0005826942135944574,5.092988198346946e-06,0.5333333333333333,9.676677576859199e-06,0.4166666666666667,5.092988198346946e-06,0.5333333333333333
10000.0,9,36,0.0008453895341458981,1.072025196665128e-05,0.5333333333333333,2.036847873663743e-05,0.4166666666666667,1.072025196665128e-05,0.5333333333333333
10000.0,9,40,0.001226515465178145,2.2565102794817422e-05,0.5333333333333333,4.061718503067136e-05,0.43478260869565216,2.0411634868049958e-05,0.42857142857142855
10000.0,9,44,0.0017794639341507865,4.748577862903959e-05,0.5333333333333333,7.599580543064162e-05,0.47619047619047616,4.21409664664981e-05,0.6153846153846154
10000.0,9,48,0.0025816974859615657,9.64285701374823e-05,0.5714285714285714,0.0001499661429529562,0.5,8.41250066594206e-05,0.6153846153846154
10000.0,9,52,0.003745601010003658,0.00019439969708529966,0.6153846153846154,0.000231487194281317,0.625,0.0001724973868648624,0.6153846153846154
10000.0,9,56,0.005434225738076766,0.0003804150864401263,0.6153846153846154,0.00048725835464421896,0.625,0.00035851277621968907,0.6153846153846154
10000.0,9,60,0.007884131089645106,0.000771959650436117,0.6153846153846154,0.0008621311210682415,0.7142857142857143,0.0007500573402156798,0.6153846153846154
10000.0,9,64,0.011438524278291675,0.0017338001173423808,0.6666666666666666,0.001902945194041013,0.7692307692307693,0.001568546917922159,0.46153846153846156
10000.0,9,68,0.016595340206470067,0.0032517376458282266,0.6666666666666666,0.003275211901644197,0.8333333333333334,0.0029857563901242072,0.3333333333333333
10000.0,9,72,0.024076997160477506,0.0064468506406484055,0.6666666666666666,0.0064784336701852515,0.9090909090909091,0.005323367865439964,0.8
10000.0,9,76,0.0349316003801858,0.013372456283520136,0.7272727272727273,0.012115319250459661,0.9090909090909091,0.010127229711855127,0.8
10000.0,9,80,0.05067977111049329,0.023663300636969226,0.8,0.022443771773535705,1.0,0.020238898422037573,0.8
10000.0,9,84,0.07352767041469074,0.06094252070298241,0.6666666666666666,0.043727865149531205,1.0,0.057772575635827356,0.6666666666666666
10000.0,9,88,0.10667606025339785,0.10969190158035444,0.5,0.08852884150884506,1.0,0.10767862210717605,0.25
10000.0,9,92,0.15476869819219652,0.1496700610113953,0.5714285714285714,0.18283060232574988,1.0,0.14848650852189405,0.2857142857142857
10000.0,9,96,0.22454288134759107,0.2059065436893312,0.3333333333333333,0.314918628257188,0.75,0.2059065436893312,0.3333333333333333
10000.0,10,0,3.432181715980347e-05,1.7669806997264702e-08,0.5333333333333333,3.533961399453022e-08,0.4,1.7669806997264702e-08,0.5333333333333333
10000.0,10,4,4.979508006571866e-05,3.7193249981269985e-08,0.5333333333333333,7.438649996254078e-08,0.4,3.7193249981269985e-08,0.5333333333333333
10000.0,10,8,7.224413518685408e-05,7.828822603344673e-08,0.5333333333333333,1.5657645206689428e-07,0.4,7.828822603344673e-08,0.5333333333333333
10000.0,10,12,0.00010481387040663909,1.6478921144429597e-07,0.5333333333333333,3.2957842288859274e-07,0.4,1.6478921144429597e-07,0.5333333333333333
10000.0,10,16,0.00015206697957149593,3.4686549413996637e-07,0.5333333333333333,6.937309882799336e-07,0.4,3.4686549413996637e-07,0.5333333333333333
10000.0,10,20,0.00022062315022128033,7.301186162034244e-07,0.5333333333333333,1.4602372324068496e-06,0.4,7.301186162034244e-07,0.5333333333333333
10000.0,10,24,0.00032008641554346647,1.5368297012319705e-06,0.5333333333333333,2.919976432340745e-06,0.4166666666666667,1.5368297012319705e-06,0.5333333333333333
10000.0,10,28,0.0004643905832760714,3.234879207532347e-06,0.5333333333333333,6.14627049431146e-06,0.4166666666666667,3.234879207532347e-06,0.5333333333333333
10000.0,10,32,0.0006737512226794399,6.809110650930602e-06,0.5333333333333333,1.2937310236768145e-05,0.4166666666666667,6.809110650930602e-06,0.5333333333333333
10000.0,10,36,0.0009774976634101568,1.4332525229584744e-05,0.5333333333333333,2.7231797936211013e-05,0.4166666666666667,1.4332525229584744e-05,0.5333333333333333
10000.0,10,40,0.0014181817409879933,3.016859175707604e-05,0.5333333333333333,5.430346516273695e-05,0.43478260869565216,3.016859175707604e-05,0.5333333333333333
10000.0,10,44,0.0020575388829628546,6.350199382356046e-05,0.5333333333333333,0.00010795338950005284,0.45454545454545453,6.350199382356046e-05,0.5333333333333333
10000.0,10,48,0.0029851366242768995,0.00013366560998398925,0.5333333333333333,0.00022723153697278172,0.45454545454545453,0.00012051983122860623,0.5714285714285714
10000.0,10,52,0.004330922122243148,0.0002813532964340264,0.5333333333333333,0.00042202994465103956,0.5,0.0002534387490336397,0.5714285714285714
10000.0,10,56,0.006283426452375071,0.0005812450015918085,0.5333333333333333,0.0007106660636833223,0.5882352941176471,0.0004905734736448407,0.3076923076923077
10000.0,10,60,0.009116175924668395,0.0012882768629906664,0.6153846153846154,0.001209123552774437,0.8333333333333334,0.0010140520597300034,0.3076923076923077
10000.0,10,64,0.013226010381340744,0.0023445593402044817,0.6666666666666666,0.0023316915975267125,0.7692307692307693,0.0017367461758602796,0.36363636363636365
10000.0,10,68,0.019188676485935217,0.004308749644549123,0.6666666666666666,0.004238292628955594,0.8333333333333334,0.00347624776793123,0.36363636363636365
10000.0,10,72,0.027839484067043133,0.008053819248145869,0.8,0.007855807439865886,1.0,0.007533199311885646,0.7272727272727273
10000.0,10,76,0.04039032466294537,0.014476380147588251,0.8,0.014278368339308272,1.0,0.014278368339308272,1.0
10000.0,10,80,0.05859944539379548,0.035476768312847864,0.6666666666666666,0.027797243394925415,1.0,0.03498716192339464,0.4444444444444444
10000.0,10,84,0.08501776178121977,0.05812943186272407,0.6666666666666666,0.05625317952863401,1.0,0.05768881962211779,0.4444444444444444
10000.0,10,88,0.1233462154755059,0.1146978556616752,0.5,0.11615019743244676,1.0,0.11455014897432816,0.25
10000.0,10,92,0.17895423913042527,0.16665754035821462,0.3333333333333333,0.242227678662093,1.0,0.16507267985091018,0.0
10000.0,10,96,0.259631960164265,0.21867498231509824,0.3333333333333333,0.21867498231509824,0.3333333333333333,0.21814888240489375,0.0
10000.0,11,0,2.9572576530408613e-05,1.311805923970313e-08,0.5333333333333333,2.623611847940724e-08,0.4,1.311805923970313e-08,0.5333333333333333
10000.0,11,4,4.290474508459043e-05,2.7612257261605324e-08,0.5333333333333333,5.52245145232116e-08,0.4,2.7612257261605324e-08,0.5333333333333333
10000.0,11,8,6.224743890275598e-05,5.8121154749285124e-08,0.5333333333333333,1.1624230949857116e-07,0.4,5.8121154749285124e-08,0.5333333333333333
10000.0,11,12,9.031037574778612e-05,1.2233945951559485e-07,0.5333333333333333,2.4467891903119055e-07,0.4,1.2233945951559485e-07,0.5333333333333333
10000.0,11,16,0.0001310248921316699,2.5751283537173613e-07,0.5333333333333333,5.15025670743473e-07,0.4,2.5751283537173613e-07,0.5333333333333333
10000.0,11,20,0.00019009468420395277,5.420398344390082e-07,0.5333333333333333,1.084079668878017e-06,0.4,5.420398344390082e-07,0.5333333333333333
10000.0,11,24,0.0002757948384821923,1.1409418940012787e-06,0.5333333333333333,2.2818837880025574e-06,0.4,1.1409418940012787e-06,0.5333333333333333
10000.0,11,28,0.00040013108863060423,2.4015733213306877e-06,0.5333333333333333,4.8031466426613746e-06,0.4,2.4015733213306877e-06,0.5333333333333333
10000.0,11,32,0.0005805216985561903,5.005746098618454e-06,0.5333333333333333,1.0110163274836928e-05,0.4,4.935153894645775e-06,0.5333333333333333
10000.0,11,36,0.0008422375868066651,1.006424739541226e-05,0.5714285714285714,2.0216878349952573e-05,0.4166666666666667,9.963009665429353e-06,0.5714285714285714
10000.0,11,40,0.0012219425292700821,2.0645269190234444e-05,0.5714285714285714,4.255459102791052e-05,0.4166666666666667,2.054403146025154e-05,0.5714285714285714
10000.0,11,44,0.0017728293871331513,4.282961597610461e-05,0.6153846153846154,8.485894896883843e-05,0.43478260869565216,4.282961597610461e-05,0.6153846153846154
10000.0,11,48,0.002572071894216096,8.450117349370628e-05,0.6153846153846154,0.00015877329189639306,0.47619047619047616,8.450117349370628e-05,0.6153846153846154
10000.0,11,52,0.0037316359244892777,0.00017326951361306542,0.6666666666666666,0.00027153958012230946,0.5555555555555556,0.00017221580762077712,0.6153846153846154
10000.0,11,56,0.005413964790118347,0.0003348215484079391,0.6666666666666666,0.0005275982654755415,0.5882352941176471,0.0003348215484079391,0.6666666666666666
10000.0,11,60,0.007854735923267422,0.0007995488684368312,0.7272727272727273,0.0008308257899524035,0.7142857142857143,0.0006748730960020176,0.6666666666666666
10000.0,11,64,0.011395876924962255,0.0014130710786184062,0.7272727272727273,0.0016759312346404272,0.8333333333333334,0.0014130710786184062,0.7272727272727273
10000.0,11,68,0.01653346619893306,0.0026375918494717277,0.7272727272727273,0.0029326230669174088,0.9090909090909091,0.0026375918494717277,0.7272727272727273
10000.0,11,72,0.023987228569701945,0.004911208670108497,0.8,0.00519786130311205,1.0,0.004909685451329984,0.6
10000.0,11,76,0.03480136152528359,0.009679315891796225,0.8,0.009965968524799777,1.0,0.009677792673017712,0.6
10000.0,11,80,0.050490816831722796,0.01971572454420442,0.8,0.020002377177207976,1.0,0.019539768337418953,0.4
10000.0,11,84,0.07325353010923057,0.05651441383048911,0.6666666666666666,0.041128055345678226,1.0,0.05635006692925252,0.4444444444444444
10000.0,11,88,0.10627832960889057,0.09254314814699155,0.5714285714285714,0.08559558287811853,1.0,0.0923478671770356,0.2857142857142857
10000.0,11,92,0.1541916591270556,0.13850497198572037,0.3333333333333333,0.17919546587735444,1.0,0.13732000078665899,0.0
10000.0,11,96,0.22370569646556826,0.17720908032935168,0.3333333333333333,0.22747327979387372,0.5714285714285714,0.17672375711684524,0.0
10000.0,12,0,2.805989645269197e-05,1.1810366834036934e-08,0.5333333333333333,2.3620733668074544e-08,0.4,1.1810366834036934e-08,0.5333333333333333
10000.0,12,4,4.0710105295181647e-05,2.4859690097171652e-08,0.5333333333333333,4.971938019434397e-08,0.4,2.4859690097171652e-08,0.5333333333333333
10000.0,12,8,5.9063392337849444e-05,5.2327264716821e-08,0.5333333333333333,1.0465452943364267e-07,0.4,5.2327264716821e-08,0.5333333333333333
10000.0,12,12,8.569086935934859e-05,1.1014387637341422e-07,0.5333333333333333,2.202877527468291e-07,0.4,1.1014387637341422e-07,0.5333333333333333
10000.0,12,16,0.0001243227793208789,2.318423018710193e-07,0.5333333333333333,4.6368460374203924e-07,0.4,2.318423018710193e-07,0.5333333333333333
10000.0,12,20,0.00018037106606133088,4.880058220815149e-07,0.5333333333333333,9.760116441630303e-07,0.4,4.880058220815149e-07,0.5333333333333333
10000.0,12,24,0.0002616875334497712,1.027205477445377e-06,0.5333333333333333,2.0544109548907546e-06,0.4,1.027205477445377e-06,0.5333333333333333
10000.0,12,28,0.0003796638045025471,2.1621690667402243e-06,0.5333333333333333,4.324338133480449e-06,0.4,2.1621690667402243e-06,0.5333333333333333
10000.0,12,32,0.0005508271737255518,4.551158629717188e-06,0.5333333333333333,9.102317259434376e-06,0.4,4.551158629717188e-06,0.5333333333333333
10000.0,12,36,0.0007991559156186125,9.579752662023345e-06,0.5333333333333333,1.915950532404669e-05,0.4,8.66170758404563e-06,0.42857142857142855
10000.0,12,40,0.001159438400884756,1.9898181560783628e-05,0.5714285714285714,3.22631377307089e-05,0.47619047619047616,1.850230368282779e-05,0.2857142857142857
10000.0,12,44,0.0016821465988969154,3.994999851969613e-05,0.5714285714285714,6.791081232433114e-05,0.47619047619047616,3.733549905853384e-05,0.46153846153846156
10000.0,12,48,0.002440506695328712,8.121338275550464e-05,0.5714285714285714,0.00012507753152882982,0.5263157894736842,7.485296805569957e-05,0.46153846153846156
10000.0,12,52,0.0035407573476949187,0.00016095749562512645,0.6153846153846154,0.0001698138881979917,0.7142857142857143,0.000153823644039435,0.46153846153846156
10000.0,12,56,0.005137032657706744,0.0003271831987982071,0.6153846153846154,0.0003662801912355164,0.7142857142857143,0.00032004934721251567,0.46153846153846156
10000.0,12,60,0.0074529548158744205,0.0006770723703316485,0.6153846153846154,0.0007599055092106377,0.7142857142857143,0.0006699385187459569,0.46153846153846156
10000.0,12,64,0.01081296133170052,0.001413555537612268,0.6153846153846154,0.0016377271354670476,0.7142857142857143,0.0012346297061279206,0.6666666666666666
10000.0,12,68,0.0156877554807949,0.003003797703688673,0.6666666666666666,0.0030141935370682368,0.7692307692307693,0.002617124497598725,0.8333333333333334
10000.0,12,72,0.022760247121544633,0.006310529030365261,0.7272727272727273,0.006119811022731215,0.9090909090909091,0.005472317856188713,0.8333333333333334
10000.0,12,76,0.03302122152961634,0.011217982526938463,0.7272727272727273,0.011128044034793338,0.9090909090909091,0.009202250212475277,0.6
10000.0,12,80,0.047908138496257115,0.02028542969696201,0.8,0.020260471445028797,1.0,0.018238165183989446,0.6
10000.0,12,84,0.06950650605453897,0.05464603595731259,0.5,0.03928020631802711,1.0,0.05304165951520953,0.25
10000.0,12,88,0.10084203927662744,0.07095571091581121,0.5714285714285714,0.07931492507972118,1.0,0.06931790317739789,0.2857142857142857
10000.0,12,92,0.14630453266474902,0.10466340909415643,0.5714285714285714,0.16358417052558424,1.0,0.1030256013557431,0.2857142857142857
10000.0,12,96,0.212262826414417,0.167538797327566,0.3333333333333333,0.22655144009627,0.75,0.16685328977209166,0.0
10000.0,13,0,2.7246879852927142e-05,1.1135886925797705e-08,0.5333333333333333,2.227177385159667e-08,0.4,1.1135886925797705e-08,0.5333333333333333
10000.0,13,4,3.9530557414847925e-05,2.3439974542928824e-08,0.5333333333333333,4.687994908585891e-08,0.4,2.3439974542928824e-08,0.5333333333333333
10000.0,13,8,5.735207032744739e-05,4.933889956266708e-08,0.5333333333333333,9.867779912533542e-08,0.4,4.933889956266708e-08,0.5333333333333333
10000.0,13,12,8.320803413738376e-05,1.0385365417512033e-07,0.5333333333333333,2.0770730835024193e-07,0.4,1.0385365417512033e-07,0.5333333333333333
10000.0,13,16,0.00012072061052858896,2.18601987095929e-07,0.5333333333333333,4.3720397419185925e-07,0.4,2.18601987095929e-07,0.5333333333333333
10000.0,13,20,0.00017514493591247668,4.6013622863678356e-07,0.5333333333333333,9.202724572735684e-07,0.4,4.6013622863678356e-07,0.5333333333333333
10000.0,13,24,0.00025410531342964825,9.685426546976967e-07,0.5333333333333333,1.937085309395394e-06,0.4,9.685426546976967e-07,0.5333333333333333
10000.0,13,28,0.00036866330149246465,2.0386894480098585e-06,0.5333333333333333,3.8735099512187315e-06,0.4166666666666667,2.0386894480098585e-06,0.5333333333333333
10000.0,13,32,0.000534867327380593,4.2912458684888765e-06,0.5333333333333333,8.153367150128865e-06,0.4166666666666667,4.2912458684888765e-06,0.5333333333333333
10000.0,13,36,0.0007760009112409731,9.032661213702309e-06,0.5333333333333333,1.5355524063293925e-05,0.45454545454545453,9.032661213702309e-06,0.5333333333333333
10000.0,13,40,0.0011258444541674775,1.901288602469498e-05,0.5333333333333333,3.2321906241981466e-05,0.45454545454545453,1.901288602469498e-05,0.5333333333333333
10000.0,13,44,0.0016334075342162282,4.0020302592515084e-05,0.5333333333333333,6.803451440727564e-05,0.45454545454545453,4.0020302592515084e-05,0.5333333333333333
10000.0,13,48,0.002369794657652996,8.423890079161021e-05,0.5333333333333333,0.00012635835118741538,0.5,8.423890079161021e-05,0.5333333333333333
10000.0,13,52,0.003438166288448901,0.00017722182917889257,0.5333333333333333,0.00021277777368647696,0.5882352941176471,0.00014209411394281734,0.3076923076923077
10000.0,13,56,0.004988190596536239,0.0004126456031812066,0.6666666666666666,0.0004478768176927061,0.5882352941176471,0.0003359138675811914,0.5714285714285714
10000.0,13,60,0.0072370104700775996,0.0007203429023181886,0.7272727272727273,0.0008641762889762115,0.625,0.0006238452301392058,0.5
10000.0,13,64,0.010499663060265013,0.001241160336833916,0.7272727272727273,0.001249634172903328,0.9090909090909091,0.001229470817053218,0.7272727272727273
10000.0,13,68,0.015233213332343235,0.0023374311132801913,0.7272727272727273,0.0023459049493496026,0.9090909090909091,0.0023257415934994927,0.7272727272727273
10000.0,13,72,0.022100784291531582,0.00453706987419104,0.7272727272727273,0.004653449850198767,0.9090909090909091,0.00453706987419104,0.7272727272727273
10000.0,13,76,0.03206445387748503,0.008636115953022319,0.8,0.009154177935916162,0.9090909090909091,0.008636115953022319,0.8
10000.0,13,80,0.046520032452211015,0.017155997579722828,0.8,0.017704263198723296,1.0,0.017155997579722828,0.8
10000.0,13,84,0.06749260185823275,0.04667388353761656,0.6666666666666666,0.035637797345516975,1.0,0.04667388353761656,0.6666666666666666
10000.0,13,88,0.09792020911149263,0.09616111386561613,0.5,0.07338616769685088,1.0,0.09616111386561613,0.5
10000.0,13,92,0.14206545737529389,0.1330857975114106,0.3333333333333333,0.1528428688979484,1.0,0.13255508848422104,0.0
10000.0,13,96,0.2061126539902645,0.16493644939865218,0.3333333333333333,0.288995806175115,0.8888888888888888,0.16493644939865218,0.3333333333333333
10000.0,14,0,2.9759624206338216e-05,1.3284528493537123e-08,0.5333333333333333,2.656905698707553e-08,0.4,1.3284528493537123e-08,0.5333333333333333
10000.0,14,4,4.317611923577988e-05,2.7962659083934302e-08,0.5333333333333333,5.5925318167869815e-08,0.4,2.7962659083934302e-08,0.5333333333333333
10000.0,14,8,6.264115633104154e-05,5.8858716997349915e-08,0.5333333333333333,1.1771743399470093e-07,0.4,5.8858716997349915e-08,0.5333333333333333
10000.0,14,12,9.088159232333823e-05,1.23891957348382e-07,0.5333333333333333,2.477839146967649e-07,0.4,1.23891957348382e-07,0.5333333333333333
10000.0,14,16,0.0001318536295782348,2.607806944943157e-07,0.5333333333333333,5.215613889886319e-07,0.4,2.607806944943157e-07,0.5333333333333333
10000.0,14,20,0.00019129704034124637,5.489183646498073e-07,0.5333333333333333,1.0978367292996138e-06,0.4,5.489183646498073e-07,0.5333333333333333
10000.0,14,24,0.0002775392513681791,1.290167712202934e-06,0.5714285714285714,2.195299027425265e-06,0.4166666666666667,1.270962594825154e-06,0.625
10000.0,14,28,0.00040266193304717296,2.439133761919168e-06,0.5714285714285714,4.620894021270652e-06,0.4166666666666667,2.432049484892472e-06,0.5333333333333333
10000.0,14,32,0.0005841935204696439,4.85759716187048e-06,0.5714285714285714,9.214615872685341e-06,0.43478260869565216,4.657934850214669e-06,0.5714285714285714
10000.0,14,36,0.0008475647717082158,9.948230795778607e-06,0.5714285714285714,1.93958831405016e-05,0.43478260869565216,9.748568484122798e-06,0.5714285714285714
10000.0,14,40,0.001229671362433621,2.0663526629984137e-05,0.5714285714285714,3.855833731952861e-05,0.45454545454545453,2.0413371742422942e-05,0.42857142857142855
10000.0,14,44,0.001784042600711007,4.321819724107567e-05,0.5714285714285714,6.683896802418559e-05,0.5263157894736842,4.296804235351449e-05,0.42857142857142855
10000.0,14,48,0.002588340347174271,9.069361688846585e-05,0.5714285714285714,0.0001406896208090147,0.5263157894736842,9.044346200090464e-05,0.42857142857142855
10000.0,14,52,0.003755238664222605,0.00019062482446670486,0.5714285714285714,0.00029613816593071984,0.5263157894736842,0.00019042516215504905,0.5714285714285714
10000.0,14,56,0.005448208324174808,0.00040097043746423135,0.5714285714285714,0.0003570872373942302,0.7692307692307693,0.00035675049810990296,0.7692307692307693
10000.0,14,60,0.007904417427953942,0.000843727790042645,0.5714285714285714,0.0008452636151334027,0.7142857142857143,0.000750312589290715,0.7692307692307693
10000.0,14,64,0.011467956281720438,0.0017052475041884317,0.5714285714285714,0.0017017991577549577,0.7692307692307693,0.001492406426188647,0.7272727272727273
10000.0,14,68,0.01663804100405331,0.003237550721953734,0.6666666666666666,0.0030801830733070443,0.8333333333333334,0.0028144274518675507,0.36363636363636365
10000.0,14,72,0.024138948706476003,0.006627435333755635,0.8,0.006479940308159781,0.9090909090909091,0.005552979836558501,0.7272727272727273
10000.0,14,76,0.03502148146599273,0.011456050229398083,0.8,0.012243107065094402,1.0,0.010418022538904654,0.4
10000.0,14,80,0.050810173176424445,0.021619821735488355,0.8,0.022406878571184674,1.0,0.02058179404499493,0.4
10000.0,14,84,0.073716861484719,0.06033357173901546,0.6666666666666666,0.0438006433382272,1.0,0.05931573043349568,0.4444444444444444
10000.0,14,88,0.10695054410242927,0.09889327032700837,0.5714285714285714,0.08883246746309037,1.0,0.09889327032700837,0.5714285714285714
10000.0,14,92,0.15516692725960363,0.1368083396211527,0.5714285714285714,0.18362014069845126,1.0,0.1368083396211527,0.5714285714285714
10000.0,14,96,0.22512064353901892,0.20968129794732865,0.3333333333333333,0.2657340315742678,0.75,0.20852533745085156,0.0
10000.0,15,0,3.0287678043593463e-05,1.3760151619085605e-08,0.5333333333333333,2.752030323817201e-08,0.4,1.3760151619085605e-08,0.5333333333333333
10000.0,15,4,4.3942234939465005e-05,2.8963800172127087e-08,0.5333333333333333,5.7927600344254974e-08,0.4,2.8963800172127087e-08,0.5333333333333333
10000.0,15,8,6.375265904160559e-05,6.096602302312822e-08,0.5333333333333333,1.2193204604625723e-07,0.4,6.096602302312822e-08,0.5333333333333333
10000.0,15,12,9.249419244320079e-05,1.2832763453579792e-07,0.5333333333333333,2.5665526907159664e-07,0.4,1.2832763453579792e-07,0.5333333333333333
10000.0,15,16,0.0001341932362403374,2.7011736978982505e-07,0.5333333333333333,5.40234739579651e-07,0.4,2.7011736978982505e-07,0.5333333333333333
10000.0,15,20,0.00019469140901698566,5.685711711752881e-07,0.5333333333333333,1.1371423423505771e-06,0.4,5.685711711752881e-07,0.5333333333333333
10000.0,15,24,0.00028246389912776676,1.1967878146569179e-06,0.5333333333333333,2.3935756293138366e-06,0.4,1.1967878146569179e-06,0.5333333333333333
10000.0,15,28,0.00040980675374073836,2.519123631172832e-06,0.5333333333333333,5.038247262345665e-06,0.4,2.519123631172832e-06,0.5333333333333333
10000.0,15,32,0.0005945594319490621,5.3025137717938695e-06,0.5333333333333333,1.0074776166408352e-05,0.4166666666666667,5.3025137717938695e-06,0.5333333333333333
10000.0,15,36,0.0008626039343978968,1.1161283214580969e-05,0.5333333333333333,2.009030978624574e-05,0.43478260869565216,1.1161283214580969e-05,0.5333333333333333
10000.0,15,40,0.0012514906124682927,2.3493431296443936e-05,0.5333333333333333,3.993883320395469e-05,0.45454545454545453,2.3493431296443936e-05,0.5333333333333333
10000.0,15,44,0.0018156985965865073,4.945142090469319e-05,0.5333333333333333,7.912227344750911e-05,0.47619047619047616,4.945142090469319e-05,0.5333333333333333
10000.0,15,48,0.002634267777002395,0.0001040905008142971,0.5333333333333333,0.00015613575122144565,0.5,9.424158415899453e-05,0.42857142857142855
10000.0,15,52,0.0038218715011396013,0.0002185048311358996,0.5714285714285714,0.0003067407371956844,0.5263157894736842,0.00019519315649407212,0.42857142857142855
10000.0,15,56,0.005544881161566813,0.00042488517101395545,0.5714285714285714,0.00045615592572950653,0.6666666666666666,0.0003873079517328327,0.46153846153846156
10000.0,15,60,0.00804467316254112,0.0008713856278330309,0.6666666666666666,0.0008677324206849761,0.8333333333333334,0.000746364323754162,0.3333333333333333
10000.0,15,64,0.011671443337808606,0.0018245443310947367,0.7272727272727273,0.0017804268646540607,1.0,0.0012903654161522278,0.6
10000.0,15,68,0.01693326588107744,0.0029649973872387923,0.8,0.002909273643240944,1.0,0.002419212194739111,0.6
10000.0,15,72,0.024567269454190535,0.005341111650005357,0.8,0.0052853879060075085,1.0,0.004795326457505676,0.6
10000.0,15,76,0.035642901533203875,0.010342604409536835,0.8,0.010286880665538987,1.0,0.009796819217037154,0.6
10000.0,15,80,0.05171174729346925,0.020870267247821518,0.8,0.020814543503823668,1.0,0.020324482055321835,0.6
10000.0,15,84,0.07502489115967466,0.05555767327823496,0.6666666666666666,0.04297426464415421,1.0,0.05555767327823496,0.6666666666666666
10000.0,15,88,0.10884827119798164,0.09515311431093298,0.5714285714285714,0.08961835351366668,1.0,0.09515311431093298,0.5714285714285714
10000.0,15,92,0.15792020434356255,0.13442564870230256,0.5714285714285714,0.1877996894920906,1.0,0.13442564870230256,0.5714285714285714
10000.0,15,96,0.22911517716759988,0.20513342507259333,0.3333333333333333,0.21506424129489138,0.5714285714285714,0.20513342507259333,0.3333333333333333
10000.0,16,0,3.235047503525795e-05,1.5698298525102728e-08,0.5333333333333333,3.139659705020599e-08,0.4,1.5698298525102728e-08,0.5333333333333333
10000.0,16,4,4.693500017916669e-05,3.304341362727567e-08,0.5333333333333333,6.608682725455186e-08,0.4,3.304341362727567e-08,0.5333333333333333
10000.0,16,8,6.809464897864708e-05,6.955321829287747e-08,0.5333333333333333,1.3910643658575544e-07,0.4,6.955321829287747e-08,0.5333333333333333
10000.0,16,12,9.879367639980037e-05,1.4640285744882714e-07,0.5333333333333333,2.9280571489765476e-07,0.4,1.4640285744882714e-07,0.5333333333333333
10000.0,16,16,0.00014333270885424554,3.0816398141243894e-07,0.5333333333333333,6.163279628248782e-07,0.4,3.0816398141243894e-07,0.5333333333333333
10000.0,16,20,0.0002079512189055191,6.486556416643671e-07,0.5333333333333333,1.2973112833287343e-06,0.4,6.486556416643671e-07,0.5333333333333333
10000.0,16,24,0.00030170161291143615,1.365357948500431e-06,0.5333333333333333,2.730715897000862e-06,0.4,1.2404369877538047e-06,0.5714285714285714
10000.0,16,28,0.0004377173825305539,2.8739476045409894e-06,0.5333333333333333,5.747895209081979e-06,0.4,2.598167678190307e-06,0.5714285714285714
10000.0,16,32,0.0006350529754232437,6.049384223908725e-06,0.5333333333333333,1.1493830025426576e-05,0.4166666666666667,5.456060635621269e-06,0.5714285714285714
10000.0,16,36,0.0009213531326135161,1.2574353143371515e-05,0.5714285714285714,2.4193410456837068e-05,0.4166666666666667,1.0553001737739983e-05,0.6153846153846154
10000.0,16,40,0.0013367256399530753,2.5236595004042974e-05,0.5714285714285714,4.5564303630952974e-05,0.45454545454545453,2.180832783611457e-05,0.6153846153846154
10000.0,16,44,0.0019393600273973223,5.1889400375383845e-05,0.5714285714285714,9.026681558079704e-05,0.47619047619047616,4.0625664682916046e-05,0.6666666666666666
10000.0,16,48,0.0028136793396127103,0.00010799100086439165,0.5714285714285714,0.0001662526199494318,0.5263157894736842,8.426024284103322e-05,0.6666666666666666
10000.0,16,52,0.004082166959369572,0.0002247794333534766,0.5714285714285714,0.00020208829015785177,0.7692307692307693,0.0001761068472500879,0.6666666666666666
10000.0,16,56,0.005922525303278642,0.0004768584677062312,0.7272727272727273,0.00044940410608573236,0.8333333333333334,0.00039324418040443776,0.7272727272727273
10000.0,16,60,0.008592570151367041,0.0008256620702499237,0.7272727272727273,0.0008563416423867067,0.8333333333333334,0.0007420477829481301,0.7272727272727273
10000.0,16,64,0.012466348056848521,0.0015598602188648676,0.7272727272727273,0.0017654746715630302,0.8333333333333334,0.0014762459315630738,0.7272727272727273
10000.0,16,68,0.018086536523622777,0.0031052769447775155,0.7272727272727273,0.0033860867454549733,0.9090909090909091,0.003021662657475722,0.7272727272727273
10000.0,16,72,0.026240467691789816,0.006358231016149236,0.7272727272727273,0.006639040816826694,0.9090909090909091,0.006274616728847443,0.7272727272727273
10000.0,16,76,0.0380704256884416,0.013205387522886837,0.7272727272727273,0.013414278194725434,0.9090909090909091,0.013121773235585044,0.7272727272727273
10000.0,16,80,0.055233669198382185,0.04008246910807531,0.6,0.025980352972406022,1.0,0.02529202144157342,0.8
10000.0,16,84,0.08013459681493759,0.060591292404248265,0.6666666666666666,0.051261318424228215,1.0,0.060514643820478525,0.8888888888888888
10000.0,16,88,0.11626157921228056,0.1078798551895784,0.5,0.10447532738103409,1.0,0.1078798551895784,0.5
10000.0,16,92,0.168675644954562,0.15010598196603608,0.3333333333333333,0.2164857153803146,1.0,0.14914235315729119,0.0
10000.0,16,96,0.24471947993144183,0.1963347691048027,0.3333333333333333,0.1963347691048027,0.3333333333333333,0.19629657914290802,0.0
10000.0,17,0,2.8749168663907312e-05,1.2397720482986852e-08,0.5333333333333333,2.479544096597486e-08,0.4,1.2397720482986852e-08,0.5333333333333333
10000.0,17,4,4.17101212554304e-05,2.60960132271406e-08,0.5333333333333333,5.2192026454282355e-08,0.4,2.60960132271406e-08,0.5333333333333333
10000.0,17,8,6.051424427193358e-05,5.4929606397048695e-08,0.5333333333333333,1.0985921279409856e-07,0.4,5.4929606397048695e-08,0.5333333333333333
10000.0,17,12,8.779580709865434e-05,1.1562155616156188e-07,0.5333333333333333,2.3124311232312492e-07,0.4,1.1562155616156188e-07,0.5333333333333333
10000.0,17,16,0.00012737668357000586,2.433722927594011e-07,0.5333333333333333,4.867445855188033e-07,0.4,2.433722927594011e-07,0.5333333333333333
10000.0,17,20,0.00018480175823273531,5.122753476886552e-07,0.5333333333333333,1.0245506953773115e-06,0.4,5.122753476886552e-07,0.5333333333333333
10000.0,17,24,0.00026811570916070144,1.0782905024811875e-06,0.5333333333333333,2.1565810049623763e-06,0.4,1.0782905024811875e-06,0.5333333333333333
10000.0,17,28,0.0003889899868171933,2.2696981476606033e-06,0.5333333333333333,4.5393962953212075e-06,0.4,2.2696981476606033e-06,0.5333333333333333
10000.0,17,32,0.0005643578674211404,4.777497037802062e-06,0.5333333333333333,9.554994075604126e-06,0.4,4.777497037802062e-06,0.5333333333333333
10000.0,17,36,0.000818786635425186,1.0056173315263447e-05,0.5333333333333333,1.910672929900055e-05,0.4166666666666667,1.0056173315263447e-05,0.5333333333333333
10000.0,17,40,0.0011879192141227232,2.1167280889229227e-05,0.5333333333333333,4.0217833689535536e-05,0.4166666666666667,2.1167280889229227e-05,0.5333333333333333
10000.0,17,44,0.0017234673823775261,4.455509727178862e-05,0.5333333333333333,8.019917508921953e-05,0.43478260869565216,4.455509727178862e-05,0.5333333333333333
10000.0,17,48,0.0025004560771523816,9.378420890652415e-05,0.5333333333333333,0.00016881157603174346,0.43478260869565216,9.378420890652415e-05,0.5333333333333333
10000.0,17,52,0.00362773363609774,0.00019740677001712397,0.5333333333333333,0.00035533218603082316,0.43478260869565216,0.00019740677001712397,0.5333333333333333
10000.0,17,56,0.00526322035996832,0.00041552232836377577,0.5333333333333333,0.0006648357253820412,0.47619047619047616,0.0003529957500434371,0.46153846153846156
10000.0,17,60,0.007636031565807793,0.0008746346711101952,0.5333333333333333,0.001137025072443254,0.5555555555555556,0.0007202856242405726,0.46153846153846156
10000.0,17,64,0.011078574349177361,0.0018059314774220635,0.5714285714285714,0.002209226572984511,0.5882352941176471,0.0013732855559895403,0.3333333333333333
10000.0,17,68,0.016073114490493447,0.0036794184747791403,0.6666666666666666,0.003916222031590999,0.8333333333333334,0.0029194679846969458,0.36363636363636365
10000.0,17,72,0.023319337062867977,0.006676606426864086,0.6666666666666666,0.007420075532609666,0.8333333333333334,0.005488486229341184,0.36363636363636365
10000.0,17,76,0.03383236530625585,0.012985399769089197,0.6666666666666666,0.01372883357101905,0.8333333333333334,0.01089602337981985,0.36363636363636365
10000.0,17,80,0.04908496923090361,0.025187778702241603,0.8,0.02569374350488054,1.0,0.020296891488765498,0.4
10000.0,17,84,0.07121388595178262,0.05295395688598114,0.6666666666666666,0.045659368614541146,1.0,0.048536793035382254,0.4444444444444444
10000.0,17,88,0.10331915516737396,0.10514262362925834,0.5,0.08768509565563912,1.0,0.10184456891052895,0.25
10000.0,17,92,0.14989840368671367,0.14087527036079628,0.5714285714285714,0.1761452226805772,1.0,0.13758684164908888,0.2857142857142857
10000.0,17,96,0.21747691791928594,0.19378806227508968,0.3333333333333333,0.28370821986525624,0.75,0.19378806227508968,0.3333333333333333
10000.0,18,0,2.9674979336100267e-05,1.3209065978969668e-08,0.5333333333333333,2.6418131957940246e-08,0.4,1.3209065978969668e-08,0.5333333333333333
10000.0,18,4,4.305331402208661e-05,2.7803817724265994e-08,0.5333333333333333,5.5607635448532894e-08,0.4,2.7803817724265994e-08,0.5333333333333333
10000.0,18,8,6.246298699286599e-05,5.8524371161064186e-08,0.5333333333333333,1.1704874232212929e-07,0.4,5.8524371161064186e-08,0.5333333333333333
10000.0,18,12,9.062309912006757e-05,1.231881914118839e-07,0.5333333333333333,2.463763828237687e-07,0.4,1.231881914118839e-07,0.5333333333333333
10000.0,18,16,0.00013147860019988413,2.592993346578146e-07,0.5333333333333333,5.185986693156301e-07,0.4,2.592993346578146e-07,0.5333333333333333
10000.0,18,20,0.00019075293692635378,5.458002441904426e-07,0.5333333333333333,1.091600488380886e-06,0.4,5.458002441904426e-07,0.5333333333333333
10000.0,18,24,0.000276749850475375,1.1488571960721362e-06,0.5333333333333333,2.297714392144273e-06,0.4,1.1488571960721362e-06,0.5333333333333333
10000.0,18,28,0.00040151664751412244,2.4182342734647006e-06,0.5333333333333333,4.594645119582931e-06,0.4166666666666667,2.4182342734647006e-06,0.5333333333333333
10000.0,18,32,0.0005825319072586992,5.090151344616866e-06,0.5333333333333333,9.162272420310358e-06,0.43478260869565216,5.090151344616866e-06,0.5333333333333333
10000.0,18,36,0.000845154055443048,1.071428066147746e-05,0.5333333333333333,1.928570519065943e-05,0.43478260869565216,1.071428066147746e-05,0.5333333333333333
10000.0,18,40,0.0012261738258993273,2.2552533769808908e-05,0.5333333333333333,3.833930740867515e-05,0.45454545454545453,2.2552533769808908e-05,0.5333333333333333
10000.0,18,44,0.001778968274053213,4.747092180131802e-05,0.5333333333333333,7.595347488210884e-05,0.47619047619047616,4.747092180131802e-05,0.5333333333333333
10000.0,18,48,0.002580978368027654,9.992174004340039e-05,0.5333333333333333,0.00010991391404774044,0.625,9.992174004340039e-05,0.5333333333333333
10000.0,18,52,0.0037445576930100065,0.00021032568474420635,0.5333333333333333,0.00023135825321862709,0.625,0.0001894390772521493,0.42857142857142855
10000.0,18,56,0.0054327120637572834,0.00044258242150633603,0.5333333333333333,0.00040583544963664693,0.7142857142857143,0.00038533031477506406,0.46153846153846156
10000.0,18,60,0.00788193500738113,0.0009097581075295833,0.6153846153846154,0.0008744592528287636,0.7692307692307693,0.000813191259782545,0.5
10000.0,18,64,0.011435338138943154,0.001633903074319158,0.7272727272727273,0.0017706339434052731,0.9090909090909091,0.0013796726634945882,0.5
10000.0,18,68,0.016590717663810935,0.0028236578031742908,0.8,0.0026649007464608424,1.0,0.002664900746460843,1.0
10000.0,18,72,0.02407029064255781,0.005104610145801175,0.8,0.004945853089087727,1.0,0.004945853089087727,1.0
10000.0,18,76,0.034921870370984404,0.009905796185230919,0.8,0.00974703912851747,1.0,0.00974703912851747,1.0
10000.0,18,80,0.05066565453312887,0.020011832578199842,0.8,0.019853075521486397,1.0,0.019853075521486397,1.0
10000.0,18,84,0.07350718967799658,0.05094110653530966,0.6666666666666666,0.041125313409635926,1.0,0.05094110653530966,0.6666666666666666
10000.0,18,88,0.10664634621119716,0.09111494188809346,0.5714285714285714,0.08590133510344763,1.0,0.09111494188809346,0.5714285714285714
10000.0,18,92,0.15472558820464632,0.12754270957370117,0.3333333333333333,0.1801505687415121,1.0,0.12682252476747566,0.0
10000.0,18,96,0.22448033613701265,0.16530267356115252,0.3333333333333333,0.16530267356115252,0.3333333333333333,0.16530267356115252,0.3333333333333333
10000.0,19,0,2.925643193238769e-05,1.2839082141216578e-08,0.5333333333333333,2.5678164282433564e-08,0.4,1.2839082141216578e-08,0.5333333333333333
10000.0,19,4,4.2446073403615644e-05,2.702503721077703e-08,0.5333333333333333,5.4050074421554356e-08,0.4,2.702503721077703e-08,0.5333333333333333
10000.0,19,8,6.158198482811665e-05,5.688511283055603e-08,0.5333333333333333,1.1377022566111217e-07,0.4,5.688511283055603e-08,0.5333333333333333
10000.0,19,12,8.9344915825532e-05,1.1973770975807134e-07,0.5333333333333333,2.3947541951614247e-07,0.4,1.1973770975807134e-07,0.5333333333333333
10000.0,19,16,0.00012962417509197917,2.5203640152414165e-07,0.5333333333333333,4.536655227434546e-07,0.43478260869565216,2.5203640152414165e-07,0.5333333333333333
10000.0,19,20,0.00018806248361223984,5.523111454844219e-07,0.5714285714285714,9.549224390449081e-07,0.43478260869565216,4.915293459388974e-07,0.5714285714285714
10000.0,19,24,0.0002728464633800587,1.0798600257785471e-06,0.5714285714285714,2.010020199633155e-06,0.43478260869565216,1.0190782262330197e-06,0.5714285714285714
10000.0,19,28,0.00039585350118262784,2.1902998503423268e-06,0.5714285714285714,3.995849857162892e-06,0.45454545454545453,2.1295180507967964e-06,0.5714285714285714
10000.0,19,32,0.0005743156515841332,4.527669239297822e-06,0.5714285714285714,8.41088092519001e-06,0.45454545454545453,4.466887439752294e-06,0.5714285714285714
10000.0,19,36,0.000833233675258907,9.447607753365757e-06,0.5714285714285714,1.7704098118429446e-05,0.45454545454545453,9.386825953820232e-06,0.5714285714285714
10000.0,19,40,0.0012088793952775628,1.924999883192316e-05,0.5714285714285714,3.507334541583962e-05,0.47619047619047616,1.924999883192316e-05,0.5714285714285714
10000.0,19,44,0.0017538770163994556,3.865904750139626e-05,0.6153846153846154,7.382603012770227e-05,0.47619047619047616,3.865904750139626e-05,0.6153846153846154
10000.0,19,48,0.0025445752493349263,7.944439083188001e-05,0.6153846153846154,0.00015539671678866965,0.47619047619047616,7.944439083188001e-05,0.6153846153846154
10000.0,19,52,0.0036917430007835936,0.00016529362904356103,0.6153846153846154,0.0003066517436362798,0.5,0.00016529362904356103,0.6153846153846154
10000.0,19,56,0.005356086988347798,0.0003459980463585281,0.6153846153846154,0.0003459980463585281,0.6153846153846154,0.0003459980463585281,0.6153846153846154
10000.0,19,60,0.007770765142822627,0.000726363523296431,0.6153846153846154,0.0008095326216047628,0.7142857142857143,0.000726363523296431,0.6153846153846154
10000.0,19,64,0.011274049700140181,0.0015269963921323159,0.6153846153846154,0.0016241421244817048,0.7692307692307693,0.0015269963921323159,0.6153846153846154
10000.0,19,68,0.0163567157551569,0.00320809394891293,0.6153846153846154,0.0033093975683269094,0.7692307692307693,0.00320809394891293,0.6153846153846154
10000.0,19,72,0.02373079393925956,0.006858615574453477,0.7272727272727273,0.006978863158937259,0.9090909090909091,0.006384360266875276,0.5454545454545454
10000.0,19,76,0.03442931878363481,0.013186045504650298,0.8,0.012074825278832597,1.0,0.010663070484014206,0.6
10000.0,19,80,0.04995104651530822,0.023009013425170324,0.8,0.02189779319935262,1.0,0.020486038404534234,0.6
10000.0,19,84,0.07247041580039844,0.051245295351503184,0.6666666666666666,0.04257419908666378,1.0,0.04921042047895818,0.6666666666666666
10000.0,19,88,0.10514216483278495,0.08713786103323712,0.5,0.08609605153247789,1.0,0.08678984563973252,0.25
10000.0,19,92,0.15254327857276817,0.12398305538396882,0.5714285714285714,0.1777053791225126,1.0,0.12392777286885306,0.2857142857142857
10000.0,19,96,0.22131417851949498,0.18408706539725267,0.3333333333333333,0.19927958224003878,0.5714285714285714,0.18408706539725267,0.3333333333333333
100000.0,0,0,2.968302399280016e-05,1.3216228700357253e-08,0.5333333333333333,2.643245740071543e-08,0.4,1.3216228700357253e-08,0.5333333333333333
100000.0,0,4,4.306498544153994e-05,2.7818894566200707e-08,0.5333333333333333,5.563778913240234e-08,0.4,2.7818894566200707e-08,0.5333333333333333
100000.0,0,8,6.247992022409478e-05,5.855610646813874e-08,0.5333333333333333,1.1711221293627839e-07,0.4,5.855610646813874e-08,0.5333333333333333
100000.0,0,12,9.064766633924722e-05,1.2325499119127242e-07,0.5333333333333333,2.3418448326341812e-07,0.4166666666666667,1.2325499119127242e-07,0.5333333333333333
100000.0,0,16,0.00013151424302847758,2.5943994179030196e-07,0.5333333333333333,4.929358894015741e-07,0.4166666666666667,2.5943994179030196e-07,0.5333333333333333
100000.0,0,20,0.0001908046485678242,5.460962087263633e-07,0.5333333333333333,1.0375827965800908e-06,0.4166666666666667,5.460962087263633e-07,0.5333333333333333
100000.0,0,24,0.0002768248752130035,1.149480173050424e-06,0.5333333333333333,2.184012328795806e-06,0.4166666666666667,1.149480173050424e-06,0.5333333333333333
100000.0,0,28,0.00040162549556257293,2.4195455802882343e-06,0.5333333333333333,4.355182044518823e-06,0.43478260869565216,2.4195455802882343e-06,0.5333333333333333
100000.0,0,32,0.0005826898271398743,5.09291151978445e-06,0.5333333333333333,9.16724073561201e-06,0.43478260869565216,5.09291151978445e-06,0.5333333333333333
100000.0,0,36,0.0008453831701513535,1.0720090565627286e-05,0.5333333333333333,1.5008126791878633e-05,0.5263157894736842,1.0720090565627286e-05,0.5333333333333333
100000.0,0,40,0.0012265062321117138,2.2564763061133095e-05,0.5333333333333333,3.1590668285586694e-05,0.5263157894736842,2.2564763061133095e-05,0.5333333333333333
100000.0,0,44,0.001779450538552294,4.8229668070639745e-05,0.5714285714285714,4.312645632265862e-05,0.7142857142857143,3.928177709143927e-05,0.6153846153846154
100000.0,0,48,0.002581678051241768,9.546100217561722e-05,0.5714285714285714,9.024282944964999e-05,0.7142857142857143,8.126518518475258e-05,0.6153846153846154
100000.0,0,52,0.003745572813552873,0.00020766146604629941,0.6153846153846154,0.0001920132219202386,0.7142857142857143,0.00017065691873315302,0.6153846153846154
100000.0,0,56,0.005434184829854517,0.0003811342330518565,0.6153846153846154,0.00035353171565083777,0.8333333333333334,0.00035666950749388795,0.6153846153846154
100000.0,0,60,0.007884071738818988,0.0007222749629646459,0.6666666666666666,0.0006950893663777664,0.8333333333333334,0.0007001347393965201,0.5
100000.0,0,64,0.011438438170405116,0.0013609063389566946,0.7272727272727273,0.0013437338845229288,1.0,0.0013185481924180354,0.5454545454545454
100000.0,0,68,0.016595215278670195,0.002661976060261746,0.7272727272727273,0.0024279586522771377,1.0,0.0026196179137230866,0.5454545454545454
100000.0,0,72,0.024076815911630214,0.005369889630680896,0.8,0.004710147859505546,1.0,0.004710147859505546,1.0
100000.0,0,76,0.03493133741914208,0.01017367915153659,0.8,0.00951393738036124,1.0,0.00951393738036124,1.0
100000.0,0,80,0.05067938959904343,0.03164006615350836,0.6666666666666666,0.019625453852173805,1.0,0.03107907447866594,0.8888888888888888
100000.0,0,84,0.07352711690689996,0.048667084496564185,0.6666666666666666,0.04090922678099359,1.0,0.048106092821721756,0.8888888888888888
100000.0,0,88,0.10667525720836586,0.0921837247453122,0.5,0.08570952862971916,1.0,0.0921837247453122,0.5
100000.0,0,92,0.1547675331113537,0.13004487742500762,0.5714285714285714,0.18000986966649127,1.0,0.13004487742500762,0.5714285714285714
100000.0,0,96,0.22454119101477502,0.18522381539999294,0.3333333333333333,0.18522381539999297,0.3333333333333333,0.18522381539999294,0.3333333333333333
100000.0,1,0,3.047021162481516e-05,1.3926506946915606e-08,0.5333333333333333,2.7853013893831437e-08,0.4,1.3926506946915606e-08,0.5333333333333333
100000.0,1,4,4.420705991214337e-05,2.9313962191138015e-08,0.5333333333333333,5.86279243822758e-08,0.4,2.9313962191138015e-08,0.5333333333333333
100000.0,1,8,6.413687473323175e-05,6.170308050819488e-08,0.5333333333333333,1.172358529655693e-07,0.4166666666666667,6.170308050819488e-08,0.5333333333333333
100000.0,1,12,9.305162362576175e-05,1.3556456998847454e-07,0.5714285714285714,2.467702327926277e-07,0.4166666666666667,1.286032936431503e-07,0.5714285714285714
100000.0,1,16,0.00013500197344202788,2.6471810033547057e-07,0.5714285714285714,5.194276857473976e-07,0.4166666666666667,2.5775682399014617e-07,0.5714285714285714
100000.0,1,20,0.00019586474822343847,5.36573901641221e-07,0.5714285714285714,1.0358009891090695e-06,0.43478260869565216,5.18021419523741e-07,0.7142857142857143
100000.0,1,24,0.0002841662134154261,1.1088043045193333e-06,0.5714285714285714,2.059136139594968e-06,0.45454545454545453,1.0902518224018533e-06,0.7142857142857143
100000.0,1,28,0.00041227652029931936,2.3132944511532577e-06,0.5714285714285714,4.334284194347935e-06,0.45454545454545453,2.0788947185764256e-06,0.6153846153846154
100000.0,1,32,0.0005981426403484181,4.848630752826895e-06,0.5714285714285714,8.586590836871768e-06,0.47619047619047616,4.3325269867307725e-06,0.6153846153846154
100000.0,1,36,0.0008678025562630311,9.835053458406899e-06,0.6153846153846154,1.016662208578402e-05,0.7142857142857143,9.07620688817486e-06,0.6153846153846154
100000.0,1,40,0.0012590329226787476,1.9820044943194945e-05,0.6153846153846154,1.9061170772421502e-05,0.7692307692307693,1.9061198372962916e-05,0.6153846153846154
100000.0,1,44,0.0018266411972961791,4.08374949024425e-05,0.6153846153846154,4.007795119116019e-05,0.7692307692307693,4.0078648332210466e-05,0.6153846153846154
100000.0,1,48,0.0026501436170235774,8.507721242873679e-05,0.6153846153846154,8.431766871745458e-05,0.7692307692307693,8.431766871745458e-05,0.7692307692307693
100000.0,1,52,0.00384490462672513,0.0001829514808427351,0.6666666666666666,0.00017931936116569178,0.7692307692307693,0.00016890926543775543,0.5
100000.0,1,56,0.005578298283025009,0.00034794190446850714,0.6666666666666666,0.00036263593437509275,0.8333333333333334,0.00034794190446850714,0.6666666666666666
100000.0,1,60,0.008093155684047166,0.0006537784234327251,0.8,0.0006697469500340381,0.9090909090909091,0.0006537784234327251,0.8
100000.0,1,64,0.011741783175263623,0.0011965556974978173,0.8,0.0013068076192562846,0.9090909090909091,0.0011965556974978173,0.8
100000.0,1,68,0.017035316941531906,0.002339049831224368,0.8,0.002485334443562141,1.0,0.002339049831224368,0.8
100000.0,1,72,0.024715328069573904,0.004743890468386045,0.8,0.0048901750807238175,1.0,0.004743890468386045,0.8
100000.0,1,76,0.03585770923330633,0.0098058494924386,0.8,0.009952134104776373,1.0,0.0098058494924386,0.8
100000.0,1,80,0.05202339648662042,0.02046078802151686,0.8,0.020607072633854633,1.0,0.02046078802151686,0.8
100000.0,1,84,0.07547704077789341,0.05107482292814117,0.6666666666666666,0.043034696903232195,1.0,0.05107482292814117,0.6666666666666666
100000.0,1,88,0.10950426287627936,0.09343442359947979,0.5,0.09024269617940353,1.0,0.09343442359947979,0.5
100000.0,1,92,0.15887193594889074,0.14505630313115062,0.3333333333333333,0.18961100950993715,1.0,0.144011437208994,0.0
100000.0,1,96,0.23049597677001415,0.1853360536926749,0.3333333333333333,0.18533605369267495,0.3333333333333333,0.1853360536926749,0.3333333333333333
100000.0,2,0,2.9812183437536745e-05,1.3331494219700104e-08,0.5333333333333333,2.666298843940068e-08,0.4,1.3331494219700104e-08,0.5333333333333333
100000.0,2,4,4.325237368097833e-05,2.8061517435584812e-08,0.5333333333333333,5.612303487117009e-08,0.4,2.8061517435584812e-08,0.5333333333333333
100000.0,2,8,6.275178847462368e-05,5.9066804351458705e-08,0.5333333333333333,1.1813360870291786e-07,0.4,5.9066804351458705e-08,0.5333333333333333
100000.0,2,12,9.10421006210739e-05,1.243299612824662e-07,0.5333333333333333,2.4865992256493285e-07,0.4,1.243299612824662e-07,0.5333333333333333
100000.0,2,16,0.00013208649963577712,2.617026507904824e-07,0.5333333333333333,5.234053015809652e-07,0.4,2.617026507904824e-07,0.5333333333333333
100000.0,2,20,0.00019163489492237876,5.508589942786672e-07,0.5333333333333333,1.1017179885573346e-06,0.4,5.508589942786672e-07,0.5333333333333333
100000.0,2,24,0.0002780294205174326,1.1595053800988906e-06,0.5333333333333333,2.203060222187893e-06,0.4166666666666667,1.1595053800988906e-06,0.5333333333333333
100000.0,2,28,0.0004033730845552409,2.4406476801541423e-06,0.5333333333333333,4.637230592292871e-06,0.4166666666666667,2.4406476801541423e-06,0.5333333333333333
100000.0,2,32,0.0005852252795434198,5.137329417250107e-06,0.5333333333333333,9.760925892775203e-06,0.4166666666666667,5.137329417250107e-06,0.5333333333333333
100000.0,2,36,0.0008490616774649239,1.0813585982093255e-05,0.5333333333333333,1.622037897313988e-05,0.5,1.0813585982093255e-05,0.5333333333333333
100000.0,2,40,0.0012318431163841493,2.2761561950745195e-05,0.5333333333333333,3.1866186731043276e-05,0.5263157894736842,2.2761561950745195e-05,0.5333333333333333
100000.0,2,44,0.001787193443842246,4.942769687558325e-05,0.5714285714285714,4.942769687558326e-05,0.5714285714285714,4.319546398995212e-05,0.42857142857142855
100000.0,2,48,0.0025929116810655987,9.70709597068485e-05,0.5714285714285714,8.991703014183816e-05,0.7692307692307693,9.083872682121736e-05,0.42857142857142855
100000.0,2,52,0.003761870886988257,0.00019735546109845423,0.5714285714285714,0.0001677740882259833,0.8333333333333334,0.0001913182630338681,0.5714285714285714
100000.0,2,56,0.005457830543828612,0.0004126705033876094,0.6153846153846154,0.0003140284743512289,0.9090909090909091,0.00037408290041040924,0.46153846153846156
100000.0,2,60,0.00791837762114069,0.0007588858571316536,0.6666666666666666,0.00061559821902509,1.0,0.0006155982190250899,1.0
100000.0,2,64,0.011488210131749136,0.0014718084863732752,0.6666666666666666,0.0011351852281269034,1.0,0.0011351852281269034,1.0
100000.0,2,68,0.016667425872550285,0.0027059068910332334,0.8,0.0022288660770199173,1.0,0.0022288660770199173,1.0
100000.0,2,72,0.024181581119343733,0.005008000242641553,0.8,0.004530959428628237,1.0,0.004530959428628237,1.0
100000.0,2,76,0.03508333379747795,0.009853686079495485,0.8,0.009376645265482169,1.0,0.009376645265482169,1.0
100000.0,2,80,0.050899910318960274,0.020053390280492533,0.8,0.01957634946647922,1.0,0.01957634946647922,1.0
100000.0,2,84,0.07384705471360997,0.0506690066031069,0.6666666666666666,0.04104574911195452,1.0,0.05040872391750284,0.8888888888888888
100000.0,2,88,0.10713943218566961,0.0926065362456059,0.5,0.08623677740590047,1.0,0.0926065362456059,0.5
100000.0,2,92,0.15544097152668365,0.14414161172113354,0.3333333333333333,0.1813595601565873,1.0,0.14311848438374558,0.0
100000.0,2,96,0.22551823484828046,0.18338813863686598,0.3333333333333333,0.18338813863686598,0.3333333333333333,0.18316335231363295,0.0
100000.0,3,0,3.0314485681532435e-05,1.3784520632037529e-08,0.5333333333333333,2.7569041264075902e-08,0.4,1.3784520632037529e-08,0.5333333333333333
100000.0,3,4,4.3981128232070366e-05,2.901509460848726e-08,0.5333333333333333,5.803018921697535e-08,0.4,2.901509460848726e-08,0.5333333333333333
100000.0,3,8,6.38090865498079e-05,6.107399289481314e-08,0.5333333333333333,1.2214798578962708e-07,0.4,6.107399289481314e-08,0.5333333333333333
100000.0,3,12,9.257605909599953e-05,1.2855490076619e-07,0.5333333333333333,2.571098015323807e-07,0.4,1.2855490076619e-07,0.5333333333333333
100000.0,3,16,0.00013431201073621694,2.705957434200849e-07,0.5333333333333333,5.41191486840171e-07,0.4,2.705957434200849e-07,0.5333333333333333
100000.0,3,20,0.00019486373047375904,5.695781018122473e-07,0.5333333333333333,1.0252405832620458e-06,0.43478260869565216,5.695781018122473e-07,0.5333333333333333
100000.0,3,24,0.0002827139080564059,1.1989073071278895e-06,0.5333333333333333,2.1580331528302015e-06,0.43478260869565216,1.1989073071278895e-06,0.5333333333333333
100000.0,3,28,0.000410169473889289,2.5235849596592424e-06,0.5333333333333333,4.037735935454788e-06,0.47619047619047616,2.5235849596592424e-06,0.5333333333333333
100000.0,3,32,0.0005950856767791196,5.3119044406149425e-06,0.5333333333333333,8.499047104983906e-06,0.47619047619047616,5.3119044406149425e-06,0.5333333333333333
100000.0,3,36,0.000863367425541879,1.1181049672302182e-05,0.5333333333333333,1.3417259606762987e-05,0.5882352941176471,1.1181049672302182e-05,0.5333333333333333
100000.0,3,40,0.001252598307392109,2.4457600643947604e-05,0.5714285714285714,2.1604954996803875e-05,0.7142857142857143,2.2555622453644268e-05,0.42857142857142855
100000.0,3,44,0.0018173056722597739,4.786116536501823e-05,0.5714285714285714,4.352328519211287e-05,0.7692307692307693,4.59591871747149e-05,0.42857142857142855
100000.0,3,48,0.002636599368638391,9.712342574275523e-05,0.5714285714285714,9.138534113778831e-05,0.7692307692307693,7.64977709005833e-05,0.6666666666666666
100000.0,3,52,0.0038252542413848042,0.00020081576177988418,0.5714285714285714,0.0001848716968203807,0.7692307692307693,0.00017651461553376375,0.5
100000.0,3,56,0.0055497889384647295,0.00044349804936901773,0.6153846153846154,0.00033287961856285616,0.8333333333333334,0.00034627428166163064,0.5
100000.0,3,60,0.008051793506503056,0.0008698677466875457,0.6666666666666666,0.000684806319894845,0.9090909090909091,0.000684806319894845,0.9090909090909091
100000.0,3,64,0.011681773737741371,0.001459513015610552,0.8,0.0012774503089307589,0.9090909090909091,0.0012549750780391907,0.9090909090909091
100000.0,3,68,0.016948253522593267,0.0025903589641578855,0.8,0.0024085043989037773,1.0,0.0024085043989037777,1.0
100000.0,3,72,0.02458901395582348,0.0049706812880597855,0.8,0.004788826722805678,1.0,0.004788826722805678,1.0
100000.0,3,76,0.035674449081947,0.009981031612915392,0.8,0.009799177047661284,1.0,0.009799177047661284,1.0
100000.0,3,80,0.051757517385076786,0.02052733877716112,0.8,0.020345484211907013,1.0,0.020345484211907013,1.0
100000.0,3,84,0.07509129572577326,0.05505854928408268,0.6666666666666666,0.04254444987122457,1.0,0.05505854928408268,0.6666666666666666
100000.0,3,88,0.10894461285350104,0.09619694309730492,0.5714285714285714,0.08927114469140225,1.0,0.09619694309730492,0.5714285714285714
100000.0,3,92,0.15805997958995802,0.14688894368123762,0.3333333333333333,0.18762635827774263,1.0,0.14587333753875817,0.0
100000.0,3,96,0.2293179671175918,0.18730267896811903,0.3333333333333333,0.18730267896811903,0.3333333333333333,0.18727899688120864,0.0
100000.0,4,0,3.095964187931041e-05,1.437749137942727e-08,0.5333333333333333,2.875498275885501e-08,0.4,1.437749137942727e-08,0.5333333333333333
100000.0,4,4,4.491713941043167e-05,3.026324119224231e-08,0.5333333333333333,6.052648238448509e-08,0.4,3.026324119224231e-08,0.5333333333333333
100000.0,4,8,6.516707850436838e-05,6.370122181191768e-08,0.5333333333333333,1.146621992614528e-07,0.43478260869565216,6.370122181191768e-08,0.5333333333333333
100000.0,4,12,9.454627290464181e-05,1.3408496580238513e-07,0.5333333333333333,2.4135293844429424e-07,0.43478260869565216,1.3408496580238513e-07,0.5333333333333333
100000.0,4,16,0.00013717045362958527,2.8223600023419314e-07,0.5333333333333333,5.080248004215484e-07,0.43478260869565216,2.8223600023419314e-07,0.5333333333333333
100000.0,4,20,0.000199010841685145,5.940797266234479e-07,0.5333333333333333,1.069343507922207e-06,0.43478260869565216,5.940797266234479e-07,0.5333333333333333
100000.0,4,24,0.00028873065634950785,1.2504808787402643e-06,0.5333333333333333,2.1258174938584538e-06,0.45454545454545453,1.2504808787402643e-06,0.5333333333333333
100000.0,4,28,0.0004188987454658876,2.632142384293418e-06,0.5333333333333333,4.211427814869551e-06,0.47619047619047616,2.632142384293418e-06,0.5333333333333333
100000.0,4,32,0.0006077503551977554,5.540407413644969e-06,0.5333333333333333,7.756570379103054e-06,0.5263157894736842,5.540407413644969e-06,0.5333333333333333
100000.0,4,36,0.0008817417054620324,1.1621412774163414e-05,0.5333333333333333,1.3994431832719797e-05,0.5882352941176471,9.58178726261183e-06,0.7692307692307693
100000.0,4,40,0.0012792562414844074,2.3416033974073914e-05,0.5714285714285714,2.9456937564782698e-05,0.5882352941176471,1.9890124417320458e-05,0.7692307692307693
100000.0,4,44,0.0018559817702161285,5.393232911646134e-05,0.6153846153846154,5.1722914366031116e-05,0.7692307692307693,4.5439315621887265e-05,0.5714285714285714
100000.0,4,48,0.0026927117645933986,9.835186537706641e-05,0.6153846153846154,9.747603485959167e-05,0.7692307692307693,9.178823345662164e-05,0.6666666666666666
100000.0,4,52,0.003906663720266688,0.00018305236512156266,0.6666666666666666,0.00019361193217241082,0.7692307692307693,0.0001759071436053384,0.6666666666666666
100000.0,4,56,0.0056679001532689245,0.0003537957844045492,0.7272727272727273,0.00036820689631560154,0.9090909090909091,0.0003537957844045492,0.7272727272727273
100000.0,4,60,0.008223152656004097,0.0006732521115132413,0.7272727272727273,0.0006570609252889922,0.9090909090909091,0.0006732521115132413,0.7272727272727273
100000.0,4,64,0.01193038652329607,0.0013486591851010325,0.8,0.0012177098689292861,1.0,0.0013486591851010325,0.8
100000.0,4,68,0.017308948106578063,0.0025281508998082915,0.8,0.0023972015836365448,1.0,0.0023972015836365448,1.0
100000.0,4,72,0.025112320038516243,0.005010867898513182,0.8,0.004879918582341436,1.0,0.004879918582341436,1.0
100000.0,4,76,0.03643367660667964,0.010236749198737564,0.8,0.010105799882565818,1.0,0.010105799882565818,1.0
100000.0,4,80,0.05285902652738514,0.033812580246207175,0.6666666666666666,0.021105779090135997,1.0,0.033762548595435864,0.8888888888888888
100000.0,4,84,0.0766893968892106,0.052080287354844504,0.6666666666666666,0.044259680913696434,1.0,0.052080287354844504,0.6666666666666666
100000.0,4,88,0.11126318401236376,0.09579554424448045,0.5714285714285714,0.09299642482373334,1.0,0.09579554424448045,0.5714285714285714
100000.0,4,92,0.16142382935222674,0.13683001394298352,0.5714285714285714,0.19558259906999106,1.0,0.13683001394298352,0.5714285714285714
100000.0,4,96,0.234198337159228,0.19656211231237494,0.3333333333333333,0.19656211231237491,0.3333333333333333,0.1964420824977393,0.0
100000.0,5,0,3.104108428672016e-05,1.4453233705429023e-08,0.5333333333333333,2.8906467410859003e-08,0.4,1.4453233705429023e-08,0.5333333333333333
100000.0,5,4,4.503529839889172e-05,3.042267152815837e-08,0.5333333333333333,6.084534305631746e-08,0.4,3.042267152815837e-08,0.5333333333333333
100000.0,5,8,6.533850696526419e-05,6.40368073867483e-08,0.5333333333333333,1.2166993403482245e-07,0.4166666666666667,6.40368073867483e-08,0.5333333333333333
100000.0,5,12,9.479498624916273e-05,1.3479134126968452e-07,0.5333333333333333,2.291452801584644e-07,0.45454545454545453,1.3479134126968452e-07,0.5333333333333333
100000.0,5,16,0.00013753129410741218,2.8372285288289296e-07,0.5333333333333333,4.823288499009181e-07,0.45454545454545453,2.8372285288289296e-07,0.5333333333333333
100000.0,5,20,0.00019953435943482253,5.972094089259748e-07,0.5333333333333333,8.95814113389328e-07,0.5,5.972094089259748e-07,0.5333333333333333
100000.0,5,24,0.0002894901909667934,1.4073358643969077e-06,0.5714285714285714,1.885602839984787e-06,0.5,1.33788859849267e-06,0.5714285714285714
100000.0,5,28,0.00042000070014690943,2.657382100078605e-06,0.5714285714285714,3.4398114684163935e-06,0.5555555555555556,2.3907515719615127e-06,0.7142857142857143
100000.0,5,32,0.0006093491027615802,5.2886096023966625e-06,0.5714285714285714,6.6835139226546065e-06,0.5882352941176471,4.954655040998813e-06,0.7692307692307693
100000.0,5,36,0.0008840612144371797,1.0827091277179942e-05,0.5714285714285714,1.4068156155698974e-05,0.5882352941176471,9.697107101800936e-06,0.7692307692307693
100000.0,5,40,0.0012826214518575306,2.248506430873515e-05,0.5714285714285714,2.4676766831477412e-05,0.6666666666666666,1.9131017005730276e-05,0.6666666666666666
100000.0,5,44,0.0018608641142711488,4.7698264966669404e-05,0.6153846153846154,5.194222877673283e-05,0.6666666666666666,3.8216840367409065e-05,0.6666666666666666
100000.0,5,48,0.0026997952098549403,8.872187821822634e-05,0.6666666666666666,9.065125489367592e-05,0.7692307692307693,7.823324852622664e-05,0.8333333333333334
100000.0,5,52,0.003916940586503034,0.00017328393674013643,0.6666666666666666,0.00014242178873046914,0.9090909090909091,0.00014242178873046914,0.9090909090909091
100000.0,5,56,0.005682810126557368,0.0003512789641913728,0.6666666666666666,0.0002732449345407666,1.0,0.0002732449345407667,1.0
100000.0,5,60,0.008244784474337578,0.0007259414351760103,0.6666666666666666,0.000540860985244079,1.0,0.000540860985244079,1.0
100000.0,5,64,0.011961770587865479,0.0014655381621960705,0.7272727272727273,0.0011041671195074218,1.0,0.0011041671195074218,1.0
100000.0,5,68,0.017354481010641538,0.002663037747374278,0.8,0.002289872536147378,1.0,0.002289872536147378,1.0
100000.0,5,72,0.025178380486100025,0.005158833993030063,0.8,0.004785668781803164,1.0,0.004785668781803164,1.0
100000.0,5,76,0.03652951900515451,0.01041224585436848,0.8,0.010039080643141579,1.0,0.010039080643141579,1.0
100000.0,5,80,0.052998077437292554,0.021470174254128328,0.8,0.02109700904290143,1.0,0.02109700904290143,1.0
100000.0,5,84,0.07689113595098034,0.055055600185498335,0.6666666666666666,0.04437288836127305,1.0,0.05488754271530598,0.8888888888888888
100000.0,5,88,0.11155587284892607,0.10116436936670618,0.5,0.0933663832056752,1.0,0.10116436936670618,0.5
100000.0,5,92,0.16184847073945582,0.1521607856903185,0.3333333333333333,0.19649299355778563,1.0,0.15104604931055288,0.0
100000.0,5,96,0.23481441910436038,0.19445714550246052,0.3333333333333333,0.19445714550246052,0.3333333333333333,0.19445714550246052,0.3333333333333333
100000.0,6,0,3.110908037351931e-05,1.4516623225291273e-08,0.5333333333333333,2.9033246450583327e-08,0.4,1.4516623225291273e-08,0.5333333333333333
100000.0,6,4,4.513394907844504e-05,3.055610039123505e-08,0.5333333333333333,6.111220078247089e-08,0.4,3.055610039123505e-08,0.5333333333333333
100000.0,6,8,6.548163221017832e-05,6.431766235363596e-08,0.5333333333333333,1.286353247072727e-07,0.4,6.431766235363596e-08,0.5333333333333333
100000.0,6,12,9.500263647341344e-05,1.353825140534932e-07,0.5333333333333333,2.7076502810698714e-07,0.4,1.353825140534932e-07,0.5333333333333333
100000.0,6,16,0.00013783255902861626,2.8496721492565486e-07,0.5333333333333333,5.699344298513104e-07,0.4,2.8496721492565486e-07,0.5333333333333333
100000.0,6,20,0.0001999714432524567,5.998286717470576e-07,0.5333333333333333,1.199657343494116e-06,0.4,5.998286717470576e-07,0.5333333333333333
100000.0,6,24,0.00029012432474803196,1.2625818571575229e-06,0.5333333333333333,2.525163714315046e-06,0.4,1.2625818571575229e-06,0.5333333333333333
100000.0,6,28,0.00042092071968614675,2.657613783916556e-06,0.5333333333333333,5.315227567833113e-06,0.4,2.657613783916556e-06,0.5333333333333333
100000.0,6,32,0.0006106838935858843,5.594022268278236e-06,0.5333333333333333,1.0628642309728648e-05,0.4166666666666667,5.594022268278236e-06,0.5333333333333333
100000.0,6,36,0.0008859977673783523,1.1774880656991375e-05,0.5333333333333333,2.0017297116885337e-05,0.45454545454545453,1.1774880656991375e-05,0.5333333333333333
100000.0,6,40,0.0012854310585956649,2.8159549469402438e-05,0.5714285714285714,3.717749264405336e-05,0.5,2.7263494605639133e-05,0.625
100000.0,6,44,0.00186494037258309,5.28060888923902e-05,0.5714285714285714,5.217003889935532e-05,0.6666666666666666,4.493000624844374e-05,0.6153846153846154
100000.0,6,48,0.0027057091627224884,0.00010804757351734541,0.6153846153846154,9.712071136076853e-05,0.7692307692307693,9.104432000784462e-05,0.6153846153846154
100000.0,6,52,0.003925520719517941,0.0002051137836708361,0.6153846153846154,0.00019418679708456865,0.7692307692307693,0.00020467057101921678,0.6153846153846154
100000.0,6,56,0.005695258430458718,0.0003983822977362015,0.6153846153846154,0.00036873815184884645,0.9090909090909091,0.0003983822977362015,0.6153846153846154
100000.0,6,60,0.008262844831881118,0.0007749665878444167,0.6666666666666666,0.0007157804675303175,1.0,0.0006308496973927674,0.7272727272727273
100000.0,6,64,0.011987973074339575,0.0015108131043988988,0.6666666666666666,0.0012815571703954137,1.0,0.0012815571703954135,1.0
100000.0,6,68,0.017392496332086307,0.002942550286829154,0.7272727272727273,0.0024724628971245005,1.0,0.0024724628971245005,1.0
100000.0,6,72,0.02523353420847587,0.005720320500109779,0.8,0.0049792052970396485,1.0,0.0049792052970396485,1.0
100000.0,6,76,0.03660953761281857,0.010996772966915199,0.8,0.010255657763845068,1.0,0.010255657763845068,1.0
100000.0,6,80,0.05311417073610674,0.035213340278217986,0.6666666666666666,0.021362084429544466,1.0,0.021362084429544466,1.0
100000.0,6,84,0.07705956744989048,0.05391571109369752,0.6666666666666666,0.04474004794889389,1.0,0.0533720182303874,0.8888888888888888
100000.0,6,88,0.11180023811475011,0.09495930632057631,0.5,0.0939484202510234,1.0,0.09495930632057631,0.5
100000.0,6,92,0.16220300289957817,0.1501942441588291,0.3333333333333333,0.19752732705446646,1.0,0.14901969297277007,0.0
100000.0,6,96,0.2353287845651682,0.1923287650009094,0.3333333333333333,0.1923287650009094,0.3333333333333333,0.1923287650009094,0.3333333333333333
100000.0,7,0,3.092179017413509e-05,1.4342356613598568e-08,0.5333333333333333,2.8684713227197546e-08,0.4,1.4342356613598568e-08,0.5333333333333333
100000.0,7,4,4.486222306724817e-05,3.018928587803302e-08,0.5333333333333333,6.037857175606645e-08,0.4,3.018928587803302e-08,0.5333333333333333
100000.0,7,8,6.5087404293268e-05,6.354555296452982e-08,0.5333333333333333,1.2709110592906003e-07,0.4,6.354555296452982e-08,0.5333333333333333
100000.0,7,12,9.443067926627343e-05,1.3375729780034705e-07,0.5333333333333333,2.407631360406876e-07,0.43478260869565216,1.3375729780034705e-07,0.5333333333333333
100000.0,7,16,0.00013700274705242936,2.815462904986792e-07,0.5333333333333333,5.067833228976855e-07,0.43478260869565216,2.815462904986792e-07,0.5333333333333333
100000.0,7,20,0.00019876752815666419,5.926279537426544e-07,0.5333333333333333,1.0074675213625122e-06,0.45454545454545453,5.926279537426544e-07,0.5333333333333333
100000.0,7,24,0.00028837765008019045,1.2474250359865922e-06,0.5333333333333333,2.120622561177269e-06,0.45454545454545453,1.2474250359865922e-06,0.5333333333333333
100000.0,7,28,0.00041838659381137244,2.625710128216236e-06,0.5333333333333333,3.938565192324353e-06,0.5,2.625710128216236e-06,0.5333333333333333
100000.0,7,32,0.0006070073108384305,5.526868131169547e-06,0.5333333333333333,8.290302196754344e-06,0.5,4.978151960843626e-06,0.42857142857142855
100000.0,7,36,0.0008806636753218248,1.1269555220154705e-05,0.5714285714285714,1.6286938689658487e-05,0.5263157894736842,1.047025496870434e-05,0.7142857142857143
100000.0,7,40,0.0012776922043329082,2.1556831354356035e-05,0.6153846153846154,2.2054273211689372e-05,0.7142857142857143,2.1556831354356035e-05,0.6153846153846154
100000.0,7,44,0.0018537126201060967,4.320186866148631e-05,0.6153846153846154,4.599006375230553e-05,0.7142857142857143,4.21959619133579e-05,0.46153846153846156
100000.0,7,48,0.002689419616311037,8.876259739738228e-05,0.6153846153846154,9.19766306052402e-05,0.7692307692307693,8.775669064925386e-05,0.46153846153846156
100000.0,7,52,0.003901887376795562,0.00021702717175863936,0.6666666666666666,0.00018787759734841553,0.7692307692307693,0.00014788408462911874,0.7272727272727273
100000.0,7,56,0.005660970496705033,0.00039365672132400637,0.6666666666666666,0.00035050197801437047,0.9090909090909091,0.0003738299632229898,0.6666666666666666
100000.0,7,60,0.008213098910836112,0.0007654449922474374,0.6666666666666666,0.0006634386413226364,0.9090909090909091,0.0006179565021909457,0.7272727272727273
100000.0,7,64,0.011915800260474691,0.0015409019989166312,0.7272727272727273,0.0012418913116202372,1.0,0.0012418913116202372,1.0
100000.0,7,68,0.0172877859367061,0.0028295530457359726,0.7272727272727273,0.002418500662214071,1.0,0.002418500662214071,1.0
100000.0,7,72,0.025081617353450582,0.005309631164270051,0.8,0.004895150560750623,1.0,0.004895150560750623,1.0
100000.0,7,76,0.03638913226760928,0.010522741800204922,0.8,0.010108261196685495,1.0,0.010108261196685495,1.0
100000.0,7,80,0.052794400318342774,0.02149583998358394,0.8,0.021081359380064512,1.0,0.021081359380064512,1.0
100000.0,7,84,0.07659563532528685,0.05405230286563394,0.6666666666666666,0.04417867922439624,1.0,0.05405230286563394,0.6666666666666666
100000.0,7,88,0.11112715203710641,0.09385046303254266,0.5714285714285714,0.09279632349184998,1.0,0.09385046303254266,0.5714285714285714
100000.0,7,92,0.1612264702477277,0.14781799171011517,0.3333333333333333,0.19513180440682448,1.0,0.14660006530886135,0.0
100000.0,7,96,0.23391200289072261,0.1897628859515307,0.3333333333333333,0.18976288595153076,0.3333333333333333,0.18968134089057337,0.0
100000.0,8,0,3.127604582698831e-05,1.4672865638578113e-08,0.5333333333333333,2.9345731277156936e-08,0.4,1.4672865638578113e-08,0.5333333333333333
100000.0,8,4,4.53761873633525e-05,3.08849756945111e-08,0.5333333333333333,5.8681453819571666e-08,0.4166666666666667,3.08849756945111e-08,0.5333333333333333
100000.0,8,8,6.583307848517556e-05,6.500991334252932e-08,0.5333333333333333,1.235188353508062e-07,0.4166666666666667,6.500991334252932e-08,0.5333333333333333
100000.0,8,12,9.551252484327462e-05,1.3683963602905742e-07,0.5333333333333333,2.5999530845520945e-07,0.4166666666666667,1.3683963602905742e-07,0.5333333333333333
100000.0,8,16,0.00013857231974943125,2.8803431701107936e-07,0.5333333333333333,5.472652023210511e-07,0.4166666666666667,2.8803431701107936e-07,0.5333333333333333
100000.0,8,20,0.000201044709395416,6.062846276383094e-07,0.5333333333333333,1.0306838669851585e-06,0.45454545454545453,6.062846276383094e-07,0.5333333333333333
100000.0,8,24,0.00029168145015522263,1.2761710254698047e-06,0.5333333333333333,2.169490743298805e-06,0.45454545454545453,1.2761710254698047e-06,0.5333333333333333
100000.0,8,28,0.0004231798420386262,2.68621768061755e-06,0.5333333333333333,4.297948288988079e-06,0.47619047619047616,2.68621768061755e-06,0.5333333333333333
100000.0,8,32,0.000613961493309005,5.669561744313028e-06,0.5714285714285714,9.046769166389419e-06,0.47619047619047616,5.21171009435374e-06,0.42857142857142855
100000.0,8,36,0.0008907530033810461,1.0963360412416176e-05,0.5714285714285714,1.0766520286306842e-05,0.7142857142857143,1.0834354764196484e-05,0.42857142857142855
100000.0,8,40,0.001292330091836913,2.148356625189236e-05,0.6153846153846154,2.260164835497732e-05,0.7142857142857143,2.148356625189236e-05,0.6153846153846154
100000.0,8,44,0.0018749496885532928,4.362739747195897e-05,0.6153846153846154,4.592172878318885e-05,0.7692307692307693,4.362739747195897e-05,0.6153846153846154
100000.0,8,48,0.0027202309663851175,9.023803958245201e-05,0.6153846153846154,9.253237089368187e-05,0.7692307692307693,8.773844428639694e-05,0.46153846153846156
100000.0,8,52,0.003946589370187351,0.0002100164785860628,0.6666666666666666,0.00021326126974222133,0.8333333333333334,0.0001738259075475317,0.5
100000.0,8,56,0.005725825435173976,0.0003907163257867622,0.6666666666666666,0.0003752199194137895,0.9090909090909091,0.0003545257547482311,0.5
100000.0,8,60,0.008307192321994436,0.0007710721830722017,0.6666666666666666,0.0006960486703473587,1.0,0.0006821259195940776,0.7272727272727273
100000.0,8,64,0.012052313689250041,0.0015216390179755839,0.6666666666666666,0.0012679148277684631,1.0,0.0012679148277684631,1.0
100000.0,8,68,0.017485843547824537,0.0030640939410221876,0.8,0.002471638272630311,1.0,0.002471638272630311,1.0
100000.0,8,72,0.02536896503546136,0.005597816408958168,0.8,0.005005360740566291,1.0,0.005005360740566291,1.0
100000.0,8,76,0.03680602455410462,0.010931059332759854,0.8,0.010338603664367977,1.0,0.010338603664367977,1.0
100000.0,8,80,0.05339923964512319,0.022157024466759438,0.8,0.021564568798367562,1.0,0.021564568798367562,1.0
100000.0,8,84,0.07747315362694598,0.05432786601382705,0.6666666666666666,0.045194149335070634,1.0,0.05432786601382705,0.6666666666666666
100000.0,8,88,0.11240028084281035,0.09370914593913618,0.5714285714285714,0.09493215133985763,1.0,0.09370914593913618,0.5714285714285714
100000.0,8,92,0.1630735621577752,0.14751964470516596,0.3333333333333333,0.1996258778994811,1.0,0.1463396200725069,0.0
100000.0,8,96,0.2365918169903465,0.1904200168894944,0.3333333333333333,0.1904200168894944,0.3333333333333333,0.19041367186045866,0.0
100000.0,9,0,3.0204750391073166e-05,1.3684904192805521e-08,0.5333333333333333,2.736980838561148e-08,0.4,1.3684904192805521e-08,0.5333333333333333
100000.0,9,4,4.382192111465545e-05,2.8805411552686282e-08,0.5333333333333333,5.7610823105372995e-08,0.4,2.8805411552686282e-08,0.5333333333333333
100000.0,9,8,6.357810428212095e-05,6.06326301616237e-08,0.5333333333333333,1.1520199730708547e-07,0.4166666666666667,6.06326301616237e-08,0.5333333333333333
100000.0,9,12,9.224094337471706e-05,1.276258745198664e-07,0.5333333333333333,2.4248916158774666e-07,0.4166666666666667,1.276258745198664e-07,0.5333333333333333
100000.0,9,16,0.00013382581520365392,2.68640232223838e-07,0.5333333333333333,5.104164412252926e-07,0.4166666666666667,2.68640232223838e-07,0.5333333333333333
100000.0,9,20,0.00019415834400314045,5.654619381906274e-07,0.5333333333333333,1.0743776825621925e-06,0.4166666666666667,5.654619381906274e-07,0.5333333333333333
100000.0,9,24,0.0002816905130648708,1.190243177261252e-06,0.5333333333333333,2.2614620367963797e-06,0.4166666666666667,1.190243177261252e-06,0.5333333333333333
100000.0,9,28,0.0004086847029838012,2.505347796794367e-06,0.5333333333333333,4.760160813909299e-06,0.4166666666666667,2.505347796794367e-06,0.5333333333333333
100000.0,9,32,0.0005929315284199645,5.273516960916527e-06,0.5333333333333333,8.964978833558096e-06,0.45454545454545453,5.273516960916527e-06,0.5333333333333333
100000.0,9,36,0.0008602421251092669,1.1100247707187616e-05,0.5333333333333333,1.8870421102218946e-05,0.45454545454545453,1.1100247707187616e-05,0.5333333333333333
100000.0,9,40,0.0012480640315830293,2.336495740396927e-05,0.5333333333333333,3.738393184635083e-05,0.47619047619047616,1.887699052136333e-05,0.6153846153846154
100000.0,9,44,0.0018107272144263233,4.918099567596168e-05,0.5333333333333333,4.463692002584306e-05,0.7142857142857143,3.952982113895726e-05,0.6153846153846154
100000.0,9,48,0.002627055152695499,0.00010349131328247207,0.5333333333333333,9.505616584995494e-05,0.7142857142857143,8.300204990183558e-05,0.6153846153846154
100000.0,9,52,0.0038114072182266765,0.00020978577963107496,0.5714285714285714,0.000202829823998799,0.7142857142857143,0.00017450692439599288,0.6153846153846154
100000.0,9,56,0.005529699278770418,0.00046745076822060633,0.6666666666666666,0.0004507536261631856,0.8333333333333334,0.00036176949738663075,0.6666666666666666
100000.0,9,60,0.008022646850068359,0.0008221962960770219,0.6666666666666666,0.000805459016248457,0.8333333333333334,0.0007165150252430465,0.6666666666666666
100000.0,9,64,0.01163948692978898,0.0015689016279090975,0.6666666666666666,0.0014928250937276428,0.8333333333333334,0.0014581092162073814,0.8333333333333334
100000.0,9,68,0.016886902604665206,0.0030844798633458963,0.6666666666666666,0.0027257999326830563,1.0,0.0027257999326830568,1.0
100000.0,9,72,0.024500004278506307,0.006080489510635087,0.8,0.005088920408188397,1.0,0.0050889204081883965,1.0
100000.0,9,76,0.03554531128053061,0.011054631593507506,0.8,0.010063062491060816,1.0,0.010063062491060816,1.0
100000.0,9,80,0.051570160546390194,0.021524723879137328,0.8,0.02053315477669064,1.0,0.02053315477669064,1.0
100000.0,9,84,0.07481947303235874,0.051732718128492214,0.6666666666666666,0.04257169542213612,1.0,0.05096768057326853,0.8888888888888888
100000.0,9,88,0.10855024466724696,0.09232049247248562,0.5,0.08896071096573101,1.0,0.09232049247248562,0.5
100000.0,9,92,0.15748781887601734,0.1314543687646828,0.5714285714285714,0.1866051420432765,1.0,0.1314543687646828,0.5714285714285714
100000.0,9,96,0.2284878598878819,0.18747072491690567,0.3333333333333333,0.18747072491690567,0.3333333333333333,0.18747072491690567,0.3333333333333333
100000.0,10,0,2.9928461958621145e-05,1.3435692528129498e-08,0.5333333333333333,2.687138505625945e-08,0.4,1.3435692528129498e-08,0.5333333333333333
100000.0,10,4,4.3421073905688525e-05,2.8280844886848985e-08,0.5333333333333333,5.656168977369842e-08,0.4,2.8280844886848985e-08,0.5333333333333333
100000.0,10,8,6.299654361557197e-05,5.9528467612629935e-08,0.5333333333333333,1.1905693522526031e-07,0.4,5.9528467612629935e-08,0.5333333333333333
100000.0,10,12,9.139719842324651e-05,1.2530171819427445e-07,0.5333333333333333,2.506034363885493e-07,0.4,1.2530171819427445e-07,0.5333333333333333
100000.0,10,16,0.00013260168574634977,2.637481059416056e-07,0.5333333333333333,5.274962118832115e-07,0.4,2.637481059416056e-07,0.5333333333333333
100000.0,10,20,0.00019238234175787897,5.551644813036803e-07,0.5333333333333333,1.1103289626073607e-06,0.4,5.551644813036803e-07,0.5333333333333333
100000.0,10,24,0.00027911383789677204,1.1685680175819833e-06,0.5333333333333333,2.3371360351639665e-06,0.4,1.1685680175819833e-06,0.5333333333333333
100000.0,10,28,0.0004049463884970877,2.4597236633525143e-06,0.5333333333333333,4.919447326705029e-06,0.4,2.4597236633525143e-06,0.5333333333333333
100000.0,10,32,0.0005875078741795722,5.177482533345e-06,0.5333333333333333,9.319468560021e-06,0.43478260869565216,5.177482533345e-06,0.5333333333333333
100000.0,10,36,0.0008523733314526944,1.0898104442576474e-05,0.5333333333333333,1.9616587996637654e-05,0.43478260869565216,1.0898104442576474e-05,0.5333333333333333
100000.0,10,40,0.0012366477592940276,2.293946520850409e-05,0.5333333333333333,3.899709085445695e-05,0.45454545454545453,2.293946520850409e-05,0.5333333333333333
100000.0,10,44,0.0017941641580462937,5.201686307260495e-05,0.5714285714285714,6.277098800735033e-05,0.5555555555555556,4.6021712566514886e-05,0.42857142857142855
100000.0,10,48,0.0026030249938395014,0.00010003250332182975,0.5714285714285714,0.00010547016344760052,0.7142857142857143,8.956822188516198e-05,0.46153846153846156
100000.0,10,52,0.0037765435722065662,0.00020110082348382126,0.5714285714285714,0.00016492963523066242,0.8333333333333334,0.0001681063316181874,0.3333333333333333
100000.0,10,56,0.005479118097801146,0.0003875301678590896,0.6666666666666666,0.0003403977244818016,0.9090909090909091,0.0003196655581629343,0.5454545454545454
100000.0,10,60,0.00794926221706783,0.0007599341641888475,0.7272727272727273,0.0006369590593006671,0.9090909090909091,0.0006181958701573852,0.5454545454545454
100000.0,10,64,0.011533018392332447,0.0013258758807223703,0.8,0.0011801723262586568,1.0,0.001304164638779194,0.7272727272727273
100000.0,10,68,0.016732434986518895,0.0024281048857738934,0.8,0.0022824013313101797,1.0,0.0024281048857738934,0.8
100000.0,10,72,0.02427589821275392,0.0047481912867081985,0.8,0.004602487732244485,1.0,0.004602487732244485,1.0
100000.0,10,76,0.035220171750901544,0.009631750767660804,0.8,0.009486047213197091,1.0,0.009486047213197091,1.0
100000.0,10,80,0.05109843875977771,0.01991117535908893,0.8,0.019765471804625217,1.0,0.019765471804625217,1.0
100000.0,10,84,0.07413508548889781,0.056198347946189886,0.6666666666666666,0.04140267523032097,1.0,0.05619111554461518,0.8888888888888888
100000.0,10,88,0.10755731552354972,0.10217673540869386,0.5,0.08694691439671778,1.0,0.10217673540869386,0.5
100000.0,10,92,0.15604724869933406,0.15426268687414957,0.3333333333333333,0.18281317217671322,1.0,0.15308734539207725,0.0
100000.0,10,96,0.22639783921810683,0.1937443654321751,0.3333333333333333,0.1937443654321751,0.3333333333333333,0.19344520205607113,0.0
100000.0,11,0,3.0825471996877655e-05,1.425314585745433e-08,0.5333333333333333,2.8506291714909334e-08,0.4,1.425314585745433e-08,0.5333333333333333
100000.0,11,4,4.4722481883790815e-05,3.000150578768996e-08,0.5333333333333333,6.000301157538052e-08,0.4,3.000150578768996e-08,0.5333333333333333
100000.0,11,8,6.488466376276698e-05,6.31502938741099e-08,0.5333333333333333,1.2630058774822046e-07,0.4,6.31502938741099e-08,0.5333333333333333
100000.0,11,12,9.413653747005503e-05,1.3292531530276612e-07,0.5333333333333333,2.39265567544979e-07,0.43478260869565216,1.3292531530276612e-07,0.5333333333333333
100000.0,11,16,0.00013657599766951723,2.797950470913597e-07,0.5333333333333333,4.756515800553124e-07,0.45454545454545453,2.797950470913597e-07,0.5333333333333333
100000.0,11,20,0.00019814838787072985,5.88941754236538e-07,0.5333333333333333,9.423068067784617e-07,0.47619047619047616,5.88941754236538e-07,0.5333333333333333
100000.0,11,24,0.0002874793835354307,1.2396659393686694e-06,0.5333333333333333,1.9834655029898717e-06,0.47619047619047616,1.2396659393686694e-06,0.5333333333333333
100000.0,11,28,0.0004170833628574749,2.609377973587501e-06,0.5333333333333333,3.914066960381254e-06,0.5,2.609377973587501e-06,0.5333333333333333
100000.0,11,32,0.0006051165458654894,5.492490511202714e-06,0.5333333333333333,6.5909886134434135e-06,0.5882352941176471,5.492490511202714e-06,0.5333333333333333
100000.0,11,36,0.0008779204990857095,1.1561166040723519e-05,0.5333333333333333,1.033195178789942e-05,0.7142857142857143,1.1561166040723519e-05,0.5333333333333333
100000.0,11,40,0.001273712325305066,2.4335146314510576e-05,0.5333333333333333,2.0674860251143136e-05,0.7692307692307693,2.4335146314510576e-05,0.5333333333333333
100000.0,11,44,0.0018479384970775707,5.1223150334719656e-05,0.5333333333333333,4.21852634673104e-05,0.7692307692307693,5.1223150334719656e-05,0.5333333333333333
100000.0,11,48,0.0026810423524506756,0.00011197767555467233,0.5714285714285714,8.91544079901854e-05,0.8333333333333334,0.00010117023914931994,0.5714285714285714
100000.0,11,52,0.0038897334013018956,0.0002190928326564256,0.5714285714285714,0.0001725458052846637,0.8333333333333334,0.00018726433828227182,0.6153846153846154
100000.0,11,56,0.005643337159285688,0.00045760696853149914,0.6153846153846154,0.00037621899105067284,0.9090909090909091,0.00040687036949370076,0.5454545454545454
100000.0,11,60,0.008187515957447196,0.000785237706576,0.7272727272727273,0.0006410316850999499,1.0,0.0006094034193091239,0.5454545454545454
100000.0,11,64,0.011878683775459132,0.0014154607244706982,0.8,0.0011965395152292266,1.0,0.0011965395152292266,1.0
100000.0,11,68,0.017233936272088916,0.002584751458418693,0.8,0.0023658302491772216,1.0,0.0023658302491772216,1.0
100000.0,11,72,0.02500349071031161,0.005045996370445322,0.8,0.00482707516120385,1.0,0.00482707516120385,1.0
100000.0,11,76,0.03627578388537599,0.010226680986429308,0.8,0.010007759777187836,1.0,0.010007759777187836,1.0
100000.0,11,80,0.05262995122340275,0.02113152550602367,0.8,0.020912604296782197,1.0,0.020912604296782197,1.0
100000.0,11,84,0.07635704784575024,0.052760119527598626,0.6666666666666666,0.0438662567213355,1.0,0.052760119527598626,0.6666666666666666
100000.0,11,88,0.11078100245560589,0.09431815741795493,0.5714285714285714,0.09218149484146625,1.0,0.09431815741795493,0.5714285714285714
100000.0,11,92,0.16072426647322244,0.14504010868756492,0.3333333333333333,0.19388043980361463,1.0,0.14388940320477436,0.0
100000.0,11,96,0.2331833912020011,0.18624616518991255,0.3333333333333333,0.18624616518991255,0.3333333333333333,0.18624616518991255,0.3333333333333333
100000.0,12,0,3.0886296871488535e-05,1.4309450016505839e-08,0.5333333333333333,2.8618900033012898e-08,0.4,1.4309450016505839e-08,0.5333333333333333
100000.0,12,4,4.4810728362324683e-05,3.012002064543074e-08,0.5333333333333333,6.02400412908627e-08,0.4,3.012002064543074e-08,0.5333333333333333
100000.0,12,8,6.501269429342484e-05,6.339975628935473e-08,0.5333333333333333,1.2679951257871067e-07,0.4,6.339975628935473e-08,0.5333333333333333
100000.0,12,12,9.432228784845955e-05,1.3345040977451493e-07,0.5333333333333333,2.669008195490311e-07,0.4,1.3345040977451493e-07,0.5333333333333333
100000.0,12,16,0.00013684548966412302,2.80900320621204e-07,0.5333333333333333,5.618006412424091e-07,0.4,2.80900320621204e-07,0.5333333333333333
100000.0,12,20,0.00019853937461207822,5.91268249070327e-07,0.5333333333333333,1.1234096732336218e-06,0.4166666666666667,5.91268249070327e-07,0.5333333333333333
100000.0,12,24,0.0002880466383517893,1.2445629879864974e-06,0.5333333333333333,2.240213378375696e-06,0.43478260869565216,1.2445629879864974e-06,0.5333333333333333
100000.0,12,28,0.00041790635246978833,2.6196857915190443e-06,0.5333333333333333,4.715434424734281e-06,0.43478260869565216,2.6196857915190443e-06,0.5333333333333333
100000.0,12,32,0.0006063105628794368,5.5141874798876936e-06,0.5333333333333333,9.37411871580908e-06,0.45454545454545453,5.5141874798876936e-06,0.5333333333333333
100000.0,12,36,0.0008796528133315584,1.1606836080031885e-05,0.5333333333333333,1.9731621336054206e-05,0.45454545454545453,1.0943230970166726e-05,0.5714285714285714
100000.0,12,40,0.001276225616666342,2.4431277369530776e-05,0.5333333333333333,4.1533171528202324e-05,0.45454545454545453,2.2485228130715726e-05,0.5714285714285714
100000.0,12,44,0.0018515848525132552,5.031789800225793e-05,0.5333333333333333,6.685314608810238e-05,0.5555555555555556,4.678002578990122e-05,0.5714285714285714
100000.0,12,48,0.002686332589853392,0.00010149712008555678,0.5714285714285714,0.00011907031592458913,0.625,9.742626252134388e-05,0.42857142857142855
100000.0,12,52,0.003897408629970832,0.00023941121889166754,0.6153846153846154,0.00022624738358781443,0.7142857142857143,0.0002050673143377901,0.42857142857142855
100000.0,12,56,0.005654472601920118,0.00042683963479386833,0.7272727272727273,0.0004912673874571639,0.7692307692307693,0.0004250811275835906,0.7272727272727273
100000.0,12,60,0.008203671578082517,0.0007447825095769228,0.7272727272727273,0.0008730607764176983,0.8333333333333334,0.0007430256301801535,0.7272727272727273
100000.0,12,64,0.011902122814811318,0.0013433317682534289,0.8,0.0015727706969073457,0.9090909090909091,0.0013433317682534289,0.8
100000.0,12,68,0.017267942304921367,0.0025172415478577357,0.8,0.0029852406508387055,1.0,0.0025172415478577357,0.8
100000.0,12,72,0.02505282764138741,0.004988209108230026,0.8,0.0054562082112109955,1.0,0.004988209108230026,0.8
100000.0,12,76,0.036347363324823426,0.010189358967012433,0.8,0.010657358069993402,1.0,0.010189358967012433,0.8
100000.0,12,80,0.0527338007341017,0.03392779770976856,0.6666666666666666,0.021605279963972598,1.0,0.021137280860991627,0.8
100000.0,12,84,0.07650771570450501,0.05236210083239982,0.6666666666666666,0.04464960613240323,1.0,0.05236210083239982,0.6666666666666666
100000.0,12,88,0.11099959572108166,0.09386283671319742,0.5,0.09315570379181978,1.0,0.09386283671319742,0.5
100000.0,12,92,0.1610414078735601,0.14915403858080062,0.3333333333333333,0.19525638978923063,1.0,0.1477134711363971,0.0
100000.0,12,96,0.23364350907246345,0.1907206598837103,0.3333333333333333,0.1907206598837103,0.3333333333333333,0.19069590255909108,0.0
100000.0,13,0,2.98931885480344e-05,1.3404040823525038e-08,0.5333333333333333,2.680808164705066e-08,0.4,1.3404040823525038e-08,0.5333333333333333
100000.0,13,4,4.3369898226493575e-05,2.821422108264618e-08,0.5333333333333333,5.36070200570283e-08,0.4166666666666667,2.821422108264618e-08,0.5333333333333333
100000.0,13,8,6.292229646743685e-05,5.938823089104029e-08,0.5333333333333333,1.1283763869297725e-07,0.4166666666666667,5.938823089104029e-08,0.5333333333333333
100000.0,13,12,9.128947852401083e-05,1.2500653333778764e-07,0.5333333333333333,2.3751241334179707e-07,0.4166666666666667,1.2500653333778764e-07,0.5333333333333333
100000.0,13,16,0.000132445402616522,2.6312677011378933e-07,0.5333333333333333,4.999408632162e-07,0.4166666666666667,2.6312677011378933e-07,0.5333333333333333
100000.0,13,20,0.0001921556016955314,5.53856628944576e-07,0.5333333333333333,1.0523275949946945e-06,0.4166666666666667,5.53856628944576e-07,0.5333333333333333
100000.0,13,24,0.0002787848768890802,1.1658151137308948e-06,0.5333333333333333,2.2150487160886993e-06,0.4166666666666667,1.0503379227158234e-06,0.7142857142857143
100000.0,13,28,0.0004044691224001254,2.440013786987019e-06,0.5333333333333333,4.417072316328445e-06,0.43478260869565216,2.2096404785222416e-06,0.7142857142857143
100000.0,13,32,0.0005868154427910988,4.9096580610882346e-06,0.5714285714285714,7.747928187707625e-06,0.5,4.177547307688932e-06,0.6153846153846154
100000.0,13,36,0.0008513687320671632,1.0046088840675957e-05,0.5714285714285714,1.0872430770744394e-05,0.6666666666666666,8.743263556211361e-06,0.6153846153846154
100000.0,13,40,0.0012351902575946398,2.0319305009243377e-05,0.6153846153846154,2.28854245868507e-05,0.6666666666666666,1.8353658610392127e-05,0.6153846153846154
100000.0,13,44,0.0017920495726361152,4.0548265389186225e-05,0.6153846153846154,3.529753646057643e-05,0.8333333333333334,3.858261899033498e-05,0.6153846153846154
100000.0,13,48,0.0025999570924718266,8.221675026149278e-05,0.6153846153846154,7.247151224494101e-05,0.8333333333333334,8.074009302673787e-05,0.6153846153846154
100000.0,13,52,0.0037720925726127566,0.00016194740643310783,0.6666666666666666,0.00014350315006665982,0.9090909090909091,0.00016094015354231974,0.6666666666666666
100000.0,13,56,0.005472660459497374,0.00034292386507076933,0.7272727272727273,0.00031052660836276906,1.0,0.00032793375103863393,0.7272727272727273
100000.0,13,60,0.007939893289575598,0.000648124502171579,0.8,0.0005587158054495311,1.0,0.0006345553647848324,0.9090909090909091
100000.0,13,64,0.011519425682703076,0.0011705389717426163,0.8,0.0010811302750205682,1.0,0.0011705389717426163,0.8
100000.0,13,68,0.016712714292210867,0.0022701713538957422,0.8,0.002180762657173694,1.0,0.0022701713538957422,0.8
100000.0,13,72,0.024247286861919907,0.004584792112529475,0.8,0.004495383415807427,1.0,0.004495383415807427,1.0
100000.0,13,76,0.03517866157971992,0.009456846940351189,0.8,0.009367438243629142,1.0,0.009367438243629142,1.0
100000.0,13,80,0.051038214608827105,0.019712055339722916,0.8,0.01962264664300087,1.0,0.01962264664300087,1.0
100000.0,13,84,0.07404771055753821,0.04925643840176695,0.6666666666666666,0.04120887730567284,1.0,0.04925643840176695,0.6666666666666666
100000.0,13,88,0.10743054945861409,0.08694951469525938,0.5714285714285714,0.08664582369192364,1.0,0.08694951469525938,0.5714285714285714
100000.0,13,92,0.15586333284418877,0.13785731152416564,0.3333333333333333,0.1822862404543135,1.0,0.1367682123620444,0.0
100000.0,13,96,0.22613100880264034,0.17715177006523747,0.3333333333333333,0.17715177006523747,0.3333333333333333,0.17703099428724656,0.0
100000.0,14,0,3.023840582574452e-05,1.259427804177912e-08,0.5714285714285714,2.7430835606473442e-08,0.4,1.259427804177912e-08,0.5714285714285714
100000.0,14,4,4.387074938782944e-05,2.6233077818837936e-08,0.5714285714285714,5.773927955549294e-08,0.4,2.6233077818837936e-08,0.5714285714285714
100000.0,14,8,6.364894574604604e-05,5.4941443995738555e-08,0.5714285714285714,1.2153564883749417e-07,0.4,5.4941443995738555e-08,0.5714285714285714
100000.0,14,12,9.234372220929036e-05,1.1536980294366541e-07,0.5714285714285714,2.4302984639679856e-07,0.4166666666666667,1.1536980294366541e-07,0.5714285714285714
100000.0,14,16,0.00013397492969467314,2.4256570613921666e-07,0.5714285714285714,5.115545309207402e-07,0.4166666666666667,2.4256570613921666e-07,0.5714285714285714
100000.0,14,20,0.0001943746835980019,5.103008899404817e-07,0.5714285714285714,1.076773252278966e-06,0.4166666666666667,5.103008899404817e-07,0.5714285714285714
100000.0,14,24,0.00028200438477502394,1.0738577879554532e-06,0.5714285714285714,2.2665044814216838e-06,0.4166666666666667,1.0738577879554532e-06,0.5714285714285714
100000.0,14,28,0.0004091400770936471,2.260091038255506e-06,0.5714285714285714,3.7664010603944625e-06,0.5,2.260091038255506e-06,0.5714285714285714
100000.0,14,32,0.0005935921982835108,4.756998323170053e-06,0.5714285714285714,7.927913201918705e-06,0.5,4.756998323170053e-06,0.5714285714285714
100000.0,14,36,0.000861200643960385,1.0012748815648923e-05,0.5714285714285714,1.4462497708576873e-05,0.5555555555555556,1.0012748815648923e-05,0.5714285714285714
100000.0,14,40,0.0012494546783169624,2.1906016394382894e-05,0.6153846153846154,2.396081221930205e-05,0.7142857142857143,2.1376725149189058e-05,0.7142857142857143
100000.0,14,44,0.0018127448047286347,4.260489720121302e-05,0.6153846153846154,4.818063345384484e-05,0.7692307692307693,4.2187602892093116e-05,0.6153846153846154
100000.0,14,48,0.002629982330769307,8.617405719827021e-05,0.6153846153846154,8.188744133071572e-05,0.8333333333333334,8.575676288915031e-05,0.6153846153846154
100000.0,14,52,0.003815654052415939,0.00017044752922787184,0.6153846153846154,0.00015329771438228994,0.9090909090909091,0.00017044752922787184,0.6153846153846154
100000.0,14,56,0.005535860708029701,0.00031671601693270007,0.7272727272727273,0.00027979270557490434,1.0,0.00031671601693270007,0.7272727272727273
100000.0,14,60,0.008031586028954393,0.0006214616001887947,0.7272727272727273,0.0005337473582883165,1.0,0.0006214616001887947,0.7272727272727273
100000.0,14,64,0.01165245614777296,0.0013218557973614423,0.8,0.0010682975593028902,1.0,0.0010682975593028902,1.0
100000.0,14,68,0.016905718719350954,0.0024470327309267527,0.8,0.0021934744928682006,1.0,0.0021934744928682006,1.0
100000.0,14,72,0.02452730323919187,0.0048154223216976925,0.8,0.00456186408363914,1.0,0.004561864083639141,1.0
100000.0,14,76,0.035584917398316256,0.009800655387130585,0.8,0.009547097149072032,1.0,0.009547097149072032,1.0
100000.0,14,80,0.051627622241878106,0.020294093127918654,0.8,0.020040534889860104,1.0,0.020040534889860104,1.0
100000.0,14,84,0.07490284011383377,0.05194510408844859,0.6666666666666666,0.04212821548062369,1.0,0.05189198597501754,0.8888888888888888
100000.0,14,88,0.10867119602823015,0.08990938770797177,0.5714285714285714,0.08862066589877977,1.0,0.08990938770797177,0.5714285714285714
100000.0,14,92,0.15766329859133002,0.12905424833745036,0.5714285714285714,0.18648281747247628,1.0,0.12905424833745036,0.5714285714285714
100000.0,14,96,0.2287424509088998,0.18557513473301612,0.3333333333333333,0.1855751347330161,0.3333333333333333,0.18539464706474307,0.0
100000.0,15,0,2.9871579369688553e-05,1.3384668810594044e-08,0.5333333333333333,2.6769337621188967e-08,0.4,1.3384668810594044e-08,0.5333333333333333
100000.0,15,4,4.333854700866976e-05,2.817344485234018e-08,0.5333333333333333,5.6346889704681235e-08,0.4,2.817344485234018e-08,0.5333333333333333
100000.0,15,8,6.287681121837718e-05,5.930240083487164e-08,0.5333333333333333,1.1860480166974415e-07,0.4,5.930240083487164e-08,0.5333333333333333
100000.0,15,12,9.122348721567799e-05,1.2482586929683447e-07,0.5333333333333333,2.4965173859366985e-07,0.4,1.2482586929683447e-07,0.5333333333333333
100000.0,15,16,0.0001323496605272621,2.627464896252228e-07,0.5333333333333333,4.992183302879241e-07,0.4166666666666667,2.627464896252228e-07,0.5333333333333333
100000.0,15,20,0.00019201669631711983,5.530561749681153e-07,0.5333333333333333,9.955011149426082e-07,0.43478260869565216,5.530561749681153e-07,0.5333333333333333
100000.0,15,24,0.00027858334896859285,1.164130234838352e-06,0.5333333333333333,2.0954344227090344e-06,0.43478260869565216,1.164130234838352e-06,0.5333333333333333
100000.0,15,28,0.00040417673989341185,2.4503825560630007e-06,0.5333333333333333,4.165650345307102e-06,0.45454545454545453,2.4503825560630007e-06,0.5333333333333333
100000.0,15,32,0.00058639124583603,5.157820397896971e-06,0.5333333333333333,6.7051665172661794e-06,0.5555555555555556,5.157820397896971e-06,0.5333333333333333
100000.0,15,36,0.0008507532949169992,1.0856717532181958e-05,0.5333333333333333,1.194238928540047e-05,0.625,1.0856717532181958e-05,0.5333333333333333
100000.0,15,40,0.001234297363665826,2.2852349729286124e-05,0.5333333333333333,2.2852349729286134e-05,0.6666666666666666,2.2852349729286124e-05,0.5333333333333333
100000.0,15,44,0.0017907541364280482,4.810200565701247e-05,0.5333333333333333,4.810200565701248e-05,0.6666666666666666,4.810200565701247e-05,0.5333333333333333
100000.0,15,48,0.002598077636340457,0.00011277017505543214,0.6153846153846154,0.00010608058881580723,0.7692307692307693,8.104273672830376e-05,0.7692307692307693
100000.0,15,52,0.003769365803569445,0.00020226750893542785,0.6153846153846154,0.00017696081158230997,0.8333333333333334,0.00016258259614331552,0.6666666666666666
100000.0,15,56,0.005468704384497026,0.0003809812185204592,0.6153846153846154,0.00033987850165907355,0.8333333333333334,0.00032137353138598915,0.5454545454545454
100000.0,15,60,0.007934153702115204,0.0007026991397104616,0.8,0.0006442449137493105,0.9090909090909091,0.0006187701372999317,0.5454545454545454
100000.0,15,64,0.011511098524038844,0.0012243585966705182,0.8,0.001101919230034097,1.0,0.0012243585966705182,0.8
100000.0,15,68,0.016700633010777698,0.002322401749649632,0.8,0.0021999623830132107,1.0,0.002322401749649632,0.8
100000.0,15,72,0.024229758991135556,0.004633677333208406,0.8,0.004511237966571986,1.0,0.004633677333208406,0.8
100000.0,15,76,0.03515323164036022,0.009498690888150724,0.8,0.009376251521514303,1.0,0.009376251521514303,1.0
100000.0,15,80,0.051001320120968655,0.03152909214298899,0.6666666666666666,0.019616638716419547,1.0,0.019616638716419547,1.0
100000.0,15,84,0.0739941829727853,0.048773118901360046,0.6666666666666666,0.041171672164383354,1.0,0.04875909765566967,0.8888888888888888
100000.0,15,88,0.10735289009821118,0.09284920686780573,0.5,0.08654295140409768,1.0,0.09284920686780573,0.5
100000.0,15,92,0.15575066240919663,0.14420180524075282,0.3333333333333333,0.18204514511758463,1.0,0.14327712466991654,0.0
100000.0,15,96,0.2259675432930681,0.18301294329853834,0.3333333333333333,0.18301294329853837,0.3333333333333333,0.18301294329853834,0.3333333333333333
100000.0,16,0,3.153212093202014e-05,1.4914119757073143e-08,0.5333333333333333,2.9828239514146796e-08,0.4,1.4914119757073143e-08,0.5333333333333333
100000.0,16,4,4.574770849518904e-05,3.1392792488411885e-08,0.5333333333333333,6.278558497682427e-08,0.4,3.1392792488411885e-08,0.5333333333333333
100000.0,16,8,6.63720920350634e-05,6.607881901666391e-08,0.5333333333333333,1.2554975613166214e-07,0.4166666666666667,6.607881901666391e-08,0.5333333333333333
100000.0,16,12,9.629454121345115e-05,1.390895800126357e-07,0.5333333333333333,2.6427020202400816e-07,0.4166666666666667,1.390895800126357e-07,0.5333333333333333
100000.0,16,16,0.0001397068916045383,2.927702334270333e-07,0.5333333333333333,5.562634435113636e-07,0.4166666666666667,2.927702334270333e-07,0.5333333333333333
100000.0,16,20,0.0002026907788940768,6.162532777303132e-07,0.5333333333333333,1.1092558999145643e-06,0.43478260869565216,6.162532777303132e-07,0.5333333333333333
100000.0,16,24,0.0002940696151552841,1.2971540783636542e-06,0.5333333333333333,2.205161933218212e-06,0.45454545454545453,1.2971540783636542e-06,0.5333333333333333
100000.0,16,28,0.00042664466054851216,2.730384995618329e-06,0.5333333333333333,4.641654492551158e-06,0.45454545454545453,2.730384995618329e-06,0.5333333333333333
100000.0,16,32,0.0006189883517154129,5.655978962669595e-06,0.5714285714285714,6.321918562729684e-06,0.625,5.655978962669595e-06,0.5714285714285714
100000.0,16,36,0.000898046114222487,1.137107225276464e-05,0.5714285714285714,1.3307032583956932e-05,0.625,1.1367805784462048e-05,0.5714285714285714
100000.0,16,40,0.0013029111469304363,2.340079580535858e-05,0.5714285714285714,2.801002803712737e-05,0.625,2.0534897798819748e-05,0.6153846153846154
100000.0,16,44,0.0018903009877898275,5.418821445593539e-05,0.6153846153846154,5.908348900499241e-05,0.7692307692307693,4.6571370108098396e-05,0.6153846153846154
100000.0,16,48,0.0027425030731047847,9.616251507861444e-05,0.6666666666666666,9.238275370481012e-05,0.8333333333333334,9.102400369779236e-05,0.6666666666666666
100000.0,16,52,0.003978902383573977,0.00017935340567535276,0.6666666666666666,0.00014555428815817286,1.0,0.00017495534882886455,0.6666666666666666
100000.0,16,56,0.005772706084915217,0.0003379890428684061,0.7272727272727273,0.00027674782339422166,1.0,0.00033417384992688235,0.7272727272727273
100000.0,16,60,0.008375208117793617,0.0006693688221302565,0.7272727272727273,0.0005528976394457636,1.0,0.0005528976394457636,1.0
100000.0,16,64,0.012150992963187796,0.0013737575533902188,0.8,0.001134166531758888,1.0,0.001134166531758888,1.0
100000.0,16,68,0.017629010278294516,0.0025972728538960262,0.8,0.0023576818322646955,1.0,0.0023576818322646955,1.0
100000.0,16,72,0.025576675448150378,0.005172655280804563,0.8,0.0049330642591732315,1.0,0.0049330642591732315,1.0
100000.0,16,76,0.03710737679842712,0.010593588424907777,0.8,0.010353997403276447,1.0,0.010353997403276447,1.0
100000.0,16,80,0.05383645015365061,0.03479918791858243,0.6666666666666666,0.021764542045421893,1.0,0.03467552909908063,0.8888888888888888
100000.0,16,84,0.07810747121497841,0.053510245912854734,0.6666666666666666,0.045782644753813204,1.0,0.053510245912854734,0.6666666666666666
100000.0,16,88,0.11332056705423392,0.09644297932957538,0.5714285714285714,0.09633844868802154,1.0,0.09644297932957538,0.5714285714285714
100000.0,16,92,0.16440873987776147,0.149180947685104,0.3333333333333333,0.20275356991827387,1.0,0.14793218430928806,0.0
100000.0,16,96,0.23852893125090924,0.19291866870062527,0.3333333333333333,0.19291866870062527,0.3333333333333333,0.1927309102525494,0.0
100000.0,17,0,3.1809021420563965e-05,1.5177207656008466e-08,0.5333333333333333,3.0354415312017766e-08,0.4,1.5177207656008466e-08,0.5333333333333333
100000.0,17,4,4.614944369274801e-05,3.1946567297251806e-08,0.5333333333333333,6.389313459450443e-08,0.4,3.1946567297251806e-08,0.5333333333333333
100000.0,17,8,6.695494102101671e-05,6.724446190691742e-08,0.5333333333333333,1.2776447762314408e-07,0.4166666666666667,6.724446190691742e-08,0.5333333333333333
100000.0,17,12,9.714015529578939e-05,1.4154314656335125e-07,0.5333333333333333,2.6893197847036834e-07,0.4166666666666667,1.4154314656335125e-07,0.5333333333333333
100000.0,17,16,0.00014093373285069605,2.9793475582847055e-07,0.5333333333333333,5.36282560491248e-07,0.43478260869565216,2.9793475582847055e-07,0.5333333333333333
100000.0,17,20,0.0002044707154806483,6.271241023375236e-07,0.5333333333333333,1.003398563740039e-06,0.47619047619047616,6.271241023375236e-07,0.5333333333333333
100000.0,17,24,0.0002966519983789799,1.3200361221336345e-06,0.5333333333333333,1.8480505709873478e-06,0.5263157894736842,1.3200361221336345e-06,0.5333333333333333
100000.0,17,28,0.00043039125644655504,2.778549504384665e-06,0.5333333333333333,3.88996930613855e-06,0.5263157894736842,2.2572490791262782e-06,0.7692307692307693
100000.0,17,32,0.0006244240208656885,5.848580367511107e-06,0.5333333333333333,8.188012514515564e-06,0.5263157894736842,4.713273769627436e-06,0.7692307692307693
100000.0,17,36,0.0009059323394560892,1.1973206770205094e-05,0.5333333333333333,1.01611546662515e-05,0.7692307692307693,9.882970319687146e-06,0.7692307692307693
100000.0,17,40,0.0013143527094530473,2.360107970595882e-05,0.6153846153846154,2.104287036034145e-05,0.7692307692307693,2.076468601377735e-05,0.7692307692307693
100000.0,17,44,0.001906900735968592,4.650604816985072e-05,0.6153846153846154,4.394783882423324e-05,0.7692307692307693,4.3669654477669174e-05,0.7692307692307693
100000.0,17,48,0.002766586465478322,0.00011369059704064521,0.6666666666666666,0.00011517422005216734,0.9090909090909091,8.190718407399219e-05,0.8333333333333334
100000.0,17,52,0.004013843262313315,0.00020240682435740273,0.6666666666666666,0.00019128665362321885,0.9090909090909091,0.00018413511125209696,0.6666666666666666
100000.0,17,56,0.005823399317336185,0.00037337004491279303,0.6666666666666666,0.000301835370090852,1.0,0.00035713530695097843,0.6666666666666666
100000.0,17,60,0.008448755318264941,0.0007106906255440369,0.7272727272727273,0.0005828565212315413,1.0,0.0005828565212315413,1.0
100000.0,17,64,0.012257697358209403,0.0014205177284219298,0.7272727272727273,0.0011743791069631186,1.0,0.0011743791069631186,1.0
100000.0,17,68,0.017783820085383862,0.002779256605792057,0.8,0.002419477449241984,1.0,0.002419477449241984,1.0
100000.0,17,72,0.025801277971469007,0.005400069266779877,0.8,0.005040290110229805,1.0,0.005040290110229805,1.0
100000.0,17,76,0.037433236602980584,0.010916628698882729,0.8,0.010556849542332656,1.0,0.010556849542332656,1.0
100000.0,17,80,0.05430921693585184,0.032988105923664246,0.6666666666666666,0.02216867835441284,1.0,0.032741632019762976,0.8888888888888888
100000.0,17,84,0.07879337486811287,0.05227483634475093,0.6666666666666666,0.046610464946324426,1.0,0.05227483634475093,0.6666666666666666
100000.0,17,88,0.11431569581347692,0.09328476831329091,0.5714285714285714,0.09805808284291762,1.0,0.09328476831329091,0.5714285714285714
100000.0,17,92,0.16585250131998017,0.14413437551099526,0.3333333333333333,0.2063503869787274,1.0,0.14298130957713664,0.0
100000.0,17,96,0.24062358190056293,0.18863261356910815,0.3333333333333333,0.1886326135691082,0.3333333333333333,0.18857029353598098,0.0
100000.0,18,0,3.063091699798797e-05,1.4073796142064475e-08,0.5333333333333333,2.6740212669923054e-08,0.4166666666666667,1.4073796142064475e-08,0.5333333333333333
100000.0,18,4,4.444021589240141e-05,2.9623991828448785e-08,0.5333333333333333,5.628558447405312e-08,0.4166666666666667,2.9623991828448785e-08,0.5333333333333333
100000.0,18,8,6.447514413926855e-05,6.235566317669199e-08,0.5333333333333333,1.1847576003571521e-07,0.4166666666666667,6.235566317669199e-08,0.5333333333333333
100000.0,18,12,9.354239461492467e-05,1.312526938544146e-07,0.5333333333333333,2.493801183233878e-07,0.4166666666666667,1.312526938544146e-07,0.5333333333333333
100000.0,18,16,0.00013571399811675635,2.762743392725247e-07,0.5333333333333333,5.249212446177966e-07,0.4166666666666667,2.762743392725247e-07,0.5333333333333333
100000.0,18,20,0.00019689777411253375,5.815310017570563e-07,0.5333333333333333,1.0467558031627008e-06,0.43478260869565216,5.815310017570563e-07,0.5333333333333333
100000.0,18,24,0.0002856649571042569,1.2935023696539825e-06,0.5714285714285714,1.8361005236414544e-06,0.5,1.1447683525691907e-06,0.7142857142857143
100000.0,18,28,0.0004144509407746642,2.5107314166409507e-06,0.5714285714285714,4.122469975416575e-06,0.47619047619047616,2.2370047200175214e-06,0.7692307692307693
100000.0,18,32,0.0006012973521505994,4.997895555983124e-06,0.6153846153846154,6.508053102660341e-06,0.5882352941176471,4.5144718007493335e-06,0.7692307692307693
100000.0,18,36,0.0008723795029334963,9.791745453205191e-06,0.6153846153846154,1.3698827948493492e-05,0.5882352941176471,9.596502987627507e-06,0.6153846153846154
100000.0,18,40,0.0012656732886258998,1.9882339970036467e-05,0.6153846153846154,2.244132235198486e-05,0.7142857142857143,1.9687097504458785e-05,0.6153846153846154
100000.0,18,44,0.001836275231312052,4.112207418910483e-05,0.6153846153846154,4.6258625958176483e-05,0.7142857142857143,3.735139821159864e-05,0.8333333333333334
100000.0,18,48,0.0026641209508268143,8.58296787751557e-05,0.6153846153846154,9.17030526914272e-05,0.7692307692307693,7.611903601947331e-05,0.8333333333333334
100000.0,18,52,0.00386518334485351,0.00017811505280711384,0.6153846153846154,0.00016756572501212762,0.9090909090909091,0.00014292780812767054,0.5454545454545454
100000.0,18,56,0.00560771923087667,0.00034887943114735763,0.6666666666666666,0.0003140697674223038,0.9090909090909091,0.00029148966227477015,0.5454545454545454
100000.0,18,60,0.008135840441880983,0.0006346387872307603,0.8,0.0005820889356794954,1.0,0.0006041981247853893,0.5454545454545454
100000.0,18,64,0.011803711450332058,0.0011831565695329153,0.8,0.0011306067179816504,1.0,0.0011831565695329153,0.8
100000.0,18,68,0.0171251642652038,0.002337733922839263,0.8,0.0022851840712879985,1.0,0.002337733922839263,0.8
100000.0,18,72,0.024845681152427933,0.004768008578973509,0.8,0.004715458727422244,1.0,0.004768008578973509,0.8
100000.0,18,76,0.03604682923727662,0.009883503774973016,0.8,0.009830953923421752,1.0,0.009830953923421752,1.0
100000.0,18,80,0.05229777723096978,0.03239047355067716,0.6666666666666666,0.02059858096271246,1.0,0.03239047355067716,0.6666666666666666
100000.0,18,84,0.0758751202580606,0.050242074030763605,0.6666666666666666,0.043263403744275085,1.0,0.050242074030763605,0.6666666666666666
100000.0,18,88,0.11008180804223464,0.0871034331564895,0.5714285714285714,0.09097068315181686,1.0,0.0871034331564895,0.5714285714285714
100000.0,18,92,0.15970985509653984,0.14098221142849235,0.3333333333333333,0.19138993330014456,1.0,0.13983719267715436,0.0
100000.0,18,96,0.23171165398347626,0.1817182825216291,0.3333333333333333,0.18171828252162914,0.3333333333333333,0.1817182825216291,0.3333333333333333
100000.0,19,0,3.139407504288544e-05,1.4783819216974847e-08,0.5333333333333333,2.9567638433950527e-08,0.4,1.4783819216974847e-08,0.5333333333333333
100000.0,19,4,4.554742754647935e-05,3.1118522341526816e-08,0.5333333333333333,6.223704468305444e-08,0.4,3.1118522341526816e-08,0.5333333333333333
100000.0,19,8,6.608151867089091e-05,6.55015066477696e-08,0.5333333333333333,1.3100301329554e-07,0.4,6.55015066477696e-08,0.5333333333333333
100000.0,19,12,9.587296901444534e-05,1.3787439281467203e-07,0.5333333333333333,2.6196134634787787e-07,0.4166666666666667,1.3787439281467203e-07,0.5333333333333333
100000.0,19,16,0.00013909526252600684,2.902123808576816e-07,0.5333333333333333,5.223822855438277e-07,0.43478260869565216,2.902123808576816e-07,0.5333333333333333
100000.0,19,20,0.00020180340982517842,6.10869243256034e-07,0.5333333333333333,1.0995646378608616e-06,0.43478260869565216,6.10869243256034e-07,0.5333333333333333
100000.0,19,24,0.0002927821945729792,1.2858212018845482e-06,0.5333333333333333,2.1858960432038167e-06,0.45454545454545453,1.2858212018845482e-06,0.5333333333333333
100000.0,19,28,0.00042477683371767614,2.706530376948215e-06,0.5333333333333333,4.059795565422457e-06,0.5,2.4364063724150575e-06,0.5714285714285714
100000.0,19,32,0.0006162784547959892,5.948083454820925e-06,0.5714285714285714,7.406083109991776e-06,0.5555555555555556,5.127817340079048e-06,0.5714285714285714
100000.0,19,36,0.0008941145177850296,1.1613245555241944e-05,0.5714285714285714,1.5589095032822167e-05,0.5555555555555556,1.079297944050007e-05,0.5714285714285714
100000.0,19,40,0.0012972070736735409,2.3537868739750606e-05,0.5714285714285714,2.7765312167885802e-05,0.625,2.01936167445106e-05,0.7692307692307693
100000.0,19,44,0.0018820253541540746,4.863805750256693e-05,0.5714285714285714,5.3130291505354226e-05,0.6666666666666666,4.250489564479177e-05,0.7692307692307693
100000.0,19,48,0.0027304965456657455,0.0001014715488574532,0.5714285714285714,0.00010939017608951312,0.7142857142857143,8.937385233081771e-05,0.7692307692307693
100000.0,19,52,0.0039614829680356175,0.00021243664618581307,0.5714285714285714,0.0001974013174832956,0.7692307692307693,0.00018036848539905957,0.7692307692307693
100000.0,19,56,0.005747433495547586,0.000445379727323993,0.6666666666666666,0.0003731078784499517,0.9090909090909091,0.00037310787844995174,0.9090909090909091
100000.0,19,60,0.008338541917831947,0.0008192145491325555,0.6666666666666666,0.0006473753743625991,1.0,0.000647375374362599,1.0
100000.0,19,64,0.01209779658508532,0.0014629099515934075,0.8,0.0012235658811025603,1.0,0.0012235658811025603,1.0
100000.0,19,68,0.01755183144203169,0.002675735737258834,0.8,0.0024363916667679867,1.0,0.0024363916667679867,1.0
100000.0,19,72,0.025464702171409448,0.0052286177600770305,0.8,0.004989273689586184,1.0,0.004989273689586184,1.0
100000.0,19,76,0.03694492274610888,0.010602189710357294,0.8,0.010362845639866447,1.0,0.010362845639866447,1.0
100000.0,19,80,0.053600757139364026,0.03229528548623025,0.6666666666666666,0.021673699508844926,1.0,0.03218865242875603,0.8888888888888888
100000.0,19,84,0.07776552100696098,0.05072144643997517,0.6666666666666666,0.045481962695627466,1.0,0.05072144643997517,0.6666666666666666
100000.0,19,88,0.11282445585162958,0.08954027684501903,0.5714285714285714,0.09559607455111913,1.0,0.08954027684501903,0.5714285714285714
100000.0,19,92,0.16368896746768885,0.1468094841070992,0.3333333333333333,0.20108147629428255,1.0,0.1455129929786876,0.0
100000.0,19,96,0.2374846647244085,0.18965567201252223,0.3333333333333333,0.18965567201252223,0.3333333333333333,0.18965567201252223,0.3333333333333333
inf,0,0,3.04956608373714e-05,1.3949779948619981e-08,0.5333333333333333,6.974889974309908e-09,1.0,1.3949779948619981e-08,0.5333333333333333
inf,0,4,4.424398236211002e-05,2.9362949628880826e-08,0.5333333333333333,1.468147481444027e-08,1.0,2.9362949628880826e-08,0.5333333333333333
inf,0,8,6.419044288621595e-05,6.180619436892877e-08,0.5333333333333333,3.090309718446414e-08,1.0,6.180619436892877e-08,0.5333333333333333
inf,0,12,9.31293418437221e-05,1.3009611468367353e-07,0.5333333333333333,6.504805734183635e-08,1.0,1.3009611468367353e-07,0.5333333333333333
inf,0,16,0.00013511472926925816,2.868481860966664e-07,0.5714285714285714,1.3691992549128697e-07,1.0,2.3186645074232748e-07,0.6666666666666666
inf,0,20,0.0001960283376225273,5.591582937515455e-07,0.5714285714285714,2.882033186328866e-07,1.0,4.436632011405665e-07,0.6666666666666666
inf,0,24,0.000284403553623481,1.1323449679468174e-06,0.5714285714285714,6.066403598524819e-07,1.0,6.06640359852483e-07,1.0
inf,0,28,0.0004126208603034596,2.3388479740395057e-06,0.5714285714285714,1.2769198076817533e-06,1.0,1.2769198076817543e-06,1.0
inf,0,32,0.0005986422187360123,4.8008623654709425e-06,0.5714285714285714,2.6877937953988165e-06,1.0,2.6877937953988174e-06,1.0
inf,0,36,0.0008685273589648673,9.408854713553634e-06,0.6666666666666666,5.657548299528656e-06,1.0,5.6575482995286566e-06,1.0
inf,0,40,0.001260084487297303,1.8160322703050248e-05,0.6666666666666666,1.1908596863454804e-05,1.0,1.1908596863454806e-05,1.0
inf,0,44,0.0018281668375072276,3.6581323944705886e-05,0.6666666666666666,2.5066454893208835e-05,1.0,2.5066454893208835e-05,1.0
inf,0,48,0.0026523570597473973,7.535576580432805e-05,0.6666666666666666,5.276248479293894e-05,1.0,5.276248479293894e-05,1.0
inf,0,52,0.0038481159531283996,0.00015697224917578706,0.6666666666666666,0.00011105997291540968,1.0,0.00011105997291540968,1.0
inf,0,56,0.0055829573677880166,0.0003276578455921158,0.6666666666666666,0.0002337705972790388,1.0,0.0002337705972790388,1.0
inf,0,60,0.00809991521830279,0.000651680062910087,0.7272727272727273,0.0004920646990776985,1.0,0.0004920646990776985,1.0
inf,0,64,0.011751590102090911,0.001296994167340061,0.8,0.0010357490244567082,1.0,0.0010357490244567082,1.0
inf,0,68,0.01704954511320154,0.0024413975571365614,0.8,0.002180152414253209,1.0,0.002180152414253209,1.0
inf,0,72,0.02473597071049759,0.004850256995312814,0.8,0.004589011852429461,1.0,0.004589011852429461,1.0
inf,0,76,0.035887658170822574,0.009920675210276916,0.8,0.009659430067393563,1.0,0.009659430067393563,1.0
inf,0,80,0.05206684726705436,0.020593419525364094,0.8,0.020332174382480743,1.0,0.020332174382480743,1.0
inf,0,84,0.07554008042059508,0.05153428412667495,0.6666666666666666,0.0427972781246248,1.0,0.0514762789746666,0.8888888888888888
inf,0,88,0.10959572260409704,0.09262737628012468,0.5,0.0900841680983564,1.0,0.09262737628012468,0.5
inf,0,92,0.15900462835408202,0.1452349777223061,0.3333333333333333,0.18961853878514812,1.0,0.14410391041097875,0.0
inf,0,96,0.23068849073015352,0.18592730879687933,0.3333333333333333,0.18592730879687935,0.3333333333333333,0.18592730879687933,0.3333333333333333
