setting,n,rep,pen,m15,max_f1,auc,aupr,has_5to1,has_1to5
path,100,0,lasso,0.0,0.6666666666666666,0.859375,0.7041666666666666,0,0
path,100,0,MCP,0.0,0.6666666666666666,0.875,0.7291666666666667,0,0
path,100,0,SCAD,0.0,0.6666666666666666,0.875,0.7291666666666667,0,0
path,100,1,lasso,0.0,0.5714285714285714,0.703125,0.27321428571428574,0,1
path,100,1,MCP,0.0,0.42857142857142855,0.5859375,0.23368055555555556,0,1
path,100,1,SCAD,0.0,0.42857142857142855,0.5859375,0.23368055555555556,0,1
path,100,2,lasso,0.0,0.5714285714285714,0.75,0.3104166666666667,0,1
path,100,2,MCP,0.0,0.5714285714285714,0.75,0.3104166666666667,0,1
path,100,2,SCAD,0.0,0.5714285714285714,0.734375,0.26458333333333334,0,1
path,100,3,lasso,0.0,0.5454545454545454,0.6875,0.26607142857142857,0,1
path,100,3,MCP,0.0,0.5714285714285714,0.78125,0.32023809523809527,0,1
path,100,3,SCAD,0.0,0.6,0.78125,0.3041666666666667,0,1
path,100,4,lasso,0.0,0.6153846153846154,0.8203125,0.3524305555555556,0,1
path,100,4,MCP,0.0,0.6666666666666666,0.8359375,0.38412698412698415,0,0
path,100,4,SCAD,0.0,0.6666666666666666,0.8359375,0.38412698412698415,0,0
path,100,5,lasso,0.0,0.6666666666666666,0.84375,0.4196428571428571,0,0
path,100,5,MCP,0.0,0.6153846153846154,0.828125,0.4060019841269841,0,1
path,100,5,SCAD,0.0,0.6153846153846154,0.828125,0.4060019841269841,0,1
path,100,6,lasso,0.0,0.5714285714285714,0.828125,0.5827380952380952,0,1
path,100,6,MCP,0.0,0.5714285714285714,0.828125,0.5827380952380952,0,1
path,100,6,SCAD,0.0,0.5714285714285714,0.8203125,0.5767857142857142,0,1
path,100,7,lasso,0.0,0.5454545454545454,0.7109375,0.4889880952380952,0,1
path,100,7,MCP,0.0,0.5,0.6953125,0.47842261904761907,0,1
path,100,7,SCAD,0.0,0.5,0.6875,0.4680059523809524,0,1
path,100,8,lasso,0.0,0.6666666666666666,0.7578125,0.4083333333333333,0,1
path,100,8,MCP,0.0,0.6666666666666666,0.765625,0.42916666666666664,0,1
path,100,8,SCAD,0.0,0.6666666666666666,0.7578125,0.41666666666666663,0,1
path,100,9,lasso,0.0,0.5714285714285714,0.78125,0.4770833333333333,0,1
path,100,9,MCP,0.0,0.5714285714285714,0.765625,0.44375,0,1
path,100,9,SCAD,0.0,0.5714285714285714,0.765625,0.45625,0,1
path,100,10,lasso,0.0,0.6153846153846154,0.796875,0.5162698412698412,0,1
path,100,10,MCP,0.0,0.6153846153846154,0.7890625,0.45376984126984127,0,1
path,100,10,SCAD,0.0,0.6153846153846154,0.796875,0.5162698412698412,0,1
path,100,11,lasso,0.0,0.6666666666666666,0.7578125,0.4083333333333333,0,0
path,100,11,MCP,0.0,0.6666666666666666,0.7578125,0.3666666666666667,0,0
path,100,11,SCAD,0.0,0.6666666666666666,0.7578125,0.4083333333333333,0,0
path,100,12,lasso,0.0,0.7272727272727273,0.875,0.6005952380952381,0,0
path,100,12,MCP,0.0,0.6,0.734375,0.5166666666666666,0,0
path,100,12,SCAD,0.0,0.6,0.734375,0.5166666666666666,0,0
path,100,13,lasso,0.0,0.42857142857142855,0.5234375,0.1947420634920635,0,1
path,100,13,MCP,0.0,0.42857142857142855,0.5078125,0.1890376984126984,0,1
path,100,13,SCAD,0.0,0.42857142857142855,0.5078125,0.1890376984126984,0,1
path,100,14,lasso,0.0,0.5,0.6875,0.46770833333333334,0,0
path,100,14,MCP,0.0,0.42857142857142855,0.640625,0.44027777777777777,0,1
path,100,14,SCAD,0.0,0.42857142857142855,0.6328125,0.43432539682539684,0,1
path,100,15,lasso,0.0,0.6666666666666666,0.765625,0.6660714285714285,0,0
path,100,15,MCP,0.0,0.6666666666666666,0.84375,0.6875676406926408,0,0
path,100,15,SCAD,0.0,0.6666666666666666,0.7578125,0.6577380952380952,0,0
path,100,16,lasso,0.0,0.6666666666666666,0.828125,0.3723214285714286,0,1
path,100,16,MCP,0.0,0.6,0.796875,0.34791666666666665,0,1
path,100,16,SCAD,0.0,0.6,0.796875,0.34791666666666665,0,1
path,100,17,lasso,0.0,0.5714285714285714,0.7890625,0.3327380952380952,0,1
path,100,17,MCP,0.0,0.75,0.8671875,0.45287698412698413,0,0
path,100,17,SCAD,0.0,0.5,0.6796875,0.27842261904761906,0,0
path,100,18,lasso,0.0,0.5,0.6875,0.5027777777777778,0,0
path,100,18,MCP,0.0,0.5714285714285714,0.71875,0.59375,0,0
path,100,18,SCAD,0.0,0.6153846153846154,0.8359375,0.5726686507936508,0,1
path,100,19,lasso,0.0,0.5,0.5859375,0.2875,0,0
path,100,19,MCP,0.0,0.5,0.671875,0.31527777777777777,0,0
path,100,19,SCAD,0.0,0.5,0.671875,0.31527777777777777,0,0
path,100,20,lasso,0.0,0.5,0.703125,0.4867559523809524,0,0
path,100,20,MCP,0.0,0.5,0.6953125,0.4895833333333333,0,0
path,100,20,SCAD,0.0,0.5,0.6953125,0.4895833333333333,0,0
path,100,21,lasso,0.0,0.6153846153846154,0.7734375,0.30600198412698415,0,0
path,100,21,MCP,0.0,0.6666666666666666,0.8046875,0.3327380952380952,0,1
path,100,21,SCAD,0.0,0.6666666666666666,0.7890625,0.31488095238095243,0,1
path,100,22,lasso,0.0,0.42857142857142855,0.5703125,0.20863095238095236,0,1
path,100,22,MCP,0.0,0.5714285714285714,0.6875,0.25580357142857146,0,1
path,100,22,SCAD,0.0,0.5714285714285714,0.6796875,0.25163690476190476,0,1
path,100,23,lasso,0.0,0.6666666666666666,0.84375,0.6869047619047619,0,0
path,100,23,MCP,0.0,0.6666666666666666,0.828125,0.6742559523809524,0,0
path,100,23,SCAD,0.0,0.6666666666666666,0.828125,0.6742559523809524,0,0
path,100,24,lasso,0.0,0.5454545454545454,0.6640625,0.2702380952380952,0,1
path,100,24,MCP,0.0,0.46153846153846156,0.640625,0.2398809523809524,0,1
path,100,24,SCAD,0.0,0.5,0.546875,0.21805555555555553,0,1
path,100,25,lasso,0.0,0.6153846153846154,0.8046875,0.4766865079365079,0,0
path,100,25,MCP,0.0,0.46153846153846156,0.671875,0.4041666666666667,0,0
path,100,25,SCAD,0.0,0.46153846153846156,0.671875,0.4041666666666667,0,0
path,100,26,lasso,0.0,0.6666666666666666,0.7265625,0.3375,0,0
path,100,26,MCP,0.0,0.6,0.8046875,0.3416666666666667,0,0
path,100,26,SCAD,0.0,0.6666666666666666,0.8125,0.375,0,0
path,100,27,lasso,0.0,0.4,0.53125,0.3991071428571429,0,0
path,100,27,MCP,0.0,0.46153846153846156,0.6328125,0.43452380952380953,0,1
path,100,27,SCAD,0.0,0.46153846153846156,0.6328125,0.43452380952380953,0,1
path,100,28,lasso,0.0,0.6153846153846154,0.7890625,0.49166666666666664,0,1
path,100,28,MCP,0.0,0.5714285714285714,0.8046875,0.525,0,1
path,100,28,SCAD,0.0,0.6666666666666666,0.8359375,0.5493055555555556,0,1
path,100,29,lasso,0.0,0.5714285714285714,0.7265625,0.4086309523809524,0,1
path,100,29,MCP,0.0,0.6153846153846154,0.7734375,0.4367063492063492,0,0
path,100,29,SCAD,0.0,0.6153846153846154,0.7734375,0.4367063492063492,0,0
path,100,30,lasso,0.0,0.5,0.578125,0.423859126984127,0,1
path,100,30,MCP,0.0,0.36363636363636365,0.546875,0.3482142857142857,0,1
path,100,30,SCAD,0.0,0.4,0.546875,0.40654761904761905,0,0
path,100,31,lasso,0.0,0.5,0.6640625,0.28125,0,1
path,100,31,MCP,0.0,0.5,0.6640625,0.28125,0,1
path,100,31,SCAD,0.0,0.5,0.6640625,0.28125,0,1
path,100,32,lasso,0.0,0.5454545454545454,0.6875,0.4119047619047619,0,1
path,100,32,MCP,0.0,0.5,0.6796875,0.40520833333333334,0,1
path,100,32,SCAD,0.0,0.5,0.6796875,0.40520833333333334,0,1
path,100,33,lasso,0.0,0.5714285714285714,0.78125,0.5020833333333333,0,1
path,100,33,MCP,0.0,0.46153846153846156,0.6953125,0.4770833333333333,0,1
path,100,33,SCAD,0.0,0.46153846153846156,0.671875,0.4604166666666667,0,1
path,100,34,lasso,0.0,0.6666666666666666,0.8671875,0.5916666666666667,0,1
path,100,34,MCP,0.0,0.5,0.6875,0.46770833333333334,0,1
path,100,34,SCAD,0.0,0.5,0.6875,0.46770833333333334,0,1
path,100,35,lasso,0.0,0.6,0.828125,0.5583333333333333,0,0
path,100,35,MCP,0.0,0.6,0.828125,0.5583333333333333,0,0
path,100,35,SCAD,0.0,0.6,0.828125,0.5583333333333333,0,0
path,100,36,lasso,0.0,0.5714285714285714,0.7890625,0.465922619047619,0,1
path,100,36,MCP,0.0,0.5,0.703125,0.43675595238095233,0,1
path,100,36,SCAD,0.0,0.5,0.703125,0.43675595238095233,0,1
path,100,37,lasso,0.0,0.8,0.9375,0.7916666666666666,0,0
path,100,37,MCP,0.0,0.8,0.9375,0.7916666666666666,0,0
path,100,37,SCAD,0.0,0.8,0.9375,0.7958333333333334,0,0
path,100,38,lasso,0.0,0.3333333333333333,0.5078125,0.20813492063492064,0,1
path,100,38,MCP,0.0,0.3333333333333333,0.515625,0.2111111111111111,0,1
path,100,38,SCAD,0.0,0.3333333333333333,0.5234375,0.21458333333333335,0,1
path,100,39,lasso,0.0,0.6666666666666666,0.734375,0.34697420634920634,0,1
path,100,39,MCP,0.0,0.6666666666666666,0.828125,0.36607142857142855,0,1
path,100,39,SCAD,0.0,0.6666666666666666,0.84375,0.39940476190476193,0,1
path,100,40,lasso,0.0,0.5,0.6796875,0.29092261904761907,0,1
path,100,40,MCP,0.0,0.5,0.6640625,0.2450892857142857,0,1
path,100,40,SCAD,0.0,0.5,0.671875,0.2857142857142857,0,1
path,100,41,lasso,0.0,0.6666666666666666,0.859375,0.5940972222222223,0,1
path,100,41,MCP,0.0,0.6666666666666666,0.859375,0.5940972222222223,0,1
path,100,41,SCAD,0.0,0.6666666666666666,0.859375,0.5940972222222223,0,1
path,100,42,lasso,0.0,0.8571428571428571,0.8203125,0.8125,0,0
path,100,42,MCP,0.0,0.8571428571428571,0.8203125,0.8125,0,0
path,100,42,SCAD,0.0,0.8571428571428571,0.8203125,0.8125,0,0
path,100,43,lasso,0.0,1.0,0.9140625,0.9708333333333333,0,0
path,100,43,MCP,0.0,0.8571428571428571,0.984375,0.9583333333333333,0,0
path,100,43,SCAD,0.0,0.8571428571428571,0.984375,0.9583333333333333,0,0
path,100,44,lasso,0.0,0.6666666666666666,0.9140625,0.7625,0,1
path,100,44,MCP,0.0,0.6666666666666666,0.875,0.6565972222222222,0,1
path,100,44,SCAD,0.0,0.6666666666666666,0.890625,0.7399305555555555,0,1
path,100,45,lasso,0.0,0.5714285714285714,0.7578125,0.3104166666666667,0,1
path,100,45,MCP,0.0,0.5,0.671875,0.28125,0,1
path,100,45,SCAD,0.0,0.5,0.671875,0.28125,0,1
path,100,46,lasso,0.0,0.5714285714285714,0.765625,0.49583333333333335,0,1
path,100,46,MCP,0.0,0.46153846153846156,0.671875,0.4583333333333333,0,1
path,100,46,SCAD,0.0,0.46153846153846156,0.6796875,0.4666666666666667,0,1
path,100,47,lasso,0.0,0.5714285714285714,0.7421875,0.5535714285714286,0,0
path,100,47,MCP,0.0,0.5714285714285714,0.8359375,0.5910714285714286,0,1
path,100,47,SCAD,0.0,0.5714285714285714,0.8359375,0.5910714285714286,0,1
path,100,48,lasso,0.0,0.7272727272727273,0.875,0.4297619047619048,0,1
path,100,48,MCP,0.0,0.6666666666666666,0.7421875,0.35833333333333334,0,1
path,100,48,SCAD,0.0,0.6666666666666666,0.7421875,0.35833333333333334,0,1
path,100,49,lasso,0.0,0.5,0.6875,0.46770833333333334,0,1
path,100,49,MCP,0.0,0.5454545454545454,0.6953125,0.47678571428571426,0,1
path,100,49,SCAD,0.0,0.6,0.6953125,0.46964285714285714,0,1
path,100,50,lasso,0.0,0.42857142857142855,0.5546875,0.1984126984126984,0,1
path,100,50,MCP,0.0,0.42857142857142855,0.546875,0.20243055555555556,0,1
path,100,50,SCAD,0.0,0.42857142857142855,0.5390625,0.19618055555555555,0,1
path,100,51,lasso,0.0,0.8,0.953125,0.8354166666666667,0,1
path,100,51,MCP,0.0,0.8,0.953125,0.8354166666666667,0,1
path,100,51,SCAD,0.0,0.8,0.953125,0.8354166666666667,0,1
path,100,52,lasso,0.0,0.6153846153846154,0.78125,0.5016865079365079,0,1
path,100,52,MCP,0.0,0.6153846153846154,0.796875,0.5183531746031746,0,1
path,100,52,SCAD,0.0,0.6153846153846154,0.78125,0.5016865079365079,0,1
path,100,53,lasso,0.0,0.6666666666666666,0.7265625,0.6354166666666666,0,0
path,100,53,MCP,0.0,0.6666666666666666,0.7265625,0.6354166666666666,0,0
path,100,53,SCAD,0.0,0.6666666666666666,0.734375,0.6398809523809523,0,0
path,100,54,lasso,0.0,0.6666666666666666,0.875,0.6077380952380953,0,1
path,100,54,MCP,0.0,0.6666666666666666,0.8828125,0.6285714285714286,0,1
path,100,54,SCAD,0.0,0.6666666666666666,0.8828125,0.6285714285714286,0,1
path,100,55,lasso,0.0,0.46153846153846156,0.6328125,0.43452380952380953,0,1
path,100,55,MCP,0.0,0.46153846153846156,0.6328125,0.43452380952380953,0,1
path,100,55,SCAD,0.0,0.46153846153846156,0.6328125,0.43452380952380953,0,1
path,100,56,lasso,0.0,0.6,0.59375,0.27574404761904764,0,0
path,100,56,MCP,0.0,0.5454545454545454,0.703125,0.30357142857142855,0,0
path,100,56,SCAD,0.0,0.5454545454545454,0.6953125,0.30357142857142855,0,0
path,100,57,lasso,0.0,0.6666666666666666,0.8515625,0.6952380952380952,0,0
path,100,57,MCP,0.0,0.6666666666666666,0.8359375,0.6802083333333333,0,0
path,100,57,SCAD,0.0,0.6666666666666666,0.84375,0.6869047619047619,0,0
path,100,58,lasso,0.0,0.75,0.921875,0.7931547619047619,0,1
path,100,58,MCP,0.0,0.75,0.921875,0.7931547619047619,0,1
path,100,58,SCAD,0.0,0.75,0.921875,0.7931547619047619,0,1
path,100,59,lasso,0.0,0.5714285714285714,0.8203125,0.5619047619047619,0,1
path,100,59,MCP,0.0,0.5714285714285714,0.8203125,0.5577380952380953,0,1
path,100,59,SCAD,0.0,0.5714285714285714,0.828125,0.5702380952380952,0,1
path,100,60,lasso,0.0,0.46153846153846156,0.6484375,0.2583333333333333,0,1
path,100,60,MCP,0.0,0.46153846153846156,0.6015625,0.22619047619047616,0,1
path,100,60,SCAD,0.0,0.46153846153846156,0.6015625,0.22619047619047616,0,1
path,100,61,lasso,0.0,0.5714285714285714,0.75,0.303422619047619,0,0
path,100,61,MCP,0.0,0.6,0.8125,0.37083333333333335,0,0
path,100,61,SCAD,0.0,0.5714285714285714,0.796875,0.35357142857142854,0,1
path,100,62,lasso,0.0,0.5454545454545454,0.6953125,0.28273809523809523,0,1
path,100,62,MCP,0.0,0.5454545454545454,0.6953125,0.28273809523809523,0,1
path,100,62,SCAD,0.0,0.5454545454545454,0.6875,0.2767857142857143,0,1
path,100,63,lasso,0.0,0.75,0.8203125,0.6598214285714286,0,0
path,100,63,MCP,0.0,0.75,0.890625,0.6649305555555556,0,0
path,100,63,SCAD,0.0,0.75,0.890625,0.6649305555555556,0,0
path,100,64,lasso,0.0,0.7272727272727273,0.8203125,0.35892857142857143,0,1
path,100,64,MCP,0.0,0.7272727272727273,0.8203125,0.3526785714285714,0,1
path,100,64,SCAD,0.0,0.7272727272727273,0.8203125,0.35892857142857143,0,1
path,100,65,lasso,0.0,0.8888888888888888,0.8203125,0.7749999999999999,0,1
path,100,65,MCP,0.0,0.6666666666666666,0.7890625,0.7,0,1
path,100,65,SCAD,0.0,0.6666666666666666,0.7890625,0.7,0,1
path,100,66,lasso,0.0,0.5,0.59375,0.4125,0,0
path,100,66,MCP,0.0,0.6,0.7578125,0.5208333333333333,0,0
path,100,66,SCAD,0.0,0.6,0.7578125,0.5208333333333333,0,0
path,100,67,lasso,0.0,0.6666666666666666,0.765625,0.6660714285714285,0,0
path,100,67,MCP,0.0,0.6666666666666666,0.7421875,0.6450892857142857,0,0
path,100,67,SCAD,0.0,0.6666666666666666,0.7421875,0.6450892857142857,0,0
path,100,68,lasso,0.0,0.6666666666666666,0.8046875,0.4654761904761905,0,0
path,100,68,MCP,0.0,0.6153846153846154,0.796875,0.45808531746031744,0,0
path,100,68,SCAD,0.0,0.6153846153846154,0.7890625,0.45183531746031746,0,0
path,100,69,lasso,0.0,0.6666666666666666,0.84375,0.39166666666666666,0,0
path,100,69,MCP,0.0,0.6666666666666666,0.8203125,0.3654761904761905,0,0
path,100,69,SCAD,0.0,0.6666666666666666,0.828125,0.37797619047619047,0,0
path,100,70,lasso,0.0,0.6,0.828125,0.4125,0,0
path,100,70,MCP,0.0,0.5714285714285714,0.59375,0.30833333333333335,0,0
path,100,70,SCAD,0.0,0.5714285714285714,0.59375,0.30833333333333335,0,0
path,100,71,lasso,0.0,0.8571428571428571,0.8203125,0.8125,0,0
path,100,71,MCP,0.0,0.6666666666666666,0.796875,0.75,0,0
path,100,71,SCAD,0.0,0.8571428571428571,0.8203125,0.8125,0,0
path,100,72,lasso,0.0,0.5714285714285714,0.671875,0.24613095238095237,0,1
path,100,72,MCP,0.0,0.5714285714285714,0.671875,0.24613095238095237,0,1
path,100,72,SCAD,0.0,0.5714285714285714,0.671875,0.24613095238095237,0,1
path,100,73,lasso,0.0,0.5714285714285714,0.75,0.5619047619047619,0,1
path,100,73,MCP,0.0,0.6,0.765625,0.5833333333333333,0,1
path,100,73,SCAD,0.0,0.6,0.7578125,0.5744047619047619,0,1
path,100,74,lasso,0.0,0.5714285714285714,0.7265625,0.36607142857142855,0,0
path,100,74,MCP,0.0,0.5454545454545454,0.6796875,0.28214285714285714,0,1
path,100,74,SCAD,0.0,0.5454545454545454,0.6796875,0.28214285714285714,0,1
path,100,75,lasso,0.0,0.5714285714285714,0.7421875,0.29107142857142854,0,1
path,100,75,MCP,0.0,0.5454545454545454,0.6640625,0.26190476190476186,0,1
path,100,75,SCAD,0.0,0.5454545454545454,0.6796875,0.28273809523809523,0,1
path,100,76,lasso,0.0,0.5714285714285714,0.78125,0.31354166666666666,0,1
path,100,76,MCP,0.0,0.6153846153846154,0.8125,0.5476686507936508,0,1
path,100,76,SCAD,0.0,0.6153846153846154,0.78125,0.2976686507936508,0,1
path,100,77,lasso,0.0,0.6,0.828125,0.5583333333333333,0,1
path,100,77,MCP,0.0,0.6666666666666666,0.8515625,0.6952380952380952,0,0
path,100,77,SCAD,0.0,0.6666666666666666,0.859375,0.7041666666666666,0,0
path,100,78,lasso,0.0,0.6666666666666666,0.7421875,0.6104166666666666,0,0
path,100,78,MCP,0.0,0.5454545454545454,0.6953125,0.4744047619047619,0,1
path,100,78,SCAD,0.0,0.5454545454545454,0.6953125,0.4744047619047619,0,1
path,100,79,lasso,0.0,0.46153846153846156,0.5703125,0.36875,0,0
path,100,79,MCP,0.0,0.5714285714285714,0.765625,0.43779761904761905,0,1
path,100,79,SCAD,0.0,0.5714285714285714,0.765625,0.43779761904761905,0,1
path,100,80,lasso,0.0,0.75,0.9453125,0.8526785714285714,0,0
path,100,80,MCP,0.0,0.7272727272727273,0.9453125,0.8464285714285714,0,1
path,100,80,SCAD,0.0,0.8,0.9609375,0.8770833333333333,0,1
path,100,81,lasso,0.0,0.6666666666666666,0.8671875,0.5416666666666666,0,1
path,100,81,MCP,0.0,0.7272727272727273,0.8828125,0.5630952380952381,0,1
path,100,81,SCAD,0.0,0.7272727272727273,0.859375,0.5255952380952381,0,1
path,100,82,lasso,0.0,0.42857142857142855,0.625,0.37182539682539684,0,1
path,100,82,MCP,0.0,0.5714285714285714,0.7265625,0.4086309523809524,0,1
path,100,82,SCAD,0.0,0.5714285714285714,0.7265625,0.4086309523809524,0,1
path,100,83,lasso,0.0,0.8571428571428571,0.8203125,0.8125,0,0
path,100,83,MCP,0.0,0.75,0.8125,0.78125,0,0
path,100,83,SCAD,0.0,0.8571428571428571,0.8203125,0.8125,0,0
path,100,84,lasso,0.0,0.4444444444444444,0.65625,0.39652777777777776,0,0
path,100,84,MCP,0.0,0.42857142857142855,0.6484375,0.3881944444444444,0,1
path,100,84,SCAD,0.0,0.6,0.6875,0.4253968253968254,0,0
path,100,85,lasso,0.0,0.6666666666666666,0.8125,0.35714285714285715,0,1
path,100,85,MCP,0.0,0.6666666666666666,0.8046875,0.3446428571428572,0,1
path,100,85,SCAD,0.0,0.6666666666666666,0.8046875,0.3446428571428572,0,1
path,100,86,lasso,0.0,0.6666666666666666,0.7109375,0.6277777777777778,0,0
path,100,86,MCP,0.0,0.6666666666666666,0.7109375,0.6277777777777778,0,0
path,100,86,SCAD,0.0,0.6666666666666666,0.7109375,0.6277777777777778,0,0
path,100,87,lasso,0.0,0.6666666666666666,0.890625,0.6077380952380953,0,0
path,100,87,MCP,0.0,0.5714285714285714,0.7578125,0.5952380952380952,0,0
path,100,87,SCAD,0.0,0.5714285714285714,0.7578125,0.6244047619047619,0,0
path,100,88,lasso,0.0,0.46153846153846156,0.609375,0.23154761904761906,0,1
path,100,88,MCP,0.0,0.5,0.625,0.24270833333333333,0,1
path,100,88,SCAD,0.0,0.5,0.625,0.24270833333333333,0,1
path,100,89,lasso,0.0,0.6,0.71875,0.3333333333333333,0,1
path,100,89,MCP,0.0,0.5454545454545454,0.7109375,0.3244047619047619,0,1
path,100,89,SCAD,0.0,0.6,0.71875,0.3333333333333333,0,1
path,100,90,lasso,0.0,0.5,0.6640625,0.28125,0,0
path,100,90,MCP,0.0,0.5,0.65625,0.25625,0,0
path,100,90,SCAD,0.0,0.5714285714285714,0.75,0.2895833333333333,0,1
path,100,91,lasso,0.0,0.6666666666666666,0.875,0.6244047619047619,0,1
path,100,91,MCP,0.0,0.7272727272727273,0.890625,0.6422619047619047,0,1
path,100,91,SCAD,0.0,0.7272727272727273,0.890625,0.6422619047619047,0,1
path,100,92,lasso,0.0,0.6666666666666666,0.8515625,0.6952380952380952,0,0
path,100,92,MCP,0.0,0.6666666666666666,0.828125,0.6742559523809524,0,0
path,100,92,SCAD,0.0,0.6666666666666666,0.84375,0.6869047619047619,0,0
path,100,93,lasso,0.0,0.6153846153846154,0.7890625,0.3410714285714286,0,1
path,100,93,MCP,0.0,0.6153846153846154,0.8046875,0.35183531746031743,0,1
path,100,93,SCAD,0.0,0.6153846153846154,0.8046875,0.35183531746031743,0,1
path,100,94,lasso,0.0,0.6,0.796875,0.35,0,0
path,100,94,MCP,0.0,0.5714285714285714,0.7578125,0.2994047619047619,0,1
path,100,94,SCAD,0.0,0.5714285714285714,0.7578125,0.2994047619047619,0,1
path,100,95,lasso,0.0,0.8571428571428571,0.9140625,0.8376984126984127,0,0
path,100,95,MCP,0.0,0.75,0.9375,0.8110119047619048,0,0
path,100,95,SCAD,0.0,0.75,0.9375,0.8110119047619048,0,0
path,100,96,lasso,0.0,0.6666666666666666,0.8359375,0.38273809523809527,0,1
path,100,96,MCP,0.0,0.7272727272727273,0.875,0.4380952380952381,0,1
path,100,96,SCAD,0.0,0.7272727272727273,0.8671875,0.42559523809523814,0,1
path,100,97,lasso,0.0,0.6666666666666666,0.7734375,0.65,0,1
path,100,97,MCP,0.0,0.6666666666666666,0.7578125,0.5458333333333334,0,0
path,100,97,SCAD,0.0,0.6,0.7421875,0.5208333333333333,0,1
path,100,98,lasso,0.0,0.42857142857142855,0.6484375,0.4444444444444444,0,1
path,100,98,MCP,0.0,0.42857142857142855,0.6484375,0.4444444444444444,0,1
path,100,98,SCAD,0.0,0.42857142857142855,0.6484375,0.4444444444444444,0,1
path,100,99,lasso,0.0,0.6666666666666666,0.8671875,0.6305555555555555,0,1
path,100,99,MCP,0.0,0.6666666666666666,0.7734375,0.5958333333333333,0,0
path,100,99,SCAD,0.0,0.6666666666666666,0.7734375,0.5958333333333333,0,0
path,200,0,lasso,0.0,0.6153846153846154,0.828125,0.5808531746031745,0,1
path,200,0,MCP,0.0,0.5714285714285714,0.796875,0.5583333333333333,0,1
path,200,0,SCAD,0.0,0.5714285714285714,0.796875,0.5583333333333333,0,1
path,200,1,lasso,0.0,0.6666666666666666,0.84375,0.3952380952380953,0,1
path,200,1,MCP,0.0,0.6666666666666666,0.84375,0.3952380952380953,0,1
path,200,1,SCAD,0.0,0.6666666666666666,0.84375,0.3952380952380953,0,1
path,200,2,lasso,0.0,0.8,0.921875,0.6916666666666667,0,1
path,200,2,MCP,0.0,0.8,0.9375,0.7291666666666666,0,1
path,200,2,SCAD,0.0,0.8,0.9296875,0.7124999999999999,0,1
path,200,3,lasso,0.0,0.6153846153846154,0.8125,0.5391865079365079,0,1
path,200,3,MCP,0.0,0.6153846153846154,0.8125,0.5391865079365079,0,1
path,200,3,SCAD,0.0,0.6153846153846154,0.8125,0.5391865079365079,0,1
path,200,4,lasso,0.0,0.5714285714285714,0.796875,0.5284226190476191,0,1
path,200,4,MCP,0.0,0.5714285714285714,0.8046875,0.5492559523809524,0,1
path,200,4,SCAD,0.0,0.5714285714285714,0.796875,0.5284226190476191,0,1
path,200,5,lasso,0.0,0.75,0.90625,0.6889880952380951,0,0
path,200,5,MCP,0.0,0.8,0.9453125,0.79375,0,0
path,200,5,SCAD,0.0,0.8,0.9453125,0.79375,0,0
path,200,6,lasso,0.0,0.6153846153846154,0.828125,0.5518353174603174,0,1
path,200,6,MCP,0.0,0.5454545454545454,0.7265625,0.5119047619047619,0,0
path,200,6,SCAD,0.0,0.5454545454545454,0.7265625,0.5119047619047619,0,0
path,200,7,lasso,0.0,0.46153846153846156,0.65625,0.44613095238095235,0,1
path,200,7,MCP,0.0,0.5714285714285714,0.75,0.48080357142857144,0,1
path,200,7,SCAD,0.0,0.5714285714285714,0.75,0.48080357142857144,0,1
path,200,8,lasso,0.0,0.8571428571428571,0.8203125,0.8125,0,0
path,200,8,MCP,0.0,0.75,0.8125,0.78125,0,1
path,200,8,SCAD,0.0,0.8571428571428571,0.8203125,0.8125,0,0
path,200,9,lasso,0.0,0.6666666666666666,0.7421875,0.6450892857142857,0,0
path,200,9,MCP,0.0,0.6666666666666666,0.8515625,0.6909722222222222,0,0
path,200,9,SCAD,0.0,0.6666666666666666,0.8515625,0.6909722222222222,0,0
path,200,10,lasso,0.0,0.5714285714285714,0.78125,0.51875,0,1
path,200,10,MCP,0.0,0.5714285714285714,0.78125,0.5035714285714286,0,1
path,200,10,SCAD,0.0,0.5714285714285714,0.8046875,0.5285714285714286,0,1
path,200,11,lasso,0.0,0.8888888888888888,0.984375,0.94375,0,0
path,200,11,MCP,0.0,1.0,1.0,1.0,0,0
path,200,11,SCAD,0.0,1.0,1.0,1.0,0,0
path,200,12,lasso,0.0,0.6153846153846154,0.859375,0.6107638888888889,0,1
path,200,12,MCP,0.0,0.6666666666666666,0.8515625,0.6368055555555556,0,0
path,200,12,SCAD,0.0,0.6153846153846154,0.8515625,0.6018353174603175,0,1
path,200,13,lasso,0.0,0.75,0.890625,0.76875,0,0
path,200,13,MCP,0.0,0.6666666666666666,0.875,0.7291666666666667,0,0
path,200,13,SCAD,0.0,0.6666666666666666,0.875,0.7291666666666667,0,0
path,200,14,lasso,0.0,0.5714285714285714,0.78125,0.3729166666666667,0,1
path,200,14,MCP,0.0,0.5714285714285714,0.7109375,0.353422619047619,0,0
path,200,14,SCAD,0.0,0.5714285714285714,0.7109375,0.353422619047619,0,0
path,200,15,lasso,0.0,0.7272727272727273,0.8125,0.6755952380952381,0,0
path,200,15,MCP,0.0,0.5714285714285714,0.7421875,0.5552083333333333,0,0
path,200,15,SCAD,0.0,0.5714285714285714,0.75,0.5619047619047619,0,0
path,200,16,lasso,0.0,0.46153846153846156,0.6796875,0.4666666666666667,0,1
path,200,16,MCP,0.0,0.46153846153846156,0.671875,0.4583333333333333,0,1
path,200,16,SCAD,0.0,0.6153846153846154,0.828125,0.5461805555555556,0,1
path,200,17,lasso,0.0,0.6666666666666666,0.7578125,0.6700892857142857,0,0
path,200,17,MCP,0.0,0.6666666666666666,0.90625,0.7535714285714286,0,0
path,200,17,SCAD,0.0,0.6666666666666666,0.90625,0.7535714285714286,0,0
path,200,18,lasso,0.0,0.46153846153846156,0.6796875,0.4666666666666667,0,1
path,200,18,MCP,0.0,0.5714285714285714,0.765625,0.49583333333333335,0,1
path,200,18,SCAD,0.0,0.5714285714285714,0.765625,0.49583333333333335,0,1
path,200,19,lasso,0.0,0.6666666666666666,0.8046875,0.7625,0,0
path,200,19,MCP,0.0,0.6666666666666666,0.8046875,0.7625,0,0
path,200,19,SCAD,0.0,0.75,0.8125,0.78125,0,0
path,200,20,lasso,0.0,0.6153846153846154,0.7265625,0.5100198412698412,0,1
path,200,20,MCP,0.0,0.6153846153846154,0.8125,0.5391865079365079,0,1
path,200,20,SCAD,0.0,0.6153846153846154,0.8125,0.5391865079365079,0,1
path,200,21,lasso,0.0,0.8,0.84375,0.6861111111111111,0,0
path,200,21,MCP,0.0,0.8888888888888888,0.953125,0.7666666666666666,0,0
path,200,21,SCAD,0.0,0.8888888888888888,0.953125,0.7666666666666666,0,0
path,200,22,lasso,0.0,0.6,0.8046875,0.4625,0,1
path,200,22,MCP,0.0,0.6,0.796875,0.3375,0,1
path,200,22,SCAD,0.0,0.6,0.8046875,0.4625,0,1
path,200,23,lasso,0.0,0.5714285714285714,0.703125,0.5479166666666666,0,1
path,200,23,MCP,0.0,0.5714285714285714,0.703125,0.5479166666666666,0,1
path,200,23,SCAD,0.0,0.5714285714285714,0.703125,0.5479166666666666,0,1
path,200,24,lasso,0.0,0.8,0.78125,0.5875,0,0
path,200,24,MCP,0.0,0.6,0.7421875,0.5208333333333333,0,0
path,200,24,SCAD,0.0,0.8,0.8828125,0.6083333333333334,0,0
path,200,25,lasso,0.0,0.5714285714285714,0.71875,0.271875,0,1
path,200,25,MCP,0.0,0.5714285714285714,0.7109375,0.2662202380952381,0,1
path,200,25,SCAD,0.0,0.5714285714285714,0.7109375,0.2662202380952381,0,1
path,200,26,lasso,0.0,0.8888888888888888,0.9765625,0.9125,0,0
path,200,26,MCP,0.0,0.8888888888888888,0.984375,0.94375,0,0
path,200,26,SCAD,0.0,0.8888888888888888,0.9765625,0.9125,0,0
path,200,27,lasso,0.0,0.8571428571428571,0.8203125,0.8125,0,0
path,200,27,MCP,0.0,0.75,0.953125,0.8651785714285714,0,1
path,200,27,SCAD,0.0,0.8571428571428571,0.953125,0.8875,0,0
path,200,28,lasso,0.0,0.6666666666666666,0.8359375,0.38125,0,1
path,200,28,MCP,0.0,0.6666666666666666,0.828125,0.3660714285714286,0,1
path,200,28,SCAD,0.0,0.6153846153846154,0.8203125,0.35912698412698413,0,1
path,200,29,lasso,0.0,0.5714285714285714,0.7109375,0.53125,0,0
path,200,29,MCP,0.0,0.5714285714285714,0.7109375,0.53125,0,0
path,200,29,SCAD,0.0,0.5714285714285714,0.7109375,0.53125,0,0
path,200,30,lasso,0.0,0.75,0.90625,0.6889880952380951,0,1
path,200,30,MCP,0.0,0.75,0.875,0.6645833333333333,0,1
path,200,30,SCAD,0.0,0.75,0.875,0.6645833333333333,0,1
path,200,31,lasso,0.0,0.6153846153846154,0.7734375,0.42544642857142856,0,1
path,200,31,MCP,0.0,0.2857142857142857,0.4609375,0.1701388888888889,0,1
path,200,31,SCAD,0.0,0.5,0.6484375,0.3620535714285714,0,1
path,200,32,lasso,0.0,0.6666666666666666,0.8828125,0.6166666666666667,0,1
path,200,32,MCP,0.0,0.6666666666666666,0.875,0.6077380952380953,0,1
path,200,32,SCAD,0.0,0.6666666666666666,0.875,0.6077380952380953,0,1
path,200,33,lasso,0.0,0.5714285714285714,0.6953125,0.523611111111111,0,0
path,200,33,MCP,0.0,0.5714285714285714,0.6953125,0.523611111111111,0,0
path,200,33,SCAD,0.0,0.5714285714285714,0.6953125,0.523611111111111,0,0
path,200,34,lasso,0.0,0.5714285714285714,0.7890625,0.3617559523809524,0,1
path,200,34,MCP,0.0,0.5714285714285714,0.7734375,0.3520833333333333,0,1
path,200,34,SCAD,0.0,0.5714285714285714,0.7734375,0.3520833333333333,0,1
path,200,35,lasso,0.0,0.5714285714285714,0.8046875,0.37023809523809526,0,1
path,200,35,MCP,0.0,0.5714285714285714,0.7734375,0.32232142857142854,0,1
path,200,35,SCAD,0.0,0.5714285714285714,0.7890625,0.35520833333333335,0,1
path,200,36,lasso,0.0,0.8571428571428571,0.9765625,0.9270833333333333,0,0
path,200,36,MCP,0.0,0.8,0.9609375,0.8770833333333333,0,0
path,200,36,SCAD,0.0,0.8571428571428571,0.96875,0.9083333333333333,0,0
path,200,37,lasso,0.0,0.5,0.6875,0.48640873015873015,0,0
path,200,37,MCP,0.0,0.5714285714285714,0.765625,0.49122023809523807,0,1
path,200,37,SCAD,0.0,0.5714285714285714,0.78125,0.5055059523809524,0,1
path,200,38,lasso,0.0,0.75,0.7890625,0.6354166666666666,0,0
path,200,38,MCP,0.0,0.75,0.7890625,0.625,0,0
path,200,38,SCAD,0.0,0.75,0.7890625,0.6354166666666666,0,0
path,200,39,lasso,0.0,0.6666666666666666,0.8984375,0.7410714285714286,0,1
path,200,39,MCP,0.0,0.6666666666666666,0.890625,0.7321428571428572,0,1
path,200,39,SCAD,0.0,0.6666666666666666,0.8984375,0.7410714285714286,0,1
path,200,40,lasso,0.0,0.6,0.7421875,0.5291666666666667,0,0
path,200,40,MCP,0.0,0.6,0.7421875,0.5291666666666667,0,0
path,200,40,SCAD,0.0,0.6,0.7421875,0.5291666666666667,0,0
path,200,41,lasso,0.0,0.75,0.953125,0.8651785714285714,0,0
path,200,41,MCP,0.0,0.75,0.8828125,0.7270833333333333,0,0
path,200,41,SCAD,0.0,0.75,0.8984375,0.7739583333333333,0,0
path,200,42,lasso,0.0,0.6666666666666666,0.875,0.7113095238095238,0,0
path,200,42,MCP,0.0,0.6666666666666666,0.8828125,0.7196428571428571,0,0
path,200,42,SCAD,0.0,0.6666666666666666,0.890625,0.7285714285714285,0,0
path,200,43,lasso,0.0,0.8571428571428571,0.8203125,0.8125,0,0
path,200,43,MCP,0.0,0.8571428571428571,0.8203125,0.8125,0,0
path,200,43,SCAD,0.0,0.8571428571428571,0.8203125,0.8125,0,0
path,200,44,lasso,0.0,0.6153846153846154,0.828125,0.5808531746031745,0,1
path,200,44,MCP,0.0,0.6153846153846154,0.8203125,0.5575396825396826,0,1
path,200,44,SCAD,0.0,0.6153846153846154,0.828125,0.5783730158730158,0,1
path,200,45,lasso,0.0,0.6666666666666666,0.8359375,0.5529761904761905,0,1
path,200,45,MCP,0.0,0.6666666666666666,0.8203125,0.5342261904761905,0,1
path,200,45,SCAD,0.0,0.6666666666666666,0.8125,0.5279761904761905,0,1
path,200,46,lasso,0.0,0.6,0.7578125,0.5708333333333333,0,0
path,200,46,MCP,0.0,0.6666666666666666,0.765625,0.575,0,0
path,200,46,SCAD,0.0,0.6666666666666666,0.7734375,0.5958333333333333,0,0
path,200,47,lasso,0.0,0.6666666666666666,0.890625,0.6494047619047618,0,1
path,200,47,MCP,0.0,0.6666666666666666,0.890625,0.6494047619047619,0,1
path,200,47,SCAD,0.0,0.6666666666666666,0.890625,0.6494047619047619,0,1
path,200,48,lasso,0.0,0.75,0.90625,0.5193452380952381,0,1
path,200,48,MCP,0.0,0.8,0.9140625,0.5249999999999999,0,1
path,200,48,SCAD,0.0,0.8,0.921875,0.54375,0,1
path,200,49,lasso,0.0,0.8571428571428571,0.8046875,0.8048611111111111,0,0
path,200,49,MCP,0.0,0.75,0.75,0.7340277777777777,0,0
path,200,49,SCAD,0.0,0.8571428571428571,0.921875,0.8524305555555556,0,0
path,200,50,lasso,0.0,0.5714285714285714,0.7109375,0.31339285714285714,0,1
path,200,50,MCP,0.0,0.6153846153846154,0.78125,0.32638888888888884,0,1
path,200,50,SCAD,0.0,0.6153846153846154,0.7890625,0.33308531746031744,0,1
path,200,51,lasso,0.0,0.4444444444444444,0.640625,0.2611111111111111,0,1
path,200,51,MCP,0.0,0.4444444444444444,0.6328125,0.25069444444444444,0,1
path,200,51,SCAD,0.0,0.4444444444444444,0.6328125,0.25069444444444444,0,1
path,200,52,lasso,0.0,0.6,0.8203125,0.3833333333333333,0,0
path,200,52,MCP,0.0,0.6666666666666666,0.8203125,0.3666666666666667,0,0
path,200,52,SCAD,0.0,0.6666666666666666,0.828125,0.39583333333333337,0,0
path,200,53,lasso,0.0,0.5,0.6953125,0.4763392857142857,0,1
path,200,53,MCP,0.0,0.5454545454545454,0.71875,0.4973214285714286,0,1
path,200,53,SCAD,0.0,0.5454545454545454,0.7109375,0.4889880952380952,0,1
path,200,54,lasso,0.0,0.75,0.90625,0.6889880952380951,0,0
path,200,54,MCP,0.0,0.6666666666666666,0.890625,0.6494047619047618,0,0
path,200,54,SCAD,0.0,0.6666666666666666,0.890625,0.6494047619047618,0,0
path,200,55,lasso,0.0,0.6666666666666666,0.890625,0.7285714285714286,0,0
path,200,55,MCP,0.0,0.6666666666666666,0.890625,0.7305555555555556,0,0
path,200,55,SCAD,0.0,0.6666666666666666,0.8828125,0.7216269841269841,0,0
path,200,56,lasso,0.0,0.6666666666666666,0.890625,0.7285714285714286,0,1
path,200,56,MCP,0.0,0.7272727272727273,0.890625,0.7261904761904762,0,1
path,200,56,SCAD,0.0,0.6666666666666666,0.875,0.7113095238095238,0,1
path,200,57,lasso,0.0,0.6666666666666666,0.859375,0.4482638888888889,0,1
path,200,57,MCP,0.0,0.6666666666666666,0.7578125,0.4083333333333333,0,1
path,200,57,SCAD,0.0,0.6666666666666666,0.7578125,0.4083333333333333,0,1
path,200,58,lasso,0.0,0.6666666666666666,0.75,0.6701884920634921,0,0
path,200,58,MCP,0.0,0.6666666666666666,0.859375,0.6458333333333333,0,0
path,200,58,SCAD,0.0,0.6666666666666666,0.875,0.7291666666666667,0,0
path,200,59,lasso,0.0,0.5714285714285714,0.765625,0.490922619047619,0,1
path,200,59,MCP,0.0,0.5714285714285714,0.7578125,0.4849702380952381,0,1
path,200,59,SCAD,0.0,0.5714285714285714,0.7578125,0.4849702380952381,0,1
path,200,60,lasso,0.0,0.6153846153846154,0.8359375,0.5868055555555556,0,1
path,200,60,MCP,0.0,0.6153846153846154,0.828125,0.5808531746031746,0,1
path,200,60,SCAD,0.0,0.6153846153846154,0.828125,0.5808531746031746,0,1
path,200,61,lasso,0.0,0.75,0.828125,0.66875,0,0
path,200,61,MCP,0.0,0.75,0.921875,0.7068452380952381,0,0
path,200,61,SCAD,0.0,0.75,0.9296875,0.7089285714285714,0,0
path,200,62,lasso,0.0,0.75,0.7734375,0.6175595238095237,0,0
path,200,62,MCP,0.0,0.75,0.90625,0.6770833333333333,0,0
path,200,62,SCAD,0.0,0.7272727272727273,0.890625,0.6494047619047618,0,0
path,200,63,lasso,0.0,0.6,0.84375,0.6,0,1
path,200,63,MCP,0.0,0.6,0.84375,0.6,0,1
path,200,63,SCAD,0.0,0.6,0.84375,0.6,0,1
path,200,64,lasso,0.0,0.7272727272727273,0.921875,0.7714285714285715,0,0
path,200,64,MCP,0.0,0.7272727272727273,0.9296875,0.7922619047619047,0,0
path,200,64,SCAD,0.0,0.75,0.9375,0.8110119047619048,0,0
path,200,65,lasso,0.0,0.5714285714285714,0.796875,0.518154761904762,0,1
path,200,65,MCP,0.0,0.5714285714285714,0.796875,0.5197916666666667,0,1
path,200,65,SCAD,0.0,0.5714285714285714,0.8046875,0.5264880952380953,0,1
path,200,66,lasso,0.0,0.8,0.90625,0.6499999999999999,0,1
path,200,66,MCP,0.0,0.7272727272727273,0.890625,0.6255952380952381,0,1
path,200,66,SCAD,0.0,0.7272727272727273,0.890625,0.6255952380952381,0,1
path,200,67,lasso,0.0,0.7272727272727273,0.90625,0.7464285714285714,0,1
path,200,67,MCP,0.0,0.8,0.9296875,0.7833333333333333,0,1
path,200,67,SCAD,0.0,0.8,0.921875,0.7714285714285715,0,1
path,200,68,lasso,0.0,0.7272727272727273,0.8671875,0.42976190476190473,0,0
path,200,68,MCP,0.0,0.8,0.875,0.42083333333333334,0,0
path,200,68,SCAD,0.0,0.8,0.875,0.44166666666666665,0,0
path,200,69,lasso,0.0,0.6666666666666666,0.75,0.3029761904761905,0,1
path,200,69,MCP,0.0,0.6666666666666666,0.75,0.2946428571428571,0,1
path,200,69,SCAD,0.0,0.6666666666666666,0.75,0.30297619047619045,0,1
path,200,70,lasso,0.0,0.6666666666666666,0.875,0.7149305555555556,0,0
path,200,70,MCP,0.0,0.6666666666666666,0.8515625,0.6952380952380952,0,0
path,200,70,SCAD,0.0,0.6666666666666666,0.8515625,0.6952380952380952,0,0
path,200,71,lasso,0.0,0.75,0.890625,0.6753472222222222,0,0
path,200,71,MCP,0.0,0.75,0.890625,0.6753472222222221,0,0
path,200,71,SCAD,0.0,0.75,0.890625,0.6753472222222221,0,0
path,200,72,lasso,0.0,0.75,0.8125,0.78125,0,0
path,200,72,MCP,0.0,0.75,0.8125,0.78125,0,0
path,200,72,SCAD,0.0,0.8571428571428571,0.8203125,0.8125,0,0
path,200,73,lasso,0.0,0.8,0.921875,0.6916666666666667,0,1
path,200,73,MCP,0.0,0.7272727272727273,0.8984375,0.6547619047619047,0,1
path,200,73,SCAD,0.0,0.7272727272727273,0.9140625,0.6797619047619048,0,1
path,200,74,lasso,0.0,0.5,0.6796875,0.48194444444444445,0,1
path,200,74,MCP,0.0,0.5714285714285714,0.796875,0.528422619047619,0,1
path,200,74,SCAD,0.0,0.5714285714285714,0.796875,0.528422619047619,0,1
path,200,75,lasso,0.0,0.6666666666666666,0.875,0.7149305555555556,0,0
path,200,75,MCP,0.0,0.6666666666666666,0.90625,0.7535714285714286,0,1
path,200,75,SCAD,0.0,0.6666666666666666,0.90625,0.7535714285714286,0,1
path,200,76,lasso,0.0,0.6666666666666666,0.7734375,0.5958333333333333,0,1
path,200,76,MCP,0.0,0.6,0.765625,0.6333333333333333,0,1
path,200,76,SCAD,0.0,0.6153846153846154,0.765625,0.6333333333333333,0,1
path,200,77,lasso,0.0,0.6,0.8359375,0.5708333333333333,0,0
path,200,77,MCP,0.0,0.6666666666666666,0.859375,0.5857638888888889,0,0
path,200,77,SCAD,0.0,0.6153846153846154,0.8515625,0.5815972222222222,0,0
path,200,78,lasso,0.0,0.7272727272727273,0.921875,0.7422619047619048,0,0
path,200,78,MCP,0.0,0.6666666666666666,0.8671875,0.6666666666666666,0,0
path,200,78,SCAD,0.0,0.6666666666666666,0.8671875,0.6666666666666666,0,0
path,200,79,lasso,0.0,0.46153846153846156,0.640625,0.24375,0,1
path,200,79,MCP,0.0,0.5,0.671875,0.28020833333333334,0,1
path,200,79,SCAD,0.0,0.5,0.6484375,0.24717261904761903,0,1
path,200,80,lasso,0.0,0.6153846153846154,0.8046875,0.521031746031746,0,1
path,200,80,MCP,0.0,0.6153846153846154,0.78125,0.5016865079365079,0,1
path,200,80,SCAD,0.0,0.6153846153846154,0.7734375,0.495734126984127,0,1
path,200,81,lasso,0.0,0.7272727272727273,0.8828125,0.6130952380952381,0,0
path,200,81,MCP,0.0,0.6666666666666666,0.8671875,0.5924603174603175,0,0
path,200,81,SCAD,0.0,0.6666666666666666,0.8828125,0.6083333333333334,0,1
path,200,82,lasso,0.0,0.6666666666666666,0.734375,0.5050595238095238,0,1
path,200,82,MCP,0.0,0.6666666666666666,0.8203125,0.5342261904761905,0,1
path,200,82,SCAD,0.0,0.6666666666666666,0.8203125,0.5342261904761905,0,1
path,200,83,lasso,0.0,0.6666666666666666,0.859375,0.5827380952380953,0,0
path,200,83,MCP,0.0,0.6666666666666666,0.8671875,0.5952380952380952,0,0
path,200,83,SCAD,0.0,0.6666666666666666,0.8671875,0.5952380952380952,0,0
path,200,84,lasso,0.0,0.6666666666666666,0.8046875,0.34672619047619047,0,1
path,200,84,MCP,0.0,0.6666666666666666,0.8203125,0.3633928571428572,0,1
path,200,84,SCAD,0.0,0.6666666666666666,0.828125,0.3738095238095238,0,1
path,200,85,lasso,0.0,0.6,0.8515625,0.6625,0,0
path,200,85,MCP,0.0,0.5714285714285714,0.8359375,0.5910714285714286,0,1
path,200,85,SCAD,0.0,0.5714285714285714,0.8359375,0.5910714285714286,0,1
path,200,86,lasso,0.0,0.5714285714285714,0.7265625,0.36607142857142855,0,0
path,200,86,MCP,0.0,0.6666666666666666,0.8515625,0.4583333333333333,0,0
path,200,86,SCAD,0.0,0.6666666666666666,0.8515625,0.4583333333333333,0,0
path,200,87,lasso,0.0,0.6,0.71875,0.5468253968253968,0,1
path,200,87,MCP,0.0,0.5714285714285714,0.71875,0.59375,0,1
path,200,87,SCAD,0.0,0.5714285714285714,0.7109375,0.53125,0,1
path,200,88,lasso,0.0,0.6666666666666666,0.8828125,0.6333333333333333,0,0
path,200,88,MCP,0.0,0.6666666666666666,0.8671875,0.6154761904761905,0,0
path,200,88,SCAD,0.0,0.6666666666666666,0.875,0.6244047619047619,0,0
path,200,89,lasso,0.0,0.8571428571428571,0.8359375,0.8232638888888889,0,0
path,200,89,MCP,0.0,0.75,0.90625,0.7795138888888888,0,0
path,200,89,SCAD,0.0,0.75,0.9140625,0.8211805555555556,0,0
path,200,90,lasso,0.0,0.5714285714285714,0.8203125,0.5202380952380952,0,1
path,200,90,MCP,0.0,0.6,0.8359375,0.5375,0,1
path,200,90,SCAD,0.0,0.6,0.8359375,0.5375,0,1
path,200,91,lasso,0.0,0.5714285714285714,0.75,0.29523809523809524,0,1
path,200,91,MCP,0.0,0.5714285714285714,0.7578125,0.2947916666666667,0,1
path,200,91,SCAD,0.0,0.5714285714285714,0.765625,0.3098214285714286,0,1
path,200,92,lasso,0.0,0.8,0.9375,0.73125,0,0
path,200,92,MCP,0.0,0.8,0.9296875,0.71875,0,0
path,200,92,SCAD,0.0,0.8,0.921875,0.7068452380952381,0,0
path,200,93,lasso,0.0,0.8888888888888888,0.984375,0.94375,0,0
path,200,93,MCP,0.0,0.8571428571428571,0.96875,0.9083333333333333,0,0
path,200,93,SCAD,0.0,0.8571428571428571,0.96875,0.9083333333333333,0,0
path,200,94,lasso,0.0,0.7272727272727273,0.796875,0.6761904761904762,0,1
path,200,94,MCP,0.0,0.6666666666666666,0.890625,0.7049603174603174,0,1
path,200,94,SCAD,0.0,0.6666666666666666,0.890625,0.7049603174603174,0,1
path,200,95,lasso,0.0,0.6666666666666666,0.8828125,0.734375,0,1
path,200,95,MCP,0.0,0.6666666666666666,0.8671875,0.7065972222222222,0,0
path,200,95,SCAD,0.0,0.6666666666666666,0.859375,0.6976686507936508,0,1
path,200,96,lasso,0.0,0.6153846153846154,0.8125,0.3952380952380952,0,1
path,200,96,MCP,0.0,0.6666666666666666,0.84375,0.4065972222222222,0,0
path,200,96,SCAD,0.0,0.6666666666666666,0.84375,0.4065972222222222,0,0
path,200,97,lasso,0.0,0.8,0.8515625,0.7666666666666666,0,0
path,200,97,MCP,0.0,0.8,0.953125,0.8354166666666667,0,0
path,200,97,SCAD,0.0,0.8,0.953125,0.8354166666666667,0,0
path,200,98,lasso,0.0,0.8,0.9609375,0.8541666666666666,0,0
path,200,98,MCP,0.0,0.8571428571428571,0.9453125,0.875,0,0
path,200,98,SCAD,0.0,0.8571428571428571,0.9453125,0.8458333333333333,0,0
path,200,99,lasso,0.0,0.4,0.546875,0.22916666666666669,0,0
path,200,99,MCP,0.0,0.46153846153846156,0.65625,0.2708333333333333,0,1
path,200,99,SCAD,0.0,0.46153846153846156,0.65625,0.2708333333333333,0,1
path,500,0,lasso,0.0,0.8888888888888888,0.8203125,0.6952380952380952,0,0
path,500,0,MCP,0.0,0.8888888888888888,0.953125,0.7666666666666666,0,0
path,500,0,SCAD,0.0,0.8888888888888888,0.796875,0.6541666666666667,0,0
path,500,1,lasso,0.0,0.75,0.9296875,0.8020833333333333,0,0
path,500,1,MCP,0.0,0.6666666666666666,0.9140625,0.7625,0,1
path,500,1,SCAD,0.0,0.6666666666666666,0.7890625,0.7,0,0
path,500,2,lasso,0.0,0.6,0.84375,0.6,0,0
path,500,2,MCP,0.0,0.6153846153846154,0.8203125,0.5414186507936508,0,1
path,500,2,SCAD,0.0,0.6153846153846154,0.8359375,0.5810019841269841,0,1
path,500,3,lasso,0.0,0.7272727272727273,0.890625,0.6255952380952381,0,1
path,500,3,MCP,0.0,0.7272727272727273,0.859375,0.5776785714285715,0,1
path,500,3,SCAD,0.0,0.7272727272727273,0.8671875,0.5880952380952381,0,1
path,500,4,lasso,0.0,0.6666666666666666,0.859375,0.5940972222222223,0,1
path,500,4,MCP,0.0,0.6666666666666666,0.859375,0.5940972222222223,0,1
path,500,4,SCAD,0.0,0.6666666666666666,0.859375,0.5940972222222223,0,1
path,500,5,lasso,0.0,0.7272727272727273,0.890625,0.6386904761904761,0,1
path,500,5,MCP,0.0,0.7272727272727273,0.875,0.6005952380952381,0,1
path,500,5,SCAD,0.0,0.7272727272727273,0.890625,0.6422619047619047,0,1
path,500,6,lasso,0.0,0.6666666666666666,0.875,0.6077380952380953,0,0
path,500,6,MCP,0.0,0.6666666666666666,0.875,0.5994047619047619,0,0
path,500,6,SCAD,0.0,0.6666666666666666,0.875,0.6077380952380953,0,0
path,500,7,lasso,0.0,0.8888888888888888,0.953125,0.7666666666666666,0,0
path,500,7,MCP,0.0,0.75,0.921875,0.7068452380952381,0,0
path,500,7,SCAD,0.0,0.75,0.9296875,0.7193452380952381,0,0
path,500,8,lasso,0.0,0.6666666666666666,0.890625,0.7399305555555555,0,0
path,500,8,MCP,0.0,0.6666666666666666,0.875,0.7149305555555556,0,0
path,500,8,SCAD,0.0,0.6666666666666666,0.890625,0.7399305555555555,0,0
path,500,9,lasso,0.0,0.8,0.9453125,0.75,0,1
path,500,9,MCP,0.0,0.8888888888888888,0.953125,0.7666666666666666,0,1
path,500,9,SCAD,0.0,0.8888888888888888,0.953125,0.7666666666666666,0,1
path,500,10,lasso,0.0,0.75,0.890625,0.76875,0,1
path,500,10,MCP,0.0,0.75,0.890625,0.76875,0,1
path,500,10,SCAD,0.0,0.75,0.890625,0.76875,0,1
path,500,11,lasso,0.0,0.8888888888888888,0.984375,0.94375,0,0
path,500,11,MCP,0.0,0.8888888888888888,0.9765625,0.9125,0,0
path,500,11,SCAD,0.0,0.8888888888888888,0.984375,0.94375,0,0
path,500,12,lasso,0.0,0.6153846153846154,0.8671875,0.6732638888888889,0,1
path,500,12,MCP,0.0,0.6666666666666666,0.875,0.6357638888888889,0,1
path,500,12,SCAD,0.0,0.6666666666666666,0.8828125,0.6982638888888889,0,1
path,500,13,lasso,0.0,0.6666666666666666,0.875,0.7291666666666667,0,1
path,500,13,MCP,0.0,0.75,0.8828125,0.7479166666666667,0,1
path,500,13,SCAD,0.0,0.6666666666666666,0.875,0.7291666666666667,0,1
path,500,14,lasso,0.0,0.7272727272727273,0.8984375,0.7375,0,0
path,500,14,MCP,0.0,0.7272727272727273,0.9140625,0.7589285714285714,0,0
path,500,14,SCAD,0.0,0.7272727272727273,0.921875,0.7714285714285714,0,0
path,500,15,lasso,0.0,0.75,0.9296875,0.769345238095238,0,0
path,500,15,MCP,0.0,0.8571428571428571,0.953125,0.8839285714285714,0,0
path,500,15,SCAD,0.0,0.75,0.9296875,0.769345238095238,0,0
path,500,16,lasso,0.0,0.75,0.890625,0.6753472222222222,0,0
path,500,16,MCP,0.0,0.75,0.875,0.6645833333333333,0,0
path,500,16,SCAD,0.0,0.75,0.875,0.6645833333333333,0,0
path,500,17,lasso,0.0,0.6666666666666666,0.796875,0.7208333333333333,0,1
path,500,17,MCP,0.0,0.6666666666666666,0.796875,0.7208333333333333,0,1
path,500,17,SCAD,0.0,0.6666666666666666,0.796875,0.7208333333333333,0,1
path,500,18,lasso,0.0,0.75,0.921875,0.706845238095238,0,0
path,500,18,MCP,0.0,0.8571428571428571,0.9453125,0.8214285714285714,0,0
path,500,18,SCAD,0.0,0.8571428571428571,0.921875,0.7068452380952381,0,0
path,500,19,lasso,0.0,0.6666666666666666,0.8984375,0.7375,0,1
path,500,19,MCP,0.0,0.6666666666666666,0.8828125,0.7196428571428571,0,1
path,500,19,SCAD,0.0,0.6666666666666666,0.875,0.7113095238095238,0,1
path,500,20,lasso,0.0,0.6666666666666666,0.859375,0.6976686507936508,0,0
path,500,20,MCP,0.0,0.6666666666666666,0.859375,0.7041666666666666,0,0
path,500,20,SCAD,0.0,0.6666666666666666,0.859375,0.7041666666666666,0,0
path,500,21,lasso,0.0,0.6666666666666666,0.8515625,0.6921130952380952,0,0
path,500,21,MCP,0.0,0.6666666666666666,0.8359375,0.6802083333333333,0,0
path,500,21,SCAD,0.0,0.6666666666666666,0.8359375,0.6802083333333333,0,0
path,500,22,lasso,0.0,0.6666666666666666,0.90625,0.6791666666666667,0,1
path,500,22,MCP,0.0,0.6666666666666666,0.890625,0.6375,0,1
path,500,22,SCAD,0.0,0.7272727272727273,0.90625,0.6672619047619048,0,1
path,500,23,lasso,0.0,0.7272727272727273,0.90625,0.7428571428571429,0,1
path,500,23,MCP,0.0,0.7272727272727273,0.9140625,0.7589285714285714,0,1
path,500,23,SCAD,0.0,0.6666666666666666,0.765625,0.6660714285714285,0,0
path,500,24,lasso,0.0,0.6666666666666666,0.875,0.7291666666666667,0,1
path,500,24,MCP,0.0,0.6666666666666666,0.875,0.7291666666666667,0,1
path,500,24,SCAD,0.0,0.6666666666666666,0.875,0.7291666666666667,0,1
path,500,25,lasso,0.0,0.6666666666666666,0.828125,0.7333333333333334,0,0
path,500,25,MCP,0.0,0.6666666666666666,0.7734375,0.675,0,0
path,500,25,SCAD,0.0,0.75,0.9375,0.8110119047619048,0,0
path,500,26,lasso,0.0,0.5714285714285714,0.7890625,0.5395833333333333,0,1
path,500,26,MCP,0.0,0.5714285714285714,0.796875,0.5255952380952381,0,1
path,500,26,SCAD,0.0,0.5714285714285714,0.7890625,0.5232142857142857,0,1
path,500,27,lasso,0.0,0.8571428571428571,0.953125,0.8839285714285714,0,0
path,500,27,MCP,0.0,0.8571428571428571,0.953125,0.8839285714285714,0,0
path,500,27,SCAD,0.0,0.8571428571428571,0.953125,0.8839285714285714,0,0
path,500,28,lasso,0.0,0.7272727272727273,0.90625,0.7464285714285714,0,0
path,500,28,MCP,0.0,0.6666666666666666,0.9140625,0.7625,0,0
path,500,28,SCAD,0.0,0.6666666666666666,0.90625,0.75,0,0
path,500,29,lasso,0.0,0.75,0.890625,0.6753472222222222,0,0
path,500,29,MCP,0.0,0.8571428571428571,0.8984375,0.7791666666666667,0,0
path,500,29,SCAD,0.0,0.8571428571428571,0.875,0.6645833333333333,0,0
path,500,30,lasso,0.0,0.8888888888888888,0.96875,0.8708333333333333,0,0
path,500,30,MCP,0.0,0.8888888888888888,0.9921875,0.975,0,0
path,500,30,SCAD,0.0,0.8888888888888888,0.9921875,0.975,0,0
path,500,31,lasso,0.0,0.8888888888888888,0.9921875,0.975,0,1
path,500,31,MCP,0.0,0.8571428571428571,0.9765625,0.9270833333333333,0,0
path,500,31,SCAD,0.0,0.8571428571428571,0.9765625,0.9270833333333333,0,0
path,500,32,lasso,0.0,0.75,0.9296875,0.769345238095238,0,1
path,500,32,MCP,0.0,0.8,0.9453125,0.79375,0,1
path,500,32,SCAD,0.0,0.8,0.9453125,0.79375,0,1
path,500,33,lasso,0.0,0.6666666666666666,0.8671875,0.7060019841269841,0,0
path,500,33,MCP,0.0,0.6666666666666666,0.890625,0.7285714285714286,0,1
path,500,33,SCAD,0.0,0.6666666666666666,0.890625,0.7285714285714286,0,1
path,500,34,lasso,0.0,0.6666666666666666,0.8828125,0.7196428571428571,0,1
path,500,34,MCP,0.0,0.6666666666666666,0.875,0.7113095238095238,0,1
path,500,34,SCAD,0.0,0.6666666666666666,0.875,0.7113095238095238,0,1
path,500,35,lasso,0.0,0.8,0.9375,0.7958333333333334,0,0
path,500,35,MCP,0.0,0.6666666666666666,0.90625,0.75,0,0
path,500,35,SCAD,0.0,0.8,0.9375,0.7916666666666666,0,0
path,500,36,lasso,0.0,0.75,0.875,0.6645833333333333,0,0
path,500,36,MCP,0.0,0.75,0.890625,0.6649305555555556,0,0
path,500,36,SCAD,0.0,0.6666666666666666,0.875,0.6357638888888889,0,0
path,500,37,lasso,0.0,0.8571428571428571,0.96875,0.9083333333333333,0,0
path,500,37,MCP,0.0,0.8571428571428571,0.96875,0.9083333333333333,0,0
path,500,37,SCAD,0.0,0.8571428571428571,0.96875,0.9083333333333333,0,0
path,500,38,lasso,0.0,0.6,0.8359375,0.5708333333333333,0,1
path,500,38,MCP,0.0,0.6666666666666666,0.84375,0.5833333333333334,0,0
path,500,38,SCAD,0.0,0.6666666666666666,0.8359375,0.5708333333333333,0,0
path,500,39,lasso,0.0,1.0,1.0,1.0,0,0
path,500,39,MCP,0.0,1.0,1.0,1.0,0,0
path,500,39,SCAD,0.0,1.0,1.0,1.0,0,0
path,500,40,lasso,0.0,0.6666666666666666,0.8671875,0.5732638888888889,0,0
path,500,40,MCP,0.0,0.6153846153846154,0.8515625,0.5376984126984127,0,1
path,500,40,SCAD,0.0,0.6666666666666666,0.875,0.5744047619047619,0,1
path,500,41,lasso,0.0,0.7272727272727273,0.875,0.5589285714285714,0,1
path,500,41,MCP,0.0,0.7272727272727273,0.8828125,0.5797619047619047,0,1
path,500,41,SCAD,0.0,0.7272727272727273,0.8828125,0.5797619047619047,0,1
path,500,42,lasso,0.0,0.8888888888888888,0.953125,0.7666666666666666,0,1
path,500,42,MCP,0.0,0.8888888888888888,0.953125,0.7666666666666666,0,1
path,500,42,SCAD,0.0,0.8888888888888888,0.953125,0.7666666666666666,0,1
path,500,43,lasso,0.0,0.75,0.90625,0.6889880952380951,0,1
path,500,43,MCP,0.0,0.6666666666666666,0.90625,0.6791666666666667,0,1
path,500,43,SCAD,0.0,0.6666666666666666,0.90625,0.6791666666666667,0,1
path,500,44,lasso,0.0,0.8571428571428571,0.96875,0.9083333333333333,0,0
path,500,44,MCP,0.0,0.8571428571428571,0.9609375,0.8964285714285714,0,0
path,500,44,SCAD,0.0,0.8571428571428571,0.953125,0.8839285714285714,0,0
path,500,45,lasso,0.0,0.6666666666666666,0.890625,0.6077380952380953,0,1
path,500,45,MCP,0.0,0.6666666666666666,0.8515625,0.5446428571428571,0,1
path,500,45,SCAD,0.0,0.6666666666666666,0.8515625,0.5446428571428571,0,1
path,500,46,lasso,0.0,1.0,1.0,1.0,0,0
path,500,46,MCP,0.0,1.0,1.0,1.0,0,0
path,500,46,SCAD,0.0,1.0,1.0,1.0,0,0
path,500,47,lasso,0.0,0.5714285714285714,0.828125,0.5827380952380952,0,1
path,500,47,MCP,0.0,0.6153846153846154,0.859375,0.6107638888888889,0,1
path,500,47,SCAD,0.0,0.6153846153846154,0.859375,0.6107638888888889,0,1
path,500,48,lasso,0.0,0.8,0.9453125,0.75,0,0
path,500,48,MCP,0.0,0.8,0.9296875,0.7124999999999999,0,0
path,500,48,SCAD,0.0,0.8,0.9375,0.73125,0,0
path,500,49,lasso,0.0,0.8,0.9375,0.7958333333333334,0,1
path,500,49,MCP,0.0,0.8,0.9375,0.7958333333333334,0,1
path,500,49,SCAD,0.0,0.8,0.9375,0.7958333333333334,0,1
path,500,50,lasso,0.0,0.8888888888888888,0.96875,0.8708333333333333,0,1
path,500,50,MCP,0.0,0.8888888888888888,0.96875,0.8708333333333333,0,1
path,500,50,SCAD,0.0,0.8,0.9609375,0.8541666666666666,0,1
path,500,51,lasso,0.0,0.75,0.90625,0.625,0,0
path,500,51,MCP,0.0,0.7272727272727273,0.8828125,0.6339285714285714,0,0
path,500,51,SCAD,0.0,0.75,0.90625,0.625,0,0
path,500,52,lasso,0.0,0.6153846153846154,0.859375,0.6107638888888889,0,1
path,500,52,MCP,0.0,0.6666666666666666,0.8671875,0.6524305555555555,0,0
path,500,52,SCAD,0.0,0.6153846153846154,0.859375,0.6107638888888889,0,1
path,500,53,lasso,0.0,0.6666666666666666,0.8671875,0.5916666666666667,0,1
path,500,53,MCP,0.0,0.8,0.90625,0.65,0,0
path,500,53,SCAD,0.0,0.8,0.90625,0.65,0,0
path,500,54,lasso,0.0,0.8,0.9375,0.7958333333333334,0,0
path,500,54,MCP,0.0,0.7272727272727273,0.921875,0.7714285714285715,0,1
path,500,54,SCAD,0.0,0.7272727272727273,0.921875,0.7714285714285715,0,1
path,500,55,lasso,0.0,0.8,0.90625,0.6499999999999999,0,0
path,500,55,MCP,0.0,0.8,0.90625,0.6499999999999999,0,0
path,500,55,SCAD,0.0,0.8,0.90625,0.6499999999999999,0,0
path,500,56,lasso,0.0,0.6,0.8515625,0.6625,0,1
path,500,56,MCP,0.0,0.6,0.8359375,0.5708333333333333,0,1
path,500,56,SCAD,0.0,0.6,0.8515625,0.6625,0,1
path,500,57,lasso,0.0,0.8,0.9375,0.7749999999999999,0,1
path,500,57,MCP,0.0,0.8,0.9375,0.7749999999999999,0,1
path,500,57,SCAD,0.0,0.8,0.9375,0.7749999999999999,0,1
path,500,58,lasso,0.0,0.6,0.8515625,0.6125,0,1
path,500,58,MCP,0.0,0.5714285714285714,0.8203125,0.549404761904762,0,1
path,500,58,SCAD,0.0,0.6,0.8359375,0.5708333333333333,0,1
path,500,59,lasso,0.0,0.8,0.921875,0.6875,0,0
path,500,59,MCP,0.0,0.8,0.90625,0.65,0,0
path,500,59,SCAD,0.0,0.8,0.9140625,0.6708333333333334,0,0
path,500,60,lasso,0.0,0.8,0.953125,0.8354166666666667,0,0
path,500,60,MCP,0.0,0.8888888888888888,0.96875,0.8708333333333333,0,0
path,500,60,SCAD,0.0,0.8888888888888888,0.96875,0.8708333333333333,0,0
path,500,61,lasso,0.0,0.7272727272727273,0.90625,0.6589285714285714,0,0
path,500,61,MCP,0.0,0.6666666666666666,0.8359375,0.5529761904761905,0,1
path,500,61,SCAD,0.0,0.6666666666666666,0.8359375,0.55,0,1
path,500,62,lasso,0.0,0.5714285714285714,0.7734375,0.33571428571428574,0,1
path,500,62,MCP,0.0,0.5714285714285714,0.765625,0.33125,0,1
path,500,62,SCAD,0.0,0.5714285714285714,0.765625,0.33125,0,1
path,500,63,lasso,0.0,0.7272727272727273,0.90625,0.7464285714285714,0,1
path,500,63,MCP,0.0,0.6666666666666666,0.765625,0.6660714285714285,0,0
path,500,63,SCAD,0.0,0.7272727272727273,0.921875,0.7714285714285715,0,1
path,500,64,lasso,0.0,0.6666666666666666,0.84375,0.5654761904761905,0,1
path,500,64,MCP,0.0,0.6666666666666666,0.8828125,0.6869047619047619,0,1
path,500,64,SCAD,0.0,0.6666666666666666,0.8828125,0.6869047619047619,0,1
path,500,65,lasso,0.0,0.6666666666666666,0.8671875,0.5916666666666667,0,1
path,500,65,MCP,0.0,0.7272727272727273,0.8984375,0.7,0,0
path,500,65,SCAD,0.0,0.7272727272727273,0.8984375,0.7,0,0
path,500,66,lasso,0.0,0.75,0.90625,0.6889880952380951,0,0
path,500,66,MCP,0.0,0.8571428571428571,0.9140625,0.7202380952380952,0,0
path,500,66,SCAD,0.0,0.8571428571428571,0.90625,0.6889880952380951,0,0
path,500,67,lasso,0.0,0.6,0.8203125,0.5458333333333334,0,0
path,500,67,MCP,0.0,0.5714285714285714,0.7890625,0.5135416666666667,0,1
path,500,67,SCAD,0.0,0.5714285714285714,0.796875,0.521875,0,1
path,500,68,lasso,0.0,0.7272727272727273,0.8984375,0.638095238095238,0,1
path,500,68,MCP,0.0,0.7272727272727273,0.8984375,0.6297619047619047,0,1
path,500,68,SCAD,0.0,0.7272727272727273,0.8984375,0.6297619047619047,0,1
path,500,69,lasso,0.0,0.8888888888888888,0.9453125,0.7041666666666666,0,0
path,500,69,MCP,0.0,0.6666666666666666,0.90625,0.6291666666666667,0,1
path,500,69,SCAD,0.0,0.8,0.921875,0.6499999999999999,0,0
path,500,70,lasso,0.0,0.75,0.8984375,0.8104166666666667,0,0
path,500,70,MCP,0.0,0.8571428571428571,0.90625,0.8416666666666667,0,0
path,500,70,SCAD,0.0,0.8571428571428571,0.90625,0.8416666666666667,0,0
path,500,71,lasso,0.0,0.6666666666666666,0.9296875,0.7958333333333334,0,1
path,500,71,MCP,0.0,0.6666666666666666,0.8984375,0.7410714285714286,0,1
path,500,71,SCAD,0.0,0.6666666666666666,0.90625,0.75,0,1
path,500,72,lasso,0.0,0.7272727272727273,0.90625,0.7464285714285714,0,1
path,500,72,MCP,0.0,0.8,0.9375,0.7916666666666666,0,0
path,500,72,SCAD,0.0,0.7272727272727273,0.9296875,0.7839285714285714,0,1
path,500,73,lasso,0.0,0.8571428571428571,0.90625,0.8416666666666667,0,0
path,500,73,MCP,0.0,0.8571428571428571,0.90625,0.8416666666666667,0,0
path,500,73,SCAD,0.0,0.8571428571428571,0.90625,0.8416666666666667,0,0
path,500,74,lasso,0.0,0.75,0.90625,0.6889880952380952,0,0
path,500,74,MCP,0.0,0.8,0.9375,0.73125,0,1
path,500,74,SCAD,0.0,0.8,0.9375,0.73125,0,1
path,500,75,lasso,0.0,0.6666666666666666,0.875,0.5708333333333333,0,1
path,500,75,MCP,0.0,0.6153846153846154,0.859375,0.5549603174603175,0,1
path,500,75,SCAD,0.0,0.6666666666666666,0.8671875,0.5619047619047619,0,1
path,500,76,lasso,0.0,1.0,1.0,1.0,0,0
path,500,76,MCP,0.0,0.8888888888888888,0.984375,0.94375,0,0
path,500,76,SCAD,0.0,0.8888888888888888,0.984375,0.94375,0,0
path,500,77,lasso,0.0,0.8571428571428571,0.96875,0.9083333333333333,0,0
path,500,77,MCP,0.0,0.8571428571428571,0.96875,0.9083333333333333,0,0
path,500,77,SCAD,0.0,0.8571428571428571,0.96875,0.9083333333333333,0,0
path,500,78,lasso,0.0,0.6666666666666666,0.8671875,0.7166666666666667,0,0
path,500,78,MCP,0.0,0.6666666666666666,0.875,0.7083333333333333,0,0
path,500,78,SCAD,0.0,0.6666666666666666,0.8828125,0.75,0,0
path,500,79,lasso,0.0,0.75,0.875,0.6645833333333333,0,0
path,500,79,MCP,0.0,0.75,0.890625,0.6753472222222222,0,0
path,500,79,SCAD,0.0,0.75,0.890625,0.6753472222222222,0,0
path,500,80,lasso,0.0,0.6666666666666666,0.8515625,0.5863095238095238,0,1
path,500,80,MCP,0.0,0.6666666666666666,0.8671875,0.6154761904761905,0,1
path,500,80,SCAD,0.0,0.6666666666666666,0.859375,0.5946428571428571,0,1
path,500,81,lasso,0.0,0.8,0.9375,0.7958333333333334,0,1
path,500,81,MCP,0.0,0.7272727272727273,0.921875,0.7714285714285715,0,1
path,500,81,SCAD,0.0,0.7272727272727273,0.921875,0.7714285714285715,0,1
path,500,82,lasso,0.0,0.8571428571428571,0.8203125,0.8125,0,0
path,500,82,MCP,0.0,0.8571428571428571,0.90625,0.8416666666666667,0,0
path,500,82,SCAD,0.0,0.8571428571428571,0.90625,0.8416666666666667,0,0
path,500,83,lasso,0.0,0.8,0.7890625,0.6202380952380953,0,1
path,500,83,MCP,0.0,0.8,0.921875,0.7333333333333334,0,1
path,500,83,SCAD,0.0,0.8,0.9296875,0.7541666666666667,0,1
path,500,84,lasso,0.0,0.6666666666666666,0.859375,0.6976686507936508,0,0
path,500,84,MCP,0.0,0.6666666666666666,0.921875,0.775,0,0
path,500,84,SCAD,0.0,0.7272727272727273,0.9296875,0.7839285714285714,0,0
path,500,85,lasso,0.0,0.8571428571428571,0.9765625,0.9270833333333333,0,0
path,500,85,MCP,0.0,0.8571428571428571,0.953125,0.8839285714285714,0,0
path,500,85,SCAD,0.0,0.8571428571428571,0.96875,0.9083333333333333,0,0
path,500,86,lasso,0.0,0.6666666666666666,0.9140625,0.7625,0,0
path,500,86,MCP,0.0,0.7272727272727273,0.921875,0.7714285714285714,0,0
path,500,86,SCAD,0.0,0.7272727272727273,0.921875,0.7714285714285714,0,0
path,500,87,lasso,0.0,0.75,0.875,0.6645833333333333,0,0
path,500,87,MCP,0.0,0.75,0.8828125,0.70625,0,0
path,500,87,SCAD,0.0,0.75,0.875,0.6645833333333333,0,0
path,500,88,lasso,0.0,0.6,0.8203125,0.5458333333333334,0,1
path,500,88,MCP,0.0,0.6,0.8125,0.55,0,0
path,500,88,SCAD,0.0,0.6,0.8203125,0.5458333333333334,0,0
path,500,89,lasso,0.0,0.8888888888888888,0.96875,0.8708333333333333,0,1
path,500,89,MCP,0.0,0.8888888888888888,0.96875,0.8708333333333333,0,1
path,500,89,SCAD,0.0,0.8888888888888888,0.96875,0.8708333333333333,0,1
path,500,90,lasso,0.0,1.0,1.0,1.0,0,0
path,500,90,MCP,0.0,1.0,1.0,1.0,0,0
path,500,90,SCAD,0.0,1.0,1.0,1.0,0,0
path,500,91,lasso,0.0,0.8,0.9375,0.7208333333333333,0,0
path,500,91,MCP,0.0,0.8,0.9296875,0.7083333333333333,0,0
path,500,91,SCAD,0.0,0.8,0.9296875,0.7083333333333333,0,0
path,500,92,lasso,0.0,0.7272727272727273,0.8359375,0.6714285714285714,0,1
path,500,92,MCP,0.0,0.8888888888888888,0.953125,0.7666666666666666,0,1
path,500,92,SCAD,0.0,0.8888888888888888,0.9296875,0.7124999999999999,0,1
path,500,93,lasso,0.0,0.8571428571428571,0.9375,0.8660714285714286,0,0
path,500,93,MCP,0.0,0.8571428571428571,0.9375,0.8660714285714286,0,0
path,500,93,SCAD,0.0,0.8571428571428571,0.9375,0.8660714285714286,0,0
path,500,94,lasso,0.0,0.8888888888888888,0.9921875,0.975,0,0
path,500,94,MCP,0.0,1.0,1.0,1.0,0,0
path,500,94,SCAD,0.0,1.0,1.0,1.0,0,0
path,500,95,lasso,0.0,0.7272727272727273,0.9140625,0.6797619047619048,0,1
path,500,95,MCP,0.0,0.7272727272727273,0.890625,0.6422619047619047,0,1
path,500,95,SCAD,0.0,0.7272727272727273,0.890625,0.6422619047619047,0,1
path,500,96,lasso,0.0,0.8,0.9453125,0.79375,0,1
path,500,96,MCP,0.0,0.8571428571428571,0.96875,0.9083333333333333,0,0
path,500,96,SCAD,0.0,0.8571428571428571,0.9609375,0.8666666666666667,0,0
path,500,97,lasso,0.0,0.6666666666666666,0.84375,0.5625,0,1
path,500,97,MCP,0.0,0.6666666666666666,0.8359375,0.5529761904761905,0,1
path,500,97,SCAD,0.0,0.6666666666666666,0.84375,0.5654761904761905,0,1
path,500,98,lasso,0.0,0.8571428571428571,0.9375,0.8660714285714286,0,0
path,500,98,MCP,0.0,0.75,0.90625,0.7795138888888888,0,0
path,500,98,SCAD,0.0,0.75,0.90625,0.7795138888888888,0,0
path,500,99,lasso,0.0,0.6666666666666666,0.9140625,0.7625,0,1
path,500,99,MCP,0.0,0.7272727272727273,0.90625,0.7464285714285714,0,1
path,500,99,SCAD,0.0,0.7272727272727273,0.90625,0.7464285714285714,0,1
path,1000,0,lasso,0.0,0.6153846153846154,0.84375,0.5935019841269841,0,0
path,1000,0,MCP,0.0,0.6666666666666666,0.8515625,0.6416666666666666,0,0
path,1000,0,SCAD,0.0,0.6666666666666666,0.84375,0.6,0,0
path,1000,1,lasso,0.0,0.8888888888888888,0.984375,0.94375,0,0
path,1000,1,MCP,0.0,0.8571428571428571,0.96875,0.9083333333333333,0,0
path,1000,1,SCAD,0.0,0.8571428571428571,0.96875,0.9083333333333333,0,0
path,1000,2,lasso,0.0,0.75,0.8984375,0.6820436507936507,0,0
path,1000,2,MCP,0.0,0.75,0.890625,0.6764880952380952,0,0
path,1000,2,SCAD,0.0,0.75,0.8984375,0.6820436507936507,0,0
path,1000,3,lasso,0.0,0.8888888888888888,0.9765625,0.9125,0,0
path,1000,3,MCP,0.0,0.8571428571428571,0.9609375,0.8964285714285714,0,0
path,1000,3,SCAD,0.0,0.8571428571428571,0.9609375,0.8964285714285714,0,0
path,1000,4,lasso,0.0,0.8888888888888888,0.984375,0.94375,0,0
path,1000,4,MCP,0.0,0.8571428571428571,0.9765625,0.9270833333333333,0,0
path,1000,4,SCAD,0.0,0.8571428571428571,0.9765625,0.9270833333333333,0,0
path,1000,5,lasso,0.0,0.8571428571428571,0.9140625,0.846875,0,0
path,1000,5,MCP,0.0,0.8571428571428571,0.921875,0.8524305555555556,0,0
path,1000,5,SCAD,0.0,0.8571428571428571,0.921875,0.8524305555555556,0,0
path,1000,6,lasso,0.0,0.7272727272727273,0.90625,0.6672619047619048,0,1
path,1000,6,MCP,0.0,0.75,0.921875,0.7068452380952381,0,1
path,1000,6,SCAD,0.0,0.75,0.921875,0.7068452380952381,0,1
path,1000,7,lasso,0.0,0.8888888888888888,0.984375,0.94375,0,1
path,1000,7,MCP,0.0,0.8888888888888888,0.984375,0.94375,0,1
path,1000,7,SCAD,0.0,0.8888888888888888,0.984375,0.94375,0,1
path,1000,8,lasso,0.0,0.8571428571428571,0.9765625,0.9270833333333333,0,0
path,1000,8,MCP,0.0,0.8888888888888888,0.984375,0.94375,0,0
path,1000,8,SCAD,0.0,0.8888888888888888,0.984375,0.94375,0,0
path,1000,9,lasso,0.0,0.8888888888888888,0.96875,0.8708333333333333,0,0
path,1000,9,MCP,0.0,0.8888888888888888,0.96875,0.8708333333333333,0,0
path,1000,9,SCAD,0.0,0.8888888888888888,0.96875,0.8708333333333333,0,0
path,1000,10,lasso,0.0,0.7272727272727273,0.90625,0.7464285714285714,0,0
path,1000,10,MCP,0.0,0.7272727272727273,0.921875,0.7714285714285715,0,0
path,1000,10,SCAD,0.0,0.7272727272727273,0.921875,0.7714285714285715,0,0
path,1000,11,lasso,0.0,0.8,0.921875,0.7124999999999999,0,1
path,1000,11,MCP,0.0,0.7272727272727273,0.90625,0.6880952380952381,0,1
path,1000,11,SCAD,0.0,0.7272727272727273,0.90625,0.6880952380952381,0,1
path,1000,12,lasso,0.0,0.4444444444444444,0.6640625,0.45902777777777776,0,1
path,1000,12,MCP,0.0,0.4444444444444444,0.671875,0.4625,0,1
path,1000,12,SCAD,0.0,0.46153846153846156,0.6796875,0.4666666666666667,0,1
path,1000,13,lasso,0.0,0.75,0.921875,0.7931547619047619,0,0
path,1000,13,MCP,0.0,0.75,0.9453125,0.8235119047619047,0,0
path,1000,13,SCAD,0.0,0.75,0.9453125,0.8235119047619047,0,0
path,1000,14,lasso,0.0,0.7272727272727273,0.921875,0.7422619047619048,0,1
path,1000,14,MCP,0.0,0.7272727272727273,0.9140625,0.7589285714285714,0,1
path,1000,14,SCAD,0.0,0.7272727272727273,0.9140625,0.7589285714285714,0,1
path,1000,15,lasso,0.0,0.8888888888888888,0.9921875,0.975,0,0
path,1000,15,MCP,0.0,0.8888888888888888,0.9921875,0.975,0,0
path,1000,15,SCAD,0.0,0.8888888888888888,0.9921875,0.975,0,0
path,1000,16,lasso,0.0,0.6666666666666666,0.875,0.6927083333333333,0,1
path,1000,16,MCP,0.0,0.6666666666666666,0.8828125,0.6982638888888889,0,1
path,1000,16,SCAD,0.0,0.6666666666666666,0.8828125,0.6982638888888889,0,1
path,1000,17,lasso,0.0,1.0,1.0,1.0,0,0
path,1000,17,MCP,0.0,0.8888888888888888,0.9765625,0.9125,0,0
path,1000,17,SCAD,0.0,0.8888888888888888,0.9921875,0.975,0,0
path,1000,18,lasso,0.0,0.8,0.9375,0.73125,0,0
path,1000,18,MCP,0.0,0.75,0.890625,0.6649305555555556,0,0
path,1000,18,SCAD,0.0,0.75,0.890625,0.6649305555555556,0,0
path,1000,19,lasso,0.0,0.8,0.9453125,0.8166666666666667,0,1
path,1000,19,MCP,0.0,0.8,0.9453125,0.8166666666666667,0,1
path,1000,19,SCAD,0.0,0.8,0.9453125,0.8166666666666667,0,1
path,1000,20,lasso,0.0,0.8571428571428571,0.953125,0.8839285714285714,0,0
path,1000,20,MCP,0.0,0.8571428571428571,0.953125,0.8839285714285714,0,0
path,1000,20,SCAD,0.0,0.8571428571428571,0.953125,0.8839285714285714,0,0
path,1000,21,lasso,0.0,0.75,0.9375,0.8110119047619047,0,0
path,1000,21,MCP,0.0,0.75,0.9375,0.8110119047619048,0,0
path,1000,21,SCAD,0.0,0.75,0.9375,0.8110119047619048,0,0
path,1000,22,lasso,0.0,0.8571428571428571,0.921875,0.8524305555555556,0,0
path,1000,22,MCP,0.0,0.8571428571428571,0.921875,0.8524305555555556,0,0
path,1000,22,SCAD,0.0,0.8571428571428571,0.921875,0.8524305555555556,0,0
path,1000,23,lasso,0.0,0.8,0.9375,0.7958333333333334,0,0
path,1000,23,MCP,0.0,0.8,0.9375,0.7916666666666666,0,0
path,1000,23,SCAD,0.0,0.8,0.9375,0.7916666666666666,0,0
path,1000,24,lasso,0.0,0.8571428571428571,0.9765625,0.9270833333333333,0,0
path,1000,24,MCP,0.0,0.8,0.9609375,0.8770833333333333,0,0
path,1000,24,SCAD,0.0,0.8,0.9609375,0.8770833333333333,0,0
path,1000,25,lasso,0.0,0.8571428571428571,0.96875,0.9083333333333333,0,0
path,1000,25,MCP,0.0,0.8571428571428571,0.9609375,0.8964285714285714,0,0
path,1000,25,SCAD,0.0,0.8571428571428571,0.9609375,0.8964285714285714,0,0
path,1000,26,lasso,0.0,0.8,0.96875,0.8958333333333333,0,0
path,1000,26,MCP,0.0,0.8888888888888888,0.9765625,0.9125,0,0
path,1000,26,SCAD,0.0,0.8888888888888888,0.9765625,0.9125,0,0
path,1000,27,lasso,0.0,1.0,1.0,1.0,0,0
path,1000,27,MCP,0.0,1.0,1.0,1.0,0,0
path,1000,27,SCAD,0.0,1.0,1.0,1.0,0,0
path,1000,28,lasso,0.0,0.8888888888888888,0.96875,0.8708333333333333,0,0
path,1000,28,MCP,0.0,0.8,0.9453125,0.8166666666666667,0,0
path,1000,28,SCAD,0.0,0.8,0.9609375,0.8541666666666666,0,0
path,1000,29,lasso,0.0,0.8888888888888888,0.953125,0.7666666666666666,0,0
path,1000,29,MCP,0.0,0.8888888888888888,0.953125,0.7666666666666666,0,0
path,1000,29,SCAD,0.0,0.8888888888888888,0.953125,0.7666666666666666,0,0
path,1000,30,lasso,0.0,0.75,0.890625,0.76875,0,0
path,1000,30,MCP,0.0,0.8571428571428571,0.90625,0.8416666666666667,0,0
path,1000,30,SCAD,0.0,0.8571428571428571,0.90625,0.8416666666666667,0,0
path,1000,31,lasso,0.0,0.8888888888888888,0.9921875,0.975,0,0
path,1000,31,MCP,0.0,0.8888888888888888,0.984375,0.94375,0,0
path,1000,31,SCAD,0.0,0.8888888888888888,0.984375,0.94375,0,0
path,1000,32,lasso,0.0,0.6666666666666666,0.875,0.6244047619047619,0,1
path,1000,32,MCP,0.0,0.6666666666666666,0.890625,0.6494047619047618,0,1
path,1000,32,SCAD,0.0,0.6666666666666666,0.890625,0.6494047619047618,0,1
path,1000,33,lasso,0.0,0.8571428571428571,0.9609375,0.8964285714285714,0,0
path,1000,33,MCP,0.0,0.8571428571428571,0.96875,0.9083333333333333,0,0
path,1000,33,SCAD,0.0,0.8571428571428571,0.96875,0.9083333333333333,0,0
path,1000,34,lasso,0.0,0.75,0.890625,0.76875,0,0
path,1000,34,MCP,0.0,0.8571428571428571,0.90625,0.8416666666666667,0,0
path,1000,34,SCAD,0.0,0.8571428571428571,0.8984375,0.8,0,0
path,1000,35,lasso,0.0,0.75,0.9375,0.8110119047619048,0,0
path,1000,35,MCP,0.0,0.8,0.9453125,0.8229166666666666,0,0
path,1000,35,SCAD,0.0,0.8,0.9375,0.8110119047619048,0,0
path,1000,36,lasso,0.0,1.0,1.0,1.0,0,0
path,1000,36,MCP,0.0,0.8888888888888888,0.9921875,0.975,0,0
path,1000,36,SCAD,0.0,1.0,1.0,1.0,0,0
path,1000,37,lasso,0.0,0.8571428571428571,0.921875,0.8524305555555556,0,0
path,1000,37,MCP,0.0,0.8571428571428571,0.9375,0.8660714285714286,0,0
path,1000,37,SCAD,0.0,0.8571428571428571,0.9375,0.8660714285714286,0,0
path,1000,38,lasso,0.0,1.0,0.859375,0.9166666666666667,0,0
path,1000,38,MCP,0.0,1.0,1.0,1.0,0,0
path,1000,38,SCAD,0.0,1.0,1.0,1.0,0,0
path,1000,39,lasso,0.0,0.7272727272727273,0.890625,0.6339285714285714,0,1
path,1000,39,MCP,0.0,0.7272727272727273,0.90625,0.6672619047619047,0,1
path,1000,39,SCAD,0.0,0.7272727272727273,0.8984375,0.6464285714285715,0,1
path,1000,40,lasso,0.0,0.75,0.890625,0.76875,0,0
path,1000,40,MCP,0.0,0.75,0.890625,0.76875,0,0
path,1000,40,SCAD,0.0,0.75,0.890625,0.76875,0,0
path,1000,41,lasso,0.0,0.7272727272727273,0.90625,0.7464285714285714,0,1
path,1000,41,MCP,0.0,0.7272727272727273,0.90625,0.7464285714285714,0,1
path,1000,41,SCAD,0.0,0.7272727272727273,0.90625,0.7464285714285714,0,1
path,1000,42,lasso,0.0,0.75,0.921875,0.7931547619047619,0,1
path,1000,42,MCP,0.0,0.75,0.921875,0.7931547619047619,0,1
path,1000,42,SCAD,0.0,0.75,0.921875,0.7931547619047619,0,1
path,1000,43,lasso,0.0,0.6666666666666666,0.828125,0.6742559523809524,0,0
path,1000,43,MCP,0.0,0.6666666666666666,0.859375,0.7041666666666666,0,0
path,1000,43,SCAD,0.0,0.6666666666666666,0.859375,0.7041666666666666,0,0
path,1000,44,lasso,0.0,0.8571428571428571,0.96875,0.9083333333333333,0,0
path,1000,44,MCP,0.0,0.8571428571428571,0.953125,0.8839285714285714,0,0
path,1000,44,SCAD,0.0,0.8571428571428571,0.9375,0.8660714285714286,0,0
path,1000,45,lasso,0.0,0.8571428571428571,0.96875,0.9083333333333333,0,0
path,1000,45,MCP,0.0,0.8571428571428571,0.96875,0.9083333333333333,0,0
path,1000,45,SCAD,0.0,0.8571428571428571,0.96875,0.9083333333333333,0,0
path,1000,46,lasso,0.0,0.8,0.9609375,0.8770833333333333,0,0
path,1000,46,MCP,0.0,0.8,0.953125,0.8354166666666667,0,1
path,1000,46,SCAD,0.0,0.8,0.953125,0.8354166666666667,0,1
path,1000,47,lasso,0.0,1.0,1.0,1.0,0,0
path,1000,47,MCP,0.0,1.0,1.0,1.0,0,0
path,1000,47,SCAD,0.0,1.0,1.0,1.0,0,0
path,1000,48,lasso,0.0,0.8888888888888888,0.984375,0.94375,0,0
path,1000,48,MCP,0.0,0.8888888888888888,0.984375,0.94375,0,0
path,1000,48,SCAD,0.0,0.8888888888888888,0.984375,0.94375,0,0
path,1000,49,lasso,0.0,0.8,0.9375,0.7958333333333334,0,0
path,1000,49,MCP,0.0,0.75,0.9453125,0.8235119047619047,0,0
path,1000,49,SCAD,0.0,0.8,0.953125,0.8354166666666667,0,0
path,1000,50,lasso,0.0,0.8,0.9609375,0.8770833333333333,0,1
path,1000,50,MCP,0.0,0.8888888888888888,0.96875,0.8708333333333333,0,1
path,1000,50,SCAD,0.0,0.8888888888888888,0.9609375,0.8520833333333333,0,1
path,1000,51,lasso,0.0,0.7272727272727273,0.90625,0.7464285714285714,0,0
path,1000,51,MCP,0.0,0.7272727272727273,0.9140625,0.7589285714285714,0,0
path,1000,51,SCAD,0.0,0.7272727272727273,0.90625,0.7464285714285714,0,0
path,1000,52,lasso,0.0,0.7272727272727273,0.9140625,0.7589285714285714,0,0
path,1000,52,MCP,0.0,0.6666666666666666,0.8984375,0.7375,0,0
path,1000,52,SCAD,0.0,0.6666666666666666,0.8984375,0.7375,0,0
path,1000,53,lasso,0.0,0.8571428571428571,0.9609375,0.8964285714285714,0,0
path,1000,53,MCP,0.0,0.8571428571428571,0.96875,0.9083333333333333,0,0
path,1000,53,SCAD,0.0,0.8571428571428571,0.96875,0.9083333333333333,0,0
path,1000,54,lasso,0.0,0.8888888888888888,0.984375,0.94375,0,1
path,1000,54,MCP,0.0,0.8888888888888888,0.984375,0.94375,0,1
path,1000,54,SCAD,0.0,0.8888888888888888,0.984375,0.94375,0,1
path,1000,55,lasso,0.0,0.75,0.9375,0.8145833333333333,0,0
path,1000,55,MCP,0.0,0.8,0.9609375,0.8541666666666666,0,1
path,1000,55,SCAD,0.0,0.8,0.953125,0.8354166666666667,0,1
path,1000,56,lasso,0.0,0.7272727272727273,0.9296875,0.7922619047619047,0,1
path,1000,56,MCP,0.0,0.7272727272727273,0.90625,0.7464285714285714,0,1
path,1000,56,SCAD,0.0,0.7272727272727273,0.90625,0.7464285714285714,0,1
path,1000,57,lasso,0.0,0.8888888888888888,0.96875,0.8708333333333333,0,0
path,1000,57,MCP,0.0,1.0,1.0,1.0,0,0
path,1000,57,SCAD,0.0,1.0,1.0,1.0,0,0
path,1000,58,lasso,0.0,0.8571428571428571,0.96875,0.9151785714285714,0,0
path,1000,58,MCP,0.0,0.8571428571428571,0.9765625,0.9270833333333333,0,0
path,1000,58,SCAD,0.0,0.8571428571428571,0.96875,0.9151785714285714,0,0
path,1000,59,lasso,0.0,0.75,0.890625,0.76875,0,0
path,1000,59,MCP,0.0,0.8571428571428571,0.90625,0.8416666666666667,0,0
path,1000,59,SCAD,0.0,0.8571428571428571,0.90625,0.8416666666666667,0,0
path,1000,60,lasso,0.0,0.8,0.953125,0.8354166666666667,0,1
path,1000,60,MCP,0.0,0.75,0.9296875,0.8020833333333333,0,1
path,1000,60,SCAD,0.0,0.75,0.9375,0.8110119047619048,0,1
path,1000,61,lasso,0.0,0.75,0.9375,0.8110119047619048,0,1
path,1000,61,MCP,0.0,0.75,0.921875,0.7931547619047619,0,1
path,1000,61,SCAD,0.0,0.75,0.921875,0.7931547619047619,0,1
path,1000,62,lasso,0.0,0.8571428571428571,0.9765625,0.9270833333333333,0,0
path,1000,62,MCP,0.0,0.8,0.9609375,0.8770833333333333,0,0
path,1000,62,SCAD,0.0,0.8,0.9609375,0.8770833333333333,0,0
path,1000,63,lasso,0.0,0.8571428571428571,0.953125,0.8839285714285714,0,0
path,1000,63,MCP,0.0,0.8571428571428571,0.953125,0.8839285714285714,0,0
path,1000,63,SCAD,0.0,0.8571428571428571,0.953125,0.8839285714285714,0,0
path,1000,64,lasso,0.0,0.8571428571428571,0.9765625,0.9270833333333333,0,0
path,1000,64,MCP,0.0,0.8571428571428571,0.96875,0.9083333333333333,0,0
path,1000,64,SCAD,0.0,0.8571428571428571,0.96875,0.9083333333333333,0,0
path,1000,65,lasso,0.0,0.75,0.9453125,0.8526785714285714,0,0
path,1000,65,MCP,0.0,0.8571428571428571,0.953125,0.8839285714285714,0,0
path,1000,65,SCAD,0.0,0.8571428571428571,0.9609375,0.8964285714285714,0,0
path,1000,66,lasso,0.0,0.8571428571428571,0.9375,0.8660714285714286,0,0
path,1000,66,MCP,0.0,0.75,0.9296875,0.8348214285714286,0,0
path,1000,66,SCAD,0.0,0.8571428571428571,0.9375,0.8660714285714286,0,0
path,1000,67,lasso,0.0,0.6666666666666666,0.8984375,0.6702380952380952,0,0
path,1000,67,MCP,0.0,0.6666666666666666,0.890625,0.6577380952380952,0,0
path,1000,67,SCAD,0.0,0.6666666666666666,0.890625,0.6577380952380952,0,0
path,1000,68,lasso,0.0,0.8888888888888888,0.9765625,0.9125,0,1
path,1000,68,MCP,0.0,0.8888888888888888,0.96875,0.8708333333333333,0,1
path,1000,68,SCAD,0.0,0.8888888888888888,0.96875,0.8708333333333333,0,1
path,1000,69,lasso,0.0,0.8888888888888888,0.96875,0.8708333333333333,0,0
path,1000,69,MCP,0.0,0.8,0.9609375,0.8541666666666666,0,1
path,1000,69,SCAD,0.0,0.8888888888888888,0.9609375,0.8291666666666666,0,0
path,1000,70,lasso,0.0,0.8,0.9453125,0.7916666666666666,0,0
path,1000,70,MCP,0.0,0.8,0.953125,0.8333333333333333,0,0
path,1000,70,SCAD,0.0,0.8,0.9453125,0.7916666666666666,0,0
path,1000,71,lasso,0.0,0.8571428571428571,0.96875,0.9151785714285714,0,0
path,1000,71,MCP,0.0,0.8888888888888888,0.984375,0.94375,0,0
path,1000,71,SCAD,0.0,0.8888888888888888,0.984375,0.94375,0,0
path,1000,72,lasso,0.0,0.8,0.96875,0.8958333333333333,0,1
path,1000,72,MCP,0.0,0.8888888888888888,0.9765625,0.9125,0,0
path,1000,72,SCAD,0.0,0.8888888888888888,0.96875,0.8958333333333333,0,0
path,1000,73,lasso,0.0,0.8,0.921875,0.6916666666666667,0,1
path,1000,73,MCP,0.0,0.8,0.921875,0.6916666666666667,0,1
path,1000,73,SCAD,0.0,0.8,0.921875,0.6916666666666667,0,1
path,1000,74,lasso,0.0,0.8571428571428571,0.984375,0.9583333333333333,0,0
path,1000,74,MCP,0.0,0.8571428571428571,0.9765625,0.9270833333333333,0,0
path,1000,74,SCAD,0.0,0.8571428571428571,0.9765625,0.9270833333333333,0,0
path,1000,75,lasso,0.0,0.6666666666666666,0.890625,0.6494047619047618,0,1
path,1000,75,MCP,0.0,0.75,0.9140625,0.6979166666666666,0,0
path,1000,75,SCAD,0.0,0.75,0.921875,0.7068452380952381,0,0
path,1000,76,lasso,0.0,0.8888888888888888,0.96875,0.8708333333333333,0,0
path,1000,76,MCP,0.0,0.8888888888888888,0.96875,0.8708333333333333,0,0
path,1000,76,SCAD,0.0,0.8888888888888888,0.96875,0.8708333333333333,0,0
path,1000,77,lasso,0.0,0.8571428571428571,0.984375,0.9583333333333333,0,0
path,1000,77,MCP,0.0,0.8571428571428571,0.9765625,0.9270833333333333,0,0
path,1000,77,SCAD,0.0,0.8571428571428571,0.9765625,0.9270833333333333,0,0
path,1000,78,lasso,0.0,0.8888888888888888,0.9765625,0.9125,0,0
path,1000,78,MCP,0.0,0.8,0.96875,0.8958333333333333,0,0
path,1000,78,SCAD,0.0,1.0,0.984375,0.9375,0,0
path,1000,79,lasso,0.0,0.8571428571428571,0.953125,0.8839285714285714,0,0
path,1000,79,MCP,0.0,0.8571428571428571,0.9296875,0.859375,0,0
path,1000,79,SCAD,0.0,0.8571428571428571,0.9296875,0.8591269841269842,0,0
path,1000,80,lasso,0.0,0.8571428571428571,0.96875,0.9083333333333333,0,0
path,1000,80,MCP,0.0,0.8571428571428571,0.9609375,0.8958333333333333,0,0
path,1000,80,SCAD,0.0,0.8571428571428571,0.96875,0.9083333333333333,0,0
path,1000,81,lasso,0.0,0.8571428571428571,0.96875,0.9083333333333333,0,0
path,1000,81,MCP,0.0,0.8888888888888888,0.984375,0.94375,0,0
path,1000,81,SCAD,0.0,0.8571428571428571,0.96875,0.9083333333333333,0,0
path,1000,82,lasso,0.0,0.8,0.9140625,0.6708333333333334,0,1
path,1000,82,MCP,0.0,0.8,0.9140625,0.6708333333333334,0,1
path,1000,82,SCAD,0.0,0.8,0.9140625,0.6708333333333334,0,1
path,1000,83,lasso,0.0,0.6666666666666666,0.9140625,0.7625,0,1
path,1000,83,MCP,0.0,0.6666666666666666,0.8671875,0.7060019841269841,0,0
path,1000,83,SCAD,0.0,0.6666666666666666,0.8671875,0.7060019841269841,0,0
path,1000,84,lasso,0.0,0.6666666666666666,0.8828125,0.7196428571428571,0,1
path,1000,84,MCP,0.0,0.6666666666666666,0.875,0.7113095238095238,0,1
path,1000,84,SCAD,0.0,0.6666666666666666,0.875,0.7113095238095238,0,1
path,1000,85,lasso,0.0,0.7272727272727273,0.859375,0.5741071428571429,0,0
path,1000,85,MCP,0.0,0.6666666666666666,0.8359375,0.5529761904761905,0,0
path,1000,85,SCAD,0.0,0.6666666666666666,0.8203125,0.5342261904761905,0,0
path,1000,86,lasso,0.0,0.6666666666666666,0.8671875,0.6035714285714286,0,0
path,1000,86,MCP,0.0,0.6666666666666666,0.875,0.6244047619047619,0,0
path,1000,86,SCAD,0.0,0.6666666666666666,0.8671875,0.6035714285714285,0,0
path,1000,87,lasso,0.0,0.8888888888888888,0.96875,0.8708333333333333,0,0
path,1000,87,MCP,0.0,0.8888888888888888,0.96875,0.8708333333333333,0,0
path,1000,87,SCAD,0.0,0.8888888888888888,0.96875,0.8708333333333333,0,0
path,1000,88,lasso,0.0,0.8,0.9375,0.7916666666666666,0,1
path,1000,88,MCP,0.0,0.8888888888888888,0.96875,0.8666666666666667,0,1
path,1000,88,SCAD,0.0,0.8888888888888888,0.96875,0.8666666666666667,0,1
path,1000,89,lasso,0.0,0.8571428571428571,0.953125,0.8839285714285714,0,0
path,1000,89,MCP,0.0,0.8571428571428571,0.9453125,0.875,0,0
path,1000,89,SCAD,0.0,0.8571428571428571,0.9453125,0.875,0,0
path,1000,90,lasso,0.0,0.7272727272727273,0.9140625,0.7589285714285714,0,0
path,1000,90,MCP,0.0,0.8,0.953125,0.8354166666666667,0,0
path,1000,90,SCAD,0.0,0.8,0.953125,0.8354166666666667,0,0
path,1000,91,lasso,0.0,0.8571428571428571,0.921875,0.8524305555555556,0,0
path,1000,91,MCP,0.0,0.8571428571428571,0.921875,0.8524305555555556,0,0
path,1000,91,SCAD,0.0,0.8571428571428571,0.921875,0.8524305555555556,0,0
path,1000,92,lasso,0.0,0.6666666666666666,0.90625,0.7535714285714286,0,1
path,1000,92,MCP,0.0,0.7272727272727273,0.921875,0.7714285714285715,0,1
path,1000,92,SCAD,0.0,0.7272727272727273,0.921875,0.7714285714285715,0,1
path,1000,93,lasso,0.0,0.75,0.8203125,0.7574404761904762,0,1
path,1000,93,MCP,0.0,0.75,0.9375,0.8110119047619048,0,1
path,1000,93,SCAD,0.0,0.75,0.9375,0.8110119047619048,0,1
path,1000,94,lasso,0.0,1.0,1.0,1.0,0,0
path,1000,94,MCP,0.0,0.8888888888888888,0.9765625,0.9125,0,0
path,1000,94,SCAD,0.0,0.8888888888888888,0.9765625,0.9125,0,0
path,1000,95,lasso,0.0,0.8,0.953125,0.8354166666666667,0,1
path,1000,95,MCP,0.0,0.8,0.953125,0.8354166666666667,0,1
path,1000,95,SCAD,0.0,0.8,0.953125,0.8354166666666667,0,1
path,1000,96,lasso,0.0,0.8888888888888888,0.9921875,0.975,0,1
path,1000,96,MCP,0.0,0.8888888888888888,0.9921875,0.975,0,0
path,1000,96,SCAD,0.0,0.8571428571428571,0.984375,0.9583333333333333,0,0
path,1000,97,lasso,0.0,0.8571428571428571,0.9375,0.8660714285714286,0,0
path,1000,97,MCP,0.0,0.8571428571428571,0.9375,0.8660714285714286,0,0
path,1000,97,SCAD,0.0,0.8571428571428571,0.9375,0.8660714285714286,0,0
path,1000,98,lasso,0.0,0.8888888888888888,0.953125,0.7666666666666666,0,0
path,1000,98,MCP,0.0,0.8888888888888888,0.953125,0.7666666666666666,0,0
path,1000,98,SCAD,0.0,0.8888888888888888,0.953125,0.7666666666666666,0,0
path,1000,99,lasso,0.0,0.8888888888888888,0.953125,0.7666666666666666,0,0
path,1000,99,MCP,0.0,1.0,0.984375,0.875,0,0
path,1000,99,SCAD,0.0,1.0,0.984375,0.8958333333333333,0,0
path,5000,0,lasso,0.0,0.8888888888888888,0.984375,0.94375,0,0
path,5000,0,MCP,0.0,0.8888888888888888,0.984375,0.94375,0,0
path,5000,0,SCAD,0.0,0.8888888888888888,0.984375,0.94375,0,0
path,5000,1,lasso,0.0,1.0,1.0,1.0,0,0
path,5000,1,MCP,0.0,1.0,1.0,1.0,0,0
path,5000,1,SCAD,0.0,1.0,1.0,1.0,0,0
path,5000,2,lasso,0.0,1.0,1.0,1.0,0,0
path,5000,2,MCP,0.0,1.0,1.0,1.0,0,0
path,5000,2,SCAD,0.0,1.0,1.0,1.0,0,0
path,5000,3,lasso,0.0,0.8888888888888888,0.9921875,0.975,0,0
path,5000,3,MCP,0.0,1.0,1.0,1.0,0,0
path,5000,3,SCAD,0.0,1.0,1.0,1.0,0,0
path,5000,4,lasso,0.0,1.0,1.0,1.0,0,0
path,5000,4,MCP,0.0,1.0,1.0,1.0,0,0
path,5000,4,SCAD,0.0,1.0,1.0,1.0,0,0
path,5000,5,lasso,0.0,1.0,1.0,1.0,0,0
path,5000,5,MCP,0.0,1.0,1.0,1.0,0,0
path,5000,5,SCAD,0.0,1.0,1.0,1.0,0,0
path,5000,6,lasso,0.0,1.0,1.0,1.0,0,0
path,5000,6,MCP,0.0,1.0,1.0,1.0,0,0
path,5000,6,SCAD,0.0,1.0,1.0,1.0,0,0
path,5000,7,lasso,0.0,1.0,1.0,1.0,0,0
path,5000,7,MCP,0.0,1.0,1.0,1.0,0,0
path,5000,7,SCAD,0.0,1.0,1.0,1.0,0,0
path,5000,8,lasso,0.0,1.0,1.0,1.0,0,0
path,5000,8,MCP,0.0,0.8888888888888888,0.9921875,0.975,0,0
path,5000,8,SCAD,0.0,0.8888888888888888,0.9921875,0.975,0,0
path,5000,9,lasso,0.0,1.0,1.0,1.0,0,0
path,5000,9,MCP,0.0,1.0,1.0,1.0,0,0
path,5000,9,SCAD,0.0,1.0,1.0,1.0,0,0
path,5000,10,lasso,0.0,1.0,1.0,1.0,0,0
path,5000,10,MCP,0.0,1.0,1.0,1.0,0,0
path,5000,10,SCAD,0.0,1.0,1.0,1.0,0,0
path,5000,11,lasso,0.0,1.0,1.0,1.0,0,0
path,5000,11,MCP,0.0,1.0,1.0,1.0,0,0
path,5000,11,SCAD,0.0,1.0,1.0,1.0,0,0
path,5000,12,lasso,0.0,0.8888888888888888,0.984375,0.95,0,0
path,5000,12,MCP,0.0,0.8888888888888888,0.984375,0.95,0,0
path,5000,12,SCAD,0.0,0.8888888888888888,0.984375,0.95,0,0
path,5000,13,lasso,0.0,1.0,1.0,1.0,0,0
path,5000,13,MCP,0.0,1.0,1.0,1.0,0,0
path,5000,13,SCAD,0.0,1.0,1.0,1.0,0,0
path,5000,14,lasso,0.0,1.0,1.0,1.0,0,0
path,5000,14,MCP,0.0,1.0,1.0,1.0,0,0
path,5000,14,SCAD,0.0,1.0,1.0,1.0,0,0
path,5000,15,lasso,0.0,1.0,1.0,1.0,0,0
path,5000,15,MCP,0.0,1.0,1.0,1.0,0,0
path,5000,15,SCAD,0.0,1.0,1.0,1.0,0,0
path,5000,16,lasso,0.0,0.8888888888888888,0.984375,0.94375,0,1
path,5000,16,MCP,0.0,0.8888888888888888,0.984375,0.94375,0,1
path,5000,16,SCAD,0.0,0.8888888888888888,0.984375,0.94375,0,1
path,5000,17,lasso,0.0,0.8888888888888888,0.96875,0.8708333333333333,0,0
path,5000,17,MCP,0.0,0.8888888888888888,0.96875,0.8708333333333333,0,0
path,5000,17,SCAD,0.0,0.8888888888888888,0.96875,0.8708333333333333,0,0
path,5000,18,lasso,0.0,1.0,1.0,1.0,0,0
path,5000,18,MCP,0.0,1.0,1.0,1.0,0,0
path,5000,18,SCAD,0.0,1.0,1.0,1.0,0,0
path,5000,19,lasso,0.0,0.8888888888888888,0.9921875,0.975,0,0
path,5000,19,MCP,0.0,0.8888888888888888,0.9921875,0.975,0,0
path,5000,19,SCAD,0.0,0.8888888888888888,0.9921875,0.975,0,0
path,5000,20,lasso,0.0,1.0,1.0,1.0,0,0
path,5000,20,MCP,0.0,1.0,1.0,1.0,0,0
path,5000,20,SCAD,0.0,1.0,1.0,1.0,0,0
path,5000,21,lasso,0.0,1.0,1.0,1.0,0,0
path,5000,21,MCP,0.0,1.0,1.0,1.0,0,0
path,5000,21,SCAD,0.0,1.0,1.0,1.0,0,0
path,5000,22,lasso,0.0,1.0,1.0,1.0,0,0
path,5000,22,MCP,0.0,1.0,1.0,1.0,0,0
path,5000,22,SCAD,0.0,1.0,1.0,1.0,0,0
path,5000,23,lasso,0.0,0.8571428571428571,0.953125,0.8875,0,0
path,5000,23,MCP,0.0,0.8571428571428571,0.9609375,0.8964285714285714,0,0
path,5000,23,SCAD,0.0,0.8571428571428571,0.953125,0.8875,0,0
path,5000,24,lasso,0.0,0.8888888888888888,0.984375,0.94375,0,0
path,5000,24,MCP,0.0,0.8888888888888888,0.984375,0.94375,0,0
path,5000,24,SCAD,0.0,0.8888888888888888,0.984375,0.94375,0,0
path,5000,25,lasso,0.0,1.0,1.0,1.0,0,0
path,5000,25,MCP,0.0,1.0,1.0,1.0,0,0
path,5000,25,SCAD,0.0,1.0,1.0,1.0,0,0
path,5000,26,lasso,0.0,1.0,1.0,1.0,0,0
path,5000,26,MCP,0.0,1.0,1.0,1.0,0,0
path,5000,26,SCAD,0.0,1.0,1.0,1.0,0,0
path,5000,27,lasso,0.0,1.0,1.0,1.0,0,0
path,5000,27,MCP,0.0,1.0,1.0,1.0,0,0
path,5000,27,SCAD,0.0,1.0,1.0,1.0,0,0
path,5000,28,lasso,0.0,0.8888888888888888,0.96875,0.8708333333333333,0,0
path,5000,28,MCP,0.0,0.8888888888888888,0.984375,0.94375,0,0
path,5000,28,SCAD,0.0,0.8888888888888888,0.984375,0.94375,0,0
path,5000,29,lasso,0.0,1.0,1.0,1.0,0,0
path,5000,29,MCP,0.0,1.0,1.0,1.0,0,0
path,5000,29,SCAD,0.0,1.0,1.0,1.0,0,0
path,5000,30,lasso,0.0,1.0,1.0,1.0,0,0
path,5000,30,MCP,0.0,1.0,1.0,1.0,0,0
path,5000,30,SCAD,0.0,1.0,1.0,1.0,0,0
path,5000,31,lasso,0.0,0.8888888888888888,0.984375,0.94375,0,0
path,5000,31,MCP,0.0,0.8888888888888888,0.984375,0.94375,0,0
path,5000,31,SCAD,0.0,0.8888888888888888,0.984375,0.94375,0,0
path,5000,32,lasso,0.0,1.0,1.0,1.0,0,0
path,5000,32,MCP,0.0,1.0,1.0,1.0,0,0
path,5000,32,SCAD,0.0,1.0,1.0,1.0,0,0
path,5000,33,lasso,0.0,1.0,1.0,1.0,0,0
path,5000,33,MCP,0.0,0.8888888888888888,0.9921875,0.975,0,1
path,5000,33,SCAD,0.0,1.0,1.0,1.0,0,0
path,5000,34,lasso,0.0,1.0,1.0,1.0,0,0
path,5000,34,MCP,0.0,1.0,1.0,1.0,0,0
path,5000,34,SCAD,0.0,1.0,1.0,1.0,0,0
path,5000,35,lasso,0.0,1.0,1.0,1.0,0,0
path,5000,35,MCP,0.0,1.0,1.0,1.0,0,0
path,5000,35,SCAD,0.0,1.0,1.0,1.0,0,0
path,5000,36,lasso,0.0,0.8571428571428571,0.9765625,0.9270833333333333,0,0
path,5000,36,MCP,0.0,0.8571428571428571,0.9765625,0.9270833333333333,0,0
path,5000,36,SCAD,0.0,0.8571428571428571,0.9765625,0.9270833333333333,0,0
path,5000,37,lasso,0.0,1.0,1.0,1.0,0,0
path,5000,37,MCP,0.0,1.0,1.0,1.0,0,0
path,5000,37,SCAD,0.0,1.0,1.0,1.0,0,0
path,5000,38,lasso,0.0,1.0,1.0,1.0,0,0
path,5000,38,MCP,0.0,1.0,1.0,1.0,0,0
path,5000,38,SCAD,0.0,1.0,1.0,1.0,0,0
path,5000,39,lasso,0.0,0.8888888888888888,0.984375,0.94375,0,1
path,5000,39,MCP,0.0,0.8888888888888888,0.984375,0.94375,0,1
path,5000,39,SCAD,0.0,0.8571428571428571,0.9765625,0.9270833333333333,0,0
path,5000,40,lasso,0.0,1.0,1.0,1.0,0,0
path,5000,40,MCP,0.0,1.0,1.0,1.0,0,0
path,5000,40,SCAD,0.0,1.0,1.0,1.0,0,0
path,5000,41,lasso,0.0,1.0,1.0,1.0,0,0
path,5000,41,MCP,0.0,0.8888888888888888,0.984375,0.94375,0,0
path,5000,41,SCAD,0.0,0.8888888888888888,0.984375,0.94375,0,0
path,5000,42,lasso,0.0,0.8888888888888888,0.9921875,0.975,0,0
path,5000,42,MCP,0.0,0.8888888888888888,0.984375,0.94375,0,0
path,5000,42,SCAD,0.0,0.8888888888888888,0.984375,0.94375,0,0
path,5000,43,lasso,0.0,1.0,1.0,1.0,0,0
path,5000,43,MCP,0.0,0.8888888888888888,0.9921875,0.975,0,0
path,5000,43,SCAD,0.0,0.8888888888888888,0.9921875,0.975,0,0
path,5000,44,lasso,0.0,1.0,1.0,1.0,0,0
path,5000,44,MCP,0.0,1.0,1.0,1.0,0,0
path,5000,44,SCAD,0.0,1.0,1.0,1.0,0,0
path,5000,45,lasso,0.0,1.0,1.0,1.0,0,0
path,5000,45,MCP,0.0,1.0,1.0,1.0,0,0
path,5000,45,SCAD,0.0,1.0,1.0,1.0,0,0
path,5000,46,lasso,0.0,1.0,1.0,1.0,0,0
path,5000,46,MCP,0.0,1.0,1.0,1.0,0,0
path,5000,46,SCAD,0.0,1.0,1.0,1.0,0,0
path,5000,47,lasso,0.0,0.8571428571428571,0.953125,0.8839285714285714,0,0
path,5000,47,MCP,0.0,0.8571428571428571,0.96875,0.9083333333333333,0,0
path,5000,47,SCAD,0.0,0.8571428571428571,0.96875,0.9083333333333333,0,0
path,5000,48,lasso,0.0,1.0,1.0,1.0,0,0
path,5000,48,MCP,0.0,1.0,1.0,1.0,0,0
path,5000,48,SCAD,0.0,1.0,1.0,1.0,0,0
path,5000,49,lasso,0.0,1.0,1.0,1.0,0,0
path,5000,49,MCP,0.0,1.0,1.0,1.0,0,0
path,5000,49,SCAD,0.0,1.0,1.0,1.0,0,0
path,5000,50,lasso,0.0,1.0,1.0,1.0,0,0
path,5000,50,MCP,0.0,0.8888888888888888,0.984375,0.94375,0,0
path,5000,50,SCAD,0.0,0.8888888888888888,0.984375,0.94375,0,0
path,5000,51,lasso,0.0,0.8888888888888888,0.9921875,0.975,0,1
path,5000,51,MCP,0.0,0.8888888888888888,0.9921875,0.975,0,1
path,5000,51,SCAD,0.0,0.8888888888888888,0.9921875,0.975,0,1
path,5000,52,lasso,0.0,1.0,1.0,1.0,0,0
path,5000,52,MCP,0.0,1.0,1.0,1.0,0,0
path,5000,52,SCAD,0.0,1.0,1.0,1.0,0,0
path,5000,53,lasso,0.0,1.0,1.0,1.0,0,0
path,5000,53,MCP,0.0,1.0,1.0,1.0,0,0
path,5000,53,SCAD,0.0,1.0,1.0,1.0,0,0
path,5000,54,lasso,0.0,1.0,1.0,1.0,0,0
path,5000,54,MCP,0.0,1.0,1.0,1.0,0,0
path,5000,54,SCAD,0.0,1.0,1.0,1.0,0,0
path,5000,55,lasso,0.0,1.0,1.0,1.0,0,0
path,5000,55,MCP,0.0,1.0,1.0,1.0,0,0
path,5000,55,SCAD,0.0,1.0,1.0,1.0,0,0
path,5000,56,lasso,0.0,1.0,1.0,1.0,0,0
path,5000,56,MCP,0.0,1.0,1.0,1.0,0,0
path,5000,56,SCAD,0.0,1.0,1.0,1.0,0,0
path,5000,57,lasso,0.0,1.0,1.0,1.0,0,0
path,5000,57,MCP,0.0,1.0,1.0,1.0,0,0
path,5000,57,SCAD,0.0,1.0,1.0,1.0,0,0
path,5000,58,lasso,0.0,0.8888888888888888,0.984375,0.94375,0,0
path,5000,58,MCP,0.0,0.8888888888888888,0.9921875,0.975,0,0
path,5000,58,SCAD,0.0,0.8888888888888888,0.9921875,0.975,0,0
path,5000,59,lasso,0.0,1.0,1.0,1.0,0,0
path,5000,59,MCP,0.0,1.0,1.0,1.0,0,0
path,5000,59,SCAD,0.0,1.0,1.0,1.0,0,0
path,5000,60,lasso,0.0,1.0,1.0,1.0,0,0
path,5000,60,MCP,0.0,1.0,1.0,1.0,0,0
path,5000,60,SCAD,0.0,1.0,1.0,1.0,0,0
path,5000,61,lasso,0.0,1.0,1.0,1.0,0,0
path,5000,61,MCP,0.0,1.0,1.0,1.0,0,0
path,5000,61,SCAD,0.0,1.0,1.0,1.0,0,0
path,5000,62,lasso,0.0,0.8888888888888888,0.9609375,0.8291666666666666,0,0
path,5000,62,MCP,0.0,0.8888888888888888,0.96875,0.8708333333333333,0,0
path,5000,62,SCAD,0.0,0.8888888888888888,0.9609375,0.8291666666666666,0,0
path,5000,63,lasso,0.0,0.8888888888888888,0.9609375,0.8291666666666666,0,0
path,5000,63,MCP,0.0,0.8888888888888888,0.9921875,0.975,0,0
path,5000,63,SCAD,0.0,0.8888888888888888,0.96875,0.8604166666666666,0,0
path,5000,64,lasso,0.0,1.0,1.0,1.0,0,0
path,5000,64,MCP,0.0,1.0,1.0,1.0,0,0
path,5000,64,SCAD,0.0,1.0,1.0,1.0,0,0
path,5000,65,lasso,0.0,1.0,1.0,1.0,0,0
path,5000,65,MCP,0.0,0.8888888888888888,0.9921875,0.975,0,0
path,5000,65,SCAD,0.0,1.0,1.0,1.0,0,0
path,5000,66,lasso,0.0,1.0,1.0,1.0,0,0
path,5000,66,MCP,0.0,1.0,1.0,1.0,0,0
path,5000,66,SCAD,0.0,1.0,1.0,1.0,0,0
path,5000,67,lasso,0.0,0.8888888888888888,0.984375,0.94375,0,0
path,5000,67,MCP,0.0,1.0,1.0,1.0,0,0
path,5000,67,SCAD,0.0,1.0,1.0,1.0,0,0
path,5000,68,lasso,0.0,0.8888888888888888,0.9921875,0.975,0,0
path,5000,68,MCP,0.0,1.0,1.0,1.0,0,0
path,5000,68,SCAD,0.0,1.0,1.0,1.0,0,0
path,5000,69,lasso,0.0,1.0,1.0,1.0,0,0
path,5000,69,MCP,0.0,1.0,1.0,1.0,0,0
path,5000,69,SCAD,0.0,1.0,1.0,1.0,0,0
path,5000,70,lasso,0.0,1.0,1.0,1.0,0,0
path,5000,70,MCP,0.0,0.8888888888888888,0.9921875,0.975,0,0
path,5000,70,SCAD,0.0,0.8888888888888888,0.9921875,0.975,0,0
path,5000,71,lasso,0.0,1.0,1.0,1.0,0,0
path,5000,71,MCP,0.0,0.8888888888888888,0.984375,0.94375,0,0
path,5000,71,SCAD,0.0,0.8888888888888888,0.984375,0.94375,0,0
path,5000,72,lasso,0.0,1.0,1.0,1.0,0,0
path,5000,72,MCP,0.0,1.0,1.0,1.0,0,0
path,5000,72,SCAD,0.0,1.0,1.0,1.0,0,0
path,5000,73,lasso,0.0,1.0,1.0,1.0,0,0
path,5000,73,MCP,0.0,1.0,1.0,1.0,0,0
path,5000,73,SCAD,0.0,1.0,1.0,1.0,0,0
path,5000,74,lasso,0.0,1.0,1.0,1.0,0,0
path,5000,74,MCP,0.0,1.0,1.0,1.0,0,0
path,5000,74,SCAD,0.0,1.0,1.0,1.0,0,0
path,5000,75,lasso,0.0,1.0,1.0,1.0,0,0
path,5000,75,MCP,0.0,1.0,1.0,1.0,0,0
path,5000,75,SCAD,0.0,1.0,1.0,1.0,0,0
path,5000,76,lasso,0.0,0.8888888888888888,0.96875,0.8666666666666667,0,0
path,5000,76,MCP,0.0,0.8888888888888888,0.96875,0.8666666666666667,0,0
path,5000,76,SCAD,0.0,0.8888888888888888,0.96875,0.8666666666666667,0,0
path,5000,77,lasso,0.0,1.0,1.0,1.0,0,0
path,5000,77,MCP,0.0,1.0,1.0,1.0,0,0
path,5000,77,SCAD,0.0,1.0,1.0,1.0,0,0
path,5000,78,lasso,0.0,1.0,1.0,1.0,0,0
path,5000,78,MCP,0.0,1.0,1.0,1.0,0,0
path,5000,78,SCAD,0.0,1.0,1.0,1.0,0,0
path,5000,79,lasso,0.0,1.0,1.0,1.0,0,0
path,5000,79,MCP,0.0,1.0,1.0,1.0,0,0
path,5000,79,SCAD,0.0,1.0,1.0,1.0,0,0
path,5000,80,lasso,0.0,1.0,1.0,1.0,0,0
path,5000,80,MCP,0.0,1.0,1.0,1.0,0,0
path,5000,80,SCAD,0.0,1.0,1.0,1.0,0,0
path,5000,81,lasso,0.0,1.0,1.0,1.0,0,0
path,5000,81,MCP,0.0,1.0,1.0,1.0,0,0
path,5000,81,SCAD,0.0,1.0,1.0,1.0,0,0
path,5000,82,lasso,0.0,1.0,1.0,1.0,0,0
path,5000,82,MCP,0.0,1.0,1.0,1.0,0,0
path,5000,82,SCAD,0.0,1.0,1.0,1.0,0,0
path,5000,83,lasso,0.0,1.0,1.0,1.0,0,0
path,5000,83,MCP,0.0,1.0,1.0,1.0,0,0
path,5000,83,SCAD,0.0,1.0,1.0,1.0,0,0
path,5000,84,lasso,0.0,1.0,1.0,1.0,0,0
path,5000,84,MCP,0.0,1.0,1.0,1.0,0,0
path,5000,84,SCAD,0.0,1.0,1.0,1.0,0,0
path,5000,85,lasso,0.0,1.0,1.0,1.0,0,0
path,5000,85,MCP,0.0,1.0,1.0,1.0,0,0
path,5000,85,SCAD,0.0,1.0,1.0,1.0,0,0
path,5000,86,lasso,0.0,0.8888888888888888,0.9765625,0.9125,0,1
path,5000,86,MCP,0.0,0.8888888888888888,0.9765625,0.9125,0,1
path,5000,86,SCAD,0.0,0.8888888888888888,0.9765625,0.9125,0,1
path,5000,87,lasso,0.0,1.0,1.0,1.0,0,0
path,5000,87,MCP,0.0,1.0,1.0,1.0,0,0
path,5000,87,SCAD,0.0,1.0,1.0,1.0,0,0
path,5000,88,lasso,0.0,1.0,1.0,1.0,0,0
path,5000,88,MCP,0.0,1.0,1.0,1.0,0,0
path,5000,88,SCAD,0.0,1.0,1.0,1.0,0,0
path,5000,89,lasso,0.0,0.8571428571428571,0.96875,0.9083333333333333,0,0
path,5000,89,MCP,0.0,0.8571428571428571,0.96875,0.9083333333333333,0,0
path,5000,89,SCAD,0.0,0.8571428571428571,0.96875,0.9083333333333333,0,0
path,5000,90,lasso,0.0,0.8,0.953125,0.8354166666666667,0,1
path,5000,90,MCP,0.0,0.8,0.9453125,0.8166666666666667,0,1
path,5000,90,SCAD,0.0,0.8,0.9453125,0.8166666666666667,0,1
path,5000,91,lasso,0.0,1.0,1.0,1.0,0,0
path,5000,91,MCP,0.0,1.0,1.0,1.0,0,0
path,5000,91,SCAD,0.0,1.0,1.0,1.0,0,0
path,5000,92,lasso,0.0,1.0,1.0,1.0,0,0
path,5000,92,MCP,0.0,1.0,1.0,1.0,0,0
path,5000,92,SCAD,0.0,1.0,1.0,1.0,0,0
path,5000,93,lasso,0.0,1.0,1.0,1.0,0,0
path,5000,93,MCP,0.0,1.0,1.0,1.0,0,0
path,5000,93,SCAD,0.0,1.0,1.0,1.0,0,0
path,5000,94,lasso,0.0,1.0,1.0,1.0,0,0
path,5000,94,MCP,0.0,1.0,1.0,1.0,0,0
path,5000,94,SCAD,0.0,1.0,1.0,1.0,0,0
path,5000,95,lasso,0.0,0.8888888888888888,0.96875,0.8708333333333333,0,1
path,5000,95,MCP,0.0,0.8888888888888888,0.96875,0.8708333333333333,0,1
path,5000,95,SCAD,0.0,0.8888888888888888,0.96875,0.8708333333333333,0,1
path,5000,96,lasso,0.0,0.8888888888888888,0.984375,0.94375,0,0
path,5000,96,MCP,0.0,1.0,1.0,1.0,0,0
path,5000,96,SCAD,0.0,1.0,1.0,1.0,0,0
path,5000,97,lasso,0.0,0.8888888888888888,0.984375,0.94375,0,1
path,5000,97,MCP,0.0,0.8888888888888888,0.984375,0.94375,0,1
path,5000,97,SCAD,0.0,0.8888888888888888,0.984375,0.94375,0,1
path,5000,98,lasso,0.0,1.0,1.0,1.0,0,0
path,5000,98,MCP,0.0,0.8888888888888888,0.9921875,0.975,0,1
path,5000,98,SCAD,0.0,1.0,1.0,1.0,0,0
path,5000,99,lasso,0.0,0.8571428571428571,0.9765625,0.9270833333333333,0,0
path,5000,99,MCP,0.0,0.8888888888888888,0.984375,0.94375,0,1
path,5000,99,SCAD,0.0,0.8888888888888888,0.984375,0.94375,0,1
path,10000.0,0,lasso,0.0,1.0,1.0,1.0,0,0
path,10000.0,0,MCP,0.0,1.0,1.0,1.0,0,0
path,10000.0,0,SCAD,0.0,1.0,1.0,1.0,0,0
path,10000.0,1,lasso,0.0,1.0,1.0,1.0,0,0
path,10000.0,1,MCP,0.0,1.0,1.0,1.0,0,0
path,10000.0,1,SCAD,0.0,1.0,1.0,1.0,0,0
path,10000.0,2,lasso,0.0,0.8888888888888888,0.984375,0.94375,0,0
path,10000.0,2,MCP,0.0,1.0,1.0,1.0,0,0
path,10000.0,2,SCAD,0.0,1.0,1.0,1.0,0,0
path,10000.0,3,lasso,0.0,1.0,1.0,1.0,0,0
path,10000.0,3,MCP,0.0,1.0,1.0,1.0,0,0
path,10000.0,3,SCAD,0.0,1.0,1.0,1.0,0,0
path,10000.0,4,lasso,0.0,1.0,1.0,1.0,0,0
path,10000.0,4,MCP,0.0,1.0,1.0,1.0,0,0
path,10000.0,4,SCAD,0.0,1.0,1.0,1.0,0,0
path,10000.0,5,lasso,0.0,1.0,1.0,1.0,0,0
path,10000.0,5,MCP,0.0,1.0,1.0,1.0,0,0
path,10000.0,5,SCAD,0.0,1.0,1.0,1.0,0,0
path,10000.0,6,lasso,0.0,1.0,1.0,1.0,0,0
path,10000.0,6,MCP,0.0,1.0,1.0,1.0,0,0
path,10000.0,6,SCAD,0.0,1.0,1.0,1.0,0,0
path,10000.0,7,lasso,0.0,0.8888888888888888,0.984375,0.94375,0,0
path,10000.0,7,MCP,0.0,1.0,1.0,1.0,0,0
path,10000.0,7,SCAD,0.0,1.0,1.0,1.0,0,0
path,10000.0,8,lasso,0.0,1.0,1.0,1.0,0,0
path,10000.0,8,MCP,0.0,1.0,1.0,1.0,0,0
path,10000.0,8,SCAD,0.0,1.0,1.0,1.0,0,0
path,10000.0,9,lasso,0.0,1.0,1.0,1.0,0,0
path,10000.0,9,MCP,0.0,1.0,1.0,1.0,0,0
path,10000.0,9,SCAD,0.0,1.0,1.0,1.0,0,0
path,10000.0,10,lasso,0.0,1.0,1.0,1.0,0,0
path,10000.0,10,MCP,0.0,1.0,1.0,1.0,0,0
path,10000.0,10,SCAD,0.0,1.0,1.0,1.0,0,0
path,10000.0,11,lasso,0.0,1.0,1.0,1.0,0,0
path,10000.0,11,MCP,0.0,1.0,1.0,1.0,0,0
path,10000.0,11,SCAD,0.0,1.0,1.0,1.0,0,0
path,10000.0,12,lasso,0.0,1.0,1.0,1.0,0,0
path,10000.0,12,MCP,0.0,1.0,1.0,1.0,0,0
path,10000.0,12,SCAD,0.0,1.0,1.0,1.0,0,0
path,10000.0,13,lasso,0.0,1.0,1.0,1.0,0,0
path,10000.0,13,MCP,0.0,1.0,1.0,1.0,0,0
path,10000.0,13,SCAD,0.0,1.0,1.0,1.0,0,0
path,10000.0,14,lasso,0.0,1.0,1.0,1.0,0,0
path,10000.0,14,MCP,0.0,1.0,1.0,1.0,0,0
path,10000.0,14,SCAD,0.0,1.0,1.0,1.0,0,0
path,10000.0,15,lasso,0.0,1.0,1.0,1.0,0,0
path,10000.0,15,MCP,0.0,1.0,1.0,1.0,0,0
path,10000.0,15,SCAD,0.0,1.0,1.0,1.0,0,0
path,10000.0,16,lasso,0.0,1.0,1.0,1.0,0,0
path,10000.0,16,MCP,0.0,1.0,1.0,1.0,0,0
path,10000.0,16,SCAD,0.0,1.0,1.0,1.0,0,0
path,10000.0,17,lasso,0.0,1.0,1.0,1.0,0,0
path,10000.0,17,MCP,0.0,1.0,1.0,1.0,0,0
path,10000.0,17,SCAD,0.0,1.0,1.0,1.0,0,0
path,10000.0,18,lasso,0.0,1.0,1.0,1.0,0,0
path,10000.0,18,MCP,0.0,1.0,1.0,1.0,0,0
path,10000.0,18,SCAD,0.0,1.0,1.0,1.0,0,0
path,10000.0,19,lasso,0.0,0.8571428571428571,0.9765625,0.9270833333333333,0,0
path,10000.0,19,MCP,0.0,1.0,1.0,1.0,0,0
path,10000.0,19,SCAD,0.0,1.0,1.0,1.0,0,0
path,10000.0,20,lasso,0.0,1.0,1.0,1.0,0,0
path,10000.0,20,MCP,0.0,1.0,1.0,1.0,0,0
path,10000.0,20,SCAD,0.0,1.0,1.0,1.0,0,0
path,10000.0,21,lasso,0.0,1.0,1.0,1.0,0,0
path,10000.0,21,MCP,0.0,1.0,1.0,1.0,0,0
path,10000.0,21,SCAD,0.0,1.0,1.0,1.0,0,0
path,10000.0,22,lasso,0.0,1.0,1.0,1.0,0,0
path,10000.0,22,MCP,0.0,1.0,1.0,1.0,0,0
path,10000.0,22,SCAD,0.0,1.0,1.0,1.0,0,0
path,10000.0,23,lasso,0.0,0.8888888888888888,0.984375,0.94375,0,0
path,10000.0,23,MCP,0.0,1.0,1.0,1.0,0,0
path,10000.0,23,SCAD,0.0,1.0,1.0,1.0,0,0
path,10000.0,24,lasso,0.0,1.0,1.0,1.0,0,0
path,10000.0,24,MCP,0.0,1.0,1.0,1.0,0,0
path,10000.0,24,SCAD,0.0,1.0,1.0,1.0,0,0
path,10000.0,25,lasso,0.0,1.0,1.0,1.0,0,0
path,10000.0,25,MCP,0.0,1.0,1.0,1.0,0,0
path,10000.0,25,SCAD,0.0,1.0,1.0,1.0,0,0
path,10000.0,26,lasso,0.0,0.8888888888888888,0.984375,0.94375,0,0
path,10000.0,26,MCP,0.0,1.0,1.0,1.0,0,0
path,10000.0,26,SCAD,0.0,1.0,1.0,1.0,0,0
path,10000.0,27,lasso,0.0,1.0,1.0,1.0,0,0
path,10000.0,27,MCP,0.0,1.0,1.0,1.0,0,0
path,10000.0,27,SCAD,0.0,1.0,1.0,1.0,0,0
path,10000.0,28,lasso,0.0,1.0,1.0,1.0,0,0
path,10000.0,28,MCP,0.0,1.0,1.0,1.0,0,0
path,10000.0,28,SCAD,0.0,1.0,1.0,1.0,0,0
path,10000.0,29,lasso,0.0,0.8888888888888888,0.984375,0.94375,0,1
path,10000.0,29,MCP,0.0,0.8888888888888888,0.984375,0.94375,0,1
path,10000.0,29,SCAD,0.0,0.8888888888888888,0.984375,0.94375,0,1
path,10000.0,30,lasso,0.0,1.0,1.0,1.0,0,0
path,10000.0,30,MCP,0.0,1.0,1.0,1.0,0,0
path,10000.0,30,SCAD,0.0,1.0,1.0,1.0,0,0
path,10000.0,31,lasso,0.0,1.0,1.0,1.0,0,0
path,10000.0,31,MCP,0.0,1.0,1.0,1.0,0,0
path,10000.0,31,SCAD,0.0,1.0,1.0,1.0,0,0
path,10000.0,32,lasso,0.0,0.8571428571428571,0.96875,0.9083333333333333,0,0
path,10000.0,32,MCP,0.0,0.8888888888888888,0.984375,0.94375,0,1
path,10000.0,32,SCAD,0.0,0.8888888888888888,0.984375,0.94375,0,1
path,10000.0,33,lasso,0.0,0.8888888888888888,0.9921875,0.975,0,0
path,10000.0,33,MCP,0.0,1.0,1.0,1.0,0,0
path,10000.0,33,SCAD,0.0,1.0,1.0,1.0,0,0
path,10000.0,34,lasso,0.0,1.0,1.0,1.0,0,0
path,10000.0,34,MCP,0.0,1.0,1.0,1.0,0,0
path,10000.0,34,SCAD,0.0,1.0,1.0,1.0,0,0
path,10000.0,35,lasso,0.0,1.0,1.0,1.0,0,0
path,10000.0,35,MCP,0.0,1.0,1.0,1.0,0,0
path,10000.0,35,SCAD,0.0,1.0,1.0,1.0,0,0
path,10000.0,36,lasso,0.0,1.0,1.0,1.0,0,0
path,10000.0,36,MCP,0.0,1.0,1.0,1.0,0,0
path,10000.0,36,SCAD,0.0,1.0,1.0,1.0,0,0
path,10000.0,37,lasso,0.0,1.0,1.0,1.0,0,0
path,10000.0,37,MCP,0.0,1.0,1.0,1.0,0,0
path,10000.0,37,SCAD,0.0,1.0,1.0,1.0,0,0
path,10000.0,38,lasso,0.0,1.0,1.0,1.0,0,0
path,10000.0,38,MCP,0.0,1.0,1.0,1.0,0,0
path,10000.0,38,SCAD,0.0,1.0,1.0,1.0,0,0
path,10000.0,39,lasso,0.0,1.0,1.0,1.0,0,0
path,10000.0,39,MCP,0.0,1.0,1.0,1.0,0,0
path,10000.0,39,SCAD,0.0,1.0,1.0,1.0,0,0
path,10000.0,40,lasso,0.0,1.0,1.0,1.0,0,0
path,10000.0,40,MCP,0.0,1.0,1.0,1.0,0,0
path,10000.0,40,SCAD,0.0,1.0,1.0,1.0,0,0
path,10000.0,41,lasso,0.0,1.0,1.0,1.0,0,0
path,10000.0,41,MCP,0.0,1.0,1.0,1.0,0,0
path,10000.0,41,SCAD,0.0,1.0,1.0,1.0,0,0
path,10000.0,42,lasso,0.0,0.8888888888888888,0.984375,0.94375,0,0
path,10000.0,42,MCP,0.0,0.8888888888888888,0.984375,0.94375,0,0
path,10000.0,42,SCAD,0.0,0.8888888888888888,0.984375,0.94375,0,0
path,10000.0,43,lasso,0.0,1.0,1.0,1.0,0,0
path,10000.0,43,MCP,0.0,1.0,1.0,1.0,0,0
path,10000.0,43,SCAD,0.0,1.0,1.0,1.0,0,0
path,10000.0,44,lasso,0.0,1.0,1.0,1.0,0,0
path,10000.0,44,MCP,0.0,1.0,1.0,1.0,0,0
path,10000.0,44,SCAD,0.0,1.0,1.0,1.0,0,0
path,10000.0,45,lasso,0.0,1.0,1.0,1.0,0,0
path,10000.0,45,MCP,0.0,1.0,1.0,1.0,0,0
path,10000.0,45,SCAD,0.0,1.0,1.0,1.0,0,0
path,10000.0,46,lasso,0.0,1.0,1.0,1.0,0,0
path,10000.0,46,MCP,0.0,1.0,1.0,1.0,0,0
path,10000.0,46,SCAD,0.0,1.0,1.0,1.0,0,0
path,10000.0,47,lasso,0.0,1.0,1.0,1.0,0,0
path,10000.0,47,MCP,0.0,0.8888888888888888,0.9921875,0.975,0,0
path,10000.0,47,SCAD,0.0,0.8888888888888888,0.9921875,0.975,0,0
path,10000.0,48,lasso,0.0,1.0,1.0,1.0,0,0
path,10000.0,48,MCP,0.0,1.0,1.0,1.0,0,0
path,10000.0,48,SCAD,0.0,1.0,1.0,1.0,0,0
path,10000.0,49,lasso,0.0,1.0,1.0,1.0,0,0
path,10000.0,49,MCP,0.0,1.0,1.0,1.0,0,0
path,10000.0,49,SCAD,0.0,1.0,1.0,1.0,0,0
path,10000.0,50,lasso,0.0,1.0,1.0,1.0,0,0
path,10000.0,50,MCP,0.0,1.0,1.0,1.0,0,0
path,10000.0,50,SCAD,0.0,1.0,1.0,1.0,0,0
path,10000.0,51,lasso,0.0,1.0,1.0,1.0,0,0
path,10000.0,51,MCP,0.0,1.0,1.0,1.0,0,0
path,10000.0,51,SCAD,0.0,1.0,1.0,1.0,0,0
path,10000.0,52,lasso,0.0,1.0,1.0,1.0,0,0
path,10000.0,52,MCP,0.0,1.0,1.0,1.0,0,0
path,10000.0,52,SCAD,0.0,1.0,1.0,1.0,0,0
path,10000.0,53,lasso,0.0,1.0,1.0,1.0,0,0
path,10000.0,53,MCP,0.0,1.0,1.0,1.0,0,0
path,10000.0,53,SCAD,0.0,1.0,1.0,1.0,0,0
path,10000.0,54,lasso,0.0,1.0,1.0,1.0,0,0
path,10000.0,54,MCP,0.0,1.0,1.0,1.0,0,0
path,10000.0,54,SCAD,0.0,1.0,1.0,1.0,0,0
path,10000.0,55,lasso,0.0,0.8888888888888888,0.9921875,0.975,0,0
path,10000.0,55,MCP,0.0,1.0,1.0,1.0,0,0
path,10000.0,55,SCAD,0.0,1.0,1.0,1.0,0,0
path,10000.0,56,lasso,0.0,1.0,1.0,1.0,0,0
path,10000.0,56,MCP,0.0,1.0,1.0,1.0,0,0
path,10000.0,56,SCAD,0.0,1.0,1.0,1.0,0,0
path,10000.0,57,lasso,0.0,1.0,1.0,1.0,0,0
path,10000.0,57,MCP,0.0,1.0,1.0,1.0,0,0
path,10000.0,57,SCAD,0.0,1.0,1.0,1.0,0,0
path,10000.0,58,lasso,0.0,0.8888888888888888,0.984375,0.94375,0,0
path,10000.0,58,MCP,0.0,0.8888888888888888,0.984375,0.94375,0,0
path,10000.0,58,SCAD,0.0,0.8888888888888888,0.984375,0.94375,0,0
path,10000.0,59,lasso,0.0,1.0,1.0,1.0,0,0
path,10000.0,59,MCP,0.0,1.0,1.0,1.0,0,0
path,10000.0,59,SCAD,0.0,1.0,1.0,1.0,0,0
path,10000.0,60,lasso,0.0,1.0,1.0,1.0,0,0
path,10000.0,60,MCP,0.0,1.0,1.0,1.0,0,0
path,10000.0,60,SCAD,0.0,1.0,1.0,1.0,0,0
path,10000.0,61,lasso,0.0,0.8888888888888888,0.96875,0.8708333333333333,0,0
path,10000.0,61,MCP,0.0,1.0,1.0,1.0,0,0
path,10000.0,61,SCAD,0.0,1.0,1.0,1.0,0,0
path,10000.0,62,lasso,0.0,1.0,1.0,1.0,0,0
path,10000.0,62,MCP,0.0,1.0,1.0,1.0,0,0
path,10000.0,62,SCAD,0.0,1.0,1.0,1.0,0,0
path,10000.0,63,lasso,0.0,1.0,1.0,1.0,0,0
path,10000.0,63,MCP,0.0,1.0,1.0,1.0,0,0
path,10000.0,63,SCAD,0.0,1.0,1.0,1.0,0,0
path,10000.0,64,lasso,0.0,1.0,1.0,1.0,0,0
path,10000.0,64,MCP,0.0,1.0,1.0,1.0,0,0
path,10000.0,64,SCAD,0.0,1.0,1.0,1.0,0,0
path,10000.0,65,lasso,0.0,1.0,1.0,1.0,0,0
path,10000.0,65,MCP,0.0,1.0,1.0,1.0,0,0
path,10000.0,65,SCAD,0.0,1.0,1.0,1.0,0,0
path,10000.0,66,lasso,0.0,1.0,1.0,1.0,0,0
path,10000.0,66,MCP,0.0,1.0,1.0,1.0,0,0
path,10000.0,66,SCAD,0.0,1.0,1.0,1.0,0,0
path,10000.0,67,lasso,0.0,0.8888888888888888,0.984375,0.94375,0,0
path,10000.0,67,MCP,0.0,1.0,1.0,1.0,0,0
path,10000.0,67,SCAD,0.0,1.0,1.0,1.0,0,0
path,10000.0,68,lasso,0.0,0.8888888888888888,0.9921875,0.975,0,0
path,10000.0,68,MCP,0.0,0.8888888888888888,0.984375,0.94375,0,0
path,10000.0,68,SCAD,0.0,0.8888888888888888,0.984375,0.94375,0,0
path,10000.0,69,lasso,0.0,1.0,1.0,1.0,0,0
path,10000.0,69,MCP,0.0,1.0,1.0,1.0,0,0
path,10000.0,69,SCAD,0.0,1.0,1.0,1.0,0,0
path,10000.0,70,lasso,0.0,1.0,1.0,1.0,0,0
path,10000.0,70,MCP,0.0,1.0,1.0,1.0,0,0
path,10000.0,70,SCAD,0.0,1.0,1.0,1.0,0,0
path,10000.0,71,lasso,0.0,1.0,1.0,1.0,0,0
path,10000.0,71,MCP,0.0,1.0,1.0,1.0,0,0
path,10000.0,71,SCAD,0.0,1.0,1.0,1.0,0,0
path,10000.0,72,lasso,0.0,0.8888888888888888,0.984375,0.94375,0,0
path,10000.0,72,MCP,0.0,1.0,1.0,1.0,0,0
path,10000.0,72,SCAD,0.0,1.0,1.0,1.0,0,0
path,10000.0,73,lasso,0.0,1.0,1.0,1.0,0,0
path,10000.0,73,MCP,0.0,1.0,1.0,1.0,0,0
path,10000.0,73,SCAD,0.0,1.0,1.0,1.0,0,0
path,10000.0,74,lasso,0.0,1.0,1.0,1.0,0,0
path,10000.0,74,MCP,0.0,1.0,1.0,1.0,0,0
path,10000.0,74,SCAD,0.0,1.0,1.0,1.0,0,0
path,10000.0,75,lasso,0.0,1.0,1.0,1.0,0,0
path,10000.0,75,MCP,0.0,1.0,1.0,1.0,0,0
path,10000.0,75,SCAD,0.0,1.0,1.0,1.0,0,0
path,10000.0,76,lasso,0.0,1.0,1.0,1.0,0,0
path,10000.0,76,MCP,0.0,1.0,1.0,1.0,0,0
path,10000.0,76,SCAD,0.0,1.0,1.0,1.0,0,0
path,10000.0,77,lasso,0.0,1.0,1.0,1.0,0,0
path,10000.0,77,MCP,0.0,1.0,1.0,1.0,0,0
path,10000.0,77,SCAD,0.0,1.0,1.0,1.0,0,0
path,10000.0,78,lasso,0.0,1.0,1.0,1.0,0,0
path,10000.0,78,MCP,0.0,1.0,1.0,1.0,0,0
path,10000.0,78,SCAD,0.0,1.0,1.0,1.0,0,0
path,10000.0,79,lasso,0.0,1.0,1.0,1.0,0,0
path,10000.0,79,MCP,0.0,1.0,1.0,1.0,0,0
path,10000.0,79,SCAD,0.0,1.0,1.0,1.0,0,0
path,10000.0,80,lasso,0.0,1.0,1.0,1.0,0,0
path,10000.0,80,MCP,0.0,1.0,1.0,1.0,0,0
path,10000.0,80,SCAD,0.0,1.0,1.0,1.0,0,0
path,10000.0,81,lasso,0.0,1.0,1.0,1.0,0,0
path,10000.0,81,MCP,0.0,1.0,1.0,1.0,0,0
path,10000.0,81,SCAD,0.0,1.0,1.0,1.0,0,0
path,10000.0,82,lasso,0.0,1.0,1.0,1.0,0,0
path,10000.0,82,MCP,0.0,1.0,1.0,1.0,0,0
path,10000.0,82,SCAD,0.0,1.0,1.0,1.0,0,0
path,10000.0,83,lasso,0.0,1.0,1.0,1.0,0,0
path,10000.0,83,MCP,0.0,1.0,1.0,1.0,0,0
path,10000.0,83,SCAD,0.0,1.0,1.0,1.0,0,0
path,10000.0,84,lasso,0.0,1.0,1.0,1.0,0,0
path,10000.0,84,MCP,0.0,1.0,1.0,1.0,0,0
path,10000.0,84,SCAD,0.0,1.0,1.0,1.0,0,0
path,10000.0,85,lasso,0.0,1.0,1.0,1.0,0,0
path,10000.0,85,MCP,0.0,0.8888888888888888,0.984375,0.94375,0,0
path,10000.0,85,SCAD,0.0,0.8888888888888888,0.984375,0.94375,0,0
path,10000.0,86,lasso,0.0,1.0,1.0,1.0,0,0
path,10000.0,86,MCP,0.0,1.0,1.0,1.0,0,0
path,10000.0,86,SCAD,0.0,1.0,1.0,1.0,0,0
path,10000.0,87,lasso,0.0,1.0,1.0,1.0,0,0
path,10000.0,87,MCP,0.0,1.0,1.0,1.0,0,0
path,10000.0,87,SCAD,0.0,1.0,1.0,1.0,0,0
path,10000.0,88,lasso,0.0,1.0,1.0,1.0,0,0
path,10000.0,88,MCP,0.0,1.0,1.0,1.0,0,0
path,10000.0,88,SCAD,0.0,1.0,1.0,1.0,0,0
path,10000.0,89,lasso,0.0,1.0,1.0,1.0,0,0
path,10000.0,89,MCP,0.0,1.0,1.0,1.0,0,0
path,10000.0,89,SCAD,0.0,1.0,1.0,1.0,0,0
path,10000.0,90,lasso,0.0,1.0,1.0,1.0,0,0
path,10000.0,90,MCP,0.0,1.0,1.0,1.0,0,0
path,10000.0,90,SCAD,0.0,1.0,1.0,1.0,0,0
path,10000.0,91,lasso,0.0,1.0,1.0,1.0,0,0
path,10000.0,91,MCP,0.0,1.0,1.0,1.0,0,0
path,10000.0,91,SCAD,0.0,1.0,1.0,1.0,0,0
path,10000.0,92,lasso,0.0,1.0,1.0,1.0,0,0
path,10000.0,92,MCP,0.0,1.0,1.0,1.0,0,0
path,10000.0,92,SCAD,0.0,1.0,1.0,1.0,0,0
path,10000.0,93,lasso,0.0,0.8888888888888888,0.9921875,0.975,0,0
path,10000.0,93,MCP,0.0,1.0,1.0,1.0,0,0
path,10000.0,93,SCAD,0.0,1.0,1.0,1.0,0,0
path,10000.0,94,lasso,0.0,0.8888888888888888,0.984375,0.94375,0,0
path,10000.0,94,MCP,0.0,1.0,1.0,1.0,0,0
path,10000.0,94,SCAD,0.0,1.0,1.0,1.0,0,0
path,10000.0,95,lasso,0.0,1.0,1.0,1.0,0,0
path,10000.0,95,MCP,0.0,1.0,1.0,1.0,0,0
path,10000.0,95,SCAD,0.0,1.0,1.0,1.0,0,0
path,10000.0,96,lasso,0.0,1.0,1.0,1.0,0,0
path,10000.0,96,MCP,0.0,1.0,1.0,1.0,0,0
path,10000.0,96,SCAD,0.0,1.0,1.0,1.0,0,0
path,10000.0,97,lasso,0.0,1.0,1.0,1.0,0,0
path,10000.0,97,MCP,0.0,1.0,1.0,1.0,0,0
path,10000.0,97,SCAD,0.0,1.0,1.0,1.0,0,0
path,10000.0,98,lasso,0.0,1.0,1.0,1.0,0,0
path,10000.0,98,MCP,0.0,1.0,1.0,1.0,0,0
path,10000.0,98,SCAD,0.0,1.0,1.0,1.0,0,0
path,10000.0,99,lasso,0.0,1.0,1.0,1.0,0,0
path,10000.0,99,MCP,0.0,1.0,1.0,1.0,0,0
path,10000.0,99,SCAD,0.0,1.0,1.0,1.0,0,0
path,100000.0,0,lasso,0.0,1.0,1.0,1.0,0,0
path,100000.0,0,MCP,0.0,1.0,1.0,1.0,0,0
path,100000.0,0,SCAD,0.0,1.0,1.0,1.0,0,0
path,100000.0,1,lasso,0.0,1.0,1.0,1.0,0,0
path,100000.0,1,MCP,0.0,1.0,1.0,1.0,0,0
path,100000.0,1,SCAD,0.0,1.0,1.0,1.0,0,0
path,100000.0,2,lasso,0.0,1.0,1.0,1.0,0,0
path,100000.0,2,MCP,0.0,1.0,1.0,1.0,0,0
path,100000.0,2,SCAD,0.0,1.0,1.0,1.0,0,0
path,100000.0,3,lasso,0.0,1.0,1.0,1.0,0,0
path,100000.0,3,MCP,0.0,1.0,1.0,1.0,0,0
path,100000.0,3,SCAD,0.0,1.0,1.0,1.0,0,0
path,100000.0,4,lasso,0.0,1.0,1.0,1.0,0,0
path,100000.0,4,MCP,0.0,1.0,1.0,1.0,0,0
path,100000.0,4,SCAD,0.0,1.0,1.0,1.0,0,0
path,100000.0,5,lasso,0.0,1.0,1.0,1.0,0,0
path,100000.0,5,MCP,0.0,1.0,1.0,1.0,0,0
path,100000.0,5,SCAD,0.0,1.0,1.0,1.0,0,0
path,100000.0,6,lasso,0.0,1.0,1.0,1.0,0,0
path,100000.0,6,MCP,0.0,1.0,1.0,1.0,0,0
path,100000.0,6,SCAD,0.0,1.0,1.0,1.0,0,0
path,100000.0,7,lasso,0.0,1.0,1.0,1.0,0,0
path,100000.0,7,MCP,0.0,1.0,1.0,1.0,0,0
path,100000.0,7,SCAD,0.0,1.0,1.0,1.0,0,0
path,100000.0,8,lasso,0.0,1.0,1.0,1.0,0,0
path,100000.0,8,MCP,0.0,1.0,1.0,1.0,0,0
path,100000.0,8,SCAD,0.0,1.0,1.0,1.0,0,0
path,100000.0,9,lasso,0.0,1.0,1.0,1.0,0,0
path,100000.0,9,MCP,0.0,1.0,1.0,1.0,0,0
path,100000.0,9,SCAD,0.0,1.0,1.0,1.0,0,0
path,100000.0,10,lasso,0.0,1.0,1.0,1.0,0,0
path,100000.0,10,MCP,0.0,1.0,1.0,1.0,0,0
path,100000.0,10,SCAD,0.0,1.0,1.0,1.0,0,0
path,100000.0,11,lasso,0.0,1.0,1.0,1.0,0,0
path,100000.0,11,MCP,0.0,1.0,1.0,1.0,0,0
path,100000.0,11,SCAD,0.0,1.0,1.0,1.0,0,0
path,100000.0,12,lasso,0.0,1.0,1.0,1.0,0,0
path,100000.0,12,MCP,0.0,1.0,1.0,1.0,0,0
path,100000.0,12,SCAD,0.0,1.0,1.0,1.0,0,0
path,100000.0,13,lasso,0.0,1.0,1.0,1.0,0,0
path,100000.0,13,MCP,0.0,1.0,1.0,1.0,0,0
path,100000.0,13,SCAD,0.0,1.0,1.0,1.0,0,0
path,100000.0,14,lasso,0.0,1.0,1.0,1.0,0,0
path,100000.0,14,MCP,0.0,1.0,1.0,1.0,0,0
path,100000.0,14,SCAD,0.0,1.0,1.0,1.0,0,0
path,100000.0,15,lasso,0.0,1.0,1.0,1.0,0,0
path,100000.0,15,MCP,0.0,1.0,1.0,1.0,0,0
path,100000.0,15,SCAD,0.0,1.0,1.0,1.0,0,0
path,100000.0,16,lasso,0.0,1.0,1.0,1.0,0,0
path,100000.0,16,MCP,0.0,1.0,1.0,1.0,0,0
path,100000.0,16,SCAD,0.0,1.0,1.0,1.0,0,0
path,100000.0,17,lasso,0.0,1.0,1.0,1.0,0,0
path,100000.0,17,MCP,0.0,1.0,1.0,1.0,0,0
path,100000.0,17,SCAD,0.0,1.0,1.0,1.0,0,0
path,100000.0,18,lasso,0.0,1.0,1.0,1.0,0,0
path,100000.0,18,MCP,0.0,1.0,1.0,1.0,0,0
path,100000.0,18,SCAD,0.0,1.0,1.0,1.0,0,0
path,100000.0,19,lasso,0.0,1.0,1.0,1.0,0,0
path,100000.0,19,MCP,0.0,1.0,1.0,1.0,0,0
path,100000.0,19,SCAD,0.0,1.0,1.0,1.0,0,0
path,100000.0,20,lasso,0.0,1.0,1.0,1.0,0,0
path,100000.0,20,MCP,0.0,1.0,1.0,1.0,0,0
path,100000.0,20,SCAD,0.0,1.0,1.0,1.0,0,0
path,100000.0,21,lasso,0.0,1.0,1.0,1.0,0,0
path,100000.0,21,MCP,0.0,1.0,1.0,1.0,0,0
path,100000.0,21,SCAD,0.0,1.0,1.0,1.0,0,0
path,100000.0,22,lasso,0.0,1.0,1.0,1.0,0,0
path,100000.0,22,MCP,0.0,1.0,1.0,1.0,0,0
path,100000.0,22,SCAD,0.0,1.0,1.0,1.0,0,0
path,100000.0,23,lasso,0.0,1.0,1.0,1.0,0,0
path,100000.0,23,MCP,0.0,1.0,1.0,1.0,0,0
path,100000.0,23,SCAD,0.0,1.0,1.0,1.0,0,0
path,100000.0,24,lasso,0.0,1.0,1.0,1.0,0,0
path,100000.0,24,MCP,0.0,1.0,1.0,1.0,0,0
path,100000.0,24,SCAD,0.0,1.0,1.0,1.0,0,0
path,100000.0,25,lasso,0.0,1.0,1.0,1.0,0,0
path,100000.0,25,MCP,0.0,1.0,1.0,1.0,0,0
path,100000.0,25,SCAD,0.0,1.0,1.0,1.0,0,0
path,100000.0,26,lasso,0.0,1.0,1.0,1.0,0,0
path,100000.0,26,MCP,0.0,1.0,1.0,1.0,0,0
path,100000.0,26,SCAD,0.0,1.0,1.0,1.0,0,0
path,100000.0,27,lasso,0.0,1.0,1.0,1.0,0,0
path,100000.0,27,MCP,0.0,1.0,1.0,1.0,0,0
path,100000.0,27,SCAD,0.0,1.0,1.0,1.0,0,0
path,100000.0,28,lasso,0.0,1.0,1.0,1.0,0,0
path,100000.0,28,MCP,0.0,1.0,1.0,1.0,0,0
path,100000.0,28,SCAD,0.0,1.0,1.0,1.0,0,0
path,100000.0,29,lasso,0.0,1.0,1.0,1.0,0,0
path,100000.0,29,MCP,0.0,1.0,1.0,1.0,0,0
path,100000.0,29,SCAD,0.0,1.0,1.0,1.0,0,0
path,100000.0,30,lasso,0.0,1.0,1.0,1.0,0,0
path,100000.0,30,MCP,0.0,1.0,1.0,1.0,0,0
path,100000.0,30,SCAD,0.0,1.0,1.0,1.0,0,0
path,100000.0,31,lasso,0.0,1.0,1.0,1.0,0,0
path,100000.0,31,MCP,0.0,1.0,1.0,1.0,0,0
path,100000.0,31,SCAD,0.0,1.0,1.0,1.0,0,0
path,100000.0,32,lasso,0.0,1.0,1.0,1.0,0,0
path,100000.0,32,MCP,0.0,1.0,1.0,1.0,0,0
path,100000.0,32,SCAD,0.0,1.0,1.0,1.0,0,0
path,100000.0,33,lasso,0.0,1.0,1.0,1.0,0,0
path,100000.0,33,MCP,0.0,1.0,1.0,1.0,0,0
path,100000.0,33,SCAD,0.0,1.0,1.0,1.0,0,0
path,100000.0,34,lasso,0.0,1.0,1.0,1.0,0,0
path,100000.0,34,MCP,0.0,1.0,1.0,1.0,0,0
path,100000.0,34,SCAD,0.0,1.0,1.0,1.0,0,0
path,100000.0,35,lasso,0.0,1.0,1.0,1.0,0,0
path,100000.0,35,MCP,0.0,1.0,1.0,1.0,0,0
path,100000.0,35,SCAD,0.0,1.0,1.0,1.0,0,0
path,100000.0,36,lasso,0.0,1.0,1.0,1.0,0,0
path,100000.0,36,MCP,0.0,1.0,1.0,1.0,0,0
path,100000.0,36,SCAD,0.0,1.0,1.0,1.0,0,0
path,100000.0,37,lasso,0.0,1.0,1.0,1.0,0,0
path,100000.0,37,MCP,0.0,1.0,1.0,1.0,0,0
path,100000.0,37,SCAD,0.0,1.0,1.0,1.0,0,0
path,100000.0,38,lasso,0.0,1.0,1.0,1.0,0,0
path,100000.0,38,MCP,0.0,1.0,1.0,1.0,0,0
path,100000.0,38,SCAD,0.0,1.0,1.0,1.0,0,0
path,100000.0,39,lasso,0.0,1.0,1.0,1.0,0,0
path,100000.0,39,MCP,0.0,1.0,1.0,1.0,0,0
path,100000.0,39,SCAD,0.0,1.0,1.0,1.0,0,0
path,100000.0,40,lasso,0.0,1.0,1.0,1.0,0,0
path,100000.0,40,MCP,0.0,1.0,1.0,1.0,0,0
path,100000.0,40,SCAD,0.0,1.0,1.0,1.0,0,0
path,100000.0,41,lasso,0.0,1.0,1.0,1.0,0,0
path,100000.0,41,MCP,0.0,1.0,1.0,1.0,0,0
path,100000.0,41,SCAD,0.0,1.0,1.0,1.0,0,0
path,100000.0,42,lasso,0.0,1.0,1.0,1.0,0,0
path,100000.0,42,MCP,0.0,1.0,1.0,1.0,0,0
path,100000.0,42,SCAD,0.0,1.0,1.0,1.0,0,0
path,100000.0,43,lasso,0.0,1.0,1.0,1.0,0,0
path,100000.0,43,MCP,0.0,1.0,1.0,1.0,0,0
path,100000.0,43,SCAD,0.0,1.0,1.0,1.0,0,0
path,100000.0,44,lasso,0.0,1.0,1.0,1.0,0,0
path,100000.0,44,MCP,0.0,1.0,1.0,1.0,0,0
path,100000.0,44,SCAD,0.0,1.0,1.0,1.0,0,0
path,100000.0,45,lasso,0.0,1.0,1.0,1.0,0,0
path,100000.0,45,MCP,0.0,1.0,1.0,1.0,0,0
path,100000.0,45,SCAD,0.0,1.0,1.0,1.0,0,0
path,100000.0,46,lasso,0.0,1.0,1.0,1.0,0,0
path,100000.0,46,MCP,0.0,1.0,1.0,1.0,0,0
path,100000.0,46,SCAD,0.0,1.0,1.0,1.0,0,0
path,100000.0,47,lasso,0.0,1.0,1.0,1.0,0,0
path,100000.0,47,MCP,0.0,1.0,1.0,1.0,0,0
path,100000.0,47,SCAD,0.0,1.0,1.0,1.0,0,0
path,100000.0,48,lasso,0.0,1.0,1.0,1.0,0,0
path,100000.0,48,MCP,0.0,1.0,1.0,1.0,0,0
path,100000.0,48,SCAD,0.0,1.0,1.0,1.0,0,0
path,100000.0,49,lasso,0.0,1.0,1.0,1.0,0,0
path,100000.0,49,MCP,0.0,1.0,1.0,1.0,0,0
path,100000.0,49,SCAD,0.0,1.0,1.0,1.0,0,0
path,100000.0,50,lasso,0.0,1.0,1.0,1.0,0,0
path,100000.0,50,MCP,0.0,1.0,1.0,1.0,0,0
path,100000.0,50,SCAD,0.0,1.0,1.0,1.0,0,0
path,100000.0,51,lasso,0.0,1.0,1.0,1.0,0,0
path,100000.0,51,MCP,0.0,1.0,1.0,1.0,0,0
path,100000.0,51,SCAD,0.0,1.0,1.0,1.0,0,0
path,100000.0,52,lasso,0.0,1.0,1.0,1.0,0,0
path,100000.0,52,MCP,0.0,1.0,1.0,1.0,0,0
path,100000.0,52,SCAD,0.0,1.0,1.0,1.0,0,0
path,100000.0,53,lasso,0.0,1.0,1.0,1.0,0,0
path,100000.0,53,MCP,0.0,1.0,1.0,1.0,0,0
path,100000.0,53,SCAD,0.0,1.0,1.0,1.0,0,0
path,100000.0,54,lasso,0.0,1.0,1.0,1.0,0,0
path,100000.0,54,MCP,0.0,1.0,1.0,1.0,0,0
path,100000.0,54,SCAD,0.0,1.0,1.0,1.0,0,0
path,100000.0,55,lasso,0.0,1.0,1.0,1.0,0,0
path,100000.0,55,MCP,0.0,1.0,1.0,1.0,0,0
path,100000.0,55,SCAD,0.0,1.0,1.0,1.0,0,0
path,100000.0,56,lasso,0.0,1.0,1.0,1.0,0,0
path,100000.0,56,MCP,0.0,1.0,1.0,1.0,0,0
path,100000.0,56,SCAD,0.0,1.0,1.0,1.0,0,0
path,100000.0,57,lasso,0.0,1.0,1.0,1.0,0,0
path,100000.0,57,MCP,0.0,1.0,1.0,1.0,0,0
path,100000.0,57,SCAD,0.0,1.0,1.0,1.0,0,0
path,100000.0,58,lasso,0.0,1.0,1.0,1.0,0,0
path,100000.0,58,MCP,0.0,1.0,1.0,1.0,0,0
path,100000.0,58,SCAD,0.0,1.0,1.0,1.0,0,0
path,100000.0,59,lasso,0.0,1.0,1.0,1.0,0,0
path,100000.0,59,MCP,0.0,1.0,1.0,1.0,0,0
path,100000.0,59,SCAD,0.0,1.0,1.0,1.0,0,0
path,100000.0,60,lasso,0.0,1.0,1.0,1.0,0,0
path,100000.0,60,MCP,0.0,1.0,1.0,1.0,0,0
path,100000.0,60,SCAD,0.0,1.0,1.0,1.0,0,0
path,100000.0,61,lasso,0.0,1.0,1.0,1.0,0,0
path,100000.0,61,MCP,0.0,1.0,1.0,1.0,0,0
path,100000.0,61,SCAD,0.0,1.0,1.0,1.0,0,0
path,100000.0,62,lasso,0.0,1.0,1.0,1.0,0,0
path,100000.0,62,MCP,0.0,1.0,1.0,1.0,0,0
path,100000.0,62,SCAD,0.0,1.0,1.0,1.0,0,0
path,100000.0,63,lasso,0.0,1.0,1.0,1.0,0,0
path,100000.0,63,MCP,0.0,1.0,1.0,1.0,0,0
path,100000.0,63,SCAD,0.0,1.0,1.0,1.0,0,0
path,100000.0,64,lasso,0.0,1.0,1.0,1.0,0,0
path,100000.0,64,MCP,0.0,1.0,1.0,1.0,0,0
path,100000.0,64,SCAD,0.0,1.0,1.0,1.0,0,0
path,100000.0,65,lasso,0.0,1.0,1.0,1.0,0,0
path,100000.0,65,MCP,0.0,1.0,1.0,1.0,0,0
path,100000.0,65,SCAD,0.0,1.0,1.0,1.0,0,0
path,100000.0,66,lasso,0.0,1.0,1.0,1.0,0,0
path,100000.0,66,MCP,0.0,1.0,1.0,1.0,0,0
path,100000.0,66,SCAD,0.0,1.0,1.0,1.0,0,0
path,100000.0,67,lasso,0.0,1.0,1.0,1.0,0,0
path,100000.0,67,MCP,0.0,1.0,1.0,1.0,0,0
path,100000.0,67,SCAD,0.0,1.0,1.0,1.0,0,0
path,100000.0,68,lasso,0.0,1.0,1.0,1.0,0,0
path,100000.0,68,MCP,0.0,1.0,1.0,1.0,0,0
path,100000.0,68,SCAD,0.0,1.0,1.0,1.0,0,0
path,100000.0,69,lasso,0.0,1.0,1.0,1.0,0,0
path,100000.0,69,MCP,0.0,1.0,1.0,1.0,0,0
path,100000.0,69,SCAD,0.0,1.0,1.0,1.0,0,0
path,100000.0,70,lasso,0.0,1.0,1.0,1.0,0,0
path,100000.0,70,MCP,0.0,1.0,1.0,1.0,0,0
path,100000.0,70,SCAD,0.0,1.0,1.0,1.0,0,0
path,100000.0,71,lasso,0.0,1.0,1.0,1.0,0,0
path,100000.0,71,MCP,0.0,1.0,1.0,1.0,0,0
path,100000.0,71,SCAD,0.0,1.0,1.0,1.0,0,0
path,100000.0,72,lasso,0.0,1.0,1.0,1.0,0,0
path,100000.0,72,MCP,0.0,1.0,1.0,1.0,0,0
path,100000.0,72,SCAD,0.0,1.0,1.0,1.0,0,0
path,100000.0,73,lasso,0.0,1.0,1.0,1.0,0,0
path,100000.0,73,MCP,0.0,1.0,1.0,1.0,0,0
path,100000.0,73,SCAD,0.0,1.0,1.0,1.0,0,0
path,100000.0,74,lasso,0.0,1.0,1.0,1.0,0,0
path,100000.0,74,MCP,0.0,1.0,1.0,1.0,0,0
path,100000.0,74,SCAD,0.0,1.0,1.0,1.0,0,0
path,100000.0,75,lasso,0.0,1.0,1.0,1.0,0,0
path,100000.0,75,MCP,0.0,1.0,1.0,1.0,0,0
path,100000.0,75,SCAD,0.0,1.0,1.0,1.0,0,0
path,100000.0,76,lasso,0.0,1.0,1.0,1.0,0,0
path,100000.0,76,MCP,0.0,1.0,1.0,1.0,0,0
path,100000.0,76,SCAD,0.0,1.0,1.0,1.0,0,0
path,100000.0,77,lasso,0.0,1.0,1.0,1.0,0,0
path,100000.0,77,MCP,0.0,1.0,1.0,1.0,0,0
path,100000.0,77,SCAD,0.0,1.0,1.0,1.0,0,0
path,100000.0,78,lasso,0.0,1.0,1.0,1.0,0,0
path,100000.0,78,MCP,0.0,1.0,1.0,1.0,0,0
path,100000.0,78,SCAD,0.0,1.0,1.0,1.0,0,0
path,100000.0,79,lasso,0.0,1.0,1.0,1.0,0,0
path,100000.0,79,MCP,0.0,1.0,1.0,1.0,0,0
path,100000.0,79,SCAD,0.0,1.0,1.0,1.0,0,0
path,100000.0,80,lasso,0.0,1.0,1.0,1.0,0,0
path,100000.0,80,MCP,0.0,1.0,1.0,1.0,0,0
path,100000.0,80,SCAD,0.0,1.0,1.0,1.0,0,0
path,100000.0,81,lasso,0.0,1.0,1.0,1.0,0,0
path,100000.0,81,MCP,0.0,1.0,1.0,1.0,0,0
path,100000.0,81,SCAD,0.0,1.0,1.0,1.0,0,0
path,100000.0,82,lasso,0.0,1.0,1.0,1.0,0,0
path,100000.0,82,MCP,0.0,1.0,1.0,1.0,0,0
path,100000.0,82,SCAD,0.0,1.0,1.0,1.0,0,0
path,100000.0,83,lasso,0.0,1.0,1.0,1.0,0,0
path,100000.0,83,MCP,0.0,1.0,1.0,1.0,0,0
path,100000.0,83,SCAD,0.0,1.0,1.0,1.0,0,0
path,100000.0,84,lasso,0.0,1.0,1.0,1.0,0,0
path,100000.0,84,MCP,0.0,1.0,1.0,1.0,0,0
path,100000.0,84,SCAD,0.0,1.0,1.0,1.0,0,0
path,100000.0,85,lasso,0.0,1.0,1.0,1.0,0,0
path,100000.0,85,MCP,0.0,1.0,1.0,1.0,0,0
path,100000.0,85,SCAD,0.0,1.0,1.0,1.0,0,0
path,100000.0,86,lasso,0.0,1.0,1.0,1.0,0,0
path,100000.0,86,MCP,0.0,1.0,1.0,1.0,0,0
path,100000.0,86,SCAD,0.0,1.0,1.0,1.0,0,0
path,100000.0,87,lasso,0.0,1.0,1.0,1.0,0,0
path,100000.0,87,MCP,0.0,1.0,1.0,1.0,0,0
path,100000.0,87,SCAD,0.0,1.0,1.0,1.0,0,0
path,100000.0,88,lasso,0.0,1.0,1.0,1.0,0,0
path,100000.0,88,MCP,0.0,1.0,1.0,1.0,0,0
path,100000.0,88,SCAD,0.0,1.0,1.0,1.0,0,0
path,100000.0,89,lasso,0.0,1.0,1.0,1.0,0,0
path,100000.0,89,MCP,0.0,1.0,1.0,1.0,0,0
path,100000.0,89,SCAD,0.0,1.0,1.0,1.0,0,0
path,100000.0,90,lasso,0.0,1.0,1.0,1.0,0,0
path,100000.0,90,MCP,0.0,1.0,1.0,1.0,0,0
path,100000.0,90,SCAD,0.0,1.0,1.0,1.0,0,0
path,100000.0,91,lasso,0.0,1.0,1.0,1.0,0,0
path,100000.0,91,MCP,0.0,1.0,1.0,1.0,0,0
path,100000.0,91,SCAD,0.0,1.0,1.0,1.0,0,0
path,100000.0,92,lasso,0.0,1.0,1.0,1.0,0,0
path,100000.0,92,MCP,0.0,1.0,1.0,1.0,0,0
path,100000.0,92,SCAD,0.0,1.0,1.0,1.0,0,0
path,100000.0,93,lasso,0.0,1.0,1.0,1.0,0,0
path,100000.0,93,MCP,0.0,1.0,1.0,1.0,0,0
path,100000.0,93,SCAD,0.0,1.0,1.0,1.0,0,0
path,100000.0,94,lasso,0.0,1.0,1.0,1.0,0,0
path,100000.0,94,MCP,0.0,1.0,1.0,1.0,0,0
path,100000.0,94,SCAD,0.0,1.0,1.0,1.0,0,0
path,100000.0,95,lasso,0.0,1.0,1.0,1.0,0,0
path,100000.0,95,MCP,0.0,1.0,1.0,1.0,0,0
path,100000.0,95,SCAD,0.0,1.0,1.0,1.0,0,0
path,100000.0,96,lasso,0.0,1.0,1.0,1.0,0,0
path,100000.0,96,MCP,0.0,1.0,1.0,1.0,0,0
path,100000.0,96,SCAD,0.0,1.0,1.0,1.0,0,0
path,100000.0,97,lasso,0.0,1.0,1.0,1.0,0,0
path,100000.0,97,MCP,0.0,1.0,1.0,1.0,0,0
path,100000.0,97,SCAD,0.0,1.0,1.0,1.0,0,0
path,100000.0,98,lasso,0.0,1.0,1.0,1.0,0,0
path,100000.0,98,MCP,0.0,1.0,1.0,1.0,0,0
path,100000.0,98,SCAD,0.0,1.0,1.0,1.0,0,0
path,100000.0,99,lasso,0.0,1.0,1.0,1.0,0,0
path,100000.0,99,MCP,0.0,1.0,1.0,1.0,0,0
path,100000.0,99,SCAD,0.0,1.0,1.0,1.0,0,0
path,inf,0,lasso,0.0,1.0,1.0,1.0,0,0
path,inf,0,MCP,0.0,1.0,1.0,1.0,0,0
path,inf,0,SCAD,0.0,1.0,1.0,1.0,0,0
cycle_fixed,100,0,lasso,0.65,0.5333333333333333,0.64,0.3996428571428572,0,1
cycle_fixed,100,0,MCP,0.65,0.5333333333333333,0.6333333333333334,0.38297619047619047,0,1
cycle_fixed,100,0,SCAD,0.65,0.5333333333333333,0.64,0.3996428571428572,0,1
cycle_fixed,100,1,lasso,0.65,0.46153846153846156,0.5466666666666667,0.2544047619047619,0,1
cycle_fixed,100,1,MCP,0.65,0.5,0.5866666666666667,0.2845238095238095,0,1
cycle_fixed,100,1,SCAD,0.65,0.5,0.5866666666666667,0.2845238095238095,0,1
cycle_fixed,100,2,lasso,0.65,0.5454545454545454,0.6866666666666668,0.3433333333333333,0,1
cycle_fixed,100,2,MCP,0.65,0.5333333333333333,0.6733333333333333,0.3325,0,1
cycle_fixed,100,2,SCAD,0.65,0.5333333333333333,0.68,0.34249999999999997,0,1
cycle_fixed,100,3,lasso,0.65,0.46153846153846156,0.52,0.2413095238095238,0,1
cycle_fixed,100,3,MCP,0.65,0.46153846153846156,0.54,0.2494047619047619,0,1
cycle_fixed,100,3,SCAD,0.65,0.46153846153846156,0.5266666666666667,0.24464285714285716,0,1
cycle_fixed,100,4,lasso,0.65,0.46153846153846156,0.5666666666666667,0.26607142857142857,0,1
cycle_fixed,100,4,MCP,0.65,0.46153846153846156,0.5666666666666667,0.26607142857142857,0,1
cycle_fixed,100,4,SCAD,0.65,0.46153846153846156,0.5666666666666667,0.26607142857142857,0,1
cycle_fixed,100,5,lasso,0.65,0.7272727272727273,0.8,0.635,0,1
cycle_fixed,100,5,MCP,0.65,0.7272727272727273,0.7933333333333334,0.6166666666666667,0,1
cycle_fixed,100,5,SCAD,0.65,0.7272727272727273,0.8066666666666668,0.6499999999999999,0,1
cycle_fixed,100,6,lasso,0.65,0.6666666666666666,0.7466666666666667,0.4954761904761905,0,0
cycle_fixed,100,6,MCP,0.65,0.5714285714285714,0.7200000000000001,0.4702777777777778,0,1
cycle_fixed,100,6,SCAD,0.65,0.5714285714285714,0.72,0.4702777777777778,0,1
cycle_fixed,100,7,lasso,0.65,0.4,0.5800000000000001,0.4355555555555556,0,1
cycle_fixed,100,7,MCP,0.65,0.4444444444444444,0.5866666666666667,0.4455555555555556,0,0
cycle_fixed,100,7,SCAD,0.65,0.4,0.5800000000000001,0.4355555555555556,0,1
cycle_fixed,100,8,lasso,0.65,0.5454545454545454,0.62,0.41500000000000004,0,1
cycle_fixed,100,8,MCP,0.65,0.5454545454545454,0.62,0.41500000000000004,0,1
cycle_fixed,100,8,SCAD,0.65,0.5454545454545454,0.62,0.41500000000000004,0,1
cycle_fixed,100,9,lasso,0.65,0.5714285714285714,0.6866666666666668,0.33980158730158727,0,1
cycle_fixed,100,9,MCP,0.65,0.5714285714285714,0.7000000000000001,0.3536111111111111,0,1
cycle_fixed,100,9,SCAD,0.65,0.5714285714285714,0.7000000000000001,0.3536111111111111,0,1
cycle_fixed,100,10,lasso,0.65,0.5714285714285714,0.76,0.6423015873015874,0,1
cycle_fixed,100,10,MCP,0.65,0.5714285714285714,0.7466666666666667,0.6383333333333334,0,0
cycle_fixed,100,10,SCAD,0.65,0.5714285714285714,0.7466666666666667,0.6383333333333334,0,0
cycle_fixed,100,11,lasso,0.65,0.5333333333333333,0.6333333333333334,0.4419047619047619,0,1
cycle_fixed,100,11,MCP,0.65,0.42857142857142855,0.56,0.4135714285714286,0,1
cycle_fixed,100,11,SCAD,0.65,0.42857142857142855,0.56,0.4135714285714286,0,1
cycle_fixed,100,12,lasso,0.65,0.5714285714285714,0.7066666666666668,0.4796825396825397,0,0
cycle_fixed,100,12,MCP,0.65,0.6153846153846154,0.7333333333333334,0.5292857142857144,0,0
cycle_fixed,100,12,SCAD,0.65,0.6153846153846154,0.7200000000000001,0.4905952380952381,0,0
cycle_fixed,100,13,lasso,0.65,0.5714285714285714,0.74,0.6231349206349206,0,0
cycle_fixed,100,13,MCP,0.65,0.6153846153846154,0.7533333333333334,0.6340476190476191,0,0
cycle_fixed,100,13,SCAD,0.65,0.6153846153846154,0.7533333333333334,0.6340476190476191,0,0
cycle_fixed,100,14,lasso,0.65,0.5714285714285714,0.68,0.426468253968254,0,1
cycle_fixed,100,14,MCP,0.65,0.5714285714285714,0.68,0.4261111111111111,0,1
cycle_fixed,100,14,SCAD,0.65,0.5714285714285714,0.6866666666666668,0.43146825396825395,0,1
cycle_fixed,100,15,lasso,0.65,0.5333333333333333,0.6133333333333334,0.385952380952381,0,1
cycle_fixed,100,15,MCP,0.65,0.5333333333333333,0.6000000000000001,0.2692857142857143,0,1
cycle_fixed,100,15,SCAD,0.65,0.5333333333333333,0.6133333333333334,0.38595238095238094,0,1
cycle_fixed,100,16,lasso,0.65,0.6666666666666666,0.7000000000000001,0.34214285714285714,0,1
cycle_fixed,100,16,MCP,0.65,0.7272727272727273,0.78,0.6016666666666668,0,1
cycle_fixed,100,16,SCAD,0.65,0.6666666666666666,0.7000000000000001,0.3421428571428572,0,1
cycle_fixed,100,17,lasso,0.65,0.5454545454545454,0.62,0.31,0,1
cycle_fixed,100,17,MCP,0.65,0.5714285714285714,0.66,0.29301587301587306,0,1
cycle_fixed,100,17,SCAD,0.65,0.5714285714285714,0.6666666666666667,0.30944444444444447,0,1
cycle_fixed,100,18,lasso,0.65,0.6666666666666666,0.7266666666666667,0.7101984126984127,0,0
cycle_fixed,100,18,MCP,0.65,0.75,0.8400000000000001,0.8066666666666666,0,0
cycle_fixed,100,18,SCAD,0.65,0.75,0.8333333333333334,0.7916666666666667,0,0
cycle_fixed,100,19,lasso,0.65,0.6,0.7266666666666667,0.5316666666666667,0,0
cycle_fixed,100,19,MCP,0.65,0.6666666666666666,0.76,0.5886111111111111,0,0
cycle_fixed,100,19,SCAD,0.65,0.6666666666666666,0.7533333333333334,0.5719444444444444,0,0
cycle_fixed,100,20,lasso,0.65,0.5333333333333333,0.6933333333333334,0.4878571428571429,0,0
cycle_fixed,100,20,MCP,0.65,0.4444444444444444,0.6000000000000001,0.45166666666666666,0,1
cycle_fixed,100,20,SCAD,0.65,0.42857142857142855,0.5933333333333334,0.4416666666666667,0,0
cycle_fixed,100,21,lasso,0.65,0.8,0.8066666666666666,0.5283333333333333,0,1
cycle_fixed,100,21,MCP,0.65,0.8,0.8066666666666668,0.5283333333333333,0,1
cycle_fixed,100,21,SCAD,0.65,0.8,0.8066666666666668,0.5283333333333333,0,1
cycle_fixed,100,22,lasso,0.65,0.6666666666666666,0.6666666666666667,0.4183333333333332,0,0
cycle_fixed,100,22,MCP,0.65,0.5454545454545454,0.7133333333333334,0.38833333333333336,0,0
cycle_fixed,100,22,SCAD,0.65,0.6,0.7266666666666668,0.415,0,0
cycle_fixed,100,23,lasso,0.65,0.6666666666666666,0.7733333333333333,0.7133333333333334,0,0
cycle_fixed,100,23,MCP,0.65,0.6666666666666666,0.7733333333333334,0.7133333333333334,0,0
cycle_fixed,100,23,SCAD,0.65,0.6666666666666666,0.7733333333333334,0.7133333333333334,0,0
cycle_fixed,100,24,lasso,0.65,0.42857142857142855,0.5933333333333334,0.4369047619047619,0,1
cycle_fixed,100,24,MCP,0.65,0.5,0.6133333333333333,0.4511904761904762,0,1
cycle_fixed,100,24,SCAD,0.65,0.5,0.6133333333333333,0.4511904761904762,0,1
cycle_fixed,100,25,lasso,0.65,0.5333333333333333,0.6266666666666667,0.43833333333333335,0,1
cycle_fixed,100,25,MCP,0.65,0.4,0.52,0.39694444444444443,0,1
cycle_fixed,100,25,SCAD,0.65,0.4,0.52,0.39694444444444443,0,1
cycle_fixed,100,26,lasso,0.65,0.5454545454545454,0.7066666666666668,0.5016666666666667,0,0
cycle_fixed,100,26,MCP,0.65,0.5454545454545454,0.7133333333333334,0.505,0,0
cycle_fixed,100,26,SCAD,0.65,0.6,0.7133333333333334,0.5116666666666667,0,0
cycle_fixed,100,27,lasso,0.65,0.4,0.5,0.4,0,1
cycle_fixed,100,27,MCP,0.65,0.5,0.6533333333333333,0.4643939393939394,0,1
cycle_fixed,100,27,SCAD,0.65,0.42857142857142855,0.5866666666666667,0.43333333333333335,0,1
cycle_fixed,100,28,lasso,0.65,0.5333333333333333,0.6933333333333334,0.516904761904762,0,1
cycle_fixed,100,28,MCP,0.65,0.5333333333333333,0.6866666666666668,0.5133333333333334,0,1
cycle_fixed,100,28,SCAD,0.65,0.5333333333333333,0.6866666666666668,0.5133333333333334,0,1
cycle_fixed,100,29,lasso,0.65,0.5,0.6000000000000001,0.4788888888888889,0,1
cycle_fixed,100,29,MCP,0.65,0.5714285714285714,0.7133333333333334,0.5276984126984128,0,1
cycle_fixed,100,29,SCAD,0.65,0.5714285714285714,0.7133333333333334,0.5276984126984128,0,1
cycle_fixed,100,30,lasso,0.65,0.5454545454545454,0.62,0.41000000000000003,0,1
cycle_fixed,100,30,MCP,0.65,0.6,0.72,0.47500000000000003,0,1
cycle_fixed,100,30,SCAD,0.65,0.6,0.72,0.4816666666666667,0,1
cycle_fixed,100,31,lasso,0.65,0.5454545454545454,0.64,0.36666666666666664,0,0
cycle_fixed,100,31,MCP,0.65,0.5,0.6333333333333333,0.3595238095238095,0,0
cycle_fixed,100,31,SCAD,0.65,0.5454545454545454,0.64,0.36666666666666664,0,0
cycle_fixed,100,32,lasso,0.65,0.6,0.7133333333333334,0.38166666666666665,0,1
cycle_fixed,100,32,MCP,0.65,0.6,0.7266666666666667,0.415,0,1
cycle_fixed,100,32,SCAD,0.65,0.6,0.7266666666666667,0.415,0,1
cycle_fixed,100,33,lasso,0.65,0.6,0.7000000000000001,0.365,0,0
cycle_fixed,100,33,MCP,0.65,0.5454545454545454,0.6866666666666668,0.3383333333333333,0,1
cycle_fixed,100,33,SCAD,0.65,0.6,0.7000000000000001,0.35833333333333334,0,0
cycle_fixed,100,34,lasso,0.65,0.5333333333333333,0.6333333333333334,0.4419047619047619,0,1
cycle_fixed,100,34,MCP,0.65,0.5333333333333333,0.66,0.46166666666666667,0,1
cycle_fixed,100,34,SCAD,0.65,0.5333333333333333,0.66,0.4633333333333333,0,1
cycle_fixed,100,35,lasso,0.65,0.46153846153846156,0.48,0.23218253968253968,0,0
cycle_fixed,100,35,MCP,0.65,0.6153846153846154,0.66,0.31238095238095237,0,0
cycle_fixed,100,35,SCAD,0.65,0.6153846153846154,0.66,0.31238095238095237,0,0
cycle_fixed,100,36,lasso,0.65,0.4,0.5,0.22746031746031745,0,1
cycle_fixed,100,36,MCP,0.65,0.4,0.49333333333333335,0.2265079365079365,0,1
cycle_fixed,100,36,SCAD,0.65,0.4,0.4866666666666667,0.22150793650793651,0,1
cycle_fixed,100,37,lasso,0.65,0.7272727272727273,0.7533333333333334,0.41833333333333333,0,1
cycle_fixed,100,37,MCP,0.65,0.7272727272727273,0.7533333333333334,0.4116666666666667,0,1
cycle_fixed,100,37,SCAD,0.65,0.7272727272727273,0.7533333333333334,0.41833333333333333,0,1
cycle_fixed,100,38,lasso,0.65,0.42857142857142855,0.5800000000000001,0.42523809523809525,0,1
cycle_fixed,100,38,MCP,0.65,0.36363636363636365,0.4866666666666667,0.38833333333333336,0,1
cycle_fixed,100,38,SCAD,0.65,0.5,0.5933333333333334,0.4344047619047619,0,1
cycle_fixed,100,39,lasso,0.65,0.6,0.7266666666666667,0.5316666666666667,0,1
cycle_fixed,100,39,MCP,0.65,0.5454545454545454,0.6333333333333333,0.4733333333333334,0,1
cycle_fixed,100,39,SCAD,0.65,0.5454545454545454,0.6466666666666667,0.49333333333333335,0,1
cycle_fixed,100,40,lasso,0.65,0.5714285714285714,0.6866666666666668,0.42968253968253967,0,1
cycle_fixed,100,40,MCP,0.65,0.5,0.5866666666666667,0.3728571428571429,0,1
cycle_fixed,100,40,SCAD,0.65,0.5,0.5866666666666667,0.3728571428571429,0,1
cycle_fixed,100,41,lasso,0.65,0.42857142857142855,0.5800000000000001,0.42666666666666664,0,1
cycle_fixed,100,41,MCP,0.65,0.4,0.56,0.41555555555555557,0,1
cycle_fixed,100,41,SCAD,0.65,0.4,0.56,0.41555555555555557,0,1
cycle_fixed,100,42,lasso,0.65,0.5454545454545454,0.5866666666666667,0.28,0,1
cycle_fixed,100,42,MCP,0.65,0.3076923076923077,0.4,0.19095238095238096,0,0
cycle_fixed,100,42,SCAD,0.65,0.4,0.43333333333333335,0.19761904761904764,0,0
cycle_fixed,100,43,lasso,0.65,0.5714285714285714,0.7133333333333334,0.5064682539682539,0,1
cycle_fixed,100,43,MCP,0.65,0.6153846153846154,0.74,0.5311904761904762,0,1
cycle_fixed,100,43,SCAD,0.65,0.6153846153846154,0.7266666666666668,0.5173809523809524,0,1
cycle_fixed,100,44,lasso,0.65,0.5333333333333333,0.68,0.49666666666666665,0,1
cycle_fixed,100,44,MCP,0.65,0.5333333333333333,0.6533333333333333,0.4116666666666667,0,1
cycle_fixed,100,44,SCAD,0.65,0.5333333333333333,0.6733333333333333,0.48,0,1
cycle_fixed,100,45,lasso,0.65,0.6666666666666666,0.7666666666666667,0.5788095238095239,0,1
cycle_fixed,100,45,MCP,0.65,0.6666666666666666,0.7533333333333334,0.5454761904761904,0,1
cycle_fixed,100,45,SCAD,0.65,0.6666666666666666,0.7533333333333334,0.5454761904761904,0,1
cycle_fixed,100,46,lasso,0.65,0.5714285714285714,0.7066666666666668,0.513015873015873,0,1
cycle_fixed,100,46,MCP,0.65,0.46153846153846156,0.6066666666666667,0.449404761904762,0,1
cycle_fixed,100,46,SCAD,0.65,0.46153846153846156,0.6133333333333334,0.4594047619047619,0,1
cycle_fixed,100,47,lasso,0.65,0.5714285714285714,0.6066666666666667,0.2841666666666667,0,1
cycle_fixed,100,47,MCP,0.65,0.5714285714285714,0.6733333333333333,0.3184920634920635,0,1
cycle_fixed,100,47,SCAD,0.65,0.6153846153846154,0.6733333333333333,0.3140476190476191,0,1
cycle_fixed,100,48,lasso,0.65,0.4444444444444444,0.5866666666666667,0.4455555555555556,0,0
cycle_fixed,100,48,MCP,0.65,0.5333333333333333,0.6733333333333333,0.48,0,1
cycle_fixed,100,48,SCAD,0.65,0.5333333333333333,0.6733333333333333,0.48,0,1
cycle_fixed,100,49,lasso,0.65,0.46153846153846156,0.5266666666666667,0.2413095238095238,0,1
cycle_fixed,100,49,MCP,0.65,0.46153846153846156,0.52,0.2413095238095238,0,1
cycle_fixed,100,49,SCAD,0.65,0.46153846153846156,0.52,0.2413095238095238,0,1
cycle_fixed,100,50,lasso,0.65,0.5333333333333333,0.68,0.4777380952380953,0,1
cycle_fixed,100,50,MCP,0.65,0.5333333333333333,0.68,0.5366666666666666,0,1
cycle_fixed,100,50,SCAD,0.65,0.5333333333333333,0.68,0.5366666666666666,0,1
cycle_fixed,100,51,lasso,0.65,0.5454545454545454,0.7266666666666667,0.5449999999999999,0,1
cycle_fixed,100,51,MCP,0.65,0.6153846153846154,0.7466666666666667,0.6007142857142858,0,1
cycle_fixed,100,51,SCAD,0.65,0.6153846153846154,0.76,0.5745238095238094,0,1
cycle_fixed,100,52,lasso,0.65,0.5714285714285714,0.6133333333333334,0.5622222222222223,0,0
cycle_fixed,100,52,MCP,0.65,0.5714285714285714,0.7000000000000001,0.5966666666666667,0,0
cycle_fixed,100,52,SCAD,0.65,0.5714285714285714,0.7000000000000001,0.5966666666666667,0,0
cycle_fixed,100,53,lasso,0.65,0.6153846153846154,0.7533333333333334,0.634047619047619,0,1
cycle_fixed,100,53,MCP,0.65,0.5714285714285714,0.74,0.6231349206349206,0,1
cycle_fixed,100,53,SCAD,0.65,0.5714285714285714,0.74,0.6231349206349206,0,1
cycle_fixed,100,54,lasso,0.65,0.5333333333333333,0.6533333333333333,0.455,0,1
cycle_fixed,100,54,MCP,0.65,0.5333333333333333,0.64,0.4452380952380952,0,1
cycle_fixed,100,54,SCAD,0.65,0.4,0.5466666666666667,0.40746031746031747,0,1
cycle_fixed,100,55,lasso,0.65,0.5333333333333333,0.5066666666666667,0.23261904761904761,0,1
cycle_fixed,100,55,MCP,0.65,0.42857142857142855,0.52,0.23833333333333334,0,1
cycle_fixed,100,55,SCAD,0.65,0.42857142857142855,0.5066666666666667,0.22999999999999998,0,1
cycle_fixed,100,56,lasso,0.65,0.6153846153846154,0.7133333333333334,0.4935714285714286,0,1
cycle_fixed,100,56,MCP,0.65,0.6153846153846154,0.7000000000000001,0.4873809523809524,0,1
cycle_fixed,100,56,SCAD,0.65,0.6153846153846154,0.7200000000000001,0.5057142857142858,0,1
cycle_fixed,100,57,lasso,0.65,0.5714285714285714,0.6200000000000001,0.565,0,0
cycle_fixed,100,57,MCP,0.65,0.5714285714285714,0.6133333333333334,0.5622222222222222,0,0
cycle_fixed,100,57,SCAD,0.65,0.5714285714285714,0.6133333333333334,0.5622222222222222,0,0
cycle_fixed,100,58,lasso,0.65,0.36363636363636365,0.4866666666666667,0.38833333333333336,0,1
cycle_fixed,100,58,MCP,0.65,0.4,0.52,0.39694444444444443,0,1
cycle_fixed,100,58,SCAD,0.65,0.5333333333333333,0.6666666666666667,0.46440476190476193,0,1
cycle_fixed,100,59,lasso,0.65,0.5,0.62,0.5349999999999999,0,1
cycle_fixed,100,59,MCP,0.65,0.5,0.6466666666666667,0.5528571428571429,0,1
cycle_fixed,100,59,SCAD,0.65,0.5,0.6466666666666667,0.5528571428571429,0,1
cycle_fixed,100,60,lasso,0.65,0.75,0.8133333333333335,0.765,0,0
cycle_fixed,100,60,MCP,0.65,0.75,0.8066666666666668,0.7578571428571429,0,0
cycle_fixed,100,60,SCAD,0.65,0.75,0.8066666666666668,0.7578571428571429,0,0
cycle_fixed,100,61,lasso,0.65,0.6153846153846154,0.7000000000000001,0.4873809523809524,0,1
cycle_fixed,100,61,MCP,0.65,0.5714285714285714,0.7000000000000001,0.48813492063492064,0,1
cycle_fixed,100,61,SCAD,0.65,0.5714285714285714,0.7000000000000001,0.48813492063492064,0,1
cycle_fixed,100,62,lasso,0.65,0.6666666666666666,0.74,0.5271428571428571,0,0
cycle_fixed,100,62,MCP,0.65,0.6153846153846154,0.7066666666666668,0.49,0,1
cycle_fixed,100,62,SCAD,0.65,0.6153846153846154,0.7066666666666668,0.49238095238095236,0,1
cycle_fixed,100,63,lasso,0.65,0.5714285714285714,0.6666666666666667,0.6000000000000001,0,0
cycle_fixed,100,63,MCP,0.65,0.5714285714285714,0.6333333333333333,0.5719047619047619,0,0
cycle_fixed,100,63,SCAD,0.65,0.5714285714285714,0.64,0.5760714285714286,0,0
cycle_fixed,100,64,lasso,0.65,0.4,0.4866666666666667,0.2555555555555556,0,1
cycle_fixed,100,64,MCP,0.65,0.5333333333333333,0.7000000000000001,0.3811904761904762,0,1
cycle_fixed,100,64,SCAD,0.65,0.5333333333333333,0.7000000000000001,0.3811904761904762,0,1
cycle_fixed,100,65,lasso,0.65,0.6,0.7133333333333334,0.3569444444444445,0,1
cycle_fixed,100,65,MCP,0.65,0.5714285714285714,0.6933333333333334,0.29694444444444446,0,1
cycle_fixed,100,65,SCAD,0.65,0.6,0.7133333333333334,0.3569444444444445,0,1
cycle_fixed,100,66,lasso,0.65,0.6153846153846154,0.6866666666666668,0.33238095238095233,0,1
cycle_fixed,100,66,MCP,0.65,0.6153846153846154,0.6866666666666668,0.3323809523809524,0,1
cycle_fixed,100,66,SCAD,0.65,0.6153846153846154,0.6866666666666668,0.3323809523809524,0,1
cycle_fixed,100,67,lasso,0.65,0.42857142857142855,0.5466666666666666,0.40761904761904766,0,1
cycle_fixed,100,67,MCP,0.65,0.5333333333333333,0.6200000000000001,0.435952380952381,0,1
cycle_fixed,100,67,SCAD,0.65,0.5333333333333333,0.6200000000000001,0.435952380952381,0,1
cycle_fixed,100,68,lasso,0.65,0.5,0.6266666666666667,0.4475,0,0
cycle_fixed,100,68,MCP,0.65,0.5,0.6133333333333334,0.44,0,0
cycle_fixed,100,68,SCAD,0.65,0.5,0.62,0.44333333333333336,0,0
cycle_fixed,100,69,lasso,0.65,0.5333333333333333,0.6066666666666667,0.2835714285714286,0,1
cycle_fixed,100,69,MCP,0.65,0.5333333333333333,0.6333333333333334,0.29964285714285716,0,1
cycle_fixed,100,69,SCAD,0.65,0.5333333333333333,0.6333333333333334,0.29964285714285716,0,1
cycle_fixed,100,70,lasso,0.65,0.5333333333333333,0.6333333333333334,0.29285714285714287,0,1
cycle_fixed,100,70,MCP,0.65,0.4,0.5066666666666667,0.2292857142857143,0,1
cycle_fixed,100,70,SCAD,0.65,0.5333333333333333,0.6333333333333334,0.29285714285714287,0,1
cycle_fixed,100,71,lasso,0.65,0.5714285714285714,0.5933333333333334,0.27492063492063495,0,1
cycle_fixed,100,71,MCP,0.65,0.5714285714285714,0.5933333333333334,0.27492063492063495,0,1
cycle_fixed,100,71,SCAD,0.65,0.5714285714285714,0.5933333333333334,0.27492063492063495,0,1
cycle_fixed,100,72,lasso,0.65,0.5,0.6200000000000001,0.44273809523809526,0,1
cycle_fixed,100,72,MCP,0.65,0.5,0.6466666666666667,0.5261904761904761,0,1
cycle_fixed,100,72,SCAD,0.65,0.5,0.64,0.4595238095238095,0,1
cycle_fixed,100,73,lasso,0.65,0.46153846153846156,0.5466666666666667,0.25416666666666665,0,1
cycle_fixed,100,73,MCP,0.65,0.5,0.5533333333333333,0.2595238095238095,0,1
cycle_fixed,100,73,SCAD,0.65,0.5,0.56,0.2528571428571429,0,1
cycle_fixed,100,74,lasso,0.65,0.46153846153846156,0.6000000000000001,0.39583333333333337,0,1
cycle_fixed,100,74,MCP,0.65,0.5333333333333333,0.6666666666666667,0.41940476190476195,0,1
cycle_fixed,100,74,SCAD,0.65,0.5333333333333333,0.6733333333333333,0.4241666666666667,0,1
cycle_fixed,100,75,lasso,0.65,0.42857142857142855,0.4933333333333334,0.23023809523809524,0,1
cycle_fixed,100,75,MCP,0.65,0.42857142857142855,0.4933333333333334,0.23023809523809524,0,1
cycle_fixed,100,75,SCAD,0.65,0.42857142857142855,0.4933333333333334,0.23023809523809524,0,1
cycle_fixed,100,76,lasso,0.65,0.4444444444444444,0.5333333333333334,0.41527777777777775,0,0
cycle_fixed,100,76,MCP,0.65,0.4,0.52,0.39694444444444443,0,1
cycle_fixed,100,76,SCAD,0.65,0.4,0.52,0.39694444444444443,0,1
cycle_fixed,100,77,lasso,0.65,0.42857142857142855,0.5533333333333333,0.41000000000000003,0,1
cycle_fixed,100,77,MCP,0.65,0.4,0.5266666666666667,0.3987301587301587,0,1
cycle_fixed,100,77,SCAD,0.65,0.4,0.5333333333333333,0.4015079365079365,0,1
cycle_fixed,100,78,lasso,0.65,0.6,0.7533333333333334,0.5736111111111111,0,1
cycle_fixed,100,78,MCP,0.65,0.5454545454545454,0.7133333333333334,0.5116666666666667,0,1
cycle_fixed,100,78,SCAD,0.65,0.5454545454545454,0.72,0.5158333333333334,0,1
cycle_fixed,100,79,lasso,0.65,0.5333333333333333,0.68,0.4777380952380953,0,1
cycle_fixed,100,79,MCP,0.65,0.5333333333333333,0.68,0.47285714285714286,0,1
cycle_fixed,100,79,SCAD,0.65,0.5333333333333333,0.6733333333333333,0.46749999999999997,0,1
cycle_fixed,100,80,lasso,0.65,0.7272727272727273,0.8066666666666668,0.6499999999999999,0,1
cycle_fixed,100,80,MCP,0.65,0.75,0.8266666666666667,0.7066666666666666,0,0
cycle_fixed,100,80,SCAD,0.65,0.7272727272727273,0.8200000000000001,0.6983333333333333,0,1
cycle_fixed,100,81,lasso,0.65,0.5,0.6266666666666667,0.49273809523809525,0,1
cycle_fixed,100,81,MCP,0.65,0.6153846153846154,0.7466666666666668,0.6007142857142858,0,1
cycle_fixed,100,81,SCAD,0.65,0.5,0.5933333333333334,0.5046428571428572,0,1
cycle_fixed,100,82,lasso,0.65,0.5714285714285714,0.7333333333333334,0.6177777777777778,0,1
cycle_fixed,100,82,MCP,0.65,0.5714285714285714,0.7200000000000001,0.6091666666666666,0,0
cycle_fixed,100,82,SCAD,0.65,0.5714285714285714,0.7200000000000001,0.6091666666666666,0,0
cycle_fixed,100,83,lasso,0.65,0.5333333333333333,0.6733333333333333,0.4678571428571429,0,1
cycle_fixed,100,83,MCP,0.65,0.5714285714285714,0.6733333333333333,0.46634920634920635,0,1
cycle_fixed,100,83,SCAD,0.65,0.5714285714285714,0.6733333333333333,0.46634920634920635,0,1
cycle_fixed,100,84,lasso,0.65,0.6,0.7466666666666667,0.523611111111111,0,1
cycle_fixed,100,84,MCP,0.65,0.6,0.7533333333333334,0.5902777777777778,0,1
cycle_fixed,100,84,SCAD,0.65,0.6,0.7466666666666667,0.5236111111111111,0,1
cycle_fixed,100,85,lasso,0.65,0.7272727272727273,0.8066666666666668,0.7016666666666667,0,1
cycle_fixed,100,85,MCP,0.65,0.6153846153846154,0.7666666666666667,0.6478571428571429,0,1
cycle_fixed,100,85,SCAD,0.65,0.6153846153846154,0.76,0.6423015873015874,0,1
cycle_fixed,100,86,lasso,0.65,0.5333333333333333,0.6933333333333334,0.504404761904762,0,1
cycle_fixed,100,86,MCP,0.65,0.5714285714285714,0.66,0.45825396825396825,0,1
cycle_fixed,100,86,SCAD,0.65,0.5714285714285714,0.66,0.45825396825396825,0,1
cycle_fixed,100,87,lasso,0.65,0.46153846153846156,0.5466666666666667,0.2516666666666667,0,1
cycle_fixed,100,87,MCP,0.65,0.4,0.4733333333333334,0.22150793650793651,0,1
cycle_fixed,100,87,SCAD,0.65,0.4,0.5066666666666667,0.23246031746031745,0,1
cycle_fixed,100,88,lasso,0.65,0.6666666666666666,0.76,0.46063492063492056,0,1
cycle_fixed,100,88,MCP,0.65,0.6666666666666666,0.74,0.4466666666666666,0,1
cycle_fixed,100,88,SCAD,0.65,0.6666666666666666,0.74,0.4466666666666666,0,1
cycle_fixed,100,89,lasso,0.65,0.5,0.6066666666666667,0.435,0,0
cycle_fixed,100,89,MCP,0.65,0.5,0.6200000000000001,0.44273809523809526,0,0
cycle_fixed,100,89,SCAD,0.65,0.5,0.6200000000000001,0.44273809523809526,0,0
cycle_fixed,100,90,lasso,0.65,0.5714285714285714,0.6666666666666667,0.3161111111111111,0,1
cycle_fixed,100,90,MCP,0.65,0.5714285714285714,0.66,0.3113492063492064,0,1
cycle_fixed,100,90,SCAD,0.65,0.5714285714285714,0.6666666666666667,0.3196825396825397,0,1
cycle_fixed,100,91,lasso,0.65,0.46153846153846156,0.5066666666666667,0.23321428571428574,0,1
cycle_fixed,100,91,MCP,0.65,0.5333333333333333,0.5800000000000001,0.26154761904761903,0,1
cycle_fixed,100,91,SCAD,0.65,0.5333333333333333,0.5800000000000001,0.26630952380952383,0,1
cycle_fixed,100,92,lasso,0.65,0.42857142857142855,0.5333333333333334,0.25746031746031744,0,1
cycle_fixed,100,92,MCP,0.65,0.5333333333333333,0.64,0.30666666666666664,0,1
cycle_fixed,100,92,SCAD,0.65,0.5333333333333333,0.6333333333333334,0.3,0,1
cycle_fixed,100,93,lasso,0.65,0.42857142857142855,0.5733333333333334,0.2833333333333333,0,1
cycle_fixed,100,93,MCP,0.65,0.5333333333333333,0.66,0.3194047619047619,0,1
cycle_fixed,100,93,SCAD,0.65,0.5333333333333333,0.66,0.3194047619047619,0,1
cycle_fixed,100,94,lasso,0.65,0.5333333333333333,0.7066666666666668,0.5710714285714287,0,1
cycle_fixed,100,94,MCP,0.65,0.5714285714285714,0.7266666666666668,0.613015873015873,0,1
cycle_fixed,100,94,SCAD,0.65,0.5714285714285714,0.7200000000000001,0.5796825396825398,0,1
cycle_fixed,100,95,lasso,0.65,0.5,0.6533333333333333,0.5195238095238095,0,1
cycle_fixed,100,95,MCP,0.65,0.6666666666666666,0.7733333333333334,0.6106349206349206,0,0
cycle_fixed,100,95,SCAD,0.65,0.5714285714285714,0.7533333333333334,0.5689682539682539,0,1
cycle_fixed,100,96,lasso,0.65,0.6666666666666666,0.76,0.6466666666666666,0,0
cycle_fixed,100,96,MCP,0.65,0.5714285714285714,0.7466666666666667,0.606468253968254,0,0
cycle_fixed,100,96,SCAD,0.65,0.6,0.76,0.6236111111111111,0,0
cycle_fixed,100,97,lasso,0.65,0.6666666666666666,0.74,0.5271428571428571,0,0
cycle_fixed,100,97,MCP,0.65,0.6666666666666666,0.74,0.5271428571428571,0,0
cycle_fixed,100,97,SCAD,0.65,0.6666666666666666,0.74,0.5271428571428571,0,0
cycle_fixed,100,98,lasso,0.65,0.6153846153846154,0.7533333333333334,0.5645238095238095,0,1
cycle_fixed,100,98,MCP,0.65,0.6153846153846154,0.7533333333333334,0.5645238095238095,0,1
cycle_fixed,100,98,SCAD,0.65,0.5,0.62,0.4885714285714286,0,0
cycle_fixed,100,99,lasso,0.65,0.4,0.48000000000000004,0.21817460317460313,0,1
cycle_fixed,100,99,MCP,0.65,0.4,0.46,0.2157936507936508,0,1
cycle_fixed,100,99,SCAD,0.65,0.4,0.48000000000000004,0.22412698412698412,0,1
cycle_fixed,200,0,lasso,0.65,0.6666666666666666,0.6866666666666668,0.6183333333333332,0,0
cycle_fixed,200,0,MCP,0.65,0.6,0.7666666666666667,0.6402777777777777,0,0
cycle_fixed,200,0,SCAD,0.65,0.6666666666666666,0.7733333333333334,0.6552777777777777,0,0
cycle_fixed,200,1,lasso,0.65,0.6666666666666666,0.7666666666666667,0.6883333333333334,0,1
cycle_fixed,200,1,MCP,0.65,0.6666666666666666,0.7666666666666667,0.6883333333333334,0,1
cycle_fixed,200,1,SCAD,0.65,0.6666666666666666,0.7666666666666667,0.6883333333333334,0,1
cycle_fixed,200,2,lasso,0.65,0.6666666666666666,0.78,0.5521428571428572,0,0
cycle_fixed,200,2,MCP,0.65,0.7272727272727273,0.7866666666666667,0.5616666666666668,0,0
cycle_fixed,200,2,SCAD,0.65,0.7272727272727273,0.8,0.5916666666666667,0,0
cycle_fixed,200,3,lasso,0.65,0.5714285714285714,0.7066666666666668,0.3536111111111111,0,0
cycle_fixed,200,3,MCP,0.65,0.6153846153846154,0.7200000000000001,0.36452380952380947,0,0
cycle_fixed,200,3,SCAD,0.65,0.6153846153846154,0.7200000000000001,0.36452380952380947,0,0
cycle_fixed,200,4,lasso,0.65,0.6153846153846154,0.7666666666666667,0.6478571428571429,0,1
cycle_fixed,200,4,MCP,0.65,0.6153846153846154,0.7666666666666667,0.6478571428571429,0,1
cycle_fixed,200,4,SCAD,0.65,0.6153846153846154,0.7666666666666667,0.6478571428571429,0,1
cycle_fixed,200,5,lasso,0.65,0.6666666666666666,0.7333333333333334,0.38880952380952377,0,1
cycle_fixed,200,5,MCP,0.65,0.7272727272727273,0.7466666666666667,0.4083333333333333,0,1
cycle_fixed,200,5,SCAD,0.65,0.6666666666666666,0.74,0.39880952380952384,0,1
cycle_fixed,200,6,lasso,0.65,0.5333333333333333,0.6466666666666667,0.30773809523809526,0,1
cycle_fixed,200,6,MCP,0.65,0.5714285714285714,0.6466666666666667,0.3082539682539683,0,1
cycle_fixed,200,6,SCAD,0.65,0.5714285714285714,0.6466666666666667,0.3082539682539683,0,1
cycle_fixed,200,7,lasso,0.65,0.6153846153846154,0.7533333333333334,0.5178571428571429,0,0
cycle_fixed,200,7,MCP,0.65,0.6153846153846154,0.7466666666666667,0.5125000000000001,0,0
cycle_fixed,200,7,SCAD,0.65,0.6666666666666666,0.7333333333333334,0.4836111111111111,0,0
cycle_fixed,200,8,lasso,0.65,0.5333333333333333,0.6866666666666668,0.48773809523809525,0,1
cycle_fixed,200,8,MCP,0.65,0.5333333333333333,0.6733333333333333,0.48000000000000004,0,1
cycle_fixed,200,8,SCAD,0.65,0.5333333333333333,0.6733333333333333,0.48000000000000004,0,1
cycle_fixed,200,9,lasso,0.65,0.7272727272727273,0.76,0.41833333333333333,0,1
cycle_fixed,200,9,MCP,0.65,0.7272727272727273,0.7666666666666667,0.4516666666666667,0,1
cycle_fixed,200,9,SCAD,0.65,0.7272727272727273,0.76,0.41833333333333333,0,1
cycle_fixed,200,10,lasso,0.65,0.6,0.6799999999999999,0.6200000000000001,0,1
cycle_fixed,200,10,MCP,0.65,0.6,0.68,0.6200000000000001,0,1
cycle_fixed,200,10,SCAD,0.65,0.6,0.68,0.6200000000000001,0,1
cycle_fixed,200,11,lasso,0.65,0.5454545454545454,0.7133333333333334,0.5183333333333333,0,0
cycle_fixed,200,11,MCP,0.65,0.5454545454545454,0.6866666666666668,0.47833333333333333,0,1
cycle_fixed,200,11,SCAD,0.65,0.5454545454545454,0.7066666666666668,0.5111904761904762,0,1
cycle_fixed,200,12,lasso,0.65,0.5333333333333333,0.6866666666666668,0.48773809523809525,0,1
cycle_fixed,200,12,MCP,0.65,0.5333333333333333,0.6866666666666668,0.48773809523809525,0,1
cycle_fixed,200,12,SCAD,0.65,0.5333333333333333,0.6866666666666668,0.48773809523809525,0,1
cycle_fixed,200,13,lasso,0.65,0.6153846153846154,0.78,0.6511904761904761,0,1
cycle_fixed,200,13,MCP,0.65,0.6153846153846154,0.78,0.6678571428571429,0,1
cycle_fixed,200,13,SCAD,0.65,0.6153846153846154,0.7733333333333334,0.6578571428571429,0,1
cycle_fixed,200,14,lasso,0.65,0.7272727272727273,0.8066666666666668,0.6483333333333333,0,1
cycle_fixed,200,14,MCP,0.65,0.7272727272727273,0.8066666666666668,0.6416666666666667,0,1
cycle_fixed,200,14,SCAD,0.65,0.7272727272727273,0.8,0.635,0,1
cycle_fixed,200,15,lasso,0.65,0.4,0.5133333333333334,0.23484126984126982,0,1
cycle_fixed,200,15,MCP,0.65,0.4,0.5133333333333334,0.2319047619047619,0,1
cycle_fixed,200,15,SCAD,0.65,0.42857142857142855,0.5266666666666666,0.23857142857142855,0,0
cycle_fixed,200,16,lasso,0.65,0.6666666666666666,0.7466666666666667,0.40547619047619043,0,0
cycle_fixed,200,16,MCP,0.65,0.6666666666666666,0.7333333333333334,0.3871428571428572,0,0
cycle_fixed,200,16,SCAD,0.65,0.6666666666666666,0.7266666666666667,0.37714285714285717,0,0
cycle_fixed,200,17,lasso,0.65,0.6666666666666666,0.6799999999999999,0.5683333333333332,0,1
cycle_fixed,200,17,MCP,0.65,0.6666666666666666,0.6799999999999999,0.5683333333333332,0,1
cycle_fixed,200,17,SCAD,0.65,0.6666666666666666,0.6799999999999999,0.5683333333333332,0,1
cycle_fixed,200,18,lasso,0.65,0.5714285714285714,0.7200000000000001,0.4898015873015873,0,1
cycle_fixed,200,18,MCP,0.65,0.5714285714285714,0.7466666666666667,0.5594444444444444,0,1
cycle_fixed,200,18,SCAD,0.65,0.5714285714285714,0.72,0.468968253968254,0,1
cycle_fixed,200,19,lasso,0.65,0.5714285714285714,0.7266666666666667,0.5202777777777778,0,1
cycle_fixed,200,19,MCP,0.65,0.5714285714285714,0.7266666666666668,0.5202777777777778,0,1
cycle_fixed,200,19,SCAD,0.65,0.5714285714285714,0.7266666666666668,0.5202777777777778,0,1
cycle_fixed,200,20,lasso,0.65,0.5333333333333333,0.6866666666666668,0.4811904761904762,0,1
cycle_fixed,200,20,MCP,0.65,0.5333333333333333,0.6933333333333334,0.48619047619047623,0,1
cycle_fixed,200,20,SCAD,0.65,0.5454545454545454,0.6933333333333334,0.48619047619047623,0,1
cycle_fixed,200,21,lasso,0.65,0.7272727272727273,0.7866666666666667,0.5683333333333334,0,1
cycle_fixed,200,21,MCP,0.65,0.7272727272727273,0.7866666666666667,0.5683333333333334,0,1
cycle_fixed,200,21,SCAD,0.65,0.7272727272727273,0.7866666666666667,0.5683333333333334,0,1
cycle_fixed,200,22,lasso,0.65,0.5333333333333333,0.68,0.4835714285714286,0,1
cycle_fixed,200,22,MCP,0.65,0.5333333333333333,0.68,0.47773809523809524,0,1
cycle_fixed,200,22,SCAD,0.65,0.5333333333333333,0.6733333333333333,0.4735714285714286,0,1
cycle_fixed,200,23,lasso,0.65,0.5,0.6266666666666667,0.4695238095238095,0,1
cycle_fixed,200,23,MCP,0.65,0.5333333333333333,0.7000000000000001,0.4991666666666667,0,1
cycle_fixed,200,23,SCAD,0.65,0.5333333333333333,0.6866666666666668,0.48833333333333334,0,1
cycle_fixed,200,24,lasso,0.65,0.5454545454545454,0.7266666666666667,0.5449999999999999,0,1
cycle_fixed,200,24,MCP,0.65,0.5454545454545454,0.7266666666666667,0.5449999999999999,0,1
cycle_fixed,200,24,SCAD,0.65,0.5454545454545454,0.7266666666666667,0.5449999999999999,0,1
cycle_fixed,200,25,lasso,0.65,0.5454545454545454,0.7000000000000001,0.44499999999999995,0,1
cycle_fixed,200,25,MCP,0.65,0.5454545454545454,0.6266666666666667,0.41666666666666663,0,1
cycle_fixed,200,25,SCAD,0.65,0.5454545454545454,0.6266666666666667,0.41666666666666663,0,1
cycle_fixed,200,26,lasso,0.65,0.46153846153846156,0.6066666666666667,0.40940476190476194,0,1
cycle_fixed,200,26,MCP,0.65,0.46153846153846156,0.6066666666666667,0.40940476190476194,0,1
cycle_fixed,200,26,SCAD,0.65,0.46153846153846156,0.6066666666666667,0.40940476190476194,0,1
cycle_fixed,200,27,lasso,0.65,0.5714285714285714,0.7400000000000001,0.556468253968254,0,1
cycle_fixed,200,27,MCP,0.65,0.6153846153846154,0.74,0.5507142857142857,0,1
cycle_fixed,200,27,SCAD,0.65,0.6153846153846154,0.74,0.5507142857142857,0,1
cycle_fixed,200,28,lasso,0.65,0.75,0.8200000000000001,0.7721428571428572,0,0
cycle_fixed,200,28,MCP,0.65,0.75,0.8200000000000001,0.772142857142857,0,0
cycle_fixed,200,28,SCAD,0.65,0.75,0.8200000000000001,0.772142857142857,0,0
cycle_fixed,200,29,lasso,0.65,0.6153846153846154,0.7066666666666668,0.49238095238095236,0,1
cycle_fixed,200,29,MCP,0.65,0.6666666666666666,0.74,0.5271428571428571,0,1
cycle_fixed,200,29,SCAD,0.65,0.6666666666666666,0.7200000000000001,0.5061904761904763,0,1
cycle_fixed,200,30,lasso,0.65,0.6,0.6733333333333333,0.5866666666666667,0,0
cycle_fixed,200,30,MCP,0.65,0.6,0.6466666666666667,0.49500000000000005,0,1
cycle_fixed,200,30,SCAD,0.65,0.6,0.6799999999999999,0.6033333333333333,0,1
cycle_fixed,200,31,lasso,0.65,0.5333333333333333,0.6733333333333333,0.46940476190476194,0,1
cycle_fixed,200,31,MCP,0.65,0.5333333333333333,0.6533333333333333,0.4529761904761905,0,1
cycle_fixed,200,31,SCAD,0.65,0.5333333333333333,0.6466666666666667,0.4496428571428572,0,1
cycle_fixed,200,32,lasso,0.65,0.75,0.8066666666666666,0.7578571428571428,0,0
cycle_fixed,200,32,MCP,0.65,0.75,0.7933333333333334,0.7469444444444444,0,0
cycle_fixed,200,32,SCAD,0.65,0.75,0.7933333333333334,0.7469444444444444,0,0
cycle_fixed,200,33,lasso,0.65,0.6666666666666666,0.5733333333333333,0.5385714285714285,0,1
cycle_fixed,200,33,MCP,0.65,0.6666666666666666,0.6799999999999999,0.585,0,1
cycle_fixed,200,33,SCAD,0.65,0.6666666666666666,0.6799999999999999,0.585,0,1
cycle_fixed,200,34,lasso,0.65,0.6,0.7266666666666667,0.5316666666666667,0,1
cycle_fixed,200,34,MCP,0.65,0.5454545454545454,0.7066666666666668,0.5016666666666667,0,1
cycle_fixed,200,34,SCAD,0.65,0.6,0.7266666666666667,0.5316666666666667,0,1
cycle_fixed,200,35,lasso,0.65,0.7272727272727273,0.8133333333333334,0.7183333333333333,0,1
cycle_fixed,200,35,MCP,0.65,0.8,0.8200000000000001,0.7316666666666667,0,0
cycle_fixed,200,35,SCAD,0.65,0.7272727272727273,0.8133333333333334,0.7183333333333333,0,1
cycle_fixed,200,36,lasso,0.65,0.46153846153846156,0.6133333333333334,0.4594047619047619,0,1
cycle_fixed,200,36,MCP,0.65,0.5714285714285714,0.7066666666666668,0.5011111111111111,0,1
cycle_fixed,200,36,SCAD,0.65,0.5714285714285714,0.7200000000000001,0.5231349206349206,0,1
cycle_fixed,200,37,lasso,0.65,0.7272727272727273,0.8066666666666666,0.6499999999999999,0,1
cycle_fixed,200,37,MCP,0.65,0.7272727272727273,0.8066666666666668,0.6499999999999999,0,1
cycle_fixed,200,37,SCAD,0.65,0.7272727272727273,0.8066666666666668,0.6499999999999999,0,1
cycle_fixed,200,38,lasso,0.65,0.6666666666666666,0.6933333333333334,0.6516666666666666,0,0
cycle_fixed,200,38,MCP,0.65,0.6,0.6799999999999999,0.6200000000000001,0,0
cycle_fixed,200,38,SCAD,0.65,0.6666666666666666,0.6866666666666666,0.6366666666666667,0,0
cycle_fixed,200,39,lasso,0.65,0.75,0.7933333333333334,0.7469444444444444,0,0
cycle_fixed,200,39,MCP,0.65,0.75,0.7933333333333334,0.7469444444444444,0,0
cycle_fixed,200,39,SCAD,0.65,0.75,0.7933333333333334,0.7469444444444444,0,0
cycle_fixed,200,40,lasso,0.65,0.5333333333333333,0.6333333333333334,0.295,0,1
cycle_fixed,200,40,MCP,0.65,0.5333333333333333,0.6533333333333333,0.31333333333333335,0,1
cycle_fixed,200,40,SCAD,0.65,0.5333333333333333,0.64,0.2985714285714286,0,1
cycle_fixed,200,41,lasso,0.65,0.6666666666666666,0.78,0.7175,0,0
cycle_fixed,200,41,MCP,0.65,0.6666666666666666,0.8,0.7328571428571429,0,0
cycle_fixed,200,41,SCAD,0.65,0.75,0.8,0.7328571428571429,0,0
cycle_fixed,200,42,lasso,0.65,0.6,0.7666666666666667,0.6983333333333334,0,0
cycle_fixed,200,42,MCP,0.65,0.6666666666666666,0.8066666666666668,0.74,0,0
cycle_fixed,200,42,SCAD,0.65,0.6666666666666666,0.8,0.7250000000000001,0,0
cycle_fixed,200,43,lasso,0.65,0.6,0.7466666666666667,0.5983333333333334,0,1
cycle_fixed,200,43,MCP,0.65,0.6666666666666666,0.7666666666666667,0.6799999999999999,0,1
cycle_fixed,200,43,SCAD,0.65,0.6666666666666666,0.7466666666666667,0.5983333333333334,0,1
cycle_fixed,200,44,lasso,0.65,0.6,0.7333333333333334,0.515,0,1
cycle_fixed,200,44,MCP,0.65,0.6666666666666666,0.7466666666666667,0.5466666666666666,0,1
cycle_fixed,200,44,SCAD,0.65,0.6666666666666666,0.7466666666666667,0.5466666666666666,0,1
cycle_fixed,200,45,lasso,0.65,0.6666666666666666,0.7466666666666667,0.4954761904761905,0,1
cycle_fixed,200,45,MCP,0.65,0.6666666666666666,0.7466666666666667,0.4954761904761905,0,1
cycle_fixed,200,45,SCAD,0.65,0.6666666666666666,0.7466666666666667,0.4954761904761905,0,1
cycle_fixed,200,46,lasso,0.65,0.5714285714285714,0.7200000000000001,0.5023015873015872,0,1
cycle_fixed,200,46,MCP,0.65,0.5454545454545454,0.6266666666666667,0.465,0,1
cycle_fixed,200,46,SCAD,0.65,0.5454545454545454,0.6266666666666667,0.465,0,1
cycle_fixed,200,47,lasso,0.65,0.5714285714285714,0.6933333333333334,0.43813492063492065,0,0
cycle_fixed,200,47,MCP,0.65,0.6153846153846154,0.7000000000000001,0.4423809523809524,0,0
cycle_fixed,200,47,SCAD,0.65,0.6153846153846154,0.7133333333333334,0.45571428571428574,0,0
cycle_fixed,200,48,lasso,0.65,0.5,0.6200000000000001,0.3475,0,0
cycle_fixed,200,48,MCP,0.65,0.5714285714285714,0.7133333333333334,0.3911111111111111,0,1
cycle_fixed,200,48,SCAD,0.65,0.5714285714285714,0.7200000000000001,0.39515873015873015,0,1
cycle_fixed,200,49,lasso,0.65,0.6666666666666666,0.7733333333333333,0.7133333333333334,0,0
cycle_fixed,200,49,MCP,0.65,0.6666666666666666,0.7733333333333334,0.7133333333333334,0,0
cycle_fixed,200,49,SCAD,0.65,0.6666666666666666,0.7733333333333334,0.7133333333333334,0,0
cycle_fixed,200,50,lasso,0.65,0.4444444444444444,0.5800000000000001,0.31222222222222223,0,1
cycle_fixed,200,50,MCP,0.65,0.4444444444444444,0.5800000000000001,0.31222222222222223,0,1
cycle_fixed,200,50,SCAD,0.65,0.4444444444444444,0.5800000000000001,0.31222222222222223,0,1
cycle_fixed,200,51,lasso,0.65,0.6,0.7533333333333334,0.5736111111111111,0,0
cycle_fixed,200,51,MCP,0.65,0.6,0.76,0.5902777777777777,0,0
cycle_fixed,200,51,SCAD,0.65,0.6,0.76,0.5902777777777777,0,0
cycle_fixed,200,52,lasso,0.65,0.5714285714285714,0.6666666666666667,0.6000000000000001,0,0
cycle_fixed,200,52,MCP,0.65,0.5714285714285714,0.6733333333333333,0.6100000000000001,0,0
cycle_fixed,200,52,SCAD,0.65,0.6,0.6799999999999999,0.6200000000000001,0,0
cycle_fixed,200,53,lasso,0.65,0.5454545454545454,0.62,0.3628174603174603,0,1
cycle_fixed,200,53,MCP,0.65,0.5714285714285714,0.7266666666666667,0.4036111111111111,0,1
cycle_fixed,200,53,SCAD,0.65,0.5714285714285714,0.7266666666666667,0.4036111111111111,0,1
cycle_fixed,200,54,lasso,0.65,0.5714285714285714,0.7533333333333334,0.655,0,0
cycle_fixed,200,54,MCP,0.65,0.6,0.76,0.665,0,0
cycle_fixed,200,54,SCAD,0.65,0.6666666666666666,0.7666666666666667,0.6799999999999999,0,0
cycle_fixed,200,55,lasso,0.65,0.5714285714285714,0.7200000000000001,0.38027777777777777,0,1
cycle_fixed,200,55,MCP,0.65,0.5714285714285714,0.6933333333333334,0.34480158730158733,0,1
cycle_fixed,200,55,SCAD,0.65,0.5714285714285714,0.7000000000000001,0.35194444444444445,0,1
cycle_fixed,200,56,lasso,0.65,0.75,0.8133333333333335,0.7649999999999999,0,0
cycle_fixed,200,56,MCP,0.65,0.75,0.8066666666666668,0.7578571428571428,0,0
cycle_fixed,200,56,SCAD,0.65,0.75,0.8066666666666668,0.7578571428571428,0,0
cycle_fixed,200,57,lasso,0.65,0.5454545454545454,0.6733333333333333,0.32666666666666666,0,1
cycle_fixed,200,57,MCP,0.65,0.5454545454545454,0.68,0.335,0,1
cycle_fixed,200,57,SCAD,0.65,0.5454545454545454,0.68,0.335,0,1
cycle_fixed,200,58,lasso,0.65,0.6153846153846154,0.7533333333333334,0.634047619047619,0,1
cycle_fixed,200,58,MCP,0.65,0.6666666666666666,0.7866666666666667,0.6721428571428572,0,1
cycle_fixed,200,58,SCAD,0.65,0.6153846153846154,0.78,0.665,0,1
cycle_fixed,200,59,lasso,0.65,0.6153846153846154,0.6933333333333334,0.36301587301587307,0,1
cycle_fixed,200,59,MCP,0.65,0.4444444444444444,0.5933333333333334,0.3183333333333333,0,0
cycle_fixed,200,59,SCAD,0.65,0.4444444444444444,0.5933333333333334,0.3183333333333333,0,0
cycle_fixed,200,60,lasso,0.65,0.5714285714285714,0.6666666666666667,0.3176984126984127,0,1
cycle_fixed,200,60,MCP,0.65,0.5714285714285714,0.6666666666666667,0.3196825396825397,0,1
cycle_fixed,200,60,SCAD,0.65,0.5714285714285714,0.6666666666666667,0.3196825396825397,0,1
cycle_fixed,200,61,lasso,0.65,0.6,0.7466666666666667,0.4402777777777777,0,1
cycle_fixed,200,61,MCP,0.65,0.6666666666666666,0.76,0.4606349206349206,0,1
cycle_fixed,200,61,SCAD,0.65,0.6666666666666666,0.7533333333333334,0.4552777777777778,0,1
cycle_fixed,200,62,lasso,0.65,0.6666666666666666,0.58,0.4738095238095238,0,1
cycle_fixed,200,62,MCP,0.65,0.6,0.74,0.5316666666666666,0,1
cycle_fixed,200,62,SCAD,0.65,0.6,0.74,0.5316666666666666,0,1
cycle_fixed,200,63,lasso,0.65,0.6153846153846154,0.7266666666666667,0.5078571428571428,0,1
cycle_fixed,200,63,MCP,0.65,0.6153846153846154,0.7000000000000001,0.4835714285714286,0,1
cycle_fixed,200,63,SCAD,0.65,0.6153846153846154,0.7000000000000001,0.4835714285714286,0,1
cycle_fixed,200,64,lasso,0.65,0.5714285714285714,0.7066666666666668,0.358968253968254,0,1
cycle_fixed,200,64,MCP,0.65,0.5714285714285714,0.68,0.33444444444444443,0,1
cycle_fixed,200,64,SCAD,0.65,0.5714285714285714,0.6866666666666668,0.3398015873015873,0,1
cycle_fixed,200,65,lasso,0.65,0.5454545454545454,0.6866666666666668,0.3433333333333333,0,1
cycle_fixed,200,65,MCP,0.65,0.5454545454545454,0.6133333333333333,0.315,0,1
cycle_fixed,200,65,SCAD,0.65,0.6,0.6133333333333333,0.315,0,1
cycle_fixed,200,66,lasso,0.65,0.6666666666666666,0.7266666666666668,0.6638095238095238,0,1
cycle_fixed,200,66,MCP,0.65,0.6666666666666666,0.78,0.6592857142857143,0,1
cycle_fixed,200,66,SCAD,0.65,0.6666666666666666,0.7866666666666667,0.6721428571428572,0,1
cycle_fixed,200,67,lasso,0.65,0.5,0.6133333333333333,0.4511904761904762,0,1
cycle_fixed,200,67,MCP,0.65,0.5714285714285714,0.6933333333333334,0.48603174603174604,0,1
cycle_fixed,200,67,SCAD,0.65,0.5714285714285714,0.6866666666666668,0.47603174603174603,0,1
cycle_fixed,200,68,lasso,0.65,0.46153846153846156,0.6133333333333334,0.4594047619047619,0,1
cycle_fixed,200,68,MCP,0.65,0.5714285714285714,0.7066666666666668,0.5130158730158731,0,1
cycle_fixed,200,68,SCAD,0.65,0.5714285714285714,0.7066666666666668,0.5130158730158731,0,1
cycle_fixed,200,69,lasso,0.65,0.8888888888888888,0.8600000000000001,0.865,0,0
cycle_fixed,200,69,MCP,0.65,0.8,0.8533333333333334,0.845,0,1
cycle_fixed,200,69,SCAD,0.65,0.8888888888888888,0.8600000000000001,0.865,0,0
cycle_fixed,200,70,lasso,0.65,0.5714285714285714,0.7333333333333334,0.5036111111111111,0,1
cycle_fixed,200,70,MCP,0.65,0.5714285714285714,0.7333333333333334,0.5036111111111111,0,1
cycle_fixed,200,70,SCAD,0.65,0.5714285714285714,0.7333333333333334,0.5036111111111111,0,1
cycle_fixed,200,71,lasso,0.65,0.6666666666666666,0.7866666666666667,0.6233333333333333,0,0
cycle_fixed,200,71,MCP,0.65,0.6666666666666666,0.7666666666666667,0.6052777777777778,0,0
cycle_fixed,200,71,SCAD,0.65,0.6666666666666666,0.7666666666666667,0.6052777777777778,0,0
cycle_fixed,200,72,lasso,0.65,0.4444444444444444,0.5733333333333334,0.37888888888888883,0,1
cycle_fixed,200,72,MCP,0.65,0.4444444444444444,0.5733333333333334,0.37888888888888883,0,1
cycle_fixed,200,72,SCAD,0.65,0.4444444444444444,0.5733333333333334,0.37888888888888883,0,1
cycle_fixed,200,73,lasso,0.65,0.5333333333333333,0.68,0.47583333333333333,0,1
cycle_fixed,200,73,MCP,0.65,0.5454545454545454,0.7000000000000001,0.49333333333333335,0,0
cycle_fixed,200,73,SCAD,0.65,0.5454545454545454,0.6933333333333334,0.48833333333333334,0,0
cycle_fixed,200,74,lasso,0.65,0.6666666666666666,0.7666666666666667,0.6799999999999999,0,0
cycle_fixed,200,74,MCP,0.65,0.5714285714285714,0.76,0.6883333333333334,0,0
cycle_fixed,200,74,SCAD,0.65,0.6,0.76,0.6883333333333334,0,1
cycle_fixed,200,75,lasso,0.65,0.5333333333333333,0.6533333333333333,0.4116666666666667,0,1
cycle_fixed,200,75,MCP,0.65,0.5333333333333333,0.66,0.4183333333333334,0,1
cycle_fixed,200,75,SCAD,0.65,0.5333333333333333,0.6533333333333333,0.41000000000000003,0,1
cycle_fixed,200,76,lasso,0.65,0.6666666666666666,0.78,0.48047619047619045,0,1
cycle_fixed,200,76,MCP,0.65,0.6666666666666666,0.7733333333333334,0.4733333333333333,0,0
cycle_fixed,200,76,SCAD,0.65,0.6666666666666666,0.7733333333333334,0.4733333333333333,0,0
cycle_fixed,200,77,lasso,0.65,0.6666666666666666,0.74,0.39880952380952384,0,1
cycle_fixed,200,77,MCP,0.65,0.6666666666666666,0.74,0.3921428571428572,0,1
cycle_fixed,200,77,SCAD,0.65,0.6666666666666666,0.7333333333333334,0.39166666666666666,0,1
cycle_fixed,200,78,lasso,0.65,0.5714285714285714,0.7066666666666668,0.4796825396825397,0,1
cycle_fixed,200,78,MCP,0.65,0.5333333333333333,0.68,0.35440476190476194,0,1
cycle_fixed,200,78,SCAD,0.65,0.5333333333333333,0.6933333333333334,0.4710714285714286,0,1
cycle_fixed,200,79,lasso,0.65,0.6153846153846154,0.76,0.5345238095238096,0,1
cycle_fixed,200,79,MCP,0.65,0.6153846153846154,0.7666666666666667,0.5845238095238094,0,1
cycle_fixed,200,79,SCAD,0.65,0.6153846153846154,0.76,0.5345238095238095,0,1
cycle_fixed,200,80,lasso,0.65,0.5,0.6066666666666667,0.3095238095238095,0,1
cycle_fixed,200,80,MCP,0.65,0.5714285714285714,0.6866666666666668,0.33980158730158727,0,1
cycle_fixed,200,80,SCAD,0.65,0.5714285714285714,0.6866666666666668,0.33980158730158727,0,1
cycle_fixed,200,81,lasso,0.65,0.5454545454545454,0.6266666666666667,0.33333333333333337,0,0
cycle_fixed,200,81,MCP,0.65,0.5333333333333333,0.6933333333333334,0.35916666666666663,0,1
cycle_fixed,200,81,SCAD,0.65,0.5333333333333333,0.7000000000000001,0.3645238095238095,0,1
cycle_fixed,200,82,lasso,0.65,0.5454545454545454,0.7266666666666667,0.5383333333333333,0,1
cycle_fixed,200,82,MCP,0.65,0.6,0.74,0.565,0,0
cycle_fixed,200,82,SCAD,0.65,0.6,0.7266666666666667,0.5383333333333333,0,0
cycle_fixed,200,83,lasso,0.65,0.5714285714285714,0.7266666666666667,0.4036111111111111,0,1
cycle_fixed,200,83,MCP,0.65,0.5333333333333333,0.7000000000000001,0.38249999999999995,0,1
cycle_fixed,200,83,SCAD,0.65,0.5333333333333333,0.7066666666666668,0.38785714285714284,0,1
cycle_fixed,200,84,lasso,0.65,0.7272727272727273,0.8,0.6,0,1
cycle_fixed,200,84,MCP,0.65,0.8,0.8133333333333335,0.6283333333333333,0,1
cycle_fixed,200,84,SCAD,0.65,0.8,0.8133333333333335,0.6283333333333333,0,1
cycle_fixed,200,85,lasso,0.65,0.6666666666666666,0.6933333333333334,0.6516666666666666,0,0
cycle_fixed,200,85,MCP,0.65,0.6666666666666666,0.76,0.6466666666666666,0,0
cycle_fixed,200,85,SCAD,0.65,0.6666666666666666,0.76,0.6466666666666666,0,0
cycle_fixed,200,86,lasso,0.65,0.5,0.6333333333333333,0.48619047619047623,0,1
cycle_fixed,200,86,MCP,0.65,0.4444444444444444,0.6066666666666667,0.4683333333333333,0,1
cycle_fixed,200,86,SCAD,0.65,0.4444444444444444,0.6066666666666667,0.4683333333333333,0,1
cycle_fixed,200,87,lasso,0.65,0.5454545454545454,0.6933333333333334,0.355,0,1
cycle_fixed,200,87,MCP,0.65,0.6666666666666666,0.7466666666666667,0.40214285714285714,0,1
cycle_fixed,200,87,SCAD,0.65,0.7272727272727273,0.7533333333333334,0.4116666666666667,0,1
cycle_fixed,200,88,lasso,0.65,0.5454545454545454,0.7133333333333334,0.4783333333333334,0,1
cycle_fixed,200,88,MCP,0.65,0.5333333333333333,0.7066666666666668,0.4811904761904762,0,1
cycle_fixed,200,88,SCAD,0.65,0.5333333333333333,0.7000000000000001,0.46452380952380956,0,1
cycle_fixed,200,89,lasso,0.65,0.6666666666666666,0.7866666666666667,0.6661904761904762,0,1
cycle_fixed,200,89,MCP,0.65,0.6666666666666666,0.7666666666666667,0.6799999999999999,0,1
cycle_fixed,200,89,SCAD,0.65,0.6666666666666666,0.76,0.6466666666666667,0,1
cycle_fixed,200,90,lasso,0.65,0.6153846153846154,0.7066666666666668,0.3507142857142857,0,1
cycle_fixed,200,90,MCP,0.65,0.5714285714285714,0.7066666666666668,0.358968253968254,0,1
cycle_fixed,200,90,SCAD,0.65,0.6153846153846154,0.7200000000000001,0.3645238095238095,0,1
cycle_fixed,200,91,lasso,0.65,0.7272727272727273,0.8,0.5149999999999999,0,1
cycle_fixed,200,91,MCP,0.65,0.7272727272727273,0.7933333333333334,0.49833333333333335,0,1
cycle_fixed,200,91,SCAD,0.65,0.7272727272727273,0.7866666666666667,0.485,0,1
cycle_fixed,200,92,lasso,0.65,0.6666666666666666,0.6799999999999999,0.5683333333333334,0,1
cycle_fixed,200,92,MCP,0.65,0.6,0.66,0.52,0,1
cycle_fixed,200,92,SCAD,0.65,0.6,0.6666666666666667,0.5366666666666666,0,1
cycle_fixed,200,93,lasso,0.65,0.6666666666666666,0.6733333333333333,0.51,0,1
cycle_fixed,200,93,MCP,0.65,0.6,0.74,0.5069444444444444,0,1
cycle_fixed,200,93,SCAD,0.65,0.6666666666666666,0.76,0.5552777777777778,0,1
cycle_fixed,200,94,lasso,0.65,0.5714285714285714,0.6866666666666668,0.47801587301587306,0,0
cycle_fixed,200,94,MCP,0.65,0.5333333333333333,0.64,0.4454761904761905,0,1
cycle_fixed,200,94,SCAD,0.65,0.5333333333333333,0.6200000000000001,0.4335714285714286,0,1
cycle_fixed,200,95,lasso,0.65,0.5333333333333333,0.64,0.29583333333333334,0,1
cycle_fixed,200,95,MCP,0.65,0.5333333333333333,0.6466666666666667,0.29738095238095236,0,1
cycle_fixed,200,95,SCAD,0.65,0.5333333333333333,0.6466666666666667,0.3011904761904762,0,1
cycle_fixed,200,96,lasso,0.65,0.6666666666666666,0.7533333333333334,0.4154761904761905,0,1
cycle_fixed,200,96,MCP,0.65,0.5,0.6133333333333333,0.3195238095238095,0,1
cycle_fixed,200,96,SCAD,0.65,0.5,0.6133333333333333,0.3195238095238095,0,1
cycle_fixed,200,97,lasso,0.65,0.4444444444444444,0.5066666666666667,0.36833333333333335,0,1
cycle_fixed,200,97,MCP,0.65,0.46153846153846156,0.6066666666666667,0.40940476190476194,0,1
cycle_fixed,200,97,SCAD,0.65,0.46153846153846156,0.6066666666666667,0.40940476190476194,0,1
cycle_fixed,200,98,lasso,0.65,0.5714285714285714,0.6666666666666667,0.6000000000000001,0,0
cycle_fixed,200,98,MCP,0.65,0.6,0.6733333333333333,0.61,0,1
cycle_fixed,200,98,SCAD,0.65,0.6,0.6666666666666667,0.6000000000000001,0,1
cycle_fixed,200,99,lasso,0.65,0.5714285714285714,0.7200000000000001,0.6085714285714285,0,0
cycle_fixed,200,99,MCP,0.65,0.6153846153846154,0.7533333333333334,0.634047619047619,0,1
cycle_fixed,200,99,SCAD,0.65,0.6153846153846154,0.7533333333333334,0.634047619047619,0,1
cycle_fixed,500,0,lasso,0.65,0.5454545454545454,0.7133333333333334,0.5116666666666667,0,1
cycle_fixed,500,0,MCP,0.65,0.5454545454545454,0.72,0.5283333333333333,0,1
cycle_fixed,500,0,SCAD,0.65,0.5454545454545454,0.7133333333333334,0.5116666666666667,0,1
cycle_fixed,500,1,lasso,0.65,0.7272727272727273,0.8200000000000001,0.7333333333333334,0,1
cycle_fixed,500,1,MCP,0.65,0.6666666666666666,0.8066666666666668,0.7138095238095238,0,1
cycle_fixed,500,1,SCAD,0.65,0.6666666666666666,0.8133333333333335,0.7238095238095238,0,1
cycle_fixed,500,2,lasso,0.65,0.6666666666666666,0.76,0.5154761904761905,0,1
cycle_fixed,500,2,MCP,0.65,0.6666666666666666,0.76,0.5088095238095238,0,1
cycle_fixed,500,2,SCAD,0.65,0.6666666666666666,0.76,0.5088095238095238,0,1
cycle_fixed,500,3,lasso,0.65,0.8,0.8266666666666667,0.7283333333333333,0,1
cycle_fixed,500,3,MCP,0.65,0.8,0.8266666666666668,0.7283333333333333,0,1
cycle_fixed,500,3,SCAD,0.65,0.8,0.8266666666666668,0.7283333333333333,0,1
cycle_fixed,500,4,lasso,0.65,0.7272727272727273,0.78,0.585,0,1
cycle_fixed,500,4,MCP,0.65,0.7272727272727273,0.78,0.585,0,1
cycle_fixed,500,4,SCAD,0.65,0.7272727272727273,0.78,0.585,0,1
cycle_fixed,500,5,lasso,0.65,0.5333333333333333,0.6333333333333334,0.4419047619047619,0,1
cycle_fixed,500,5,MCP,0.65,0.5333333333333333,0.6200000000000001,0.4335714285714286,0,1
cycle_fixed,500,5,SCAD,0.65,0.5333333333333333,0.6200000000000001,0.4335714285714286,0,1
cycle_fixed,500,6,lasso,0.65,0.5454545454545454,0.7000000000000001,0.49333333333333335,0,1
cycle_fixed,500,6,MCP,0.65,0.5454545454545454,0.7000000000000001,0.49333333333333335,0,1
cycle_fixed,500,6,SCAD,0.65,0.5454545454545454,0.7000000000000001,0.49333333333333335,0,1
cycle_fixed,500,7,lasso,0.65,0.6153846153846154,0.7666666666666667,0.5845238095238094,0,1
cycle_fixed,500,7,MCP,0.65,0.6153846153846154,0.7666666666666667,0.5816666666666667,0,1
cycle_fixed,500,7,SCAD,0.65,0.6,0.7533333333333334,0.5736111111111111,0,1
cycle_fixed,500,8,lasso,0.65,0.6666666666666666,0.78,0.6161904761904762,0,1
cycle_fixed,500,8,MCP,0.65,0.6666666666666666,0.7733333333333334,0.6106349206349206,0,1
cycle_fixed,500,8,SCAD,0.65,0.6666666666666666,0.7866666666666667,0.6233333333333333,0,1
cycle_fixed,500,9,lasso,0.65,0.7272727272727273,0.7533333333333334,0.4016666666666667,0,1
cycle_fixed,500,9,MCP,0.65,0.7272727272727273,0.7533333333333334,0.4016666666666667,0,1
cycle_fixed,500,9,SCAD,0.65,0.7272727272727273,0.7533333333333334,0.4016666666666667,0,1
cycle_fixed,500,10,lasso,0.65,0.6666666666666666,0.7733333333333334,0.7133333333333334,0,0
cycle_fixed,500,10,MCP,0.65,0.6666666666666666,0.7733333333333334,0.7133333333333334,0,0
cycle_fixed,500,10,SCAD,0.65,0.6666666666666666,0.7733333333333334,0.7133333333333334,0,0
cycle_fixed,500,11,lasso,0.65,0.6666666666666666,0.78,0.6161904761904762,0,1
cycle_fixed,500,11,MCP,0.65,0.6666666666666666,0.7933333333333334,0.6304761904761904,0,1
cycle_fixed,500,11,SCAD,0.65,0.6666666666666666,0.7933333333333334,0.6304761904761904,0,1
cycle_fixed,500,12,lasso,0.65,0.5714285714285714,0.7266666666666668,0.5398015873015873,0,1
cycle_fixed,500,12,MCP,0.65,0.5714285714285714,0.7200000000000001,0.563015873015873,0,1
cycle_fixed,500,12,SCAD,0.65,0.5714285714285714,0.7133333333333334,0.5296825396825398,0,1
cycle_fixed,500,13,lasso,0.65,0.6666666666666666,0.7866666666666667,0.6154761904761905,0,1
cycle_fixed,500,13,MCP,0.65,0.7272727272727273,0.8,0.635,0,0
cycle_fixed,500,13,SCAD,0.65,0.7272727272727273,0.8,0.635,0,0
cycle_fixed,500,14,lasso,0.65,0.5454545454545454,0.66,0.30833333333333335,0,1
cycle_fixed,500,14,MCP,0.65,0.5333333333333333,0.6466666666666667,0.30452380952380953,0,1
cycle_fixed,500,14,SCAD,0.65,0.5454545454545454,0.6533333333333333,0.31166666666666665,0,1
cycle_fixed,500,15,lasso,0.65,0.6666666666666666,0.78,0.5988095238095239,0,1
cycle_fixed,500,15,MCP,0.65,0.6666666666666666,0.7733333333333334,0.5821428571428573,0,1
cycle_fixed,500,15,SCAD,0.65,0.6666666666666666,0.78,0.5988095238095239,0,1
cycle_fixed,500,16,lasso,0.65,0.6153846153846154,0.78,0.6678571428571429,0,1
cycle_fixed,500,16,MCP,0.65,0.6153846153846154,0.78,0.6678571428571429,0,1
cycle_fixed,500,16,SCAD,0.65,0.6153846153846154,0.78,0.6678571428571429,0,1
cycle_fixed,500,17,lasso,0.65,0.5714285714285714,0.7333333333333334,0.5464682539682539,0,1
cycle_fixed,500,17,MCP,0.65,0.5714285714285714,0.7133333333333334,0.5296825396825398,0,1
cycle_fixed,500,17,SCAD,0.65,0.5714285714285714,0.7200000000000001,0.5344444444444445,0,1
cycle_fixed,500,18,lasso,0.65,0.8,0.8466666666666667,0.8200000000000001,0,1
cycle_fixed,500,18,MCP,0.65,0.8,0.8466666666666667,0.8200000000000001,0,1
cycle_fixed,500,18,SCAD,0.65,0.8,0.8466666666666667,0.8200000000000001,0,1
cycle_fixed,500,19,lasso,0.65,0.5714285714285714,0.68,0.4711111111111111,0,1
cycle_fixed,500,19,MCP,0.65,0.5714285714285714,0.6933333333333334,0.4818253968253968,0,1
cycle_fixed,500,19,SCAD,0.65,0.6153846153846154,0.7133333333333334,0.4990476190476191,0,0
cycle_fixed,500,20,lasso,0.65,0.8,0.8400000000000001,0.7949999999999999,0,0
cycle_fixed,500,20,MCP,0.65,0.7272727272727273,0.8266666666666668,0.7666666666666666,0,0
cycle_fixed,500,20,SCAD,0.65,0.7272727272727273,0.8266666666666668,0.7666666666666666,0,0
cycle_fixed,500,21,lasso,0.65,0.5333333333333333,0.6733333333333333,0.4640476190476191,0,1
cycle_fixed,500,21,MCP,0.65,0.5714285714285714,0.68,0.47111111111111115,0,1
cycle_fixed,500,21,SCAD,0.65,0.5714285714285714,0.6733333333333333,0.4663492063492064,0,1
cycle_fixed,500,22,lasso,0.65,0.7272727272727273,0.78,0.5983333333333334,0,1
cycle_fixed,500,22,MCP,0.65,0.6666666666666666,0.7866666666666667,0.6154761904761905,0,1
cycle_fixed,500,22,SCAD,0.65,0.6666666666666666,0.7866666666666667,0.6154761904761905,0,1
cycle_fixed,500,23,lasso,0.65,0.8,0.8200000000000001,0.675,0,1
cycle_fixed,500,23,MCP,0.65,0.8,0.8200000000000001,0.6699999999999999,0,1
cycle_fixed,500,23,SCAD,0.65,0.8,0.8200000000000001,0.675,0,1
cycle_fixed,500,24,lasso,0.65,0.6153846153846154,0.7666666666666667,0.5845238095238096,0,1
cycle_fixed,500,24,MCP,0.65,0.6153846153846154,0.7400000000000001,0.5507142857142857,0,1
cycle_fixed,500,24,SCAD,0.65,0.6153846153846154,0.7533333333333334,0.5673809523809523,0,1
cycle_fixed,500,25,lasso,0.65,0.5714285714285714,0.66,0.5894444444444444,0,1
cycle_fixed,500,25,MCP,0.65,0.5714285714285714,0.7466666666666668,0.6284920634920635,0,1
cycle_fixed,500,25,SCAD,0.65,0.6153846153846154,0.7533333333333334,0.6340476190476191,0,1
cycle_fixed,500,26,lasso,0.65,0.6666666666666666,0.7933333333333334,0.6304761904761904,0,1
cycle_fixed,500,26,MCP,0.65,0.6666666666666666,0.7933333333333334,0.6304761904761904,0,1
cycle_fixed,500,26,SCAD,0.65,0.6666666666666666,0.7933333333333334,0.6304761904761904,0,1
cycle_fixed,500,27,lasso,0.65,0.5454545454545454,0.7066666666666667,0.4491666666666666,0,1
cycle_fixed,500,27,MCP,0.65,0.5454545454545454,0.7,0.44499999999999995,0,1
cycle_fixed,500,27,SCAD,0.65,0.5454545454545454,0.7,0.44499999999999995,0,1
cycle_fixed,500,28,lasso,0.65,0.6153846153846154,0.7266666666666668,0.5173809523809523,0,1
cycle_fixed,500,28,MCP,0.65,0.6153846153846154,0.7266666666666668,0.515,0,1
cycle_fixed,500,28,SCAD,0.65,0.6153846153846154,0.7266666666666668,0.515,0,1
cycle_fixed,500,29,lasso,0.65,0.6153846153846154,0.7333333333333334,0.5211904761904762,0,1
cycle_fixed,500,29,MCP,0.65,0.6666666666666666,0.7533333333333334,0.5471428571428572,0,1
cycle_fixed,500,29,SCAD,0.65,0.6666666666666666,0.7466666666666667,0.5371428571428571,0,1
cycle_fixed,500,30,lasso,0.65,0.6,0.7666666666666667,0.6569444444444446,0,1
cycle_fixed,500,30,MCP,0.65,0.6,0.7666666666666667,0.6569444444444446,0,0
cycle_fixed,500,30,SCAD,0.65,0.6,0.76,0.6469444444444445,0,0
cycle_fixed,500,31,lasso,0.65,0.7272727272727273,0.8066666666666668,0.7016666666666667,0,0
cycle_fixed,500,31,MCP,0.65,0.7272727272727273,0.8066666666666668,0.6983333333333334,0,0
cycle_fixed,500,31,SCAD,0.65,0.7272727272727273,0.8066666666666668,0.6983333333333334,0,0
cycle_fixed,500,32,lasso,0.65,0.6,0.7666666666666667,0.6569444444444446,0,1
cycle_fixed,500,32,MCP,0.65,0.6153846153846154,0.7666666666666667,0.6478571428571429,0,0
cycle_fixed,500,32,SCAD,0.65,0.6153846153846154,0.7666666666666667,0.6478571428571429,0,0
cycle_fixed,500,33,lasso,0.65,0.7272727272727273,0.8066666666666668,0.7016666666666667,0,0
cycle_fixed,500,33,MCP,0.65,0.8,0.8333333333333335,0.7616666666666667,0,0
cycle_fixed,500,33,SCAD,0.65,0.8,0.8333333333333334,0.7616666666666667,0,0
cycle_fixed,500,34,lasso,0.65,0.6666666666666666,0.8066666666666668,0.7138095238095237,0,1
cycle_fixed,500,34,MCP,0.65,0.6666666666666666,0.78,0.6621428571428571,0,1
cycle_fixed,500,34,SCAD,0.65,0.6666666666666666,0.7866666666666667,0.6721428571428572,0,1
cycle_fixed,500,35,lasso,0.65,0.5714285714285714,0.74,0.6231349206349206,0,1
cycle_fixed,500,35,MCP,0.65,0.5714285714285714,0.7466666666666668,0.6284920634920634,0,1
cycle_fixed,500,35,SCAD,0.65,0.6153846153846154,0.7533333333333334,0.6340476190476191,0,1
cycle_fixed,500,36,lasso,0.65,0.6666666666666666,0.8066666666666668,0.6904761904761905,0,0
cycle_fixed,500,36,MCP,0.65,0.7272727272727273,0.8133333333333335,0.7,0,0
cycle_fixed,500,36,SCAD,0.65,0.6666666666666666,0.8066666666666668,0.6904761904761905,0,0
cycle_fixed,500,37,lasso,0.65,0.6153846153846154,0.7400000000000001,0.5507142857142857,0,1
cycle_fixed,500,37,MCP,0.65,0.5714285714285714,0.74,0.5469444444444445,0,1
cycle_fixed,500,37,SCAD,0.65,0.5714285714285714,0.7333333333333334,0.5469444444444445,0,1
cycle_fixed,500,38,lasso,0.65,0.6153846153846154,0.7266666666666667,0.3811904761904762,0,1
cycle_fixed,500,38,MCP,0.65,0.5714285714285714,0.7066666666666668,0.36313492063492064,0,1
cycle_fixed,500,38,SCAD,0.65,0.5714285714285714,0.7066666666666668,0.3602777777777778,0,1
cycle_fixed,500,39,lasso,0.65,0.6,0.7733333333333334,0.6736111111111112,0,1
cycle_fixed,500,39,MCP,0.65,0.5714285714285714,0.76,0.6469444444444445,0,1
cycle_fixed,500,39,SCAD,0.65,0.5714285714285714,0.76,0.6469444444444445,0,1
cycle_fixed,500,40,lasso,0.65,0.5714285714285714,0.7466666666666667,0.6298015873015873,0,1
cycle_fixed,500,40,MCP,0.65,0.6153846153846154,0.7533333333333334,0.6340476190476191,0,0
cycle_fixed,500,40,SCAD,0.65,0.6153846153846154,0.7533333333333334,0.6340476190476191,0,0
cycle_fixed,500,41,lasso,0.65,0.5714285714285714,0.7133333333333334,0.5019444444444445,0,1
cycle_fixed,500,41,MCP,0.65,0.5714285714285714,0.7133333333333334,0.5019444444444445,0,1
cycle_fixed,500,41,SCAD,0.65,0.5714285714285714,0.7133333333333334,0.5019444444444445,0,1
cycle_fixed,500,42,lasso,0.65,0.5714285714285714,0.7133333333333334,0.6021428571428571,0,0
cycle_fixed,500,42,MCP,0.65,0.5714285714285714,0.7133333333333334,0.6044047619047619,0,0
cycle_fixed,500,42,SCAD,0.65,0.5714285714285714,0.7133333333333334,0.6044047619047619,0,0
cycle_fixed,500,43,lasso,0.65,0.5333333333333333,0.6933333333333334,0.4478571428571429,0,1
cycle_fixed,500,43,MCP,0.65,0.5714285714285714,0.7066666666666668,0.45646825396825397,0,1
cycle_fixed,500,43,SCAD,0.65,0.5714285714285714,0.7066666666666668,0.45646825396825397,0,1
cycle_fixed,500,44,lasso,0.65,0.6666666666666666,0.7266666666666668,0.37714285714285717,0,1
cycle_fixed,500,44,MCP,0.65,0.6666666666666666,0.7266666666666667,0.37714285714285717,0,1
cycle_fixed,500,44,SCAD,0.65,0.6666666666666666,0.7266666666666667,0.37714285714285717,0,1
cycle_fixed,500,45,lasso,0.65,0.6,0.6733333333333333,0.5866666666666667,0,1
cycle_fixed,500,45,MCP,0.65,0.6666666666666666,0.7666666666666667,0.638611111111111,0,1
cycle_fixed,500,45,SCAD,0.65,0.6666666666666666,0.76,0.6236111111111111,0,1
cycle_fixed,500,46,lasso,0.65,0.6,0.7133333333333334,0.38166666666666665,0,1
cycle_fixed,500,46,MCP,0.65,0.6,0.7133333333333334,0.38166666666666665,0,1
cycle_fixed,500,46,SCAD,0.65,0.6,0.7133333333333334,0.38166666666666665,0,1
cycle_fixed,500,47,lasso,0.65,0.7272727272727273,0.8066666666666668,0.7016666666666667,0,1
cycle_fixed,500,47,MCP,0.65,0.8,0.8333333333333334,0.7616666666666667,0,1
cycle_fixed,500,47,SCAD,0.65,0.8,0.8333333333333334,0.7616666666666667,0,1
cycle_fixed,500,48,lasso,0.65,0.7272727272727273,0.8066666666666668,0.6416666666666667,0,0
cycle_fixed,500,48,MCP,0.65,0.6666666666666666,0.7933333333333334,0.6304761904761904,0,0
cycle_fixed,500,48,SCAD,0.65,0.6666666666666666,0.7933333333333334,0.6304761904761904,0,0
cycle_fixed,500,49,lasso,0.65,0.6666666666666666,0.7933333333333334,0.6995238095238094,0,0
cycle_fixed,500,49,MCP,0.65,0.75,0.8066666666666668,0.7316666666666667,0,0
cycle_fixed,500,49,SCAD,0.65,0.6666666666666666,0.8,0.7066666666666666,0,0
cycle_fixed,500,50,lasso,0.65,0.5454545454545454,0.7200000000000001,0.5216666666666667,0,1
cycle_fixed,500,50,MCP,0.65,0.5454545454545454,0.72,0.5216666666666667,0,1
cycle_fixed,500,50,SCAD,0.65,0.5454545454545454,0.72,0.5216666666666667,0,1
cycle_fixed,500,51,lasso,0.65,0.7272727272727273,0.8,0.665,0,0
cycle_fixed,500,51,MCP,0.65,0.7272727272727273,0.8,0.6516666666666667,0,0
cycle_fixed,500,51,SCAD,0.65,0.7272727272727273,0.8,0.665,0,0
cycle_fixed,500,52,lasso,0.65,0.7272727272727273,0.8,0.6683333333333333,0,1
cycle_fixed,500,52,MCP,0.65,0.6666666666666666,0.7733333333333334,0.6288095238095238,0,1
cycle_fixed,500,52,SCAD,0.65,0.6666666666666666,0.7733333333333334,0.6288095238095238,0,1
cycle_fixed,500,53,lasso,0.65,0.5714285714285714,0.7466666666666668,0.6284920634920634,0,1
cycle_fixed,500,53,MCP,0.65,0.5714285714285714,0.7400000000000001,0.6231349206349206,0,1
cycle_fixed,500,53,SCAD,0.65,0.5714285714285714,0.7400000000000001,0.6231349206349206,0,1
cycle_fixed,500,54,lasso,0.65,0.6666666666666666,0.6666666666666667,0.4183333333333333,0,1
cycle_fixed,500,54,MCP,0.65,0.6666666666666666,0.78,0.4804761904761904,0,1
cycle_fixed,500,54,SCAD,0.65,0.6666666666666666,0.78,0.4804761904761904,0,1
cycle_fixed,500,55,lasso,0.65,0.6,0.7333333333333334,0.515,0,1
cycle_fixed,500,55,MCP,0.65,0.6,0.7333333333333334,0.515,0,1
cycle_fixed,500,55,SCAD,0.65,0.6,0.7333333333333334,0.515,0,1
cycle_fixed,500,56,lasso,0.65,0.6666666666666666,0.7933333333333334,0.5821428571428571,0,1
cycle_fixed,500,56,MCP,0.65,0.6666666666666666,0.7933333333333334,0.5904761904761904,0,1
cycle_fixed,500,56,SCAD,0.65,0.6666666666666666,0.78,0.5571428571428572,0,1
cycle_fixed,500,57,lasso,0.65,0.6153846153846154,0.76,0.6145238095238095,0,1
cycle_fixed,500,57,MCP,0.65,0.6,0.76,0.6236111111111111,0,0
cycle_fixed,500,57,SCAD,0.65,0.5714285714285714,0.7533333333333334,0.6136111111111111,0,1
cycle_fixed,500,58,lasso,0.65,0.7272727272727273,0.8200000000000001,0.7333333333333334,0,1
cycle_fixed,500,58,MCP,0.65,0.7272727272727273,0.8266666666666667,0.7666666666666666,0,1
cycle_fixed,500,58,SCAD,0.65,0.7272727272727273,0.8266666666666667,0.7666666666666666,0,1
cycle_fixed,500,59,lasso,0.65,0.75,0.8333333333333334,0.7916666666666667,0,0
cycle_fixed,500,59,MCP,0.65,0.75,0.8333333333333334,0.7916666666666667,0,0
cycle_fixed,500,59,SCAD,0.65,0.75,0.8333333333333334,0.7916666666666667,0,0
cycle_fixed,500,60,lasso,0.65,0.7272727272727273,0.8333333333333334,0.7816666666666666,0,1
cycle_fixed,500,60,MCP,0.65,0.75,0.8400000000000001,0.8066666666666666,0,0
cycle_fixed,500,60,SCAD,0.65,0.75,0.8400000000000001,0.8066666666666666,0,0
cycle_fixed,500,61,lasso,0.65,0.6666666666666666,0.8,0.6988095238095238,0,1
cycle_fixed,500,61,MCP,0.65,0.7272727272727273,0.8133333333333334,0.7183333333333333,0,1
cycle_fixed,500,61,SCAD,0.65,0.7272727272727273,0.8200000000000001,0.7333333333333334,0,1
cycle_fixed,500,62,lasso,0.65,0.5714285714285714,0.7133333333333334,0.6044047619047619,0,0
cycle_fixed,500,62,MCP,0.65,0.5714285714285714,0.7000000000000001,0.595,0,0
cycle_fixed,500,62,SCAD,0.65,0.5714285714285714,0.7000000000000001,0.595,0,0
cycle_fixed,500,63,lasso,0.65,0.7272727272727273,0.8066666666666668,0.7016666666666667,0,1
cycle_fixed,500,63,MCP,0.65,0.7272727272727273,0.8200000000000001,0.7333333333333334,0,1
cycle_fixed,500,63,SCAD,0.65,0.7272727272727273,0.8200000000000001,0.7333333333333334,0,1
cycle_fixed,500,64,lasso,0.65,0.5454545454545454,0.7333333333333334,0.5549999999999999,0,1
cycle_fixed,500,64,MCP,0.65,0.6,0.74,0.565,0,1
cycle_fixed,500,64,SCAD,0.65,0.6,0.74,0.565,0,1
cycle_fixed,500,65,lasso,0.65,0.6666666666666666,0.78,0.6161904761904762,0,0
cycle_fixed,500,65,MCP,0.65,0.6666666666666666,0.7866666666666667,0.6233333333333333,0,0
cycle_fixed,500,65,SCAD,0.65,0.6666666666666666,0.7866666666666667,0.6233333333333333,0,0
cycle_fixed,500,66,lasso,0.65,0.5714285714285714,0.74,0.5469444444444445,0,1
cycle_fixed,500,66,MCP,0.65,0.5714285714285714,0.6866666666666668,0.476468253968254,0,1
cycle_fixed,500,66,SCAD,0.65,0.5714285714285714,0.7133333333333334,0.5064682539682539,0,1
cycle_fixed,500,67,lasso,0.65,0.7272727272727273,0.8266666666666667,0.7483333333333333,0,0
cycle_fixed,500,67,MCP,0.65,0.6666666666666666,0.8133333333333334,0.7238095238095237,0,0
cycle_fixed,500,67,SCAD,0.65,0.7272727272727273,0.8200000000000001,0.7333333333333334,0,0
cycle_fixed,500,68,lasso,0.65,0.8,0.8333333333333334,0.7616666666666667,0,1
cycle_fixed,500,68,MCP,0.65,0.7272727272727273,0.8200000000000001,0.7333333333333334,0,1
cycle_fixed,500,68,SCAD,0.65,0.7272727272727273,0.8200000000000001,0.7333333333333334,0,1
cycle_fixed,500,69,lasso,0.65,0.6666666666666666,0.7866666666666667,0.6939682539682539,0,0
cycle_fixed,500,69,MCP,0.65,0.6666666666666666,0.7933333333333334,0.6995238095238095,0,0
cycle_fixed,500,69,SCAD,0.65,0.6666666666666666,0.7933333333333334,0.6995238095238095,0,0
cycle_fixed,500,70,lasso,0.65,0.6,0.7533333333333334,0.5736111111111111,0,1
cycle_fixed,500,70,MCP,0.65,0.6,0.74,0.565,0,1
cycle_fixed,500,70,SCAD,0.65,0.6,0.74,0.565,0,1
cycle_fixed,500,71,lasso,0.65,0.6666666666666666,0.7466666666666667,0.5326190476190477,0,1
cycle_fixed,500,71,MCP,0.65,0.6666666666666666,0.74,0.5271428571428571,0,1
cycle_fixed,500,71,SCAD,0.65,0.6666666666666666,0.74,0.5271428571428571,0,1
cycle_fixed,500,72,lasso,0.65,0.5454545454545454,0.7466666666666667,0.6216666666666666,0,1
cycle_fixed,500,72,MCP,0.65,0.6666666666666666,0.7733333333333334,0.7133333333333334,0,0
cycle_fixed,500,72,SCAD,0.65,0.6,0.76,0.665,0,0
cycle_fixed,500,73,lasso,0.65,0.6666666666666666,0.7866666666666667,0.6661904761904762,0,0
cycle_fixed,500,73,MCP,0.65,0.6666666666666666,0.7733333333333334,0.6841666666666666,0,0
cycle_fixed,500,73,SCAD,0.65,0.6666666666666666,0.76,0.6466666666666666,0,0
cycle_fixed,500,74,lasso,0.65,0.6153846153846154,0.7133333333333334,0.45571428571428574,0,1
cycle_fixed,500,74,MCP,0.65,0.5714285714285714,0.7066666666666668,0.4501587301587302,0,1
cycle_fixed,500,74,SCAD,0.65,0.6153846153846154,0.7133333333333334,0.45571428571428574,0,1
cycle_fixed,500,75,lasso,0.65,0.6666666666666666,0.7,0.685,0,1
cycle_fixed,500,75,MCP,0.65,0.6666666666666666,0.7,0.685,0,1
cycle_fixed,500,75,SCAD,0.65,0.6666666666666666,0.7,0.685,0,1
cycle_fixed,500,76,lasso,0.65,0.6153846153846154,0.7133333333333334,0.4990476190476191,0,1
cycle_fixed,500,76,MCP,0.65,0.6153846153846154,0.7333333333333334,0.52,0,1
cycle_fixed,500,76,SCAD,0.65,0.6666666666666666,0.74,0.5242857142857142,0,1
cycle_fixed,500,77,lasso,0.65,0.5714285714285714,0.68,0.47111111111111115,0,1
cycle_fixed,500,77,MCP,0.65,0.5714285714285714,0.7000000000000001,0.4826587301587302,0,1
cycle_fixed,500,77,SCAD,0.65,0.5714285714285714,0.7000000000000001,0.4826587301587302,0,1
cycle_fixed,500,78,lasso,0.65,0.7272727272727273,0.8266666666666667,0.7666666666666666,0,0
cycle_fixed,500,78,MCP,0.65,0.7272727272727273,0.8266666666666667,0.7666666666666666,0,0
cycle_fixed,500,78,SCAD,0.65,0.7272727272727273,0.8266666666666667,0.7666666666666666,0,0
cycle_fixed,500,79,lasso,0.65,0.6666666666666666,0.8133333333333334,0.7238095238095238,0,1
cycle_fixed,500,79,MCP,0.65,0.8,0.8333333333333335,0.7716666666666666,0,1
cycle_fixed,500,79,SCAD,0.65,0.7272727272727273,0.8200000000000001,0.7333333333333334,0,1
cycle_fixed,500,80,lasso,0.65,0.8,0.8200000000000001,0.675,0,0
cycle_fixed,500,80,MCP,0.65,0.8,0.8200000000000001,0.6699999999999999,0,0
cycle_fixed,500,80,SCAD,0.65,0.8,0.8200000000000001,0.6699999999999999,0,0
cycle_fixed,500,81,lasso,0.65,0.5714285714285714,0.7533333333333334,0.6351587301587303,0,1
cycle_fixed,500,81,MCP,0.65,0.5714285714285714,0.7200000000000001,0.6091666666666666,0,0
cycle_fixed,500,81,SCAD,0.65,0.5714285714285714,0.7133333333333334,0.6044047619047619,0,0
cycle_fixed,500,82,lasso,0.65,0.6666666666666666,0.7466666666666667,0.4954761904761905,0,1
cycle_fixed,500,82,MCP,0.65,0.6666666666666666,0.7666666666666667,0.5304761904761904,0,1
cycle_fixed,500,82,SCAD,0.65,0.6666666666666666,0.7466666666666668,0.4954761904761905,0,1
cycle_fixed,500,83,lasso,0.65,0.7272727272727273,0.8066666666666668,0.6499999999999999,0,0
cycle_fixed,500,83,MCP,0.65,0.8,0.8266666666666668,0.7116666666666667,0,0
cycle_fixed,500,83,SCAD,0.65,0.8,0.8200000000000001,0.6783333333333332,0,0
cycle_fixed,500,84,lasso,0.65,0.75,0.8200000000000001,0.7721428571428572,0,0
cycle_fixed,500,84,MCP,0.65,0.8,0.8466666666666667,0.8200000000000001,0,0
cycle_fixed,500,84,SCAD,0.65,0.8,0.8466666666666667,0.8200000000000001,0,0
cycle_fixed,500,85,lasso,0.65,0.5714285714285714,0.7133333333333334,0.37980158730158725,0,1
cycle_fixed,500,85,MCP,0.65,0.5714285714285714,0.7266666666666668,0.39694444444444443,0,1
cycle_fixed,500,85,SCAD,0.65,0.5714285714285714,0.7266666666666668,0.39694444444444443,0,1
cycle_fixed,500,86,lasso,0.65,0.8,0.8333333333333334,0.7616666666666667,0,0
cycle_fixed,500,86,MCP,0.65,0.8,0.8333333333333334,0.7616666666666667,0,0
cycle_fixed,500,86,SCAD,0.65,0.8,0.8333333333333334,0.7616666666666667,0,0
cycle_fixed,500,87,lasso,0.65,0.6666666666666666,0.8066666666666668,0.7138095238095237,0,1
cycle_fixed,500,87,MCP,0.65,0.6666666666666666,0.78,0.6886111111111111,0,1
cycle_fixed,500,87,SCAD,0.65,0.6666666666666666,0.78,0.6886111111111111,0,1
cycle_fixed,500,88,lasso,0.65,0.8,0.8066666666666668,0.5283333333333333,0,1
cycle_fixed,500,88,MCP,0.65,0.7272727272727273,0.8,0.515,0,1
cycle_fixed,500,88,SCAD,0.65,0.7272727272727273,0.8,0.515,0,1
cycle_fixed,500,89,lasso,0.65,0.6666666666666666,0.8066666666666668,0.7138095238095237,0,1
cycle_fixed,500,89,MCP,0.65,0.6666666666666666,0.8066666666666668,0.7138095238095237,0,1
cycle_fixed,500,89,SCAD,0.65,0.6666666666666666,0.8066666666666668,0.7138095238095237,0,1
cycle_fixed,500,90,lasso,0.65,0.6666666666666666,0.8,0.7328571428571429,0,0
cycle_fixed,500,90,MCP,0.65,0.75,0.8066666666666668,0.7578571428571428,0,0
cycle_fixed,500,90,SCAD,0.65,0.6666666666666666,0.8,0.7328571428571429,0,0
cycle_fixed,500,91,lasso,0.65,0.5714285714285714,0.7533333333333334,0.6369444444444445,0,0
cycle_fixed,500,91,MCP,0.65,0.5714285714285714,0.7466666666666667,0.6298015873015874,0,0
cycle_fixed,500,91,SCAD,0.65,0.5714285714285714,0.7466666666666667,0.6298015873015874,0,0
cycle_fixed,500,92,lasso,0.65,0.6153846153846154,0.7666666666666667,0.6478571428571429,0,1
cycle_fixed,500,92,MCP,0.65,0.6153846153846154,0.7866666666666667,0.675,0,1
cycle_fixed,500,92,SCAD,0.65,0.6153846153846154,0.7866666666666667,0.675,0,1
cycle_fixed,500,93,lasso,0.65,0.7272727272727273,0.8066666666666668,0.6499999999999999,0,0
cycle_fixed,500,93,MCP,0.65,0.8,0.8200000000000001,0.6783333333333332,0,0
cycle_fixed,500,93,SCAD,0.65,0.8,0.8200000000000001,0.6783333333333332,0,0
cycle_fixed,500,94,lasso,0.65,0.7272727272727273,0.8066666666666668,0.7016666666666667,0,0
cycle_fixed,500,94,MCP,0.65,0.7272727272727273,0.8066666666666668,0.7016666666666667,0,0
cycle_fixed,500,94,SCAD,0.65,0.7272727272727273,0.8066666666666668,0.7016666666666667,0,0
cycle_fixed,500,95,lasso,0.65,0.75,0.8333333333333334,0.7916666666666667,0,0
cycle_fixed,500,95,MCP,0.65,0.75,0.8333333333333334,0.7916666666666667,0,0
cycle_fixed,500,95,SCAD,0.65,0.75,0.8333333333333334,0.7916666666666667,0,0
cycle_fixed,500,96,lasso,0.65,0.7272727272727273,0.78,0.585,0,1
cycle_fixed,500,96,MCP,0.65,0.7272727272727273,0.8,0.6233333333333333,0,1
cycle_fixed,500,96,SCAD,0.65,0.7272727272727273,0.7933333333333334,0.615,0,1
cycle_fixed,500,97,lasso,0.65,0.8888888888888888,0.8600000000000001,0.865,0,0
cycle_fixed,500,97,MCP,0.65,0.8,0.8533333333333334,0.845,0,0
cycle_fixed,500,97,SCAD,0.65,0.8,0.8533333333333334,0.845,0,0
cycle_fixed,500,98,lasso,0.65,0.5714285714285714,0.6533333333333333,0.5861904761904762,0,0
cycle_fixed,500,98,MCP,0.65,0.5714285714285714,0.6533333333333333,0.5861904761904762,0,0
cycle_fixed,500,98,SCAD,0.65,0.5714285714285714,0.6533333333333333,0.5861904761904762,0,0
cycle_fixed,500,99,lasso,0.65,0.5333333333333333,0.6866666666666668,0.5133333333333334,0,1
cycle_fixed,500,99,MCP,0.65,0.5333333333333333,0.6933333333333334,0.516904761904762,0,1
cycle_fixed,500,99,SCAD,0.65,0.5333333333333333,0.6933333333333334,0.516904761904762,0,1
cycle_fixed,1000,0,lasso,0.65,0.7272727272727273,0.8266666666666668,0.7666666666666666,0,1
cycle_fixed,1000,0,MCP,0.65,0.7272727272727273,0.8266666666666667,0.7666666666666666,0,1
cycle_fixed,1000,0,SCAD,0.65,0.7272727272727273,0.8266666666666667,0.7666666666666666,0,1
cycle_fixed,1000,1,lasso,0.65,0.6666666666666666,0.7866666666666667,0.6488095238095237,0,1
cycle_fixed,1000,1,MCP,0.65,0.7272727272727273,0.8,0.6683333333333333,0,1
cycle_fixed,1000,1,SCAD,0.65,0.7272727272727273,0.8,0.6683333333333333,0,1
cycle_fixed,1000,2,lasso,0.65,0.6666666666666666,0.74,0.5271428571428571,0,1
cycle_fixed,1000,2,MCP,0.65,0.6666666666666666,0.7533333333333334,0.5454761904761904,0,1
cycle_fixed,1000,2,SCAD,0.65,0.6666666666666666,0.7466666666666667,0.5371428571428571,0,1
cycle_fixed,1000,3,lasso,0.65,0.6666666666666666,0.8066666666666668,0.7138095238095237,0,1
cycle_fixed,1000,3,MCP,0.65,0.6666666666666666,0.7933333333333334,0.6995238095238095,0,1
cycle_fixed,1000,3,SCAD,0.65,0.6666666666666666,0.7933333333333334,0.6995238095238095,0,1
cycle_fixed,1000,4,lasso,0.65,0.6153846153846154,0.7866666666666667,0.675,0,1
cycle_fixed,1000,4,MCP,0.65,0.7272727272727273,0.8200000000000001,0.7333333333333334,0,1
cycle_fixed,1000,4,SCAD,0.65,0.7272727272727273,0.8200000000000001,0.7333333333333334,0,1
cycle_fixed,1000,5,lasso,0.65,0.7272727272727273,0.8066666666666668,0.6983333333333333,0,1
cycle_fixed,1000,5,MCP,0.65,0.7272727272727273,0.8066666666666668,0.7016666666666667,0,1
cycle_fixed,1000,5,SCAD,0.65,0.7272727272727273,0.8066666666666668,0.6983333333333333,0,1
cycle_fixed,1000,6,lasso,0.65,0.7272727272727273,0.8066666666666668,0.7016666666666667,0,1
cycle_fixed,1000,6,MCP,0.65,0.6666666666666666,0.8,0.6921428571428572,0,1
cycle_fixed,1000,6,SCAD,0.65,0.7272727272727273,0.8066666666666668,0.7016666666666667,0,1
cycle_fixed,1000,7,lasso,0.65,0.7272727272727273,0.8066666666666668,0.7016666666666667,0,1
cycle_fixed,1000,7,MCP,0.65,0.7272727272727273,0.8066666666666668,0.7016666666666667,0,1
cycle_fixed,1000,7,SCAD,0.65,0.7272727272727273,0.8066666666666668,0.7016666666666667,0,1
cycle_fixed,1000,8,lasso,0.65,0.5714285714285714,0.7200000000000001,0.6091666666666666,0,0
cycle_fixed,1000,8,MCP,0.65,0.5714285714285714,0.7000000000000001,0.5966666666666667,0,0
cycle_fixed,1000,8,SCAD,0.65,0.5714285714285714,0.7000000000000001,0.5966666666666667,0,0
cycle_fixed,1000,9,lasso,0.65,0.5714285714285714,0.74,0.6231349206349206,0,1
cycle_fixed,1000,9,MCP,0.65,0.5714285714285714,0.7400000000000001,0.6231349206349206,0,1
cycle_fixed,1000,9,SCAD,0.65,0.5714285714285714,0.7400000000000001,0.6231349206349206,0,1
cycle_fixed,1000,10,lasso,0.65,0.6666666666666666,0.7666666666666667,0.5654761904761905,0,1
cycle_fixed,1000,10,MCP,0.65,0.6666666666666666,0.76,0.5554761904761905,0,1
cycle_fixed,1000,10,SCAD,0.65,0.6666666666666666,0.7666666666666667,0.5654761904761905,0,1
cycle_fixed,1000,11,lasso,0.65,0.6666666666666666,0.78,0.6886111111111111,0,1
cycle_fixed,1000,11,MCP,0.65,0.5714285714285714,0.7466666666666667,0.6383333333333334,0,0
cycle_fixed,1000,11,SCAD,0.65,0.6,0.7533333333333334,0.6483333333333334,0,1
cycle_fixed,1000,12,lasso,0.65,0.7272727272727273,0.8,0.6,0,1
cycle_fixed,1000,12,MCP,0.65,0.7272727272727273,0.8,0.6,0,1
cycle_fixed,1000,12,SCAD,0.65,0.7272727272727273,0.8,0.6,0,1
cycle_fixed,1000,13,lasso,0.65,0.6666666666666666,0.7733333333333334,0.6106349206349206,0,1
cycle_fixed,1000,13,MCP,0.65,0.6,0.7533333333333334,0.5736111111111111,0,1
cycle_fixed,1000,13,SCAD,0.65,0.6,0.76,0.5902777777777777,0,1
cycle_fixed,1000,14,lasso,0.65,0.6666666666666666,0.78,0.5988095238095239,0,1
cycle_fixed,1000,14,MCP,0.65,0.6666666666666666,0.7733333333333334,0.6106349206349206,0,1
cycle_fixed,1000,14,SCAD,0.65,0.6,0.76,0.5789682539682539,0,1
cycle_fixed,1000,15,lasso,0.65,0.6153846153846154,0.7866666666666667,0.6845238095238095,0,1
cycle_fixed,1000,15,MCP,0.65,0.6153846153846154,0.7866666666666667,0.6845238095238095,0,1
cycle_fixed,1000,15,SCAD,0.65,0.6153846153846154,0.7866666666666667,0.6845238095238095,0,1
cycle_fixed,1000,16,lasso,0.65,0.6666666666666666,0.8,0.6404761904761904,0,1
cycle_fixed,1000,16,MCP,0.65,0.6666666666666666,0.8,0.6833333333333333,0,1
cycle_fixed,1000,16,SCAD,0.65,0.6666666666666666,0.8,0.6804761904761905,0,1
cycle_fixed,1000,17,lasso,0.65,0.7272727272727273,0.8200000000000001,0.7333333333333334,0,1
cycle_fixed,1000,17,MCP,0.65,0.8,0.8333333333333334,0.7616666666666667,0,1
cycle_fixed,1000,17,SCAD,0.65,0.8,0.8333333333333334,0.7616666666666667,0,1
cycle_fixed,1000,18,lasso,0.65,0.7272727272727273,0.78,0.5516666666666667,0,1
cycle_fixed,1000,18,MCP,0.65,0.7272727272727273,0.7933333333333334,0.585,0,1
cycle_fixed,1000,18,SCAD,0.65,0.7272727272727273,0.78,0.5516666666666667,0,1
cycle_fixed,1000,19,lasso,0.65,0.6666666666666666,0.78,0.6592857142857143,0,1
cycle_fixed,1000,19,MCP,0.65,0.6666666666666666,0.78,0.6592857142857143,0,1
cycle_fixed,1000,19,SCAD,0.65,0.6666666666666666,0.78,0.6592857142857143,0,1
cycle_fixed,1000,20,lasso,0.65,0.6666666666666666,0.7733333333333334,0.7133333333333334,0,0
cycle_fixed,1000,20,MCP,0.65,0.6666666666666666,0.7733333333333334,0.7133333333333334,0,0
cycle_fixed,1000,20,SCAD,0.65,0.75,0.78,0.7383333333333333,0,0
cycle_fixed,1000,21,lasso,0.65,0.6,0.7733333333333334,0.6736111111111112,0,1
cycle_fixed,1000,21,MCP,0.65,0.6666666666666666,0.8066666666666668,0.74,0,1
cycle_fixed,1000,21,SCAD,0.65,0.6666666666666666,0.8133333333333334,0.7471428571428571,0,1
cycle_fixed,1000,22,lasso,0.65,0.75,0.7933333333333334,0.7469444444444444,0,0
cycle_fixed,1000,22,MCP,0.65,0.75,0.7933333333333334,0.7469444444444444,0,0
cycle_fixed,1000,22,SCAD,0.65,0.75,0.7933333333333334,0.7469444444444444,0,0
cycle_fixed,1000,23,lasso,0.65,0.8888888888888888,0.8600000000000001,0.865,0,0
cycle_fixed,1000,23,MCP,0.65,0.8,0.8533333333333334,0.845,0,0
cycle_fixed,1000,23,SCAD,0.65,0.8888888888888888,0.8600000000000001,0.865,0,0
cycle_fixed,1000,24,lasso,0.65,0.6153846153846154,0.78,0.6083333333333334,0,1
cycle_fixed,1000,24,MCP,0.65,0.6153846153846154,0.7733333333333334,0.6011904761904762,0,1
cycle_fixed,1000,24,SCAD,0.65,0.6153846153846154,0.78,0.6083333333333334,0,1
cycle_fixed,1000,25,lasso,0.65,0.5714285714285714,0.76,0.6469444444444445,0,1
cycle_fixed,1000,25,MCP,0.65,0.6666666666666666,0.7866666666666667,0.6721428571428572,0,1
cycle_fixed,1000,25,SCAD,0.65,0.6153846153846154,0.78,0.665,0,1
cycle_fixed,1000,26,lasso,0.65,0.5333333333333333,0.6733333333333333,0.4735714285714286,0,1
cycle_fixed,1000,26,MCP,0.65,0.5333333333333333,0.6666666666666667,0.47000000000000003,0,1
cycle_fixed,1000,26,SCAD,0.65,0.5333333333333333,0.6666666666666667,0.47000000000000003,0,1
cycle_fixed,1000,27,lasso,0.65,0.8,0.8200000000000001,0.6783333333333332,0,1
cycle_fixed,1000,27,MCP,0.65,0.7272727272727273,0.8066666666666668,0.6499999999999999,0,1
cycle_fixed,1000,27,SCAD,0.65,0.7272727272727273,0.8066666666666668,0.6499999999999999,0,1
cycle_fixed,1000,28,lasso,0.65,0.6666666666666666,0.7733333333333334,0.5888095238095239,0,1
cycle_fixed,1000,28,MCP,0.65,0.6666666666666666,0.78,0.5988095238095239,0,1
cycle_fixed,1000,28,SCAD,0.65,0.6153846153846154,0.7733333333333334,0.5916666666666667,0,1
cycle_fixed,1000,29,lasso,0.65,0.8,0.8466666666666667,0.8200000000000001,0,1
cycle_fixed,1000,29,MCP,0.65,0.8,0.8466666666666667,0.8200000000000001,0,1
cycle_fixed,1000,29,SCAD,0.65,0.8,0.8466666666666667,0.8200000000000001,0,1
cycle_fixed,1000,30,lasso,0.65,0.8,0.8533333333333334,0.845,0,0
cycle_fixed,1000,30,MCP,0.65,0.8,0.8533333333333334,0.845,0,0
cycle_fixed,1000,30,SCAD,0.65,0.8888888888888888,0.8600000000000001,0.865,0,0
cycle_fixed,1000,31,lasso,0.65,0.7272727272727273,0.8200000000000001,0.7333333333333334,0,1
cycle_fixed,1000,31,MCP,0.65,0.8,0.8333333333333335,0.7616666666666667,0,1
cycle_fixed,1000,31,SCAD,0.65,0.8,0.8333333333333335,0.7616666666666667,0,1
cycle_fixed,1000,32,lasso,0.65,0.6666666666666666,0.7933333333333334,0.6995238095238094,0,0
cycle_fixed,1000,32,MCP,0.65,0.75,0.8066666666666666,0.7578571428571428,0,0
cycle_fixed,1000,32,SCAD,0.65,0.75,0.8066666666666666,0.7578571428571428,0,0
cycle_fixed,1000,33,lasso,0.65,0.6666666666666666,0.7866666666666667,0.6939682539682539,0,1
cycle_fixed,1000,33,MCP,0.65,0.6666666666666666,0.8,0.7066666666666666,0,1
cycle_fixed,1000,33,SCAD,0.65,0.6666666666666666,0.8,0.7066666666666666,0,1
cycle_fixed,1000,34,lasso,0.65,0.6,0.7533333333333334,0.6483333333333334,0,1
cycle_fixed,1000,34,MCP,0.65,0.6,0.7533333333333334,0.6483333333333334,0,1
cycle_fixed,1000,34,SCAD,0.65,0.6,0.7533333333333334,0.6483333333333334,0,1
cycle_fixed,1000,35,lasso,0.65,0.7272727272727273,0.7933333333333334,0.6183333333333334,0,1
cycle_fixed,1000,35,MCP,0.65,0.7272727272727273,0.8,0.6333333333333333,0,1
cycle_fixed,1000,35,SCAD,0.65,0.7272727272727273,0.7933333333333334,0.6183333333333334,0,1
cycle_fixed,1000,36,lasso,0.65,0.6666666666666666,0.78,0.6161904761904762,0,1
cycle_fixed,1000,36,MCP,0.65,0.6666666666666666,0.78,0.6161904761904762,0,1
cycle_fixed,1000,36,SCAD,0.65,0.6666666666666666,0.78,0.6161904761904762,0,1
cycle_fixed,1000,37,lasso,0.65,0.75,0.7933333333333334,0.7469444444444444,0,0
cycle_fixed,1000,37,MCP,0.65,0.75,0.7933333333333334,0.7469444444444444,0,0
cycle_fixed,1000,37,SCAD,0.65,0.75,0.7933333333333334,0.7469444444444444,0,0
cycle_fixed,1000,38,lasso,0.65,0.6153846153846154,0.78,0.6678571428571429,0,1
cycle_fixed,1000,38,MCP,0.65,0.6153846153846154,0.7666666666666667,0.6478571428571429,0,1
cycle_fixed,1000,38,SCAD,0.65,0.6153846153846154,0.7666666666666667,0.6478571428571429,0,1
cycle_fixed,1000,39,lasso,0.65,0.6666666666666666,0.7533333333333334,0.5454761904761904,0,1
cycle_fixed,1000,39,MCP,0.65,0.6666666666666666,0.7533333333333334,0.5454761904761904,0,1
cycle_fixed,1000,39,SCAD,0.65,0.6666666666666666,0.7533333333333334,0.5454761904761904,0,1
cycle_fixed,1000,40,lasso,0.65,0.8,0.8466666666666667,0.8200000000000001,0,0
cycle_fixed,1000,40,MCP,0.65,0.8,0.8533333333333334,0.845,0,0
cycle_fixed,1000,40,SCAD,0.65,0.8,0.8466666666666667,0.8200000000000001,0,0
cycle_fixed,1000,41,lasso,0.65,0.7272727272727273,0.8066666666666668,0.7016666666666667,0,1
cycle_fixed,1000,41,MCP,0.65,0.6666666666666666,0.8,0.6921428571428572,0,1
cycle_fixed,1000,41,SCAD,0.65,0.6666666666666666,0.8,0.6921428571428572,0,1
cycle_fixed,1000,42,lasso,0.65,0.6153846153846154,0.76,0.6407142857142858,0,1
cycle_fixed,1000,42,MCP,0.65,0.6153846153846154,0.7666666666666667,0.645,0,1
cycle_fixed,1000,42,SCAD,0.65,0.6153846153846154,0.76,0.6407142857142858,0,1
cycle_fixed,1000,43,lasso,0.65,0.7272727272727273,0.72,0.5900000000000001,0,1
cycle_fixed,1000,43,MCP,0.65,0.7272727272727273,0.7933333333333334,0.6183333333333334,0,1
cycle_fixed,1000,43,SCAD,0.65,0.7272727272727273,0.7933333333333334,0.6183333333333334,0,1
cycle_fixed,1000,44,lasso,0.65,0.8,0.8333333333333334,0.7616666666666667,0,1
cycle_fixed,1000,44,MCP,0.65,0.7272727272727273,0.8266666666666668,0.7483333333333333,0,1
cycle_fixed,1000,44,SCAD,0.65,0.8,0.8333333333333334,0.7616666666666667,0,1
cycle_fixed,1000,45,lasso,0.65,0.6666666666666666,0.8066666666666668,0.7138095238095237,0,1
cycle_fixed,1000,45,MCP,0.65,0.6666666666666666,0.8066666666666668,0.7138095238095237,0,1
cycle_fixed,1000,45,SCAD,0.65,0.6666666666666666,0.8066666666666668,0.7138095238095237,0,1
cycle_fixed,1000,46,lasso,0.65,0.5714285714285714,0.7533333333333334,0.6398015873015874,0,1
cycle_fixed,1000,46,MCP,0.65,0.6153846153846154,0.7533333333333334,0.635357142857143,0,1
cycle_fixed,1000,46,SCAD,0.65,0.5714285714285714,0.7533333333333334,0.6398015873015874,0,1
cycle_fixed,1000,47,lasso,0.65,0.6666666666666666,0.8133333333333334,0.7238095238095237,0,1
cycle_fixed,1000,47,MCP,0.65,0.7272727272727273,0.8266666666666668,0.7483333333333333,0,0
cycle_fixed,1000,47,SCAD,0.65,0.8,0.8333333333333335,0.7616666666666667,0,0
cycle_fixed,1000,48,lasso,0.65,0.8,0.76,0.73,0,1
cycle_fixed,1000,48,MCP,0.65,0.8,0.8333333333333334,0.7583333333333333,0,1
cycle_fixed,1000,48,SCAD,0.65,0.8,0.8333333333333334,0.7583333333333333,0,1
cycle_fixed,1000,49,lasso,0.65,0.6666666666666666,0.7666666666666667,0.5788095238095239,0,1
cycle_fixed,1000,49,MCP,0.65,0.7272727272727273,0.8066666666666668,0.6499999999999999,0,1
cycle_fixed,1000,49,SCAD,0.65,0.7272727272727273,0.8066666666666668,0.6499999999999999,0,1
cycle_fixed,1000,50,lasso,0.65,0.6666666666666666,0.7733333333333334,0.6259523809523809,0,1
cycle_fixed,1000,50,MCP,0.65,0.6666666666666666,0.7733333333333334,0.6259523809523809,0,1
cycle_fixed,1000,50,SCAD,0.65,0.6666666666666666,0.7733333333333334,0.6259523809523809,0,1
cycle_fixed,1000,51,lasso,0.65,0.6666666666666666,0.78,0.6621428571428571,0,1
cycle_fixed,1000,51,MCP,0.65,0.7272727272727273,0.8066666666666668,0.7016666666666667,0,1
cycle_fixed,1000,51,SCAD,0.65,0.7272727272727273,0.8066666666666668,0.7016666666666667,0,1
cycle_fixed,1000,52,lasso,0.65,0.7272727272727273,0.8066666666666668,0.7016666666666667,0,1
cycle_fixed,1000,52,MCP,0.65,0.6666666666666666,0.8,0.6921428571428572,0,1
cycle_fixed,1000,52,SCAD,0.65,0.7272727272727273,0.8066666666666668,0.7016666666666667,0,1
cycle_fixed,1000,53,lasso,0.65,0.75,0.8066666666666668,0.7578571428571428,0,0
cycle_fixed,1000,53,MCP,0.65,0.75,0.8200000000000001,0.772142857142857,0,0
cycle_fixed,1000,53,SCAD,0.65,0.75,0.8200000000000001,0.772142857142857,0,0
cycle_fixed,1000,54,lasso,0.65,0.6666666666666666,0.7933333333333334,0.6221428571428571,0,0
cycle_fixed,1000,54,MCP,0.65,0.6666666666666666,0.8,0.6404761904761904,0,0
cycle_fixed,1000,54,SCAD,0.65,0.6666666666666666,0.8,0.6321428571428571,0,0
cycle_fixed,1000,55,lasso,0.65,0.7272727272727273,0.8,0.635,0,1
cycle_fixed,1000,55,MCP,0.65,0.7272727272727273,0.7933333333333334,0.6183333333333334,0,1
cycle_fixed,1000,55,SCAD,0.65,0.7272727272727273,0.7933333333333334,0.6183333333333334,0,1
cycle_fixed,1000,56,lasso,0.65,0.8,0.8266666666666667,0.7283333333333333,0,0
cycle_fixed,1000,56,MCP,0.65,0.8,0.8266666666666667,0.7283333333333333,0,0
cycle_fixed,1000,56,SCAD,0.65,0.8,0.8266666666666667,0.7283333333333333,0,0
cycle_fixed,1000,57,lasso,0.65,0.5714285714285714,0.74,0.553611111111111,0,1
cycle_fixed,1000,57,MCP,0.65,0.5714285714285714,0.7333333333333334,0.5464682539682539,0,1
cycle_fixed,1000,57,SCAD,0.65,0.5714285714285714,0.7333333333333334,0.5464682539682539,0,1
cycle_fixed,1000,58,lasso,0.65,0.6666666666666666,0.8133333333333334,0.7471428571428571,0,0
cycle_fixed,1000,58,MCP,0.65,0.75,0.7933333333333334,0.7469444444444444,0,0
cycle_fixed,1000,58,SCAD,0.65,0.75,0.8066666666666668,0.7578571428571428,0,0
cycle_fixed,1000,59,lasso,0.65,0.6666666666666666,0.8200000000000001,0.7388095238095238,0,1
cycle_fixed,1000,59,MCP,0.65,0.7272727272727273,0.8200000000000001,0.7333333333333334,0,1
cycle_fixed,1000,59,SCAD,0.65,0.6666666666666666,0.8133333333333335,0.7238095238095237,0,1
cycle_fixed,1000,60,lasso,0.65,0.6666666666666666,0.8200000000000001,0.7571428571428571,0,1
cycle_fixed,1000,60,MCP,0.65,0.6153846153846154,0.7866666666666667,0.7078571428571427,0,1
cycle_fixed,1000,60,SCAD,0.65,0.6666666666666666,0.8,0.7328571428571429,0,0
cycle_fixed,1000,61,lasso,0.65,0.5454545454545454,0.7333333333333334,0.5549999999999999,0,1
cycle_fixed,1000,61,MCP,0.65,0.5454545454545454,0.7333333333333334,0.5549999999999999,0,1
cycle_fixed,1000,61,SCAD,0.65,0.5454545454545454,0.7066666666666667,0.5016666666666667,0,1
cycle_fixed,1000,62,lasso,0.65,0.6153846153846154,0.78,0.6678571428571429,0,1
cycle_fixed,1000,62,MCP,0.65,0.6153846153846154,0.7666666666666667,0.6478571428571429,0,1
cycle_fixed,1000,62,SCAD,0.65,0.6153846153846154,0.7666666666666667,0.6478571428571429,0,1
cycle_fixed,1000,63,lasso,0.65,0.75,0.8333333333333334,0.7916666666666667,0,0
cycle_fixed,1000,63,MCP,0.65,0.8,0.8533333333333334,0.845,0,0
cycle_fixed,1000,63,SCAD,0.65,0.8,0.8533333333333334,0.845,0,0
cycle_fixed,1000,64,lasso,0.65,0.5714285714285714,0.7466666666666667,0.6036111111111111,0,1
cycle_fixed,1000,64,MCP,0.65,0.6153846153846154,0.7733333333333334,0.6625000000000001,0,0
cycle_fixed,1000,64,SCAD,0.65,0.6,0.76,0.6236111111111111,0,0
cycle_fixed,1000,65,lasso,0.65,0.6153846153846154,0.7533333333333334,0.634047619047619,0,1
cycle_fixed,1000,65,MCP,0.65,0.6153846153846154,0.7733333333333334,0.655,0,1
cycle_fixed,1000,65,SCAD,0.65,0.6153846153846154,0.76,0.6411904761904762,0,1
cycle_fixed,1000,66,lasso,0.65,0.8,0.8200000000000001,0.6783333333333332,0,1
cycle_fixed,1000,66,MCP,0.65,0.8,0.8200000000000001,0.6783333333333332,0,1
cycle_fixed,1000,66,SCAD,0.65,0.8,0.8200000000000001,0.6783333333333332,0,1
cycle_fixed,1000,67,lasso,0.65,0.6666666666666666,0.7666666666666667,0.5606349206349206,0,1
cycle_fixed,1000,67,MCP,0.65,0.6666666666666666,0.7533333333333334,0.5508333333333333,0,1
cycle_fixed,1000,67,SCAD,0.65,0.6666666666666666,0.7466666666666667,0.5466666666666666,0,1
cycle_fixed,1000,68,lasso,0.65,0.8,0.8066666666666668,0.5283333333333333,0,1
cycle_fixed,1000,68,MCP,0.65,0.8,0.8066666666666668,0.525,0,1
cycle_fixed,1000,68,SCAD,0.65,0.8,0.8066666666666668,0.525,0,1
cycle_fixed,1000,69,lasso,0.65,0.6666666666666666,0.7933333333333334,0.6304761904761904,0,1
cycle_fixed,1000,69,MCP,0.65,0.6666666666666666,0.7933333333333334,0.6304761904761904,0,1
cycle_fixed,1000,69,SCAD,0.65,0.6666666666666666,0.7933333333333334,0.6304761904761904,0,1
cycle_fixed,1000,70,lasso,0.65,0.8,0.8466666666666667,0.8200000000000001,0,0
cycle_fixed,1000,70,MCP,0.65,0.8888888888888888,0.8600000000000001,0.865,0,0
cycle_fixed,1000,70,SCAD,0.65,0.8888888888888888,0.8600000000000001,0.865,0,0
cycle_fixed,1000,71,lasso,0.65,0.6666666666666666,0.76,0.562142857142857,0,1
cycle_fixed,1000,71,MCP,0.65,0.6666666666666666,0.7533333333333334,0.5471428571428572,0,1
cycle_fixed,1000,71,SCAD,0.65,0.6666666666666666,0.76,0.562142857142857,0,1
cycle_fixed,1000,72,lasso,0.65,0.6153846153846154,0.74,0.5311904761904762,0,1
cycle_fixed,1000,72,MCP,0.65,0.6153846153846154,0.7266666666666667,0.5173809523809525,0,1
cycle_fixed,1000,72,SCAD,0.65,0.6153846153846154,0.7266666666666667,0.5173809523809525,0,1
cycle_fixed,1000,73,lasso,0.65,0.75,0.7933333333333334,0.7469444444444444,0,0
cycle_fixed,1000,73,MCP,0.65,0.75,0.7933333333333334,0.7469444444444444,0,0
cycle_fixed,1000,73,SCAD,0.65,0.75,0.7866666666666667,0.7424999999999999,0,0
cycle_fixed,1000,74,lasso,0.65,0.6666666666666666,0.8,0.6804761904761905,0,0
cycle_fixed,1000,74,MCP,0.65,0.75,0.8066666666666668,0.7054761904761904,0,0
cycle_fixed,1000,74,SCAD,0.65,0.75,0.8,0.6804761904761905,0,0
cycle_fixed,1000,75,lasso,0.65,0.7272727272727273,0.8066666666666668,0.7016666666666667,0,1
cycle_fixed,1000,75,MCP,0.65,0.6666666666666666,0.8200000000000001,0.7388095238095238,0,1
cycle_fixed,1000,75,SCAD,0.65,0.7272727272727273,0.8266666666666667,0.7483333333333333,0,1
cycle_fixed,1000,76,lasso,0.65,0.6666666666666666,0.7933333333333334,0.6995238095238094,0,1
cycle_fixed,1000,76,MCP,0.65,0.6153846153846154,0.7866666666666667,0.675,0,1
cycle_fixed,1000,76,SCAD,0.65,0.6153846153846154,0.78,0.6678571428571429,0,1
cycle_fixed,1000,77,lasso,0.65,0.6666666666666666,0.8066666666666668,0.7138095238095239,0,0
cycle_fixed,1000,77,MCP,0.65,0.6666666666666666,0.8,0.6988095238095238,0,0
cycle_fixed,1000,77,SCAD,0.65,0.6666666666666666,0.8,0.6988095238095238,0,0
cycle_fixed,1000,78,lasso,0.65,0.6666666666666666,0.7666666666666667,0.5788095238095239,0,1
cycle_fixed,1000,78,MCP,0.65,0.6666666666666666,0.7666666666666667,0.5788095238095239,0,1
cycle_fixed,1000,78,SCAD,0.65,0.6666666666666666,0.7666666666666667,0.5788095238095239,0,1
cycle_fixed,1000,79,lasso,0.65,0.6666666666666666,0.7866666666666667,0.6721428571428572,0,1
cycle_fixed,1000,79,MCP,0.65,0.6666666666666666,0.8066666666666668,0.7071428571428571,0,1
cycle_fixed,1000,79,SCAD,0.65,0.6666666666666666,0.8,0.6921428571428572,0,1
cycle_fixed,1000,80,lasso,0.65,0.6153846153846154,0.76,0.6145238095238095,0,1
cycle_fixed,1000,80,MCP,0.65,0.5714285714285714,0.7533333333333334,0.6369444444444445,0,1
cycle_fixed,1000,80,SCAD,0.65,0.5714285714285714,0.76,0.6423015873015874,0,1
cycle_fixed,1000,81,lasso,0.65,0.8,0.8133333333333335,0.6283333333333333,0,1
cycle_fixed,1000,81,MCP,0.65,0.8,0.8133333333333335,0.6283333333333333,0,1
cycle_fixed,1000,81,SCAD,0.65,0.8,0.8133333333333335,0.6283333333333333,0,1
cycle_fixed,1000,82,lasso,0.65,0.6666666666666666,0.8133333333333335,0.7238095238095237,0,0
cycle_fixed,1000,82,MCP,0.65,0.6666666666666666,0.8133333333333335,0.7238095238095237,0,0
cycle_fixed,1000,82,SCAD,0.65,0.6666666666666666,0.8133333333333335,0.7238095238095237,0,0
cycle_fixed,1000,83,lasso,0.65,0.6666666666666666,0.78,0.595952380952381,0,1
cycle_fixed,1000,83,MCP,0.65,0.6153846153846154,0.76,0.5745238095238095,0,1
cycle_fixed,1000,83,SCAD,0.65,0.6153846153846154,0.7533333333333334,0.5645238095238095,0,1
cycle_fixed,1000,84,lasso,0.65,0.6666666666666666,0.7933333333333334,0.6588095238095237,0,0
cycle_fixed,1000,84,MCP,0.65,0.8,0.8266666666666667,0.7283333333333333,0,0
cycle_fixed,1000,84,SCAD,0.65,0.8,0.8133333333333334,0.6983333333333333,0,0
cycle_fixed,1000,85,lasso,0.65,0.75,0.8200000000000001,0.7721428571428572,0,0
cycle_fixed,1000,85,MCP,0.65,0.75,0.8266666666666668,0.782142857142857,0,0
cycle_fixed,1000,85,SCAD,0.65,0.75,0.8333333333333334,0.7916666666666667,0,0
cycle_fixed,1000,86,lasso,0.65,0.6666666666666666,0.7533333333333334,0.5966666666666667,0,1
cycle_fixed,1000,86,MCP,0.65,0.6,0.7466666666666667,0.5816666666666667,0,1
cycle_fixed,1000,86,SCAD,0.65,0.6666666666666666,0.7533333333333334,0.5966666666666667,0,1
cycle_fixed,1000,87,lasso,0.65,0.75,0.7866666666666667,0.7424999999999999,0,0
cycle_fixed,1000,87,MCP,0.65,0.75,0.78,0.7383333333333333,0,0
cycle_fixed,1000,87,SCAD,0.65,0.6666666666666666,0.7733333333333334,0.7133333333333334,0,0
cycle_fixed,1000,88,lasso,0.65,0.8,0.8533333333333334,0.845,0,0
cycle_fixed,1000,88,MCP,0.65,0.8,0.8466666666666667,0.8200000000000001,0,0
cycle_fixed,1000,88,SCAD,0.65,0.8,0.8466666666666667,0.8200000000000001,0,0
cycle_fixed,1000,89,lasso,0.65,0.6666666666666666,0.7666666666666667,0.5788095238095239,0,1
cycle_fixed,1000,89,MCP,0.65,0.6666666666666666,0.7666666666666667,0.5788095238095239,0,1
cycle_fixed,1000,89,SCAD,0.65,0.6666666666666666,0.7666666666666667,0.5788095238095239,0,1
cycle_fixed,1000,90,lasso,0.65,0.6666666666666666,0.78,0.6886111111111111,0,1
cycle_fixed,1000,90,MCP,0.65,0.6666666666666666,0.78,0.6886111111111111,0,1
cycle_fixed,1000,90,SCAD,0.65,0.6666666666666666,0.78,0.6886111111111111,0,1
cycle_fixed,1000,91,lasso,0.65,0.75,0.8200000000000001,0.772142857142857,0,0
cycle_fixed,1000,91,MCP,0.65,0.75,0.8266666666666667,0.782142857142857,0,0
cycle_fixed,1000,91,SCAD,0.65,0.75,0.8266666666666667,0.782142857142857,0,0
cycle_fixed,1000,92,lasso,0.65,0.7272727272727273,0.8066666666666668,0.6499999999999999,0,0
cycle_fixed,1000,92,MCP,0.65,0.7272727272727273,0.8,0.635,0,0
cycle_fixed,1000,92,SCAD,0.65,0.7272727272727273,0.8066666666666666,0.6499999999999999,0,0
cycle_fixed,1000,93,lasso,0.65,0.6666666666666666,0.7533333333333334,0.5426190476190476,0,1
cycle_fixed,1000,93,MCP,0.65,0.6666666666666666,0.7466666666666667,0.5354761904761904,0,1
cycle_fixed,1000,93,SCAD,0.65,0.6666666666666666,0.7466666666666667,0.5354761904761904,0,1
cycle_fixed,1000,94,lasso,0.65,0.5714285714285714,0.7133333333333334,0.5019444444444445,0,1
cycle_fixed,1000,94,MCP,0.65,0.5714285714285714,0.7200000000000001,0.5131349206349207,0,1
cycle_fixed,1000,94,SCAD,0.65,0.5714285714285714,0.7133333333333334,0.49694444444444447,0,1
cycle_fixed,1000,95,lasso,0.65,0.7272727272727273,0.8200000000000001,0.7333333333333334,0,0
cycle_fixed,1000,95,MCP,0.65,0.8,0.8466666666666668,0.8200000000000001,0,0
cycle_fixed,1000,95,SCAD,0.65,0.8,0.8466666666666668,0.8200000000000001,0,0
cycle_fixed,1000,96,lasso,0.65,0.7272727272727273,0.7933333333333334,0.6183333333333334,0,1
cycle_fixed,1000,96,MCP,0.65,0.6666666666666666,0.7866666666666667,0.6088095238095238,0,1
cycle_fixed,1000,96,SCAD,0.65,0.7272727272727273,0.7933333333333334,0.6183333333333334,0,1
cycle_fixed,1000,97,lasso,0.65,0.6153846153846154,0.7533333333333334,0.5616666666666666,0,1
cycle_fixed,1000,97,MCP,0.65,0.5714285714285714,0.7333333333333334,0.5451587301587302,0,1
cycle_fixed,1000,97,SCAD,0.65,0.6153846153846154,0.74,0.5507142857142857,0,1
cycle_fixed,1000,98,lasso,0.65,0.6666666666666666,0.7733333333333334,0.6288095238095237,0,1
cycle_fixed,1000,98,MCP,0.65,0.7272727272727273,0.8,0.6683333333333333,0,1
cycle_fixed,1000,98,SCAD,0.65,0.7272727272727273,0.8,0.6683333333333334,0,1
cycle_fixed,1000,99,lasso,0.65,0.7272727272727273,0.78,0.5783333333333334,0,1
cycle_fixed,1000,99,MCP,0.65,0.7272727272727273,0.78,0.5816666666666667,0,1
cycle_fixed,1000,99,SCAD,0.65,0.7272727272727273,0.78,0.585,0,1
cycle_fixed,5000,0,lasso,0.65,0.75,0.8200000000000001,0.772142857142857,0,0
cycle_fixed,5000,0,MCP,0.65,0.75,0.8333333333333335,0.7971428571428572,0,0
cycle_fixed,5000,0,SCAD,0.65,0.75,0.8400000000000001,0.8066666666666666,0,0
cycle_fixed,5000,1,lasso,0.65,0.8,0.8333333333333335,0.7616666666666667,0,1
cycle_fixed,5000,1,MCP,0.65,0.8,0.8333333333333334,0.7616666666666667,0,1
cycle_fixed,5000,1,SCAD,0.65,0.8,0.8333333333333334,0.7616666666666667,0,1
cycle_fixed,5000,2,lasso,0.65,0.7272727272727273,0.8200000000000001,0.7333333333333334,0,1
cycle_fixed,5000,2,MCP,0.65,0.8,0.8333333333333334,0.7616666666666667,0,1
cycle_fixed,5000,2,SCAD,0.65,0.8,0.8333333333333334,0.7616666666666667,0,1
cycle_fixed,5000,3,lasso,0.65,0.7272727272727273,0.8133333333333334,0.7,0,1
cycle_fixed,5000,3,MCP,0.65,0.6666666666666666,0.8066666666666668,0.6904761904761905,0,1
cycle_fixed,5000,3,SCAD,0.65,0.7272727272727273,0.8133333333333335,0.7,0,1
cycle_fixed,5000,4,lasso,0.65,0.7272727272727273,0.8200000000000001,0.7333333333333334,0,1
cycle_fixed,5000,4,MCP,0.65,0.8,0.8333333333333335,0.7616666666666667,0,1
cycle_fixed,5000,4,SCAD,0.65,0.8,0.8333333333333334,0.7616666666666667,0,1
cycle_fixed,5000,5,lasso,0.65,0.8,0.8533333333333334,0.845,0,1
cycle_fixed,5000,5,MCP,0.65,0.8888888888888888,0.8600000000000001,0.865,0,0
cycle_fixed,5000,5,SCAD,0.65,0.8,0.8533333333333334,0.845,0,1
cycle_fixed,5000,6,lasso,0.65,0.8,0.8333333333333334,0.7616666666666667,0,1
cycle_fixed,5000,6,MCP,0.65,0.8,0.8333333333333334,0.7616666666666667,0,1
cycle_fixed,5000,6,SCAD,0.65,0.8,0.8333333333333334,0.7616666666666667,0,1
cycle_fixed,5000,7,lasso,0.65,0.7272727272727273,0.8266666666666668,0.7483333333333333,0,1
cycle_fixed,5000,7,MCP,0.65,0.7272727272727273,0.8200000000000001,0.7333333333333334,0,1
cycle_fixed,5000,7,SCAD,0.65,0.7272727272727273,0.8200000000000001,0.7333333333333334,0,1
cycle_fixed,5000,8,lasso,0.65,0.7272727272727273,0.8266666666666667,0.7483333333333333,0,1
cycle_fixed,5000,8,MCP,0.65,0.7272727272727273,0.8200000000000001,0.7333333333333334,0,1
cycle_fixed,5000,8,SCAD,0.65,0.7272727272727273,0.8200000000000001,0.7333333333333334,0,1
cycle_fixed,5000,9,lasso,0.65,0.8,0.8466666666666667,0.8200000000000001,0,1
cycle_fixed,5000,9,MCP,0.65,0.8,0.8466666666666667,0.8200000000000001,0,1
cycle_fixed,5000,9,SCAD,0.65,0.8,0.8466666666666667,0.8200000000000001,0,1
cycle_fixed,5000,10,lasso,0.65,0.8,0.8200000000000001,0.6783333333333333,0,1
cycle_fixed,5000,10,MCP,0.65,0.8,0.8200000000000001,0.6783333333333333,0,1
cycle_fixed,5000,10,SCAD,0.65,0.8,0.8200000000000001,0.6783333333333333,0,1
cycle_fixed,5000,11,lasso,0.65,0.7272727272727273,0.8133333333333335,0.7,0,1
cycle_fixed,5000,11,MCP,0.65,0.7272727272727273,0.8133333333333335,0.7,0,1
cycle_fixed,5000,11,SCAD,0.65,0.7272727272727273,0.8133333333333335,0.7,0,1
cycle_fixed,5000,12,lasso,0.65,0.6666666666666666,0.8066666666666668,0.7138095238095237,0,1
cycle_fixed,5000,12,MCP,0.65,0.8,0.8333333333333334,0.7616666666666667,0,1
cycle_fixed,5000,12,SCAD,0.65,0.8,0.8333333333333334,0.7616666666666667,0,1
cycle_fixed,5000,13,lasso,0.65,0.7272727272727273,0.8200000000000001,0.7333333333333334,0,1
cycle_fixed,5000,13,MCP,0.65,0.8,0.8333333333333334,0.7616666666666667,0,1
cycle_fixed,5000,13,SCAD,0.65,0.7272727272727273,0.8266666666666668,0.7483333333333333,0,1
cycle_fixed,5000,14,lasso,0.65,0.75,0.8200000000000001,0.772142857142857,0,0
cycle_fixed,5000,14,MCP,0.65,0.75,0.8333333333333334,0.7916666666666665,0,0
cycle_fixed,5000,14,SCAD,0.65,0.75,0.8333333333333334,0.7916666666666665,0,0
cycle_fixed,5000,15,lasso,0.65,0.8,0.8466666666666667,0.8200000000000001,0,1
cycle_fixed,5000,15,MCP,0.65,0.8,0.8466666666666667,0.8200000000000001,0,1
cycle_fixed,5000,15,SCAD,0.65,0.8,0.8466666666666667,0.8200000000000001,0,1
cycle_fixed,5000,16,lasso,0.65,0.8,0.8466666666666667,0.8200000000000001,0,1
cycle_fixed,5000,16,MCP,0.65,0.8,0.8466666666666667,0.8200000000000001,0,1
cycle_fixed,5000,16,SCAD,0.65,0.8,0.8466666666666667,0.8200000000000001,0,1
cycle_fixed,5000,17,lasso,0.65,0.8,0.8333333333333334,0.7616666666666667,0,1
cycle_fixed,5000,17,MCP,0.65,0.8,0.8333333333333334,0.7616666666666667,0,1
cycle_fixed,5000,17,SCAD,0.65,0.8,0.8333333333333334,0.7616666666666667,0,1
cycle_fixed,5000,18,lasso,0.65,0.8,0.8266666666666668,0.7283333333333333,0,1
cycle_fixed,5000,18,MCP,0.65,0.8,0.8266666666666668,0.7283333333333333,0,1
cycle_fixed,5000,18,SCAD,0.65,0.8,0.8266666666666668,0.7283333333333333,0,1
cycle_fixed,5000,19,lasso,0.65,0.8,0.8266666666666668,0.7283333333333333,0,1
cycle_fixed,5000,19,MCP,0.65,0.8,0.8266666666666668,0.7283333333333333,0,1
cycle_fixed,5000,19,SCAD,0.65,0.8,0.8266666666666668,0.7283333333333333,0,1
cycle_fixed,5000,20,lasso,0.65,0.8,0.8466666666666667,0.8200000000000001,0,1
cycle_fixed,5000,20,MCP,0.65,0.8,0.8466666666666667,0.8200000000000001,0,1
cycle_fixed,5000,20,SCAD,0.65,0.8,0.8466666666666667,0.8200000000000001,0,1
cycle_fixed,5000,21,lasso,0.65,0.8,0.8333333333333334,0.7616666666666667,0,1
cycle_fixed,5000,21,MCP,0.65,0.8,0.8333333333333334,0.7616666666666667,0,1
cycle_fixed,5000,21,SCAD,0.65,0.8,0.8333333333333334,0.7616666666666667,0,1
cycle_fixed,5000,22,lasso,0.65,0.8,0.8466666666666668,0.8200000000000001,0,1
cycle_fixed,5000,22,MCP,0.65,0.8,0.8466666666666667,0.8200000000000001,0,1
cycle_fixed,5000,22,SCAD,0.65,0.8,0.8466666666666667,0.8200000000000001,0,1
cycle_fixed,5000,23,lasso,0.65,0.8,0.8400000000000001,0.7949999999999999,0,1
cycle_fixed,5000,23,MCP,0.65,0.8,0.8400000000000001,0.7949999999999999,0,1
cycle_fixed,5000,23,SCAD,0.65,0.8,0.8400000000000001,0.7949999999999999,0,1
cycle_fixed,5000,24,lasso,0.65,0.8,0.8333333333333335,0.7616666666666667,0,1
cycle_fixed,5000,24,MCP,0.65,0.8,0.8333333333333334,0.7616666666666667,0,1
cycle_fixed,5000,24,SCAD,0.65,0.8,0.8333333333333334,0.7616666666666667,0,1
cycle_fixed,5000,25,lasso,0.65,0.8,0.8400000000000001,0.7949999999999999,0,1
cycle_fixed,5000,25,MCP,0.65,0.8,0.8400000000000001,0.7949999999999999,0,1
cycle_fixed,5000,25,SCAD,0.65,0.8,0.8400000000000001,0.7949999999999999,0,1
cycle_fixed,5000,26,lasso,0.65,0.8,0.8333333333333334,0.7583333333333333,0,1
cycle_fixed,5000,26,MCP,0.65,0.8,0.8333333333333334,0.7583333333333333,0,1
cycle_fixed,5000,26,SCAD,0.65,0.8,0.8333333333333334,0.7583333333333333,0,1
cycle_fixed,5000,27,lasso,0.65,0.6153846153846154,0.78,0.6678571428571429,0,1
cycle_fixed,5000,27,MCP,0.65,0.6666666666666666,0.8066666666666666,0.7166666666666666,0,1
cycle_fixed,5000,27,SCAD,0.65,0.6666666666666666,0.8066666666666666,0.7166666666666666,0,1
cycle_fixed,5000,28,lasso,0.65,0.8,0.8200000000000001,0.6783333333333332,0,1
cycle_fixed,5000,28,MCP,0.65,0.8,0.8200000000000001,0.6783333333333332,0,1
cycle_fixed,5000,28,SCAD,0.65,0.8,0.8200000000000001,0.6783333333333332,0,1
cycle_fixed,5000,29,lasso,0.65,0.7272727272727273,0.8200000000000001,0.7333333333333334,0,1
cycle_fixed,5000,29,MCP,0.65,0.7272727272727273,0.8200000000000001,0.7333333333333334,0,1
cycle_fixed,5000,29,SCAD,0.65,0.7272727272727273,0.8200000000000001,0.7333333333333334,0,1
cycle_fixed,5000,30,lasso,0.65,0.8,0.8333333333333334,0.7616666666666667,0,1
cycle_fixed,5000,30,MCP,0.65,0.8,0.8333333333333334,0.7616666666666667,0,1
cycle_fixed,5000,30,SCAD,0.65,0.8,0.8333333333333334,0.7616666666666667,0,1
cycle_fixed,5000,31,lasso,0.65,0.7272727272727273,0.8200000000000001,0.7333333333333334,0,1
cycle_fixed,5000,31,MCP,0.65,0.7272727272727273,0.8266666666666667,0.7483333333333333,0,1
cycle_fixed,5000,31,SCAD,0.65,0.7272727272727273,0.8266666666666667,0.7483333333333333,0,1
cycle_fixed,5000,32,lasso,0.65,0.7272727272727273,0.8266666666666667,0.7483333333333333,0,1
cycle_fixed,5000,32,MCP,0.65,0.8,0.8333333333333334,0.7616666666666667,0,1
cycle_fixed,5000,32,SCAD,0.65,0.8,0.8333333333333334,0.7616666666666667,0,1
cycle_fixed,5000,33,lasso,0.65,0.7272727272727273,0.8200000000000001,0.7333333333333334,0,1
cycle_fixed,5000,33,MCP,0.65,0.8,0.8333333333333335,0.7616666666666667,0,1
cycle_fixed,5000,33,SCAD,0.65,0.8,0.8333333333333335,0.7616666666666667,0,1
cycle_fixed,5000,34,lasso,0.65,0.7272727272727273,0.8200000000000001,0.7333333333333334,0,1
cycle_fixed,5000,34,MCP,0.65,0.7272727272727273,0.8200000000000001,0.7333333333333334,0,1
cycle_fixed,5000,34,SCAD,0.65,0.7272727272727273,0.8200000000000001,0.7333333333333334,0,1
cycle_fixed,5000,35,lasso,0.65,0.8,0.8333333333333334,0.7616666666666667,0,1
cycle_fixed,5000,35,MCP,0.65,0.8,0.8333333333333334,0.7616666666666667,0,1
cycle_fixed,5000,35,SCAD,0.65,0.8,0.8333333333333334,0.7616666666666667,0,1
cycle_fixed,5000,36,lasso,0.65,0.7272727272727273,0.8133333333333334,0.7183333333333333,0,1
cycle_fixed,5000,36,MCP,0.65,0.7272727272727273,0.8200000000000001,0.7333333333333334,0,1
cycle_fixed,5000,36,SCAD,0.65,0.7272727272727273,0.8200000000000001,0.7333333333333334,0,1
cycle_fixed,5000,37,lasso,0.65,0.8,0.8333333333333334,0.7616666666666667,0,1
cycle_fixed,5000,37,MCP,0.65,0.8,0.8333333333333335,0.7616666666666667,0,1
cycle_fixed,5000,37,SCAD,0.65,0.8,0.8333333333333334,0.7616666666666667,0,1
cycle_fixed,5000,38,lasso,0.65,0.8,0.8466666666666667,0.8200000000000001,0,1
cycle_fixed,5000,38,MCP,0.65,0.8,0.8466666666666667,0.8200000000000001,0,1
cycle_fixed,5000,38,SCAD,0.65,0.8,0.8466666666666667,0.8200000000000001,0,1
cycle_fixed,5000,39,lasso,0.65,0.7272727272727273,0.8266666666666667,0.7483333333333333,0,1
cycle_fixed,5000,39,MCP,0.65,0.8,0.8333333333333335,0.7616666666666667,0,1
cycle_fixed,5000,39,SCAD,0.65,0.8,0.8333333333333334,0.7616666666666667,0,1
cycle_fixed,5000,40,lasso,0.65,0.8888888888888888,0.8600000000000001,0.865,0,0
cycle_fixed,5000,40,MCP,0.65,0.8888888888888888,0.8600000000000001,0.865,0,0
cycle_fixed,5000,40,SCAD,0.65,0.8888888888888888,0.8600000000000001,0.865,0,0
cycle_fixed,5000,41,lasso,0.65,0.8,0.8400000000000001,0.7949999999999999,0,1
cycle_fixed,5000,41,MCP,0.65,0.8,0.8400000000000001,0.7949999999999999,0,1
cycle_fixed,5000,41,SCAD,0.65,0.8,0.8400000000000001,0.7949999999999999,0,1
cycle_fixed,5000,42,lasso,0.65,0.8,0.8400000000000001,0.7949999999999999,0,1
cycle_fixed,5000,42,MCP,0.65,0.8,0.8400000000000001,0.7949999999999999,0,1
cycle_fixed,5000,42,SCAD,0.65,0.8,0.8400000000000001,0.7949999999999999,0,1
cycle_fixed,5000,43,lasso,0.65,0.8,0.8466666666666667,0.8199999999999998,0,1
cycle_fixed,5000,43,MCP,0.65,0.8,0.8466666666666667,0.8199999999999998,0,1
cycle_fixed,5000,43,SCAD,0.65,0.8,0.8466666666666667,0.8199999999999998,0,1
cycle_fixed,5000,44,lasso,0.65,0.8,0.8266666666666668,0.7283333333333333,0,1
cycle_fixed,5000,44,MCP,0.65,0.8,0.8266666666666668,0.7283333333333333,0,1
cycle_fixed,5000,44,SCAD,0.65,0.8,0.8266666666666668,0.7283333333333333,0,1
cycle_fixed,5000,45,lasso,0.65,0.7272727272727273,0.8266666666666667,0.7483333333333333,0,1
cycle_fixed,5000,45,MCP,0.65,0.8,0.8333333333333335,0.7616666666666667,0,1
cycle_fixed,5000,45,SCAD,0.65,0.8,0.8333333333333335,0.7616666666666667,0,1
cycle_fixed,5000,46,lasso,0.65,0.7272727272727273,0.8133333333333335,0.7,0,1
cycle_fixed,5000,46,MCP,0.65,0.8,0.8266666666666667,0.7283333333333333,0,1
cycle_fixed,5000,46,SCAD,0.65,0.8,0.8266666666666668,0.7283333333333333,0,1
cycle_fixed,5000,47,lasso,0.65,0.7272727272727273,0.8266666666666667,0.7483333333333333,0,1
cycle_fixed,5000,47,MCP,0.65,0.8,0.8333333333333334,0.7616666666666667,0,1
cycle_fixed,5000,47,SCAD,0.65,0.8,0.8333333333333334,0.7616666666666667,0,1
cycle_fixed,5000,48,lasso,0.65,0.8888888888888888,0.8600000000000001,0.865,0,0
cycle_fixed,5000,48,MCP,0.65,0.8,0.8533333333333334,0.845,0,1
cycle_fixed,5000,48,SCAD,0.65,0.8888888888888888,0.8600000000000001,0.865,0,0
cycle_fixed,5000,49,lasso,0.65,0.8,0.8333333333333334,0.7616666666666667,0,1
cycle_fixed,5000,49,MCP,0.65,0.7272727272727273,0.8266666666666667,0.7483333333333333,0,1
cycle_fixed,5000,49,SCAD,0.65,0.8,0.8333333333333334,0.7616666666666667,0,1
cycle_fixed,5000,50,lasso,0.65,0.8,0.8333333333333334,0.7616666666666667,0,1
cycle_fixed,5000,50,MCP,0.65,0.8,0.8333333333333334,0.7616666666666667,0,1
cycle_fixed,5000,50,SCAD,0.65,0.8,0.8333333333333334,0.7616666666666667,0,1
cycle_fixed,5000,51,lasso,0.65,0.8,0.8333333333333334,0.7616666666666667,0,1
cycle_fixed,5000,51,MCP,0.65,0.8,0.8333333333333334,0.7616666666666667,0,1
cycle_fixed,5000,51,SCAD,0.65,0.8,0.8333333333333334,0.7616666666666667,0,1
cycle_fixed,5000,52,lasso,0.65,0.8,0.8266666666666668,0.7283333333333333,0,1
cycle_fixed,5000,52,MCP,0.65,0.7272727272727273,0.8200000000000001,0.7149999999999999,0,1
cycle_fixed,5000,52,SCAD,0.65,0.7272727272727273,0.8200000000000001,0.7149999999999999,0,1
cycle_fixed,5000,53,lasso,0.65,0.8,0.8400000000000001,0.7949999999999999,0,1
cycle_fixed,5000,53,MCP,0.65,0.8,0.8400000000000001,0.7949999999999999,0,1
cycle_fixed,5000,53,SCAD,0.65,0.8,0.8400000000000001,0.7949999999999999,0,1
cycle_fixed,5000,54,lasso,0.65,0.8,0.8400000000000001,0.7950000000000002,0,1
cycle_fixed,5000,54,MCP,0.65,0.7272727272727273,0.8333333333333334,0.7816666666666667,0,1
cycle_fixed,5000,54,SCAD,0.65,0.7272727272727273,0.8333333333333334,0.7816666666666667,0,1
cycle_fixed,5000,55,lasso,0.65,0.8,0.8333333333333334,0.7583333333333333,0,1
cycle_fixed,5000,55,MCP,0.65,0.8,0.8333333333333334,0.7583333333333333,0,1
cycle_fixed,5000,55,SCAD,0.65,0.8,0.8333333333333334,0.7583333333333333,0,1
cycle_fixed,5000,56,lasso,0.65,0.7272727272727273,0.8133333333333334,0.7183333333333333,0,1
cycle_fixed,5000,56,MCP,0.65,0.7272727272727273,0.8200000000000001,0.7333333333333334,0,1
cycle_fixed,5000,56,SCAD,0.65,0.7272727272727273,0.8133333333333334,0.7183333333333333,0,1
cycle_fixed,5000,57,lasso,0.65,0.8,0.8466666666666667,0.8200000000000001,0,1
cycle_fixed,5000,57,MCP,0.65,0.8,0.8466666666666667,0.8200000000000001,0,1
cycle_fixed,5000,57,SCAD,0.65,0.8,0.8466666666666667,0.8200000000000001,0,1
cycle_fixed,5000,58,lasso,0.65,0.8888888888888888,0.8600000000000001,0.865,0,0
cycle_fixed,5000,58,MCP,0.65,0.8,0.8533333333333334,0.845,0,1
cycle_fixed,5000,58,SCAD,0.65,0.8888888888888888,0.8600000000000001,0.865,0,0
cycle_fixed,5000,59,lasso,0.65,0.8,0.8466666666666667,0.8200000000000001,0,1
cycle_fixed,5000,59,MCP,0.65,0.8,0.8466666666666667,0.8200000000000001,0,1
cycle_fixed,5000,59,SCAD,0.65,0.8,0.8466666666666667,0.8200000000000001,0,1
cycle_fixed,5000,60,lasso,0.65,0.7272727272727273,0.8200000000000001,0.7333333333333334,0,1
cycle_fixed,5000,60,MCP,0.65,0.7272727272727273,0.8200000000000001,0.7333333333333334,0,1
cycle_fixed,5000,60,SCAD,0.65,0.7272727272727273,0.8200000000000001,0.7333333333333334,0,1
cycle_fixed,5000,61,lasso,0.65,0.8,0.8333333333333334,0.7616666666666667,0,1
cycle_fixed,5000,61,MCP,0.65,0.8,0.8333333333333335,0.7616666666666667,0,1
cycle_fixed,5000,61,SCAD,0.65,0.8,0.8333333333333334,0.7616666666666667,0,1
cycle_fixed,5000,62,lasso,0.65,0.8,0.8200000000000001,0.6783333333333332,0,1
cycle_fixed,5000,62,MCP,0.65,0.8,0.8200000000000001,0.6783333333333332,0,1
cycle_fixed,5000,62,SCAD,0.65,0.8,0.8200000000000001,0.6783333333333332,0,1
cycle_fixed,5000,63,lasso,0.65,0.8,0.8333333333333334,0.7616666666666667,0,1
cycle_fixed,5000,63,MCP,0.65,0.8,0.8333333333333334,0.7616666666666667,0,1
cycle_fixed,5000,63,SCAD,0.65,0.8,0.8333333333333334,0.7616666666666667,0,1
cycle_fixed,5000,64,lasso,0.65,0.8,0.8333333333333334,0.7583333333333333,0,1
cycle_fixed,5000,64,MCP,0.65,0.7272727272727273,0.8200000000000001,0.7316666666666667,0,1
cycle_fixed,5000,64,SCAD,0.65,0.8,0.8333333333333335,0.7583333333333333,0,1
cycle_fixed,5000,65,lasso,0.65,0.7272727272727273,0.7933333333333334,0.6183333333333334,0,1
cycle_fixed,5000,65,MCP,0.65,0.6153846153846154,0.76,0.5745238095238095,0,1
cycle_fixed,5000,65,SCAD,0.65,0.6153846153846154,0.7733333333333334,0.5916666666666667,0,1
cycle_fixed,5000,66,lasso,0.65,0.8,0.8333333333333334,0.7616666666666667,0,1
cycle_fixed,5000,66,MCP,0.65,0.8,0.8333333333333334,0.7616666666666667,0,1
cycle_fixed,5000,66,SCAD,0.65,0.8,0.8333333333333334,0.7616666666666667,0,1
cycle_fixed,5000,67,lasso,0.65,0.8,0.8333333333333334,0.7616666666666667,0,1
cycle_fixed,5000,67,MCP,0.65,0.8,0.8333333333333334,0.7616666666666667,0,1
cycle_fixed,5000,67,SCAD,0.65,0.8,0.8333333333333334,0.7616666666666667,0,1
cycle_fixed,5000,68,lasso,0.65,0.7272727272727273,0.8200000000000001,0.7333333333333334,0,1
cycle_fixed,5000,68,MCP,0.65,0.8,0.8333333333333334,0.7616666666666667,0,1
cycle_fixed,5000,68,SCAD,0.65,0.8,0.8333333333333334,0.7616666666666667,0,1
cycle_fixed,5000,69,lasso,0.65,0.8,0.8333333333333334,0.7616666666666667,0,1
cycle_fixed,5000,69,MCP,0.65,0.8,0.8333333333333334,0.7616666666666667,0,1
cycle_fixed,5000,69,SCAD,0.65,0.8,0.8333333333333334,0.7616666666666667,0,1
cycle_fixed,5000,70,lasso,0.65,0.6666666666666666,0.7733333333333334,0.5888095238095239,0,1
cycle_fixed,5000,70,MCP,0.65,0.6666666666666666,0.7933333333333334,0.6254761904761905,0,1
cycle_fixed,5000,70,SCAD,0.65,0.6666666666666666,0.78,0.6054761904761905,0,1
cycle_fixed,5000,71,lasso,0.65,0.8,0.8333333333333335,0.7616666666666667,0,1
cycle_fixed,5000,71,MCP,0.65,0.8,0.8333333333333334,0.7616666666666667,0,1
cycle_fixed,5000,71,SCAD,0.65,0.8,0.8333333333333334,0.7616666666666667,0,1
cycle_fixed,5000,72,lasso,0.65,0.7272727272727273,0.8133333333333335,0.7,0,1
cycle_fixed,5000,72,MCP,0.65,0.6666666666666666,0.8133333333333334,0.7238095238095237,0,1
cycle_fixed,5000,72,SCAD,0.65,0.6666666666666666,0.8133333333333334,0.7238095238095237,0,1
cycle_fixed,5000,73,lasso,0.65,0.7272727272727273,0.8133333333333335,0.7,0,1
cycle_fixed,5000,73,MCP,0.65,0.8,0.8266666666666668,0.7283333333333333,0,1
cycle_fixed,5000,73,SCAD,0.65,0.8,0.8266666666666668,0.7283333333333333,0,1
cycle_fixed,5000,74,lasso,0.65,0.6666666666666666,0.8,0.6988095238095238,0,1
cycle_fixed,5000,74,MCP,0.65,0.7272727272727273,0.8266666666666667,0.7666666666666666,0,1
cycle_fixed,5000,74,SCAD,0.65,0.7272727272727273,0.8266666666666667,0.7666666666666666,0,1
cycle_fixed,5000,75,lasso,0.65,0.8,0.8333333333333334,0.7616666666666667,0,1
cycle_fixed,5000,75,MCP,0.65,0.7272727272727273,0.8266666666666667,0.7483333333333333,0,1
cycle_fixed,5000,75,SCAD,0.65,0.8,0.8333333333333334,0.7616666666666667,0,1
cycle_fixed,5000,76,lasso,0.65,0.8,0.8333333333333334,0.7616666666666667,0,1
cycle_fixed,5000,76,MCP,0.65,0.8,0.8333333333333334,0.7616666666666667,0,1
cycle_fixed,5000,76,SCAD,0.65,0.8,0.8333333333333334,0.7616666666666667,0,1
cycle_fixed,5000,77,lasso,0.65,0.7272727272727273,0.7933333333333334,0.6183333333333334,0,1
cycle_fixed,5000,77,MCP,0.65,0.6666666666666666,0.7933333333333334,0.6421428571428571,0,1
cycle_fixed,5000,77,SCAD,0.65,0.6666666666666666,0.7866666666666667,0.6088095238095238,0,1
cycle_fixed,5000,78,lasso,0.65,0.8,0.8333333333333335,0.7616666666666667,0,1
cycle_fixed,5000,78,MCP,0.65,0.7272727272727273,0.8266666666666667,0.7483333333333333,0,1
cycle_fixed,5000,78,SCAD,0.65,0.8,0.8333333333333335,0.7616666666666667,0,1
cycle_fixed,5000,79,lasso,0.65,0.7272727272727273,0.8200000000000001,0.7333333333333334,0,1
cycle_fixed,5000,79,MCP,0.65,0.7272727272727273,0.8200000000000001,0.7333333333333334,0,1
cycle_fixed,5000,79,SCAD,0.65,0.7272727272727273,0.8200000000000001,0.7333333333333334,0,1
cycle_fixed,5000,80,lasso,0.65,0.8,0.8333333333333334,0.7616666666666667,0,1
cycle_fixed,5000,80,MCP,0.65,0.8,0.8333333333333334,0.7616666666666667,0,1
cycle_fixed,5000,80,SCAD,0.65,0.8,0.8333333333333334,0.7616666666666667,0,1
cycle_fixed,5000,81,lasso,0.65,0.8,0.8466666666666667,0.8200000000000001,0,0
cycle_fixed,5000,81,MCP,0.65,0.8,0.8466666666666667,0.8200000000000001,0,0
cycle_fixed,5000,81,SCAD,0.65,0.8,0.8466666666666667,0.8200000000000001,0,0
cycle_fixed,5000,82,lasso,0.65,0.7272727272727273,0.8,0.6683333333333333,0,1
cycle_fixed,5000,82,MCP,0.65,0.7272727272727273,0.8,0.6683333333333333,0,1
cycle_fixed,5000,82,SCAD,0.65,0.7272727272727273,0.8,0.6683333333333333,0,1
cycle_fixed,5000,83,lasso,0.65,0.8,0.8333333333333335,0.7616666666666667,0,1
cycle_fixed,5000,83,MCP,0.65,0.8,0.8333333333333334,0.7616666666666667,0,1
cycle_fixed,5000,83,SCAD,0.65,0.8,0.8333333333333334,0.7616666666666667,0,1
cycle_fixed,5000,84,lasso,0.65,0.8,0.8333333333333334,0.7616666666666667,0,1
cycle_fixed,5000,84,MCP,0.65,0.8,0.8333333333333334,0.7616666666666667,0,1
cycle_fixed,5000,84,SCAD,0.65,0.8,0.8333333333333334,0.7616666666666667,0,1
cycle_fixed,5000,85,lasso,0.65,0.6666666666666666,0.8066666666666668,0.7138095238095237,0,1
cycle_fixed,5000,85,MCP,0.65,0.7272727272727273,0.8200000000000001,0.7333333333333334,0,1
cycle_fixed,5000,85,SCAD,0.65,0.7272727272727273,0.8200000000000001,0.7333333333333334,0,1
cycle_fixed,5000,86,lasso,0.65,0.7272727272727273,0.8066666666666668,0.7016666666666667,0,1
cycle_fixed,5000,86,MCP,0.65,0.6666666666666666,0.8133333333333335,0.7238095238095237,0,1
cycle_fixed,5000,86,SCAD,0.65,0.7272727272727273,0.8200000000000001,0.7333333333333334,0,1
cycle_fixed,5000,87,lasso,0.65,0.8,0.8333333333333334,0.7616666666666667,0,1
cycle_fixed,5000,87,MCP,0.65,0.8,0.8333333333333334,0.7616666666666667,0,1
cycle_fixed,5000,87,SCAD,0.65,0.8,0.8333333333333334,0.7616666666666667,0,1
cycle_fixed,5000,88,lasso,0.65,0.8,0.8333333333333334,0.7616666666666667,0,1
cycle_fixed,5000,88,MCP,0.65,0.7272727272727273,0.8266666666666667,0.7483333333333333,0,1
cycle_fixed,5000,88,SCAD,0.65,0.7272727272727273,0.8266666666666667,0.7483333333333333,0,1
cycle_fixed,5000,89,lasso,0.65,0.8,0.8333333333333334,0.7616666666666667,0,1
cycle_fixed,5000,89,MCP,0.65,0.8,0.8333333333333335,0.7616666666666667,0,1
cycle_fixed,5000,89,SCAD,0.65,0.8,0.8333333333333335,0.7616666666666667,0,1
cycle_fixed,5000,90,lasso,0.65,0.8,0.8333333333333334,0.7616666666666667,0,1
cycle_fixed,5000,90,MCP,0.65,0.8,0.8333333333333334,0.7616666666666667,0,1
cycle_fixed,5000,90,SCAD,0.65,0.8,0.8333333333333334,0.7616666666666667,0,1
cycle_fixed,5000,91,lasso,0.65,0.8,0.8466666666666667,0.8200000000000001,0,1
cycle_fixed,5000,91,MCP,0.65,0.8,0.8466666666666667,0.8200000000000001,0,1
cycle_fixed,5000,91,SCAD,0.65,0.8,0.8466666666666667,0.8200000000000001,0,1
cycle_fixed,5000,92,lasso,0.65,0.8,0.8333333333333334,0.7616666666666667,0,1
cycle_fixed,5000,92,MCP,0.65,0.8,0.8333333333333335,0.7616666666666667,0,1
cycle_fixed,5000,92,SCAD,0.65,0.8,0.8333333333333335,0.7616666666666667,0,1
cycle_fixed,5000,93,lasso,0.65,0.8,0.8333333333333335,0.7616666666666667,0,1
cycle_fixed,5000,93,MCP,0.65,0.8,0.8333333333333335,0.7616666666666667,0,1
cycle_fixed,5000,93,SCAD,0.65,0.8,0.8333333333333335,0.7616666666666667,0,1
cycle_fixed,5000,94,lasso,0.65,0.8,0.8333333333333334,0.7616666666666667,0,1
cycle_fixed,5000,94,MCP,0.65,0.8,0.8333333333333334,0.7616666666666667,0,1
cycle_fixed,5000,94,SCAD,0.65,0.8,0.8333333333333334,0.7616666666666667,0,1
cycle_fixed,5000,95,lasso,0.65,0.7272727272727273,0.8266666666666667,0.7483333333333333,0,1
cycle_fixed,5000,95,MCP,0.65,0.6666666666666666,0.8133333333333334,0.7238095238095237,0,1
cycle_fixed,5000,95,SCAD,0.65,0.7272727272727273,0.8200000000000001,0.7333333333333334,0,1
cycle_fixed,5000,96,lasso,0.65,0.8,0.8333333333333334,0.7616666666666667,0,1
cycle_fixed,5000,96,MCP,0.65,0.8,0.8333333333333334,0.7616666666666667,0,1
cycle_fixed,5000,96,SCAD,0.65,0.8,0.8333333333333335,0.7616666666666667,0,1
cycle_fixed,5000,97,lasso,0.65,0.75,0.8400000000000001,0.8066666666666666,0,0
cycle_fixed,5000,97,MCP,0.65,0.8888888888888888,0.8533333333333334,0.8400000000000001,0,0
cycle_fixed,5000,97,SCAD,0.65,0.8,0.8466666666666667,0.8200000000000001,0,1
cycle_fixed,5000,98,lasso,0.65,0.7272727272727273,0.8200000000000001,0.7333333333333334,0,1
cycle_fixed,5000,98,MCP,0.65,0.6666666666666666,0.8066666666666668,0.7138095238095237,0,1
cycle_fixed,5000,98,SCAD,0.65,0.6666666666666666,0.8,0.7066666666666666,0,1
cycle_fixed,5000,99,lasso,0.65,0.7272727272727273,0.8066666666666666,0.6499999999999999,0,1
cycle_fixed,5000,99,MCP,0.65,0.8,0.8200000000000001,0.6783333333333332,0,1
cycle_fixed,5000,99,SCAD,0.65,0.8,0.8200000000000001,0.6783333333333332,0,1
cycle_fixed,10000.0,0,lasso,0.65,0.7272727272727273,0.8133333333333335,0.7183333333333333,0,1
cycle_fixed,10000.0,0,MCP,0.65,0.7272727272727273,0.8200000000000001,0.7149999999999999,0,1
cycle_fixed,10000.0,0,SCAD,0.65,0.7272727272727273,0.8200000000000001,0.7149999999999999,0,1
cycle_fixed,10000.0,1,lasso,0.65,0.8,0.8333333333333335,0.7616666666666667,0,1
cycle_fixed,10000.0,1,MCP,0.65,0.8,0.8333333333333334,0.7616666666666667,0,1
cycle_fixed,10000.0,1,SCAD,0.65,0.8,0.8333333333333334,0.7616666666666667,0,1
cycle_fixed,10000.0,2,lasso,0.65,0.6666666666666666,0.8066666666666668,0.7138095238095237,0,1
cycle_fixed,10000.0,2,MCP,0.65,0.7272727272727273,0.8200000000000001,0.7333333333333334,0,1
cycle_fixed,10000.0,2,SCAD,0.65,0.7272727272727273,0.8200000000000001,0.7333333333333334,0,1
cycle_fixed,10000.0,3,lasso,0.65,0.7272727272727273,0.8200000000000001,0.7149999999999999,0,1
cycle_fixed,10000.0,3,MCP,0.65,0.8,0.8266666666666667,0.7283333333333333,0,1
cycle_fixed,10000.0,3,SCAD,0.65,0.8,0.8266666666666667,0.7283333333333333,0,1
cycle_fixed,10000.0,4,lasso,0.65,0.8,0.8333333333333334,0.7616666666666667,0,1
cycle_fixed,10000.0,4,MCP,0.65,0.8,0.8333333333333334,0.7616666666666667,0,1
cycle_fixed,10000.0,4,SCAD,0.65,0.8,0.8333333333333334,0.7616666666666667,0,1
cycle_fixed,10000.0,5,lasso,0.65,0.8,0.8333333333333334,0.7616666666666667,0,1
cycle_fixed,10000.0,5,MCP,0.65,0.8,0.8333333333333334,0.7616666666666667,0,1
cycle_fixed,10000.0,5,SCAD,0.65,0.8,0.8333333333333334,0.7616666666666667,0,1
cycle_fixed,10000.0,6,lasso,0.65,0.8,0.8333333333333334,0.7616666666666667,0,1
cycle_fixed,10000.0,6,MCP,0.65,0.8,0.8333333333333334,0.7616666666666667,0,1
cycle_fixed,10000.0,6,SCAD,0.65,0.8,0.8333333333333334,0.7616666666666667,0,1
cycle_fixed,10000.0,7,lasso,0.65,0.8,0.8333333333333334,0.7616666666666667,0,1
cycle_fixed,10000.0,7,MCP,0.65,0.8,0.8333333333333335,0.7616666666666667,0,1
cycle_fixed,10000.0,7,SCAD,0.65,0.8,0.8333333333333335,0.7616666666666667,0,1
cycle_fixed,10000.0,8,lasso,0.65,0.8,0.8333333333333335,0.7616666666666667,0,1
cycle_fixed,10000.0,8,MCP,0.65,0.8,0.8333333333333335,0.7616666666666667,0,1
cycle_fixed,10000.0,8,SCAD,0.65,0.8,0.8333333333333335,0.7616666666666667,0,1
cycle_fixed,10000.0,9,lasso,0.65,0.7272727272727273,0.8200000000000001,0.7333333333333334,0,1
cycle_fixed,10000.0,9,MCP,0.65,0.8,0.8333333333333334,0.7616666666666667,0,1
cycle_fixed,10000.0,9,SCAD,0.65,0.8,0.8333333333333334,0.7616666666666667,0,1
cycle_fixed,10000.0,10,lasso,0.65,0.8,0.8333333333333334,0.7616666666666667,0,1
cycle_fixed,10000.0,10,MCP,0.65,0.8,0.8333333333333334,0.7616666666666667,0,1
cycle_fixed,10000.0,10,SCAD,0.65,0.8,0.8333333333333334,0.7616666666666667,0,1
cycle_fixed,10000.0,11,lasso,0.65,0.8,0.8333333333333334,0.7616666666666667,0,1
cycle_fixed,10000.0,11,MCP,0.65,0.8,0.8333333333333334,0.7616666666666667,0,1
cycle_fixed,10000.0,11,SCAD,0.65,0.8,0.8333333333333334,0.7616666666666667,0,1
cycle_fixed,10000.0,12,lasso,0.65,0.8,0.8333333333333334,0.7616666666666667,0,1
cycle_fixed,10000.0,12,MCP,0.65,0.8,0.8333333333333335,0.7616666666666667,0,1
cycle_fixed,10000.0,12,SCAD,0.65,0.8,0.8333333333333335,0.7616666666666667,0,1
cycle_fixed,10000.0,13,lasso,0.65,0.8,0.8266666666666668,0.7283333333333333,0,1
cycle_fixed,10000.0,13,MCP,0.65,0.8,0.8266666666666668,0.7283333333333333,0,1
cycle_fixed,10000.0,13,SCAD,0.65,0.8,0.8266666666666668,0.7283333333333333,0,1
cycle_fixed,10000.0,14,lasso,0.65,0.8,0.8333333333333334,0.7616666666666667,0,1
cycle_fixed,10000.0,14,MCP,0.65,0.8,0.8333333333333335,0.7616666666666667,0,1
cycle_fixed,10000.0,14,SCAD,0.65,0.8,0.8333333333333335,0.7616666666666667,0,1
cycle_fixed,10000.0,15,lasso,0.65,0.8,0.8333333333333334,0.7616666666666667,0,1
cycle_fixed,10000.0,15,MCP,0.65,0.8,0.8333333333333334,0.7616666666666667,0,1
cycle_fixed,10000.0,15,SCAD,0.65,0.8,0.8333333333333334,0.7616666666666667,0,1
cycle_fixed,10000.0,16,lasso,0.65,0.7272727272727273,0.8133333333333335,0.7,0,1
cycle_fixed,10000.0,16,MCP,0.65,0.7272727272727273,0.8133333333333334,0.7,0,1
cycle_fixed,10000.0,16,SCAD,0.65,0.7272727272727273,0.8133333333333334,0.7,0,1
cycle_fixed,10000.0,17,lasso,0.65,0.7272727272727273,0.8200000000000001,0.7333333333333334,0,1
cycle_fixed,10000.0,17,MCP,0.65,0.8,0.8333333333333334,0.7616666666666667,0,1
cycle_fixed,10000.0,17,SCAD,0.65,0.8,0.8333333333333334,0.7616666666666667,0,1
cycle_fixed,10000.0,18,lasso,0.65,0.8,0.8333333333333334,0.7616666666666667,0,1
cycle_fixed,10000.0,18,MCP,0.65,0.8,0.8333333333333334,0.7616666666666667,0,1
cycle_fixed,10000.0,18,SCAD,0.65,0.8,0.8333333333333334,0.7616666666666667,0,1
cycle_fixed,10000.0,19,lasso,0.65,0.8,0.8333333333333334,0.7616666666666667,0,1
cycle_fixed,10000.0,19,MCP,0.65,0.8,0.8333333333333334,0.7616666666666667,0,1
cycle_fixed,10000.0,19,SCAD,0.65,0.8,0.8333333333333334,0.7616666666666667,0,1
cycle_fixed,10000.0,20,lasso,0.65,0.7272727272727273,0.8066666666666668,0.7016666666666667,0,1
cycle_fixed,10000.0,20,MCP,0.65,0.7272727272727273,0.8266666666666667,0.7483333333333333,0,1
cycle_fixed,10000.0,20,SCAD,0.65,0.7272727272727273,0.8266666666666667,0.7483333333333333,0,1
cycle_fixed,10000.0,21,lasso,0.65,0.8,0.8333333333333335,0.7616666666666667,0,1
cycle_fixed,10000.0,21,MCP,0.65,0.8,0.8333333333333334,0.7616666666666667,0,1
cycle_fixed,10000.0,21,SCAD,0.65,0.8,0.8333333333333334,0.7616666666666667,0,1
cycle_fixed,10000.0,22,lasso,0.65,0.7272727272727273,0.8266666666666667,0.7483333333333333,0,1
cycle_fixed,10000.0,22,MCP,0.65,0.8,0.8333333333333334,0.7616666666666667,0,1
cycle_fixed,10000.0,22,SCAD,0.65,0.8,0.8333333333333334,0.7616666666666667,0,1
cycle_fixed,10000.0,23,lasso,0.65,0.8,0.8333333333333334,0.7616666666666667,0,1
cycle_fixed,10000.0,23,MCP,0.65,0.8,0.8333333333333334,0.7616666666666667,0,1
cycle_fixed,10000.0,23,SCAD,0.65,0.8,0.8333333333333334,0.7616666666666667,0,1
cycle_fixed,10000.0,24,lasso,0.65,0.8,0.8333333333333334,0.7616666666666667,0,1
cycle_fixed,10000.0,24,MCP,0.65,0.8,0.8333333333333334,0.7616666666666667,0,1
cycle_fixed,10000.0,24,SCAD,0.65,0.8,0.8333333333333334,0.7616666666666667,0,1
cycle_fixed,10000.0,25,lasso,0.65,0.7272727272727273,0.8200000000000001,0.7333333333333334,0,1
cycle_fixed,10000.0,25,MCP,0.65,0.8,0.8333333333333334,0.7616666666666667,0,1
cycle_fixed,10000.0,25,SCAD,0.65,0.8,0.8333333333333334,0.7616666666666667,0,1
cycle_fixed,10000.0,26,lasso,0.65,0.8,0.8266666666666667,0.7283333333333333,0,1
cycle_fixed,10000.0,26,MCP,0.65,0.8,0.8266666666666667,0.7283333333333333,0,1
cycle_fixed,10000.0,26,SCAD,0.65,0.8,0.8266666666666668,0.7283333333333333,0,1
cycle_fixed,10000.0,27,lasso,0.65,0.8,0.8333333333333334,0.7616666666666667,0,1
cycle_fixed,10000.0,27,MCP,0.65,0.8,0.8333333333333334,0.7616666666666667,0,1
cycle_fixed,10000.0,27,SCAD,0.65,0.8,0.8333333333333334,0.7616666666666667,0,1
cycle_fixed,10000.0,28,lasso,0.65,0.8,0.8333333333333334,0.7616666666666667,0,1
cycle_fixed,10000.0,28,MCP,0.65,0.8,0.8333333333333334,0.7616666666666667,0,1
cycle_fixed,10000.0,28,SCAD,0.65,0.8,0.8333333333333335,0.7616666666666667,0,1
cycle_fixed,10000.0,29,lasso,0.65,0.8,0.8466666666666667,0.8200000000000001,0,1
cycle_fixed,10000.0,29,MCP,0.65,0.8,0.8466666666666667,0.8200000000000001,0,1
cycle_fixed,10000.0,29,SCAD,0.65,0.8,0.8466666666666667,0.8200000000000001,0,1
cycle_fixed,10000.0,30,lasso,0.65,0.7272727272727273,0.8266666666666667,0.7666666666666666,0,1
cycle_fixed,10000.0,30,MCP,0.65,0.8,0.8400000000000001,0.7949999999999999,0,1
cycle_fixed,10000.0,30,SCAD,0.65,0.8,0.8400000000000001,0.7949999999999999,0,1
cycle_fixed,10000.0,31,lasso,0.65,0.8,0.8333333333333334,0.7616666666666667,0,1
cycle_fixed,10000.0,31,MCP,0.65,0.8,0.8333333333333334,0.7616666666666667,0,1
cycle_fixed,10000.0,31,SCAD,0.65,0.8,0.8333333333333334,0.7616666666666667,0,1
cycle_fixed,10000.0,32,lasso,0.65,0.6666666666666666,0.8133333333333335,0.7238095238095237,0,1
cycle_fixed,10000.0,32,MCP,0.65,0.8,0.8333333333333334,0.7616666666666667,0,1
cycle_fixed,10000.0,32,SCAD,0.65,0.8,0.8333333333333334,0.7616666666666667,0,1
cycle_fixed,10000.0,33,lasso,0.65,0.8,0.8333333333333335,0.7616666666666667,0,1
cycle_fixed,10000.0,33,MCP,0.65,0.8,0.8333333333333334,0.7616666666666667,0,1
cycle_fixed,10000.0,33,SCAD,0.65,0.8,0.8333333333333334,0.7616666666666667,0,1
cycle_fixed,10000.0,34,lasso,0.65,0.8,0.8533333333333334,0.845,0,1
cycle_fixed,10000.0,34,MCP,0.65,0.8888888888888888,0.8600000000000001,0.865,0,0
cycle_fixed,10000.0,34,SCAD,0.65,0.8,0.8533333333333334,0.845,0,1
cycle_fixed,10000.0,35,lasso,0.65,0.8,0.8333333333333334,0.7616666666666667,0,1
cycle_fixed,10000.0,35,MCP,0.65,0.8,0.8333333333333334,0.7616666666666667,0,1
cycle_fixed,10000.0,35,SCAD,0.65,0.8,0.8333333333333334,0.7616666666666667,0,1
cycle_fixed,10000.0,36,lasso,0.65,0.7272727272727273,0.8200000000000001,0.7333333333333334,0,1
cycle_fixed,10000.0,36,MCP,0.65,0.7272727272727273,0.8200000000000001,0.7333333333333334,0,1
cycle_fixed,10000.0,36,SCAD,0.65,0.7272727272727273,0.8200000000000001,0.7333333333333334,0,1
cycle_fixed,10000.0,37,lasso,0.65,0.8,0.8333333333333334,0.7616666666666667,0,1
cycle_fixed,10000.0,37,MCP,0.65,0.8,0.8333333333333334,0.7616666666666667,0,1
cycle_fixed,10000.0,37,SCAD,0.65,0.8,0.8333333333333334,0.7616666666666667,0,1
cycle_fixed,10000.0,38,lasso,0.65,0.8,0.8333333333333334,0.7616666666666667,0,1
cycle_fixed,10000.0,38,MCP,0.65,0.8,0.8333333333333334,0.7616666666666667,0,1
cycle_fixed,10000.0,38,SCAD,0.65,0.8,0.8333333333333334,0.7616666666666667,0,1
cycle_fixed,10000.0,39,lasso,0.65,0.8,0.8333333333333334,0.7616666666666667,0,1
cycle_fixed,10000.0,39,MCP,0.65,0.8,0.8333333333333334,0.7616666666666667,0,1
cycle_fixed,10000.0,39,SCAD,0.65,0.8,0.8333333333333334,0.7616666666666667,0,1
cycle_fixed,10000.0,40,lasso,0.65,0.8,0.8466666666666667,0.8200000000000001,0,1
cycle_fixed,10000.0,40,MCP,0.65,0.8,0.8466666666666667,0.8200000000000001,0,1
cycle_fixed,10000.0,40,SCAD,0.65,0.8,0.8466666666666667,0.8200000000000001,0,1
cycle_fixed,10000.0,41,lasso,0.65,0.8,0.8400000000000001,0.7949999999999999,0,1
cycle_fixed,10000.0,41,MCP,0.65,0.8,0.8400000000000001,0.7949999999999999,0,1
cycle_fixed,10000.0,41,SCAD,0.65,0.8,0.8400000000000001,0.7949999999999999,0,1
cycle_fixed,10000.0,42,lasso,0.65,0.7272727272727273,0.8266666666666667,0.7483333333333333,0,1
cycle_fixed,10000.0,42,MCP,0.65,0.7272727272727273,0.8200000000000001,0.7333333333333334,0,1
cycle_fixed,10000.0,42,SCAD,0.65,0.6666666666666666,0.8133333333333335,0.7238095238095237,0,1
cycle_fixed,10000.0,43,lasso,0.65,0.7272727272727273,0.8266666666666667,0.7483333333333333,0,1
cycle_fixed,10000.0,43,MCP,0.65,0.8,0.8333333333333335,0.7616666666666667,0,1
cycle_fixed,10000.0,43,SCAD,0.65,0.8,0.8333333333333335,0.7616666666666667,0,1
cycle_fixed,10000.0,44,lasso,0.65,0.8,0.8333333333333334,0.7616666666666667,0,1
cycle_fixed,10000.0,44,MCP,0.65,0.8,0.8333333333333334,0.7616666666666667,0,1
cycle_fixed,10000.0,44,SCAD,0.65,0.8,0.8333333333333334,0.7616666666666667,0,1
cycle_fixed,10000.0,45,lasso,0.65,0.8,0.8333333333333334,0.7616666666666667,0,1
cycle_fixed,10000.0,45,MCP,0.65,0.8,0.8333333333333334,0.7616666666666667,0,1
cycle_fixed,10000.0,45,SCAD,0.65,0.8,0.8333333333333334,0.7616666666666667,0,1
cycle_fixed,10000.0,46,lasso,0.65,0.8,0.8333333333333334,0.7616666666666667,0,1
cycle_fixed,10000.0,46,MCP,0.65,0.8,0.8333333333333334,0.7616666666666667,0,1
cycle_fixed,10000.0,46,SCAD,0.65,0.8,0.8333333333333334,0.7616666666666667,0,1
cycle_fixed,10000.0,47,lasso,0.65,0.8,0.8466666666666667,0.8200000000000001,0,1
cycle_fixed,10000.0,47,MCP,0.65,0.8,0.8466666666666667,0.8200000000000001,0,1
cycle_fixed,10000.0,47,SCAD,0.65,0.8,0.8466666666666667,0.8200000000000001,0,1
cycle_fixed,10000.0,48,lasso,0.65,0.7272727272727273,0.8266666666666667,0.7483333333333333,0,1
cycle_fixed,10000.0,48,MCP,0.65,0.7272727272727273,0.8266666666666667,0.7483333333333333,0,1
cycle_fixed,10000.0,48,SCAD,0.65,0.7272727272727273,0.8266666666666667,0.7483333333333333,0,1
cycle_fixed,10000.0,49,lasso,0.65,0.7272727272727273,0.8200000000000001,0.7333333333333334,0,1
cycle_fixed,10000.0,49,MCP,0.65,0.8,0.8333333333333334,0.7616666666666667,0,1
cycle_fixed,10000.0,49,SCAD,0.65,0.8,0.8333333333333334,0.7616666666666667,0,1
cycle_fixed,10000.0,50,lasso,0.65,0.8,0.8333333333333334,0.7616666666666667,0,1
cycle_fixed,10000.0,50,MCP,0.65,0.8,0.8333333333333335,0.7616666666666667,0,1
cycle_fixed,10000.0,50,SCAD,0.65,0.8,0.8333333333333335,0.7616666666666667,0,1
cycle_fixed,10000.0,51,lasso,0.65,0.8,0.8400000000000001,0.7949999999999999,0,1
cycle_fixed,10000.0,51,MCP,0.65,0.8,0.8400000000000001,0.7949999999999999,0,1
cycle_fixed,10000.0,51,SCAD,0.65,0.8,0.8400000000000001,0.7949999999999999,0,1
cycle_fixed,10000.0,52,lasso,0.65,0.8,0.8333333333333334,0.7616666666666667,0,1
cycle_fixed,10000.0,52,MCP,0.65,0.8,0.8333333333333334,0.7616666666666667,0,1
cycle_fixed,10000.0,52,SCAD,0.65,0.8,0.8333333333333334,0.7616666666666667,0,1
cycle_fixed,10000.0,53,lasso,0.65,0.8,0.8333333333333335,0.7616666666666667,0,1
cycle_fixed,10000.0,53,MCP,0.65,0.8,0.8333333333333334,0.7616666666666667,0,1
cycle_fixed,10000.0,53,SCAD,0.65,0.8,0.8333333333333334,0.7616666666666667,0,1
cycle_fixed,10000.0,54,lasso,0.65,0.7272727272727273,0.8200000000000001,0.7333333333333334,0,1
cycle_fixed,10000.0,54,MCP,0.65,0.8,0.8333333333333334,0.7616666666666667,0,1
cycle_fixed,10000.0,54,SCAD,0.65,0.8,0.8333333333333334,0.7616666666666667,0,1
cycle_fixed,10000.0,55,lasso,0.65,0.8,0.8333333333333334,0.7616666666666667,0,1
cycle_fixed,10000.0,55,MCP,0.65,0.8,0.8333333333333334,0.7616666666666667,0,1
cycle_fixed,10000.0,55,SCAD,0.65,0.8,0.8333333333333334,0.7616666666666667,0,1
cycle_fixed,10000.0,56,lasso,0.65,0.7272727272727273,0.8133333333333335,0.7,0,1
cycle_fixed,10000.0,56,MCP,0.65,0.8,0.8266666666666667,0.7283333333333333,0,1
cycle_fixed,10000.0,56,SCAD,0.65,0.8,0.8266666666666667,0.7283333333333333,0,1
cycle_fixed,10000.0,57,lasso,0.65,0.8,0.8333333333333334,0.7616666666666667,0,1
cycle_fixed,10000.0,57,MCP,0.65,0.8,0.8333333333333334,0.7616666666666667,0,1
cycle_fixed,10000.0,57,SCAD,0.65,0.8,0.8333333333333334,0.7616666666666667,0,1
cycle_fixed,10000.0,58,lasso,0.65,0.8,0.8333333333333334,0.7616666666666667,0,1
cycle_fixed,10000.0,58,MCP,0.65,0.8,0.8333333333333334,0.7616666666666667,0,1
cycle_fixed,10000.0,58,SCAD,0.65,0.8,0.8333333333333334,0.7616666666666667,0,1
cycle_fixed,10000.0,59,lasso,0.65,0.8,0.8333333333333335,0.7616666666666667,0,1
cycle_fixed,10000.0,59,MCP,0.65,0.8,0.8333333333333334,0.7616666666666667,0,1
cycle_fixed,10000.0,59,SCAD,0.65,0.8,0.8333333333333334,0.7616666666666667,0,1
cycle_fixed,10000.0,60,lasso,0.65,0.8,0.8333333333333334,0.7616666666666667,0,1
cycle_fixed,10000.0,60,MCP,0.65,0.8,0.8333333333333334,0.7616666666666667,0,1
cycle_fixed,10000.0,60,SCAD,0.65,0.8,0.8333333333333334,0.7616666666666667,0,1
cycle_fixed,10000.0,61,lasso,0.65,0.8,0.8333333333333334,0.7616666666666667,0,1
cycle_fixed,10000.0,61,MCP,0.65,0.8,0.8333333333333334,0.7616666666666667,0,1
cycle_fixed,10000.0,61,SCAD,0.65,0.8,0.8333333333333334,0.7616666666666667,0,1
cycle_fixed,10000.0,62,lasso,0.65,0.8,0.8333333333333334,0.7616666666666667,0,1
cycle_fixed,10000.0,62,MCP,0.65,0.8,0.8333333333333334,0.7616666666666667,0,1
cycle_fixed,10000.0,62,SCAD,0.65,0.8,0.8333333333333334,0.7616666666666667,0,1
cycle_fixed,10000.0,63,lasso,0.65,0.8,0.8333333333333334,0.7616666666666667,0,1
cycle_fixed,10000.0,63,MCP,0.65,0.8,0.8333333333333334,0.7616666666666667,0,1
cycle_fixed,10000.0,63,SCAD,0.65,0.8,0.8333333333333334,0.7616666666666667,0,1
cycle_fixed,10000.0,64,lasso,0.65,0.8,0.8266666666666667,0.7283333333333333,0,1
cycle_fixed,10000.0,64,MCP,0.65,0.8,0.8266666666666668,0.7283333333333333,0,1
cycle_fixed,10000.0,64,SCAD,0.65,0.8,0.8266666666666668,0.7283333333333333,0,1
cycle_fixed,10000.0,65,lasso,0.65,0.8,0.8333333333333334,0.7616666666666667,0,1
cycle_fixed,10000.0,65,MCP,0.65,0.8,0.8333333333333334,0.7616666666666667,0,1
cycle_fixed,10000.0,65,SCAD,0.65,0.8,0.8333333333333334,0.7616666666666667,0,1
cycle_fixed,10000.0,66,lasso,0.65,0.7272727272727273,0.8266666666666667,0.7483333333333333,0,1
cycle_fixed,10000.0,66,MCP,0.65,0.8,0.8333333333333334,0.7616666666666667,0,1
cycle_fixed,10000.0,66,SCAD,0.65,0.8,0.8333333333333334,0.7616666666666667,0,1
cycle_fixed,10000.0,67,lasso,0.65,0.8,0.8266666666666667,0.7283333333333333,0,1
cycle_fixed,10000.0,67,MCP,0.65,0.8,0.8266666666666667,0.7283333333333333,0,1
cycle_fixed,10000.0,67,SCAD,0.65,0.8,0.8266666666666667,0.7283333333333333,0,1
cycle_fixed,10000.0,68,lasso,0.65,0.8,0.8333333333333334,0.7616666666666667,0,1
cycle_fixed,10000.0,68,MCP,0.65,0.8,0.8333333333333335,0.7616666666666667,0,1
cycle_fixed,10000.0,68,SCAD,0.65,0.8,0.8333333333333334,0.7616666666666667,0,1
cycle_fixed,10000.0,69,lasso,0.65,0.8,0.8333333333333334,0.7616666666666667,0,1
cycle_fixed,10000.0,69,MCP,0.65,0.8,0.8333333333333334,0.7616666666666667,0,1
cycle_fixed,10000.0,69,SCAD,0.65,0.8,0.8333333333333334,0.7616666666666667,0,1
cycle_fixed,10000.0,70,lasso,0.65,0.6666666666666666,0.8066666666666668,0.7138095238095237,0,1
cycle_fixed,10000.0,70,MCP,0.65,0.6666666666666666,0.8066666666666668,0.7138095238095237,0,1
cycle_fixed,10000.0,70,SCAD,0.65,0.6666666666666666,0.8066666666666668,0.7138095238095237,0,1
cycle_fixed,10000.0,71,lasso,0.65,0.8,0.8333333333333334,0.7616666666666667,0,1
cycle_fixed,10000.0,71,MCP,0.65,0.8,0.8333333333333335,0.7616666666666667,0,1
cycle_fixed,10000.0,71,SCAD,0.65,0.8,0.8333333333333335,0.7616666666666667,0,1
cycle_fixed,10000.0,72,lasso,0.65,0.8,0.8333333333333334,0.7616666666666667,0,1
cycle_fixed,10000.0,72,MCP,0.65,0.8,0.8333333333333334,0.7616666666666667,0,1
cycle_fixed,10000.0,72,SCAD,0.65,0.8,0.8333333333333335,0.7616666666666667,0,1
cycle_fixed,10000.0,73,lasso,0.65,0.8,0.8333333333333334,0.7616666666666667,0,1
cycle_fixed,10000.0,73,MCP,0.65,0.8,0.8333333333333334,0.7616666666666667,0,1
cycle_fixed,10000.0,73,SCAD,0.65,0.8,0.8333333333333334,0.7616666666666667,0,1
cycle_fixed,10000.0,74,lasso,0.65,0.8,0.8333333333333334,0.7616666666666667,0,1
cycle_fixed,10000.0,74,MCP,0.65,0.8,0.8333333333333334,0.7616666666666667,0,1
cycle_fixed,10000.0,74,SCAD,0.65,0.8,0.8333333333333334,0.7616666666666667,0,1
cycle_fixed,10000.0,75,lasso,0.65,0.8,0.8333333333333334,0.7616666666666667,0,1
cycle_fixed,10000.0,75,MCP,0.65,0.8,0.8333333333333335,0.7616666666666667,0,1
cycle_fixed,10000.0,75,SCAD,0.65,0.8,0.8333333333333335,0.7616666666666667,0,1
cycle_fixed,10000.0,76,lasso,0.65,0.8,0.8333333333333335,0.7616666666666667,0,1
cycle_fixed,10000.0,76,MCP,0.65,0.8,0.8333333333333334,0.7616666666666667,0,1
cycle_fixed,10000.0,76,SCAD,0.65,0.8,0.8333333333333334,0.7616666666666667,0,1
cycle_fixed,10000.0,77,lasso,0.65,0.8,0.8333333333333334,0.7616666666666667,0,1
cycle_fixed,10000.0,77,MCP,0.65,0.8,0.8333333333333334,0.7616666666666667,0,1
cycle_fixed,10000.0,77,SCAD,0.65,0.8,0.8333333333333334,0.7616666666666667,0,1
cycle_fixed,10000.0,78,lasso,0.65,0.7272727272727273,0.8200000000000001,0.7333333333333334,0,1
cycle_fixed,10000.0,78,MCP,0.65,0.8,0.8333333333333335,0.7616666666666667,0,1
cycle_fixed,10000.0,78,SCAD,0.65,0.7272727272727273,0.8266666666666668,0.7483333333333333,0,1
cycle_fixed,10000.0,79,lasso,0.65,0.8,0.8400000000000001,0.7949999999999999,0,1
cycle_fixed,10000.0,79,MCP,0.65,0.8,0.8400000000000001,0.7949999999999999,0,1
cycle_fixed,10000.0,79,SCAD,0.65,0.8,0.8400000000000001,0.7949999999999999,0,1
cycle_fixed,10000.0,80,lasso,0.65,0.8,0.8333333333333334,0.7616666666666667,0,1
cycle_fixed,10000.0,80,MCP,0.65,0.8,0.8333333333333334,0.7616666666666667,0,1
cycle_fixed,10000.0,80,SCAD,0.65,0.8,0.8333333333333334,0.7616666666666667,0,1
cycle_fixed,10000.0,81,lasso,0.65,0.8,0.8400000000000001,0.7949999999999999,0,1
cycle_fixed,10000.0,81,MCP,0.65,0.8,0.8400000000000001,0.7949999999999999,0,1
cycle_fixed,10000.0,81,SCAD,0.65,0.8,0.8400000000000001,0.7949999999999999,0,1
cycle_fixed,10000.0,82,lasso,0.65,0.8,0.8400000000000001,0.7949999999999999,0,1
cycle_fixed,10000.0,82,MCP,0.65,0.8,0.8466666666666667,0.8200000000000001,0,1
cycle_fixed,10000.0,82,SCAD,0.65,0.8,0.8466666666666667,0.8200000000000001,0,1
cycle_fixed,10000.0,83,lasso,0.65,0.8,0.8333333333333335,0.7583333333333333,0,1
cycle_fixed,10000.0,83,MCP,0.65,0.8,0.8333333333333334,0.7616666666666667,0,1
cycle_fixed,10000.0,83,SCAD,0.65,0.8,0.8333333333333334,0.7616666666666667,0,1
cycle_fixed,10000.0,84,lasso,0.65,0.75,0.8333333333333334,0.7916666666666667,0,0
cycle_fixed,10000.0,84,MCP,0.65,0.8,0.8466666666666667,0.8200000000000001,0,1
cycle_fixed,10000.0,84,SCAD,0.65,0.8,0.8466666666666667,0.8200000000000001,0,1
cycle_fixed,10000.0,85,lasso,0.65,0.7272727272727273,0.8200000000000001,0.7333333333333334,0,1
cycle_fixed,10000.0,85,MCP,0.65,0.8,0.8333333333333335,0.7616666666666667,0,1
cycle_fixed,10000.0,85,SCAD,0.65,0.8,0.8333333333333335,0.7616666666666667,0,1
cycle_fixed,10000.0,86,lasso,0.65,0.8,0.8333333333333334,0.7616666666666667,0,1
cycle_fixed,10000.0,86,MCP,0.65,0.8,0.8333333333333334,0.7616666666666667,0,1
cycle_fixed,10000.0,86,SCAD,0.65,0.8,0.8333333333333334,0.7616666666666667,0,1
cycle_fixed,10000.0,87,lasso,0.65,0.8,0.8333333333333334,0.7616666666666667,0,1
cycle_fixed,10000.0,87,MCP,0.65,0.8,0.8333333333333334,0.7616666666666667,0,1
cycle_fixed,10000.0,87,SCAD,0.65,0.8,0.8333333333333334,0.7616666666666667,0,1
cycle_fixed,10000.0,88,lasso,0.65,0.7272727272727273,0.8200000000000001,0.7333333333333334,0,1
cycle_fixed,10000.0,88,MCP,0.65,0.7272727272727273,0.8200000000000001,0.7333333333333334,0,1
cycle_fixed,10000.0,88,SCAD,0.65,0.7272727272727273,0.8200000000000001,0.7333333333333334,0,1
cycle_fixed,10000.0,89,lasso,0.65,0.7272727272727273,0.8266666666666667,0.7483333333333333,0,1
cycle_fixed,10000.0,89,MCP,0.65,0.8,0.8333333333333334,0.7616666666666667,0,1
cycle_fixed,10000.0,89,SCAD,0.65,0.8,0.8333333333333334,0.7616666666666667,0,1
cycle_fixed,10000.0,90,lasso,0.65,0.8,0.8333333333333334,0.7616666666666667,0,1
cycle_fixed,10000.0,90,MCP,0.65,0.8,0.8333333333333334,0.7616666666666667,0,1
cycle_fixed,10000.0,90,SCAD,0.65,0.8,0.8333333333333334,0.7616666666666667,0,1
cycle_fixed,10000.0,91,lasso,0.65,0.8,0.8333333333333335,0.7616666666666667,0,1
cycle_fixed,10000.0,91,MCP,0.65,0.8,0.8333333333333334,0.7616666666666667,0,1
cycle_fixed,10000.0,91,SCAD,0.65,0.8,0.8333333333333334,0.7616666666666667,0,1
cycle_fixed,10000.0,92,lasso,0.65,0.8,0.8333333333333335,0.7616666666666667,0,1
cycle_fixed,10000.0,92,MCP,0.65,0.8,0.8333333333333335,0.7616666666666667,0,1
cycle_fixed,10000.0,92,SCAD,0.65,0.8,0.8333333333333335,0.7616666666666667,0,1
cycle_fixed,10000.0,93,lasso,0.65,0.8,0.8466666666666667,0.8200000000000001,0,1
cycle_fixed,10000.0,93,MCP,0.65,0.8,0.8466666666666667,0.8200000000000001,0,1
cycle_fixed,10000.0,93,SCAD,0.65,0.8,0.8466666666666667,0.8200000000000001,0,1
cycle_fixed,10000.0,94,lasso,0.65,0.8,0.8333333333333334,0.7616666666666667,0,1
cycle_fixed,10000.0,94,MCP,0.65,0.8,0.8333333333333334,0.7616666666666667,0,1
cycle_fixed,10000.0,94,SCAD,0.65,0.8,0.8333333333333334,0.7616666666666667,0,1
cycle_fixed,10000.0,95,lasso,0.65,0.8,0.8333333333333334,0.7616666666666667,0,1
cycle_fixed,10000.0,95,MCP,0.65,0.8,0.8333333333333335,0.7616666666666667,0,1
cycle_fixed,10000.0,95,SCAD,0.65,0.8,0.8333333333333334,0.7616666666666667,0,1
cycle_fixed,10000.0,96,lasso,0.65,0.8,0.8333333333333334,0.7616666666666667,0,1
cycle_fixed,10000.0,96,MCP,0.65,0.8,0.8333333333333334,0.7616666666666667,0,1
cycle_fixed,10000.0,96,SCAD,0.65,0.8,0.8333333333333334,0.7616666666666667,0,1
cycle_fixed,10000.0,97,lasso,0.65,0.8,0.8333333333333334,0.7616666666666667,0,1
cycle_fixed,10000.0,97,MCP,0.65,0.8,0.8333333333333335,0.7616666666666667,0,1
cycle_fixed,10000.0,97,SCAD,0.65,0.8,0.8333333333333335,0.7616666666666667,0,1
cycle_fixed,10000.0,98,lasso,0.65,0.8,0.8466666666666667,0.8200000000000001,0,1
cycle_fixed,10000.0,98,MCP,0.65,0.8,0.8466666666666667,0.8200000000000001,0,1
cycle_fixed,10000.0,98,SCAD,0.65,0.8,0.8466666666666667,0.8200000000000001,0,1
cycle_fixed,10000.0,99,lasso,0.65,0.8,0.8333333333333335,0.7616666666666667,0,1
cycle_fixed,10000.0,99,MCP,0.65,0.8,0.8333333333333335,0.7616666666666667,0,1
cycle_fixed,10000.0,99,SCAD,0.65,0.8,0.8333333333333335,0.7616666666666667,0,1
cycle_fixed,100000.0,0,lasso,0.65,0.8,0.8333333333333334,0.7616666666666667,0,1
cycle_fixed,100000.0,0,MCP,0.65,0.8,0.8333333333333334,0.7616666666666667,0,1
cycle_fixed,100000.0,0,SCAD,0.65,0.8,0.8333333333333334,0.7616666666666667,0,1
cycle_fixed,100000.0,1,lasso,0.65,0.8,0.8333333333333334,0.7616666666666667,0,1
cycle_fixed,100000.0,1,MCP,0.65,0.8,0.8333333333333334,0.7616666666666667,0,1
cycle_fixed,100000.0,1,SCAD,0.65,0.8,0.8333333333333334,0.7616666666666667,0,1
cycle_fixed,100000.0,2,lasso,0.65,0.8,0.8333333333333334,0.7616666666666667,0,1
cycle_fixed,100000.0,2,MCP,0.65,0.8,0.8333333333333335,0.7616666666666667,0,1
cycle_fixed,100000.0,2,SCAD,0.65,0.8,0.8333333333333335,0.7616666666666667,0,1
cycle_fixed,100000.0,3,lasso,0.65,0.8,0.8333333333333334,0.7616666666666667,0,1
cycle_fixed,100000.0,3,MCP,0.65,0.8,0.8333333333333335,0.7616666666666667,0,1
cycle_fixed,100000.0,3,SCAD,0.65,0.8,0.8333333333333335,0.7616666666666667,0,1
cycle_fixed,100000.0,4,lasso,0.65,0.8,0.8333333333333334,0.7616666666666667,0,1
cycle_fixed,100000.0,4,MCP,0.65,0.8,0.8333333333333335,0.7616666666666667,0,1
cycle_fixed,100000.0,4,SCAD,0.65,0.8,0.8333333333333335,0.7616666666666667,0,1
cycle_fixed,100000.0,5,lasso,0.65,0.8,0.8333333333333334,0.7616666666666667,0,1
cycle_fixed,100000.0,5,MCP,0.65,0.8,0.8333333333333334,0.7616666666666667,0,1
cycle_fixed,100000.0,5,SCAD,0.65,0.8,0.8333333333333334,0.7616666666666667,0,1
cycle_fixed,100000.0,6,lasso,0.65,0.8,0.8333333333333334,0.7616666666666667,0,1
cycle_fixed,100000.0,6,MCP,0.65,0.8,0.8333333333333334,0.7616666666666667,0,1
cycle_fixed,100000.0,6,SCAD,0.65,0.8,0.8333333333333334,0.7616666666666667,0,1
cycle_fixed,100000.0,7,lasso,0.65,0.8,0.8333333333333334,0.7616666666666667,0,1
cycle_fixed,100000.0,7,MCP,0.65,0.8,0.8333333333333334,0.7616666666666667,0,1
cycle_fixed,100000.0,7,SCAD,0.65,0.8,0.8333333333333334,0.7616666666666667,0,1
cycle_fixed,100000.0,8,lasso,0.65,0.8,0.8333333333333334,0.7616666666666667,0,1
cycle_fixed,100000.0,8,MCP,0.65,0.8,0.8333333333333334,0.7616666666666667,0,1
cycle_fixed,100000.0,8,SCAD,0.65,0.8,0.8333333333333334,0.7616666666666667,0,1
cycle_fixed,100000.0,9,lasso,0.65,0.8,0.8333333333333334,0.7616666666666667,0,1
cycle_fixed,100000.0,9,MCP,0.65,0.8,0.8333333333333334,0.7616666666666667,0,1
cycle_fixed,100000.0,9,SCAD,0.65,0.8,0.8333333333333334,0.7616666666666667,0,1
cycle_fixed,100000.0,10,lasso,0.65,0.8,0.8333333333333334,0.7616666666666667,0,1
cycle_fixed,100000.0,10,MCP,0.65,0.8,0.8333333333333334,0.7616666666666667,0,1
cycle_fixed,100000.0,10,SCAD,0.65,0.8,0.8333333333333334,0.7616666666666667,0,1
cycle_fixed,100000.0,11,lasso,0.65,0.8,0.8333333333333335,0.7616666666666667,0,1
cycle_fixed,100000.0,11,MCP,0.65,0.8,0.8333333333333334,0.7616666666666667,0,1
cycle_fixed,100000.0,11,SCAD,0.65,0.8,0.8333333333333334,0.7616666666666667,0,1
cycle_fixed,100000.0,12,lasso,0.65,0.8,0.8333333333333334,0.7616666666666667,0,1
cycle_fixed,100000.0,12,MCP,0.65,0.8,0.8333333333333334,0.7616666666666667,0,1
cycle_fixed,100000.0,12,SCAD,0.65,0.8,0.8333333333333334,0.7616666666666667,0,1
cycle_fixed,100000.0,13,lasso,0.65,0.8,0.8333333333333334,0.7616666666666667,0,1
cycle_fixed,100000.0,13,MCP,0.65,0.8,0.8333333333333334,0.7616666666666667,0,1
cycle_fixed,100000.0,13,SCAD,0.65,0.8,0.8333333333333334,0.7616666666666667,0,1
cycle_fixed,100000.0,14,lasso,0.65,0.8,0.8400000000000001,0.7661111111111112,0,1
cycle_fixed,100000.0,14,MCP,0.65,0.8,0.8400000000000001,0.7661111111111112,0,1
cycle_fixed,100000.0,14,SCAD,0.65,0.8,0.8400000000000001,0.7661111111111112,0,1
cycle_fixed,100000.0,15,lasso,0.65,0.8,0.8333333333333334,0.7616666666666667,0,1
cycle_fixed,100000.0,15,MCP,0.65,0.8,0.8333333333333334,0.7616666666666667,0,1
cycle_fixed,100000.0,15,SCAD,0.65,0.8,0.8333333333333334,0.7616666666666667,0,1
cycle_fixed,100000.0,16,lasso,0.65,0.8,0.8333333333333334,0.7616666666666667,0,1
cycle_fixed,100000.0,16,MCP,0.65,0.8,0.8333333333333335,0.7616666666666667,0,1
cycle_fixed,100000.0,16,SCAD,0.65,0.8,0.8333333333333335,0.7616666666666667,0,1
cycle_fixed,100000.0,17,lasso,0.65,0.8,0.8333333333333334,0.7616666666666667,0,1
cycle_fixed,100000.0,17,MCP,0.65,0.8,0.8333333333333334,0.7616666666666667,0,1
cycle_fixed,100000.0,17,SCAD,0.65,0.8,0.8333333333333334,0.7616666666666667,0,1
cycle_fixed,100000.0,18,lasso,0.65,0.8,0.8333333333333334,0.7616666666666667,0,1
cycle_fixed,100000.0,18,MCP,0.65,0.8,0.8333333333333334,0.7616666666666667,0,1
cycle_fixed,100000.0,18,SCAD,0.65,0.8,0.8333333333333334,0.7616666666666667,0,1
cycle_fixed,100000.0,19,lasso,0.65,0.8,0.8333333333333334,0.7616666666666667,0,1
cycle_fixed,100000.0,19,MCP,0.65,0.8,0.8333333333333334,0.7616666666666667,0,1
cycle_fixed,100000.0,19,SCAD,0.65,0.8,0.8333333333333334,0.7616666666666667,0,1
cycle_fixed,100000.0,20,lasso,0.65,0.8,0.8333333333333334,0.7616666666666667,0,1
cycle_fixed,100000.0,20,MCP,0.65,0.8,0.8333333333333334,0.7616666666666667,0,1
cycle_fixed,100000.0,20,SCAD,0.65,0.8,0.8333333333333334,0.7616666666666667,0,1
cycle_fixed,100000.0,21,lasso,0.65,0.8,0.8333333333333334,0.7616666666666667,0,1
cycle_fixed,100000.0,21,MCP,0.65,0.8,0.8333333333333334,0.7616666666666667,0,1
cycle_fixed,100000.0,21,SCAD,0.65,0.8,0.8333333333333334,0.7616666666666667,0,1
cycle_fixed,100000.0,22,lasso,0.65,0.8,0.8400000000000001,0.7661111111111112,0,1
cycle_fixed,100000.0,22,MCP,0.65,0.8,0.8333333333333334,0.7616666666666667,0,1
cycle_fixed,100000.0,22,SCAD,0.65,0.8,0.8333333333333334,0.7616666666666667,0,1
cycle_fixed,100000.0,23,lasso,0.65,0.8,0.8333333333333334,0.7616666666666667,0,1
cycle_fixed,100000.0,23,MCP,0.65,0.8,0.8333333333333334,0.7616666666666667,0,1
cycle_fixed,100000.0,23,SCAD,0.65,0.8,0.8333333333333334,0.7616666666666667,0,1
cycle_fixed,100000.0,24,lasso,0.65,0.8,0.8333333333333334,0.7616666666666667,0,1
cycle_fixed,100000.0,24,MCP,0.65,0.8,0.8333333333333334,0.7616666666666667,0,1
cycle_fixed,100000.0,24,SCAD,0.65,0.8,0.8333333333333334,0.7616666666666667,0,1
cycle_fixed,100000.0,25,lasso,0.65,0.8,0.8333333333333334,0.7616666666666667,0,1
cycle_fixed,100000.0,25,MCP,0.65,0.8,0.8333333333333334,0.7616666666666667,0,1
cycle_fixed,100000.0,25,SCAD,0.65,0.8,0.8333333333333334,0.7616666666666667,0,1
cycle_fixed,100000.0,26,lasso,0.65,0.8,0.8333333333333334,0.7616666666666667,0,1
cycle_fixed,100000.0,26,MCP,0.65,0.8,0.8333333333333335,0.7616666666666667,0,1
cycle_fixed,100000.0,26,SCAD,0.65,0.8,0.8333333333333335,0.7616666666666667,0,1
cycle_fixed,100000.0,27,lasso,0.65,0.8,0.8333333333333334,0.7616666666666667,0,1
cycle_fixed,100000.0,27,MCP,0.65,0.8,0.8333333333333334,0.7616666666666667,0,1
cycle_fixed,100000.0,27,SCAD,0.65,0.8,0.8333333333333334,0.7616666666666667,0,1
cycle_fixed,100000.0,28,lasso,0.65,0.8,0.8333333333333334,0.7616666666666667,0,1
cycle_fixed,100000.0,28,MCP,0.65,0.8,0.8333333333333334,0.7616666666666667,0,1
cycle_fixed,100000.0,28,SCAD,0.65,0.8,0.8333333333333334,0.7616666666666667,0,1
cycle_fixed,100000.0,29,lasso,0.65,0.8,0.8333333333333334,0.7616666666666667,0,1
cycle_fixed,100000.0,29,MCP,0.65,0.8,0.8333333333333334,0.7616666666666667,0,1
cycle_fixed,100000.0,29,SCAD,0.65,0.8,0.8333333333333334,0.7616666666666667,0,1
cycle_fixed,100000.0,30,lasso,0.65,0.8,0.8333333333333335,0.7616666666666667,0,1
cycle_fixed,100000.0,30,MCP,0.65,0.8,0.8333333333333334,0.7616666666666667,0,1
cycle_fixed,100000.0,30,SCAD,0.65,0.8,0.8333333333333334,0.7616666666666667,0,1
cycle_fixed,100000.0,31,lasso,0.65,0.8,0.8333333333333334,0.7616666666666667,0,1
cycle_fixed,100000.0,31,MCP,0.65,0.8,0.8333333333333334,0.7616666666666667,0,1
cycle_fixed,100000.0,31,SCAD,0.65,0.8,0.8333333333333334,0.7616666666666667,0,1
cycle_fixed,100000.0,32,lasso,0.65,0.8,0.8333333333333335,0.7616666666666667,0,1
cycle_fixed,100000.0,32,MCP,0.65,0.8,0.8333333333333334,0.7616666666666667,0,1
cycle_fixed,100000.0,32,SCAD,0.65,0.8,0.8333333333333334,0.7616666666666667,0,1
cycle_fixed,100000.0,33,lasso,0.65,0.8,0.8333333333333334,0.7616666666666667,0,1
cycle_fixed,100000.0,33,MCP,0.65,0.8,0.8333333333333334,0.7616666666666667,0,1
cycle_fixed,100000.0,33,SCAD,0.65,0.8,0.8333333333333334,0.7616666666666667,0,1
cycle_fixed,100000.0,34,lasso,0.65,0.8,0.8333333333333334,0.7616666666666667,0,1
cycle_fixed,100000.0,34,MCP,0.65,0.8,0.8333333333333334,0.7616666666666667,0,1
cycle_fixed,100000.0,34,SCAD,0.65,0.8,0.8333333333333334,0.7616666666666667,0,1
cycle_fixed,100000.0,35,lasso,0.65,0.8,0.8333333333333335,0.7616666666666667,0,1
cycle_fixed,100000.0,35,MCP,0.65,0.8,0.8333333333333334,0.7616666666666667,0,1
cycle_fixed,100000.0,35,SCAD,0.65,0.8,0.8333333333333334,0.7616666666666667,0,1
cycle_fixed,100000.0,36,lasso,0.65,0.8,0.8333333333333334,0.7616666666666667,0,1
cycle_fixed,100000.0,36,MCP,0.65,0.8,0.8333333333333334,0.7616666666666667,0,1
cycle_fixed,100000.0,36,SCAD,0.65,0.8,0.8333333333333334,0.7616666666666667,0,1
cycle_fixed,100000.0,37,lasso,0.65,0.8,0.8333333333333335,0.7616666666666667,0,1
cycle_fixed,100000.0,37,MCP,0.65,0.8,0.8333333333333334,0.7616666666666667,0,1
cycle_fixed,100000.0,37,SCAD,0.65,0.8,0.8333333333333334,0.7616666666666667,0,1
cycle_fixed,100000.0,38,lasso,0.65,0.8,0.8333333333333335,0.7616666666666667,0,1
cycle_fixed,100000.0,38,MCP,0.65,0.8,0.8333333333333334,0.7616666666666667,0,1
cycle_fixed,100000.0,38,SCAD,0.65,0.8,0.8333333333333334,0.7616666666666667,0,1
cycle_fixed,100000.0,39,lasso,0.65,0.8,0.8333333333333334,0.7616666666666667,0,1
cycle_fixed,100000.0,39,MCP,0.65,0.8,0.8333333333333334,0.7616666666666667,0,1
cycle_fixed,100000.0,39,SCAD,0.65,0.8,0.8333333333333334,0.7616666666666667,0,1
cycle_fixed,100000.0,40,lasso,0.65,0.8,0.8333333333333334,0.7616666666666667,0,1
cycle_fixed,100000.0,40,MCP,0.65,0.8,0.8333333333333334,0.7616666666666667,0,1
cycle_fixed,100000.0,40,SCAD,0.65,0.8,0.8333333333333334,0.7616666666666667,0,1
cycle_fixed,100000.0,41,lasso,0.65,0.8,0.8333333333333334,0.7616666666666667,0,1
cycle_fixed,100000.0,41,MCP,0.65,0.8,0.8333333333333334,0.7616666666666667,0,1
cycle_fixed,100000.0,41,SCAD,0.65,0.8,0.8333333333333334,0.7616666666666667,0,1
cycle_fixed,100000.0,42,lasso,0.65,0.8,0.8333333333333334,0.7616666666666667,0,1
cycle_fixed,100000.0,42,MCP,0.65,0.8,0.8333333333333334,0.7616666666666667,0,1
cycle_fixed,100000.0,42,SCAD,0.65,0.8,0.8333333333333334,0.7616666666666667,0,1
cycle_fixed,100000.0,43,lasso,0.65,0.8,0.8333333333333334,0.7616666666666667,0,1
cycle_fixed,100000.0,43,MCP,0.65,0.8,0.8333333333333334,0.7616666666666667,0,1
cycle_fixed,100000.0,43,SCAD,0.65,0.8,0.8333333333333334,0.7616666666666667,0,1
cycle_fixed,100000.0,44,lasso,0.65,0.8,0.8333333333333334,0.7616666666666667,0,1
cycle_fixed,100000.0,44,MCP,0.65,0.8,0.8333333333333334,0.7616666666666667,0,1
cycle_fixed,100000.0,44,SCAD,0.65,0.8,0.8333333333333334,0.7616666666666667,0,1
cycle_fixed,100000.0,45,lasso,0.65,0.8,0.8333333333333334,0.7616666666666667,0,1
cycle_fixed,100000.0,45,MCP,0.65,0.8,0.8333333333333334,0.7616666666666667,0,1
cycle_fixed,100000.0,45,SCAD,0.65,0.8,0.8333333333333334,0.7616666666666667,0,1
cycle_fixed,100000.0,46,lasso,0.65,0.8,0.8333333333333334,0.7616666666666667,0,1
cycle_fixed,100000.0,46,MCP,0.65,0.8,0.8333333333333334,0.7616666666666667,0,1
cycle_fixed,100000.0,46,SCAD,0.65,0.8,0.8333333333333334,0.7616666666666667,0,1
cycle_fixed,100000.0,47,lasso,0.65,0.8,0.8333333333333334,0.7616666666666667,0,1
cycle_fixed,100000.0,47,MCP,0.65,0.8,0.8333333333333334,0.7616666666666667,0,1
cycle_fixed,100000.0,47,SCAD,0.65,0.8,0.8333333333333334,0.7616666666666667,0,1
cycle_fixed,100000.0,48,lasso,0.65,0.8,0.8333333333333334,0.7616666666666667,0,1
cycle_fixed,100000.0,48,MCP,0.65,0.8,0.8333333333333334,0.7616666666666667,0,1
cycle_fixed,100000.0,48,SCAD,0.65,0.8,0.8333333333333334,0.7616666666666667,0,1
cycle_fixed,100000.0,49,lasso,0.65,0.8,0.8333333333333334,0.7616666666666667,0,1
cycle_fixed,100000.0,49,MCP,0.65,0.8,0.8333333333333334,0.7616666666666667,0,1
cycle_fixed,100000.0,49,SCAD,0.65,0.8,0.8333333333333334,0.7616666666666667,0,1
cycle_fixed,100000.0,50,lasso,0.65,0.8,0.8333333333333334,0.7616666666666667,0,1
cycle_fixed,100000.0,50,MCP,0.65,0.8,0.8333333333333334,0.7616666666666667,0,1
cycle_fixed,100000.0,50,SCAD,0.65,0.8,0.8333333333333334,0.7616666666666667,0,1
cycle_fixed,100000.0,51,lasso,0.65,0.8,0.8333333333333334,0.7616666666666667,0,1
cycle_fixed,100000.0,51,MCP,0.65,0.8,0.8333333333333334,0.7616666666666667,0,1
cycle_fixed,100000.0,51,SCAD,0.65,0.8,0.8333333333333334,0.7616666666666667,0,1
cycle_fixed,100000.0,52,lasso,0.65,0.8,0.8333333333333334,0.7616666666666667,0,1
cycle_fixed,100000.0,52,MCP,0.65,0.8,0.8333333333333334,0.7616666666666667,0,1
cycle_fixed,100000.0,52,SCAD,0.65,0.8,0.8333333333333334,0.7616666666666667,0,1
cycle_fixed,100000.0,53,lasso,0.65,0.8,0.8333333333333334,0.7616666666666667,0,1
cycle_fixed,100000.0,53,MCP,0.65,0.8,0.8333333333333334,0.7616666666666667,0,1
cycle_fixed,100000.0,53,SCAD,0.65,0.8,0.8333333333333334,0.7616666666666667,0,1
cycle_fixed,100000.0,54,lasso,0.65,0.8,0.8333333333333335,0.7616666666666667,0,1
cycle_fixed,100000.0,54,MCP,0.65,0.8,0.8333333333333335,0.7616666666666667,0,1
cycle_fixed,100000.0,54,SCAD,0.65,0.8,0.8333333333333335,0.7616666666666667,0,1
cycle_fixed,100000.0,55,lasso,0.65,0.8,0.8333333333333335,0.7616666666666667,0,1
cycle_fixed,100000.0,55,MCP,0.65,0.8,0.8333333333333334,0.7616666666666667,0,1
cycle_fixed,100000.0,55,SCAD,0.65,0.8,0.8333333333333334,0.7616666666666667,0,1
cycle_fixed,100000.0,56,lasso,0.65,0.8,0.8333333333333334,0.7616666666666667,0,1
cycle_fixed,100000.0,56,MCP,0.65,0.8,0.8333333333333335,0.7616666666666667,0,1
cycle_fixed,100000.0,56,SCAD,0.65,0.8,0.8333333333333335,0.7616666666666667,0,1
cycle_fixed,100000.0,57,lasso,0.65,0.8,0.8333333333333335,0.7616666666666667,0,1
cycle_fixed,100000.0,57,MCP,0.65,0.8,0.8333333333333334,0.7616666666666667,0,1
cycle_fixed,100000.0,57,SCAD,0.65,0.8,0.8333333333333334,0.7616666666666667,0,1
cycle_fixed,100000.0,58,lasso,0.65,0.8,0.8333333333333334,0.7616666666666667,0,1
cycle_fixed,100000.0,58,MCP,0.65,0.8,0.8333333333333334,0.7616666666666667,0,1
cycle_fixed,100000.0,58,SCAD,0.65,0.8,0.8333333333333334,0.7616666666666667,0,1
cycle_fixed,100000.0,59,lasso,0.65,0.8,0.8333333333333334,0.7616666666666667,0,1
cycle_fixed,100000.0,59,MCP,0.65,0.8,0.8333333333333334,0.7616666666666667,0,1
cycle_fixed,100000.0,59,SCAD,0.65,0.8,0.8333333333333334,0.7616666666666667,0,1
cycle_fixed,100000.0,60,lasso,0.65,0.8,0.8333333333333334,0.7616666666666667,0,1
cycle_fixed,100000.0,60,MCP,0.65,0.8,0.8333333333333334,0.7616666666666667,0,1
cycle_fixed,100000.0,60,SCAD,0.65,0.8,0.8333333333333334,0.7616666666666667,0,1
cycle_fixed,100000.0,61,lasso,0.65,0.8,0.8333333333333334,0.7616666666666667,0,1
cycle_fixed,100000.0,61,MCP,0.65,0.8,0.8333333333333334,0.7616666666666667,0,1
cycle_fixed,100000.0,61,SCAD,0.65,0.8,0.8333333333333334,0.7616666666666667,0,1
cycle_fixed,100000.0,62,lasso,0.65,0.8,0.8333333333333334,0.7616666666666667,0,1
cycle_fixed,100000.0,62,MCP,0.65,0.8,0.8333333333333334,0.7616666666666667,0,1
cycle_fixed,100000.0,62,SCAD,0.65,0.8,0.8333333333333334,0.7616666666666667,0,1
cycle_fixed,100000.0,63,lasso,0.65,0.8,0.8400000000000001,0.7949999999999999,0,1
cycle_fixed,100000.0,63,MCP,0.65,0.8,0.8400000000000001,0.7949999999999999,0,1
cycle_fixed,100000.0,63,SCAD,0.65,0.8,0.8400000000000001,0.7949999999999999,0,1
cycle_fixed,100000.0,64,lasso,0.65,0.8,0.8333333333333334,0.7616666666666667,0,1
cycle_fixed,100000.0,64,MCP,0.65,0.8,0.8333333333333334,0.7616666666666667,0,1
cycle_fixed,100000.0,64,SCAD,0.65,0.8,0.8333333333333334,0.7616666666666667,0,1
cycle_fixed,100000.0,65,lasso,0.65,0.8,0.8333333333333334,0.7616666666666667,0,1
cycle_fixed,100000.0,65,MCP,0.65,0.8,0.8333333333333335,0.7616666666666667,0,1
cycle_fixed,100000.0,65,SCAD,0.65,0.8,0.8333333333333335,0.7616666666666667,0,1
cycle_fixed,100000.0,66,lasso,0.65,0.8,0.8333333333333334,0.7616666666666667,0,1
cycle_fixed,100000.0,66,MCP,0.65,0.8,0.8333333333333334,0.7616666666666667,0,1
cycle_fixed,100000.0,66,SCAD,0.65,0.8,0.8333333333333334,0.7616666666666667,0,1
cycle_fixed,100000.0,67,lasso,0.65,0.8,0.8333333333333334,0.7616666666666667,0,1
cycle_fixed,100000.0,67,MCP,0.65,0.8,0.8333333333333334,0.7616666666666667,0,1
cycle_fixed,100000.0,67,SCAD,0.65,0.8,0.8333333333333334,0.7616666666666667,0,1
cycle_fixed,100000.0,68,lasso,0.65,0.8,0.8333333333333335,0.7616666666666667,0,1
cycle_fixed,100000.0,68,MCP,0.65,0.8,0.8333333333333334,0.7616666666666667,0,1
cycle_fixed,100000.0,68,SCAD,0.65,0.8,0.8333333333333334,0.7616666666666667,0,1
cycle_fixed,100000.0,69,lasso,0.65,0.8,0.8333333333333334,0.7616666666666667,0,1
cycle_fixed,100000.0,69,MCP,0.65,0.8,0.8333333333333334,0.7616666666666667,0,1
cycle_fixed,100000.0,69,SCAD,0.65,0.8,0.8333333333333334,0.7616666666666667,0,1
cycle_fixed,100000.0,70,lasso,0.65,0.8,0.8333333333333334,0.7616666666666667,0,1
cycle_fixed,100000.0,70,MCP,0.65,0.8,0.8333333333333334,0.7616666666666667,0,1
cycle_fixed,100000.0,70,SCAD,0.65,0.8,0.8333333333333334,0.7616666666666667,0,1
cycle_fixed,100000.0,71,lasso,0.65,0.8,0.8333333333333334,0.7616666666666667,0,1
cycle_fixed,100000.0,71,MCP,0.65,0.8,0.8333333333333334,0.7616666666666667,0,1
cycle_fixed,100000.0,71,SCAD,0.65,0.8,0.8333333333333334,0.7616666666666667,0,1
cycle_fixed,100000.0,72,lasso,0.65,0.8,0.8333333333333334,0.7616666666666667,0,1
cycle_fixed,100000.0,72,MCP,0.65,0.8,0.8333333333333334,0.7616666666666667,0,1
cycle_fixed,100000.0,72,SCAD,0.65,0.8,0.8333333333333334,0.7616666666666667,0,1
cycle_fixed,100000.0,73,lasso,0.65,0.8,0.8333333333333335,0.7616666666666667,0,1
cycle_fixed,100000.0,73,MCP,0.65,0.8,0.8333333333333334,0.7616666666666667,0,1
cycle_fixed,100000.0,73,SCAD,0.65,0.8,0.8333333333333334,0.7616666666666667,0,1
cycle_fixed,100000.0,74,lasso,0.65,0.8,0.8333333333333334,0.7616666666666667,0,1
cycle_fixed,100000.0,74,MCP,0.65,0.8,0.8333333333333334,0.7616666666666667,0,1
cycle_fixed,100000.0,74,SCAD,0.65,0.8,0.8333333333333334,0.7616666666666667,0,1
cycle_fixed,100000.0,75,lasso,0.65,0.8,0.8333333333333334,0.7616666666666667,0,1
cycle_fixed,100000.0,75,MCP,0.65,0.8,0.8333333333333334,0.7616666666666667,0,1
cycle_fixed,100000.0,75,SCAD,0.65,0.8,0.8333333333333334,0.7616666666666667,0,1
cycle_fixed,100000.0,76,lasso,0.65,0.8,0.8333333333333334,0.7616666666666667,0,1
cycle_fixed,100000.0,76,MCP,0.65,0.8,0.8333333333333335,0.7616666666666667,0,1
cycle_fixed,100000.0,76,SCAD,0.65,0.8,0.8333333333333335,0.7616666666666667,0,1
cycle_fixed,100000.0,77,lasso,0.65,0.8,0.8333333333333334,0.7616666666666667,0,1
cycle_fixed,100000.0,77,MCP,0.65,0.8,0.8333333333333334,0.7616666666666667,0,1
cycle_fixed,100000.0,77,SCAD,0.65,0.8,0.8333333333333334,0.7616666666666667,0,1
cycle_fixed,100000.0,78,lasso,0.65,0.8,0.8333333333333334,0.7616666666666667,0,1
cycle_fixed,100000.0,78,MCP,0.65,0.8,0.8333333333333334,0.7616666666666667,0,1
cycle_fixed,100000.0,78,SCAD,0.65,0.8,0.8333333333333334,0.7616666666666667,0,1
cycle_fixed,100000.0,79,lasso,0.65,0.8,0.8333333333333334,0.7616666666666667,0,1
cycle_fixed,100000.0,79,MCP,0.65,0.8,0.8333333333333335,0.7616666666666667,0,1
cycle_fixed,100000.0,79,SCAD,0.65,0.8,0.8333333333333335,0.7616666666666667,0,1
cycle_fixed,100000.0,80,lasso,0.65,0.8,0.8333333333333334,0.7616666666666667,0,1
cycle_fixed,100000.0,80,MCP,0.65,0.8,0.8333333333333334,0.7616666666666667,0,1
cycle_fixed,100000.0,80,SCAD,0.65,0.8,0.8333333333333334,0.7616666666666667,0,1
cycle_fixed,100000.0,81,lasso,0.65,0.8,0.8333333333333335,0.7616666666666667,0,1
cycle_fixed,100000.0,81,MCP,0.65,0.8,0.8333333333333334,0.7616666666666667,0,1
cycle_fixed,100000.0,81,SCAD,0.65,0.8,0.8333333333333334,0.7616666666666667,0,1
cycle_fixed,100000.0,82,lasso,0.65,0.8,0.8333333333333335,0.7616666666666667,0,1
cycle_fixed,100000.0,82,MCP,0.65,0.8,0.8333333333333334,0.7616666666666667,0,1
cycle_fixed,100000.0,82,SCAD,0.65,0.8,0.8333333333333334,0.7616666666666667,0,1
cycle_fixed,100000.0,83,lasso,0.65,0.8,0.8333333333333334,0.7616666666666667,0,1
cycle_fixed,100000.0,83,MCP,0.65,0.8,0.8333333333333334,0.7616666666666667,0,1
cycle_fixed,100000.0,83,SCAD,0.65,0.8,0.8333333333333334,0.7616666666666667,0,1
cycle_fixed,100000.0,84,lasso,0.65,0.8,0.8333333333333334,0.7616666666666667,0,1
cycle_fixed,100000.0,84,MCP,0.65,0.8,0.8333333333333334,0.7616666666666667,0,1
cycle_fixed,100000.0,84,SCAD,0.65,0.8,0.8333333333333334,0.7616666666666667,0,1
cycle_fixed,100000.0,85,lasso,0.65,0.8,0.8333333333333334,0.7616666666666667,0,1
cycle_fixed,100000.0,85,MCP,0.65,0.8,0.8333333333333334,0.7616666666666667,0,1
cycle_fixed,100000.0,85,SCAD,0.65,0.8,0.8333333333333334,0.7616666666666667,0,1
cycle_fixed,100000.0,86,lasso,0.65,0.8,0.8333333333333334,0.7616666666666667,0,1
cycle_fixed,100000.0,86,MCP,0.65,0.8,0.8333333333333334,0.7616666666666667,0,1
cycle_fixed,100000.0,86,SCAD,0.65,0.8,0.8333333333333334,0.7616666666666667,0,1
cycle_fixed,100000.0,87,lasso,0.65,0.8,0.8333333333333334,0.7616666666666667,0,1
cycle_fixed,100000.0,87,MCP,0.65,0.8,0.8333333333333334,0.7616666666666667,0,1
cycle_fixed,100000.0,87,SCAD,0.65,0.8,0.8333333333333334,0.7616666666666667,0,1
cycle_fixed,100000.0,88,lasso,0.65,0.8,0.8333333333333334,0.7616666666666667,0,1
cycle_fixed,100000.0,88,MCP,0.65,0.8,0.8333333333333335,0.7616666666666667,0,1
cycle_fixed,100000.0,88,SCAD,0.65,0.8,0.8333333333333335,0.7616666666666667,0,1
cycle_fixed,100000.0,89,lasso,0.65,0.8,0.8333333333333334,0.7616666666666667,0,1
cycle_fixed,100000.0,89,MCP,0.65,0.8,0.8333333333333334,0.7616666666666667,0,1
cycle_fixed,100000.0,89,SCAD,0.65,0.8,0.8333333333333334,0.7616666666666667,0,1
cycle_fixed,100000.0,90,lasso,0.65,0.8,0.8333333333333334,0.7616666666666667,0,1
cycle_fixed,100000.0,90,MCP,0.65,0.8,0.8333333333333335,0.7616666666666667,0,1
cycle_fixed,100000.0,90,SCAD,0.65,0.8,0.8333333333333335,0.7616666666666667,0,1
cycle_fixed,100000.0,91,lasso,0.65,0.8,0.8333333333333334,0.7616666666666667,0,1
cycle_fixed,100000.0,91,MCP,0.65,0.8,0.8333333333333334,0.7616666666666667,0,1
cycle_fixed,100000.0,91,SCAD,0.65,0.8,0.8333333333333334,0.7616666666666667,0,1
cycle_fixed,100000.0,92,lasso,0.65,0.8,0.8333333333333334,0.7616666666666667,0,1
cycle_fixed,100000.0,92,MCP,0.65,0.8,0.8333333333333334,0.7616666666666667,0,1
cycle_fixed,100000.0,92,SCAD,0.65,0.8,0.8333333333333334,0.7616666666666667,0,1
cycle_fixed,100000.0,93,lasso,0.65,0.8,0.8333333333333334,0.7616666666666667,0,1
cycle_fixed,100000.0,93,MCP,0.65,0.8,0.8333333333333334,0.7616666666666667,0,1
cycle_fixed,100000.0,93,SCAD,0.65,0.8,0.8333333333333334,0.7616666666666667,0,1
cycle_fixed,100000.0,94,lasso,0.65,0.8,0.8333333333333334,0.7616666666666667,0,1
cycle_fixed,100000.0,94,MCP,0.65,0.8,0.8333333333333334,0.7616666666666667,0,1
cycle_fixed,100000.0,94,SCAD,0.65,0.8,0.8333333333333334,0.7616666666666667,0,1
cycle_fixed,100000.0,95,lasso,0.65,0.8,0.8333333333333334,0.7616666666666667,0,1
cycle_fixed,100000.0,95,MCP,0.65,0.8,0.8333333333333334,0.7616666666666667,0,1
cycle_fixed,100000.0,95,SCAD,0.65,0.8,0.8333333333333334,0.7616666666666667,0,1
cycle_fixed,100000.0,96,lasso,0.65,0.8,0.8333333333333334,0.7616666666666667,0,1
cycle_fixed,100000.0,96,MCP,0.65,0.8,0.8333333333333334,0.7616666666666667,0,1
cycle_fixed,100000.0,96,SCAD,0.65,0.8,0.8333333333333334,0.7616666666666667,0,1
cycle_fixed,100000.0,97,lasso,0.65,0.8,0.8333333333333334,0.7616666666666667,0,1
cycle_fixed,100000.0,97,MCP,0.65,0.8,0.8333333333333334,0.7616666666666667,0,1
cycle_fixed,100000.0,97,SCAD,0.65,0.8,0.8333333333333334,0.7616666666666667,0,1
cycle_fixed,100000.0,98,lasso,0.65,0.8,0.8333333333333335,0.7616666666666667,0,1
cycle_fixed,100000.0,98,MCP,0.65,0.8,0.8333333333333335,0.7616666666666667,0,1
cycle_fixed,100000.0,98,SCAD,0.65,0.8,0.8333333333333335,0.7616666666666667,0,1
cycle_fixed,100000.0,99,lasso,0.65,0.8,0.8333333333333335,0.7616666666666667,0,1
cycle_fixed,100000.0,99,MCP,0.65,0.8,0.8333333333333334,0.7616666666666667,0,1
cycle_fixed,100000.0,99,SCAD,0.65,0.8,0.8333333333333334,0.7616666666666667,0,1
cycle_fixed,inf,0,lasso,0.65,0.8,0.8333333333333334,0.7616666666666667,0,1
cycle_fixed,inf,0,MCP,0.65,0.8,0.8333333333333334,0.7616666666666667,0,1
cycle_fixed,inf,0,SCAD,0.65,0.8,0.8333333333333334,0.7616666666666667,0,1
cycle_random,100,0,lasso,0.660657809480966,0.5714285714285714,0.6466666666666667,0.29301587301587306,0,1
cycle_random,100,0,MCP,0.660657809480966,0.5714285714285714,0.6466666666666667,0.30301587301587307,0,1
cycle_random,100,0,SCAD,0.660657809480966,0.5714285714285714,0.6466666666666667,0.30301587301587307,0,1
cycle_random,100,1,lasso,0.7430329696956302,0.5714285714285714,0.6933333333333334,0.4463492063492064,0,1
cycle_random,100,1,MCP,0.7430329696956302,0.5,0.6599999999999999,0.42629870129870134,0,1
cycle_random,100,1,SCAD,0.7430329696956302,0.46153846153846156,0.6066666666666667,0.40940476190476194,0,1
cycle_random,100,2,lasso,0.9807440889604543,0.6153846153846154,0.68,0.33071428571428574,0,1
cycle_random,100,2,MCP,0.9807440889604543,0.5714285714285714,0.66,0.3118253968253968,0,1
cycle_random,100,2,SCAD,0.9807440889604543,0.6153846153846154,0.6666666666666667,0.3173809523809524,0,1
cycle_random,100,3,lasso,0.9829053084586297,0.6666666666666666,0.7533333333333334,0.5054761904761904,0,0
cycle_random,100,3,MCP,0.9829053084586297,0.4,0.5,0.3583333333333334,0,0
cycle_random,100,3,SCAD,0.9829053084586297,0.4444444444444444,0.5066666666666666,0.36833333333333335,0,0
cycle_random,100,4,lasso,0.6037413301412313,0.5714285714285714,0.6866666666666668,0.3352777777777778,0,1
cycle_random,100,4,MCP,0.6037413301412313,0.5333333333333333,0.6666666666666667,0.31952380952380954,0,1
cycle_random,100,4,SCAD,0.6037413301412313,0.5333333333333333,0.6666666666666667,0.31952380952380954,0,1
cycle_random,100,5,lasso,0.7798381030771411,0.46153846153846156,0.6133333333333334,0.4594047619047619,0,0
cycle_random,100,5,MCP,0.7798381030771411,0.4444444444444444,0.6133333333333333,0.46,0,0
cycle_random,100,5,SCAD,0.7798381030771411,0.46153846153846156,0.62,0.46416666666666667,0,0
cycle_random,100,6,lasso,0.9997808095602558,0.8,0.8333333333333334,0.7616666666666667,0,0
cycle_random,100,6,MCP,0.9997808095602558,0.6153846153846154,0.7866666666666667,0.6816666666666666,0,1
cycle_random,100,6,SCAD,0.9997808095602558,0.6666666666666666,0.8,0.6988095238095238,0,1
cycle_random,100,7,lasso,0.8939744638872997,0.5714285714285714,0.6666666666666667,0.32107142857142856,0,1
cycle_random,100,7,MCP,0.8939744638872997,0.6,0.6266666666666667,0.33666666666666667,0,1
cycle_random,100,7,SCAD,0.8939744638872997,0.6,0.6333333333333333,0.33666666666666667,0,1
cycle_random,100,8,lasso,0.6581731170146632,0.5714285714285714,0.7266666666666668,0.5398015873015873,0,1
cycle_random,100,8,MCP,0.6581731170146632,0.5714285714285714,0.7133333333333334,0.5296825396825398,0,1
cycle_random,100,8,SCAD,0.6581731170146632,0.5714285714285714,0.7133333333333334,0.5296825396825398,0,1
cycle_random,100,9,lasso,0.5891428906949907,0.5714285714285714,0.6200000000000001,0.28325396825396826,0,1
cycle_random,100,9,MCP,0.5891428906949907,0.5714285714285714,0.6133333333333334,0.27825396825396825,0,1
cycle_random,100,9,SCAD,0.5891428906949907,0.5714285714285714,0.6066666666666667,0.27825396825396825,0,1
cycle_random,100,10,lasso,0.511082222018461,0.5333333333333333,0.6133333333333334,0.2783333333333333,0,1
cycle_random,100,10,MCP,0.511082222018461,0.5333333333333333,0.6066666666666667,0.27166666666666667,0,1
cycle_random,100,10,SCAD,0.511082222018461,0.5333333333333333,0.6200000000000001,0.28785714285714287,0,1
cycle_random,100,11,lasso,0.7224022334251863,0.5454545454545454,0.68,0.42952380952380953,0,1
cycle_random,100,11,MCP,0.7224022334251863,0.4444444444444444,0.5733333333333334,0.38722222222222225,0,1
cycle_random,100,11,SCAD,0.7224022334251863,0.4444444444444444,0.5666666666666667,0.37722222222222224,0,1
cycle_random,100,12,lasso,0.6408536268948134,0.46153846153846156,0.5866666666666667,0.42940476190476196,0,1
cycle_random,100,12,MCP,0.6408536268948134,0.46153846153846156,0.5866666666666667,0.42940476190476196,0,1
cycle_random,100,12,SCAD,0.6408536268948134,0.46153846153846156,0.5866666666666667,0.42940476190476196,0,1
cycle_random,100,13,lasso,0.9393438399746317,0.5,0.6133333333333333,0.3195238095238095,0,1
cycle_random,100,13,MCP,0.9393438399746317,0.46153846153846156,0.6066666666666667,0.31416666666666665,0,1
cycle_random,100,13,SCAD,0.9393438399746317,0.5,0.6133333333333333,0.3195238095238095,0,1
cycle_random,100,14,lasso,0.73518200434079,0.42857142857142855,0.49333333333333335,0.23027777777777778,0,1
cycle_random,100,14,MCP,0.73518200434079,0.42857142857142855,0.52,0.24095238095238095,0,1
cycle_random,100,14,SCAD,0.73518200434079,0.42857142857142855,0.47333333333333333,0.23023809523809524,0,1
cycle_random,100,15,lasso,0.6287393233798821,0.6,0.66,0.52,0,1
cycle_random,100,15,MCP,0.6287393233798821,0.6,0.6533333333333333,0.5033333333333334,0,1
cycle_random,100,15,SCAD,0.6287393233798821,0.6,0.6533333333333333,0.5033333333333333,0,1
cycle_random,100,16,lasso,0.6761517515324563,0.5714285714285714,0.7000000000000001,0.5966666666666667,0,0
cycle_random,100,16,MCP,0.6761517515324563,0.5714285714285714,0.7133333333333334,0.6021428571428571,0,0
cycle_random,100,16,SCAD,0.6761517515324563,0.5714285714285714,0.7133333333333334,0.6021428571428571,0,0
cycle_random,100,17,lasso,0.9290994851283907,0.5714285714285714,0.7200000000000001,0.4898015873015873,0,1
cycle_random,100,17,MCP,0.9290994851283907,0.5714285714285714,0.7333333333333334,0.5036111111111111,0,1
cycle_random,100,17,SCAD,0.9290994851283907,0.5714285714285714,0.7333333333333334,0.5036111111111111,0,1
cycle_random,100,18,lasso,0.6779614032271606,0.7272727272727273,0.8266666666666667,0.7666666666666666,0,0
cycle_random,100,18,MCP,0.6779614032271606,0.5714285714285714,0.6533333333333333,0.5861904761904762,0,0
cycle_random,100,18,SCAD,0.6779614032271606,0.5714285714285714,0.6533333333333333,0.5861904761904762,0,0
cycle_random,100,19,lasso,0.7812810066722389,0.5714285714285714,0.6133333333333334,0.5622222222222222,0,0
cycle_random,100,19,MCP,0.7812810066722389,0.5714285714285714,0.6266666666666667,0.5683333333333334,0,0
cycle_random,100,19,SCAD,0.7812810066722389,0.5714285714285714,0.6266666666666667,0.5683333333333334,0,0
cycle_random,100,20,lasso,0.7200591385937583,0.46153846153846156,0.5866666666666667,0.2910714285714286,0,0
cycle_random,100,20,MCP,0.7200591385937583,0.46153846153846156,0.6000000000000001,0.3160714285714286,0,0
cycle_random,100,20,SCAD,0.7200591385937583,0.42857142857142855,0.5800000000000001,0.28690476190476194,0,0
cycle_random,100,21,lasso,0.7280808457651204,0.5333333333333333,0.6733333333333333,0.48000000000000004,0,1
cycle_random,100,21,MCP,0.7280808457651204,0.5333333333333333,0.6733333333333333,0.48000000000000004,0,1
cycle_random,100,21,SCAD,0.7280808457651204,0.5333333333333333,0.6733333333333333,0.48000000000000004,0,1
cycle_random,100,22,lasso,0.5309753611986587,0.5714285714285714,0.6866666666666668,0.431468253968254,0,1
cycle_random,100,22,MCP,0.5309753611986587,0.5,0.6066666666666667,0.4011904761904762,0,1
cycle_random,100,22,SCAD,0.5309753611986587,0.5,0.6066666666666667,0.4011904761904762,0,1
cycle_random,100,23,lasso,0.7870010111735231,0.5,0.6266666666666667,0.49273809523809525,0,1
cycle_random,100,23,MCP,0.7870010111735231,0.5,0.62,0.4885714285714286,0,1
cycle_random,100,23,SCAD,0.7870010111735231,0.5,0.64,0.5041666666666667,0,1
cycle_random,100,24,lasso,0.6689662977610974,0.6153846153846154,0.6533333333333333,0.36424603174603176,0,1
cycle_random,100,24,MCP,0.6689662977610974,0.6153846153846154,0.7466666666666667,0.41785714285714287,0,1
cycle_random,100,24,SCAD,0.6689662977610974,0.6153846153846154,0.74,0.39452380952380955,0,1
cycle_random,100,25,lasso,0.6624771711311075,0.5,0.6066666666666667,0.45174603174603173,0,1
cycle_random,100,25,MCP,0.6624771711311075,0.46153846153846156,0.5866666666666667,0.43555555555555553,0,1
cycle_random,100,25,SCAD,0.6624771711311075,0.4,0.5733333333333334,0.4272222222222222,0,1
cycle_random,100,26,lasso,0.8061488937447716,0.6666666666666666,0.64,0.3576190476190476,0,1
cycle_random,100,26,MCP,0.8061488937447716,0.5,0.5800000000000001,0.26142857142857145,0,0
cycle_random,100,26,SCAD,0.8061488937447716,0.5,0.5800000000000001,0.28273809523809523,0,0
cycle_random,100,27,lasso,0.5914473260871748,0.6,0.7666666666666667,0.628968253968254,0,0
cycle_random,100,27,MCP,0.5914473260871748,0.6153846153846154,0.7533333333333334,0.6073809523809524,0,1
cycle_random,100,27,SCAD,0.5914473260871748,0.6153846153846154,0.7533333333333334,0.6351587301587303,0,1
cycle_random,100,28,lasso,0.5178213540266747,0.5333333333333333,0.6866666666666668,0.5133333333333334,0,1
cycle_random,100,28,MCP,0.5178213540266747,0.5333333333333333,0.7133333333333334,0.5311904761904762,0,1
cycle_random,100,28,SCAD,0.5178213540266747,0.5333333333333333,0.7133333333333334,0.5311904761904762,0,1
cycle_random,100,29,lasso,0.7250217959593221,0.5,0.6000000000000001,0.2861904761904762,0,1
cycle_random,100,29,MCP,0.7250217959593221,0.5454545454545454,0.6200000000000001,0.32666666666666666,0,0
cycle_random,100,29,SCAD,0.7250217959593221,0.5,0.6133333333333333,0.3028571428571428,0,1
cycle_random,100,30,lasso,0.8194244552079196,0.5333333333333333,0.64,0.30357142857142855,0,1
cycle_random,100,30,MCP,0.8194244552079196,0.5333333333333333,0.6466666666666667,0.30833333333333335,0,1
cycle_random,100,30,SCAD,0.8194244552079196,0.5333333333333333,0.6466666666666667,0.30833333333333335,0,1
cycle_random,100,31,lasso,0.6807709146520315,0.5333333333333333,0.6533333333333333,0.32000000000000006,0,1
cycle_random,100,31,MCP,0.6807709146520315,0.5333333333333333,0.6400000000000001,0.30857142857142855,0,1
cycle_random,100,31,SCAD,0.6807709146520315,0.5333333333333333,0.6533333333333334,0.32,0,1
cycle_random,100,32,lasso,0.6734622878148924,0.46153846153846156,0.6133333333333334,0.4594047619047619,0,1
cycle_random,100,32,MCP,0.6734622878148924,0.46153846153846156,0.62,0.46416666666666667,0,1
cycle_random,100,32,SCAD,0.6734622878148924,0.46153846153846156,0.62,0.46416666666666667,0,1
cycle_random,100,33,lasso,0.6202734920968407,0.5333333333333333,0.6466666666666667,0.45,0,1
cycle_random,100,33,MCP,0.6202734920968407,0.5333333333333333,0.66,0.4577380952380953,0,1
cycle_random,100,33,SCAD,0.6202734920968407,0.5333333333333333,0.66,0.4577380952380952,0,1
cycle_random,100,34,lasso,0.5282789467775157,0.3333333333333333,0.45999999999999996,0.37428571428571433,0,0
cycle_random,100,34,MCP,0.5282789467775157,0.46153846153846156,0.5733333333333334,0.4213095238095238,0,0
cycle_random,100,34,SCAD,0.5282789467775157,0.3333333333333333,0.45999999999999996,0.37428571428571433,0,0
cycle_random,100,35,lasso,0.8112529526081073,0.6666666666666666,0.76,0.6466666666666667,0,0
cycle_random,100,35,MCP,0.8112529526081073,0.6666666666666666,0.7533333333333334,0.5966666666666667,0,0
cycle_random,100,35,SCAD,0.8112529526081073,0.75,0.7666666666666667,0.655,0,0
cycle_random,100,36,lasso,0.9638146301451952,0.42857142857142855,0.54,0.25047619047619046,0,1
cycle_random,100,36,MCP,0.9638146301451952,0.375,0.5,0.22427849927849927,0,1
cycle_random,100,36,SCAD,0.9638146301451952,0.3333333333333333,0.44666666666666666,0.21357142857142858,0,1
cycle_random,100,37,lasso,0.7215541112963957,0.6666666666666666,0.74,0.4466666666666666,0,1
cycle_random,100,37,MCP,0.7215541112963957,0.6666666666666666,0.7533333333333334,0.4552777777777777,0,1
cycle_random,100,37,SCAD,0.7215541112963957,0.6666666666666666,0.7466666666666667,0.45083333333333325,0,1
cycle_random,100,38,lasso,0.5716643447862844,0.5454545454545454,0.6266666666666667,0.30000000000000004,0,1
cycle_random,100,38,MCP,0.5716643447862844,0.5454545454545454,0.64,0.36666666666666664,0,1
cycle_random,100,38,SCAD,0.5716643447862844,0.5454545454545454,0.6266666666666667,0.30000000000000004,0,1
cycle_random,100,39,lasso,0.6499698958098041,0.42857142857142855,0.5800000000000001,0.2916666666666667,0,0
cycle_random,100,39,MCP,0.6499698958098041,0.42857142857142855,0.5733333333333334,0.28500000000000003,0,0
cycle_random,100,39,SCAD,0.6499698958098041,0.42857142857142855,0.5733333333333334,0.28500000000000003,0,0
cycle_random,100,40,lasso,0.6375643112349559,0.4444444444444444,0.4666666666666667,0.2181746031746032,0,0
cycle_random,100,40,MCP,0.6375643112349559,0.5333333333333333,0.68,0.3091666666666667,0,1
cycle_random,100,40,SCAD,0.6375643112349559,0.5333333333333333,0.6866666666666668,0.31452380952380954,0,1
cycle_random,100,41,lasso,0.851431624928165,0.5454545454545454,0.64,0.36666666666666664,0,1
cycle_random,100,41,MCP,0.851431624928165,0.6,0.7466666666666667,0.42896825396825394,0,1
cycle_random,100,41,SCAD,0.851431624928165,0.6,0.6533333333333333,0.38666666666666666,0,1
cycle_random,100,42,lasso,0.8337105851276754,0.5333333333333333,0.6666666666666667,0.4621428571428572,0,1
cycle_random,100,42,MCP,0.8337105851276754,0.46153846153846156,0.6000000000000001,0.44107142857142856,0,1
cycle_random,100,42,SCAD,0.8337105851276754,0.46153846153846156,0.6000000000000001,0.44107142857142856,0,1
cycle_random,100,43,lasso,0.6897605884134033,0.5,0.6266666666666667,0.3528571428571428,0,1
cycle_random,100,43,MCP,0.6897605884134033,0.6,0.66,0.40333333333333327,0,1
cycle_random,100,43,SCAD,0.6897605884134033,0.6,0.6533333333333333,0.38666666666666666,0,1
cycle_random,100,44,lasso,0.6287190212943747,0.5333333333333333,0.6266666666666667,0.3919047619047619,0,1
cycle_random,100,44,MCP,0.6287190212943747,0.5333333333333333,0.6333333333333334,0.3952380952380953,0,1
cycle_random,100,44,SCAD,0.6287190212943747,0.5333333333333333,0.6333333333333334,0.3952380952380953,0,1
cycle_random,100,45,lasso,0.5724828317360757,0.5714285714285714,0.7133333333333334,0.5296825396825398,0,1
cycle_random,100,45,MCP,0.5724828317360757,0.5714285714285714,0.7000000000000001,0.4963492063492064,0,1
cycle_random,100,45,SCAD,0.5724828317360757,0.5714285714285714,0.7000000000000001,0.4963492063492064,0,1
cycle_random,100,46,lasso,0.5440175175830118,0.5333333333333333,0.6333333333333334,0.4419047619047619,0,1
cycle_random,100,46,MCP,0.5440175175830118,0.5333333333333333,0.64,0.44666666666666666,0,1
cycle_random,100,46,SCAD,0.5440175175830118,0.5333333333333333,0.6333333333333334,0.4419047619047619,0,1
cycle_random,100,47,lasso,0.5293218123644199,0.5714285714285714,0.7066666666666668,0.4796825396825397,0,0
cycle_random,100,47,MCP,0.5293218123644199,0.5714285714285714,0.7333333333333334,0.506468253968254,0,0
cycle_random,100,47,SCAD,0.5293218123644199,0.5714285714285714,0.7200000000000001,0.4898015873015873,0,0
cycle_random,100,48,lasso,0.7392674897526386,0.5333333333333333,0.6333333333333334,0.3,0,1
cycle_random,100,48,MCP,0.7392674897526386,0.42857142857142855,0.5333333333333333,0.2552380952380952,0,1
cycle_random,100,48,SCAD,0.7392674897526386,0.5714285714285714,0.6666666666666667,0.32301587301587303,0,1
cycle_random,100,49,lasso,0.638465787097782,0.5714285714285714,0.64,0.428968253968254,0,1
cycle_random,100,49,MCP,0.638465787097782,0.6153846153846154,0.7200000000000001,0.45333333333333337,0,1
cycle_random,100,49,SCAD,0.638465787097782,0.5714285714285714,0.7133333333333334,0.4573015873015873,0,1
cycle_random,100,50,lasso,0.6285041803203595,0.4,0.5133333333333334,0.23801587301587301,0,1
cycle_random,100,50,MCP,0.6285041803203595,0.26666666666666666,0.4066666666666667,0.19944444444444445,0,1
cycle_random,100,50,SCAD,0.6285041803203595,0.26666666666666666,0.4066666666666667,0.19944444444444445,0,1
cycle_random,100,51,lasso,0.6451506565502374,0.5454545454545454,0.6733333333333333,0.32666666666666666,0,1
cycle_random,100,51,MCP,0.6451506565502374,0.5454545454545454,0.6866666666666668,0.345,0,1
cycle_random,100,51,SCAD,0.6451506565502374,0.5454545454545454,0.68,0.3383333333333333,0,1
cycle_random,100,52,lasso,0.9597019606476427,0.6666666666666666,0.74,0.39880952380952384,0,1
cycle_random,100,52,MCP,0.9597019606476427,0.5454545454545454,0.6866666666666668,0.34500000000000003,0,1
cycle_random,100,52,SCAD,0.9597019606476427,0.5454545454545454,0.6866666666666668,0.34500000000000003,0,1
cycle_random,100,53,lasso,0.647406128652884,0.6,0.7333333333333334,0.5483333333333333,0,0
cycle_random,100,53,MCP,0.647406128652884,0.6,0.76,0.6236111111111111,0,0
cycle_random,100,53,SCAD,0.647406128652884,0.6,0.66,0.52,0,0
cycle_random,100,54,lasso,0.603454873589923,0.5333333333333333,0.64,0.305,0,1
cycle_random,100,54,MCP,0.603454873589923,0.42857142857142855,0.54,0.26,0,1
cycle_random,100,54,SCAD,0.603454873589923,0.42857142857142855,0.5533333333333333,0.26690476190476187,0,1
cycle_random,100,55,lasso,0.5397915343934669,0.5333333333333333,0.6200000000000001,0.37523809523809526,0,1
cycle_random,100,55,MCP,0.5397915343934669,0.5333333333333333,0.6333333333333334,0.38190476190476186,0,1
cycle_random,100,55,SCAD,0.5397915343934669,0.5333333333333333,0.6333333333333334,0.38190476190476186,0,1
cycle_random,100,56,lasso,0.958224444724006,0.5714285714285714,0.6933333333333334,0.3356349206349206,0,1
cycle_random,100,56,MCP,0.958224444724006,0.5714285714285714,0.68,0.32849206349206345,0,1
cycle_random,100,56,SCAD,0.958224444724006,0.5714285714285714,0.6933333333333334,0.3356349206349206,0,1
cycle_random,100,57,lasso,0.7470631909222052,0.42857142857142855,0.5933333333333334,0.44166666666666665,0,1
cycle_random,100,57,MCP,0.7470631909222052,0.5333333333333333,0.6466666666666667,0.45,0,1
cycle_random,100,57,SCAD,0.7470631909222052,0.5333333333333333,0.6666666666666667,0.4630952380952381,0,1
cycle_random,100,58,lasso,0.8847784286350562,0.5454545454545454,0.7000000000000001,0.36166666666666664,0,1
cycle_random,100,58,MCP,0.8847784286350562,0.6,0.7133333333333334,0.38166666666666665,0,0
cycle_random,100,58,SCAD,0.8847784286350562,0.6,0.7133333333333334,0.38166666666666665,0,0
cycle_random,100,59,lasso,0.6598077108298436,0.6,0.7466666666666667,0.5236111111111111,0,1
cycle_random,100,59,MCP,0.6598077108298436,0.5714285714285714,0.7333333333333334,0.506468253968254,0,1
cycle_random,100,59,SCAD,0.6598077108298436,0.6,0.7466666666666667,0.5236111111111111,0,1
cycle_random,100,60,lasso,0.607897587109488,0.6,0.6733333333333333,0.6100000000000001,0,1
cycle_random,100,60,MCP,0.607897587109488,0.75,0.7066666666666668,0.71,0,0
cycle_random,100,60,SCAD,0.607897587109488,0.75,0.7066666666666667,0.71,0,0
cycle_random,100,61,lasso,0.6094578278919163,0.6666666666666666,0.7866666666666667,0.6488095238095237,0,0
cycle_random,100,61,MCP,0.6094578278919163,0.42857142857142855,0.5733333333333334,0.4216666666666667,0,0
cycle_random,100,61,SCAD,0.6094578278919163,0.42857142857142855,0.5733333333333334,0.4216666666666667,0,0
cycle_random,100,62,lasso,0.6780650794344318,0.5,0.5266666666666666,0.4969047619047619,0,0
cycle_random,100,62,MCP,0.6780650794344318,0.5333333333333333,0.7200000000000001,0.5811904761904763,0,1
cycle_random,100,62,SCAD,0.6780650794344318,0.5333333333333333,0.7200000000000001,0.5811904761904763,0,1
cycle_random,100,63,lasso,0.6179757515771671,0.5714285714285714,0.64,0.5760714285714286,0,0
cycle_random,100,63,MCP,0.6179757515771671,0.5714285714285714,0.6333333333333333,0.5753787878787879,0,0
cycle_random,100,63,SCAD,0.6179757515771671,0.5714285714285714,0.6533333333333333,0.5861904761904762,0,0
cycle_random,100,64,lasso,0.6040475423139087,0.6,0.6466666666666667,0.37,0,0
cycle_random,100,64,MCP,0.6040475423139087,0.5,0.6266666666666667,0.3528571428571428,0,1
cycle_random,100,64,SCAD,0.6040475423139087,0.6,0.62,0.3361904761904762,0,0
cycle_random,100,65,lasso,0.6439992458053173,0.5714285714285714,0.6533333333333333,0.5861904761904762,0,0
cycle_random,100,65,MCP,0.6439992458053173,0.5714285714285714,0.7333333333333334,0.5898015873015874,0,1
cycle_random,100,65,SCAD,0.6439992458053173,0.5714285714285714,0.74,0.6231349206349206,0,1
cycle_random,100,66,lasso,0.6205590716831272,0.5333333333333333,0.68,0.4760714285714286,0,1
cycle_random,100,66,MCP,0.6205590716831272,0.42857142857142855,0.5933333333333334,0.4369047619047619,0,1
cycle_random,100,66,SCAD,0.6205590716831272,0.46153846153846156,0.6000000000000001,0.44107142857142856,0,1
cycle_random,100,67,lasso,0.5982448394405155,0.5,0.5933333333333334,0.38952380952380955,0,1
cycle_random,100,67,MCP,0.5982448394405155,0.5,0.6133333333333333,0.40785714285714286,0,1
cycle_random,100,67,SCAD,0.5982448394405155,0.46153846153846156,0.6066666666666667,0.4025,0,1
cycle_random,100,68,lasso,0.6392189910554165,0.6,0.7666666666666667,0.6569444444444446,0,1
cycle_random,100,68,MCP,0.6392189910554165,0.6,0.68,0.6200000000000001,0,0
cycle_random,100,68,SCAD,0.6392189910554165,0.6,0.6666666666666667,0.6000000000000001,0,0
cycle_random,100,69,lasso,0.995163676244641,0.4,0.5333333333333333,0.4015079365079365,0,1
cycle_random,100,69,MCP,0.995163676244641,0.4,0.5666666666666667,0.42412698412698413,0,1
cycle_random,100,69,SCAD,0.995163676244641,0.3333333333333333,0.44666666666666666,0.36972222222222223,0,0
cycle_random,100,70,lasso,0.5374361792550861,0.46153846153846156,0.5533333333333333,0.25464285714285717,0,1
cycle_random,100,70,MCP,0.5374361792550861,0.5714285714285714,0.6533333333333334,0.2999206349206349,0,1
cycle_random,100,70,SCAD,0.5374361792550861,0.5714285714285714,0.6400000000000001,0.2915873015873016,0,1
cycle_random,100,71,lasso,0.5778069554019646,0.6153846153846154,0.7333333333333334,0.4783333333333334,0,1
cycle_random,100,71,MCP,0.5778069554019646,0.5454545454545454,0.6533333333333333,0.5333333333333333,0,1
cycle_random,100,71,SCAD,0.5778069554019646,0.5454545454545454,0.6266666666666667,0.4233333333333334,0,1
cycle_random,100,72,lasso,0.5646447391179732,0.5,0.6133333333333333,0.5016666666666667,0,0
cycle_random,100,72,MCP,0.5646447391179732,0.5,0.6133333333333334,0.5016666666666667,0,0
cycle_random,100,72,SCAD,0.5646447391179732,0.5,0.6133333333333333,0.5016666666666667,0,0
cycle_random,100,73,lasso,0.9440497152609312,0.5714285714285714,0.6333333333333333,0.5719047619047619,0,0
cycle_random,100,73,MCP,0.9440497152609312,0.5714285714285714,0.6533333333333333,0.5861904761904762,0,0
cycle_random,100,73,SCAD,0.9440497152609312,0.5714285714285714,0.6533333333333333,0.5861904761904762,0,0
cycle_random,100,74,lasso,0.8559157348871993,0.42857142857142855,0.5933333333333334,0.4369047619047619,0,1
cycle_random,100,74,MCP,0.8559157348871993,0.42857142857142855,0.5866666666666667,0.43023809523809525,0,1
cycle_random,100,74,SCAD,0.8559157348871993,0.46153846153846156,0.5133333333333333,0.40634920634920635,0,1
cycle_random,100,75,lasso,0.675352963713884,0.4,0.5333333333333333,0.25746031746031744,0,1
cycle_random,100,75,MCP,0.675352963713884,0.5333333333333333,0.6333333333333334,0.3,0,1
cycle_random,100,75,SCAD,0.675352963713884,0.5333333333333333,0.6333333333333334,0.3,0,1
cycle_random,100,76,lasso,0.7595715691310283,0.5714285714285714,0.74,0.6283333333333334,0,0
cycle_random,100,76,MCP,0.7595715691310283,0.5714285714285714,0.7466666666666667,0.6383333333333334,0,0
cycle_random,100,76,SCAD,0.7595715691310283,0.5714285714285714,0.7466666666666667,0.6383333333333334,0,0
cycle_random,100,77,lasso,0.5579308171924691,0.5714285714285714,0.7266666666666667,0.5269444444444444,0,1
cycle_random,100,77,MCP,0.5579308171924691,0.6153846153846154,0.7333333333333334,0.5240476190476191,0,1
cycle_random,100,77,SCAD,0.5579308171924691,0.6153846153846154,0.7266666666666668,0.5140476190476191,0,1
cycle_random,100,78,lasso,0.8155402967236371,0.5333333333333333,0.56,0.255,0,1
cycle_random,100,78,MCP,0.8155402967236371,0.5333333333333333,0.5933333333333334,0.2696428571428572,0,1
cycle_random,100,78,SCAD,0.8155402967236371,0.5333333333333333,0.5933333333333334,0.2696428571428572,0,1
cycle_random,100,79,lasso,0.9698244166153789,0.5714285714285714,0.66,0.4582539682539683,0,1
cycle_random,100,79,MCP,0.9698244166153789,0.5714285714285714,0.6666666666666667,0.4615873015873016,0,1
cycle_random,100,79,SCAD,0.9698244166153789,0.5714285714285714,0.6600000000000001,0.4582539682539683,0,1
cycle_random,100,80,lasso,0.628973119382269,0.6666666666666666,0.7666666666666667,0.6052777777777778,0,0
cycle_random,100,80,MCP,0.628973119382269,0.6666666666666666,0.7733333333333334,0.6106349206349206,0,0
cycle_random,100,80,SCAD,0.628973119382269,0.6666666666666666,0.7733333333333334,0.6106349206349206,0,0
cycle_random,100,81,lasso,0.7867534382684817,0.5333333333333333,0.6200000000000001,0.29388888888888887,0,1
cycle_random,100,81,MCP,0.7867534382684817,0.4,0.5533333333333333,0.26833333333333337,0,1
cycle_random,100,81,SCAD,0.7867534382684817,0.42857142857142855,0.56,0.27166666666666667,0,1
cycle_random,100,82,lasso,0.8813880619112484,0.5714285714285714,0.6266666666666667,0.5683333333333334,0,0
cycle_random,100,82,MCP,0.8813880619112484,0.5714285714285714,0.6266666666666667,0.5683333333333334,0,0
cycle_random,100,82,SCAD,0.8813880619112484,0.5714285714285714,0.6266666666666667,0.5683333333333334,0,0
cycle_random,100,83,lasso,0.7650524537381582,0.7272727272727273,0.8066666666666668,0.6416666666666667,0,0
cycle_random,100,83,MCP,0.7650524537381582,0.6666666666666666,0.7866666666666667,0.615,0,0
cycle_random,100,83,SCAD,0.7650524537381582,0.6666666666666666,0.7933333333333334,0.6221428571428571,0,0
cycle_random,100,84,lasso,0.5435175498726661,0.5714285714285714,0.64,0.5760714285714286,0,0
cycle_random,100,84,MCP,0.5435175498726661,0.5714285714285714,0.6466666666666667,0.5808333333333333,0,0
cycle_random,100,84,SCAD,0.5435175498726661,0.5714285714285714,0.6533333333333333,0.5861904761904762,0,0
cycle_random,100,85,lasso,0.6136026290312093,0.5714285714285714,0.7333333333333334,0.5036111111111111,0,1
cycle_random,100,85,MCP,0.6136026290312093,0.5714285714285714,0.7466666666666667,0.5923015873015873,0,1
cycle_random,100,85,SCAD,0.6136026290312093,0.6153846153846154,0.74,0.508968253968254,0,1
cycle_random,100,86,lasso,0.8718929369727715,0.5714285714285714,0.6866666666666668,0.3381349206349207,0,1
cycle_random,100,86,MCP,0.8718929369727715,0.5714285714285714,0.6933333333333334,0.34480158730158733,0,1
cycle_random,100,86,SCAD,0.8718929369727715,0.5714285714285714,0.7000000000000001,0.35194444444444445,0,1
cycle_random,100,87,lasso,0.7276499290112396,0.4,0.4866666666666667,0.22373015873015872,0,1
cycle_random,100,87,MCP,0.7276499290112396,0.4,0.4733333333333334,0.21694444444444444,0,1
cycle_random,100,87,SCAD,0.7276499290112396,0.4,0.4666666666666667,0.21694444444444444,0,1
cycle_random,100,88,lasso,0.6815112314559906,0.46153846153846156,0.62,0.4760714285714286,0,0
cycle_random,100,88,MCP,0.6815112314559906,0.5,0.6200000000000001,0.48857142857142855,0,0
cycle_random,100,88,SCAD,0.6815112314559906,0.4444444444444444,0.6133333333333334,0.4719047619047619,0,0
cycle_random,100,89,lasso,0.9035126846547876,0.75,0.6933333333333334,0.5936111111111111,0,0
cycle_random,100,89,MCP,0.9035126846547876,0.46153846153846156,0.6133333333333334,0.4760714285714286,0,1
cycle_random,100,89,SCAD,0.9035126846547876,0.5,0.4666666666666667,0.4076190476190476,0,0
cycle_random,100,90,lasso,0.9417830153649163,0.6,0.6533333333333333,0.49666666666666665,0,0
cycle_random,100,90,MCP,0.9417830153649163,0.6,0.6533333333333333,0.49666666666666665,0,0
cycle_random,100,90,SCAD,0.9417830153649163,0.6,0.6533333333333333,0.5033333333333334,0,0
cycle_random,100,91,lasso,0.5487955545605674,0.5333333333333333,0.6133333333333334,0.2752380952380953,0,1
cycle_random,100,91,MCP,0.5487955545605674,0.4,0.5133333333333334,0.23484126984126982,0,1
cycle_random,100,91,SCAD,0.5487955545605674,0.5333333333333333,0.6266666666666667,0.28357142857142853,0,1
cycle_random,100,92,lasso,0.5008459478314018,0.5714285714285714,0.6933333333333334,0.48146825396825393,0,0
cycle_random,100,92,MCP,0.5008459478314018,0.5333333333333333,0.68,0.47202380952380957,0,1
cycle_random,100,92,SCAD,0.5008459478314018,0.5714285714285714,0.6866666666666668,0.47646825396825393,0,0
cycle_random,100,93,lasso,0.9028719323848737,0.6153846153846154,0.76,0.6145238095238095,0,1
cycle_random,100,93,MCP,0.9028719323848737,0.6666666666666666,0.7733333333333334,0.5804761904761904,0,1
cycle_random,100,93,SCAD,0.9028719323848737,0.6666666666666666,0.7866666666666667,0.6488095238095238,0,1
cycle_random,100,94,lasso,0.5986624199101249,0.7272727272727273,0.7133333333333334,0.4566666666666666,0,0
cycle_random,100,94,MCP,0.5986624199101249,0.7272727272727273,0.7933333333333334,0.49999999999999994,0,0
cycle_random,100,94,SCAD,0.5986624199101249,0.7272727272727273,0.7933333333333334,0.49999999999999994,0,0
cycle_random,100,95,lasso,0.91910641154713,0.4,0.4933333333333334,0.22746031746031745,0,1
cycle_random,100,95,MCP,0.91910641154713,0.4,0.48000000000000004,0.22150793650793651,0,1
cycle_random,100,95,SCAD,0.91910641154713,0.4,0.48000000000000004,0.22150793650793651,0,1
cycle_random,100,96,lasso,0.5287982109172996,0.5454545454545454,0.7000000000000001,0.49333333333333335,0,1
cycle_random,100,96,MCP,0.5287982109172996,0.6,0.7200000000000001,0.5233333333333334,0,1
cycle_random,100,96,SCAD,0.5287982109172996,0.6,0.7133333333333334,0.5133333333333334,0,1
cycle_random,100,97,lasso,0.6273428758481432,0.5714285714285714,0.6600000000000001,0.45825396825396825,0,1
cycle_random,100,97,MCP,0.6273428758481432,0.5714285714285714,0.6600000000000001,0.45825396825396825,0,1
cycle_random,100,97,SCAD,0.6273428758481432,0.5714285714285714,0.6600000000000001,0.4552777777777778,0,1
cycle_random,100,98,lasso,0.8634782844185664,0.5333333333333333,0.6466666666666667,0.3116666666666667,0,1
cycle_random,100,98,MCP,0.8634782844185664,0.5333333333333333,0.6466666666666667,0.31166666666666665,0,1
cycle_random,100,98,SCAD,0.8634782844185664,0.5333333333333333,0.6466666666666667,0.31166666666666665,0,1
cycle_random,100,99,lasso,0.6221746600957407,0.6153846153846154,0.68,0.32071428571428573,0,1
cycle_random,100,99,MCP,0.6221746600957407,0.5714285714285714,0.6666666666666667,0.3068253968253968,0,1
cycle_random,100,99,SCAD,0.6221746600957407,0.5714285714285714,0.6733333333333333,0.31515873015873014,0,1
cycle_random,200,0,lasso,0.6606940903078191,0.7272727272727273,0.8333333333333334,0.7816666666666665,0,0
cycle_random,200,0,MCP,0.6606940903078191,0.8,0.8466666666666667,0.8200000000000001,0,0
cycle_random,200,0,SCAD,0.6606940903078191,0.8,0.8466666666666667,0.8200000000000001,0,0
cycle_random,200,1,lasso,0.6423410617832087,0.6666666666666666,0.78,0.5654761904761905,0,1
cycle_random,200,1,MCP,0.6423410617832087,0.6666666666666666,0.7733333333333334,0.5661904761904761,0,1
cycle_random,200,1,SCAD,0.6423410617832087,0.6666666666666666,0.7733333333333334,0.5661904761904761,0,1
cycle_random,200,2,lasso,0.9473932876714545,0.5333333333333333,0.66,0.3194047619047619,0,1
cycle_random,200,2,MCP,0.9473932876714545,0.5333333333333333,0.66,0.32107142857142856,0,1
cycle_random,200,2,SCAD,0.9473932876714545,0.5333333333333333,0.6666666666666667,0.3277380952380953,0,1
cycle_random,200,3,lasso,0.871135948666345,0.5333333333333333,0.6533333333333334,0.4077380952380953,0,1
cycle_random,200,3,MCP,0.871135948666345,0.5333333333333333,0.6533333333333333,0.4033333333333333,0,1
cycle_random,200,3,SCAD,0.871135948666345,0.5333333333333333,0.6533333333333333,0.4033333333333333,0,1
cycle_random,200,4,lasso,0.7627212944937386,0.75,0.78,0.7383333333333333,0,0
cycle_random,200,4,MCP,0.7627212944937386,0.75,0.78,0.7383333333333333,0,0
cycle_random,200,4,SCAD,0.7627212944937386,0.75,0.78,0.7383333333333333,0,0
cycle_random,200,5,lasso,0.959027702622882,0.5714285714285714,0.7000000000000001,0.5966666666666667,0,0
cycle_random,200,5,MCP,0.959027702622882,0.5714285714285714,0.7000000000000001,0.5966666666666667,0,0
cycle_random,200,5,SCAD,0.959027702622882,0.5714285714285714,0.7000000000000001,0.5966666666666667,0,0
cycle_random,200,6,lasso,0.7897755739668364,0.5714285714285714,0.6266666666666667,0.5683333333333334,0,0
cycle_random,200,6,MCP,0.7897755739668364,0.5714285714285714,0.6266666666666667,0.5683333333333334,0,0
cycle_random,200,6,SCAD,0.7897755739668364,0.5714285714285714,0.6266666666666667,0.5683333333333334,0,0
cycle_random,200,7,lasso,0.5886486290724593,0.6,0.6533333333333333,0.47000000000000003,0,0
cycle_random,200,7,MCP,0.5886486290724593,0.6,0.6466666666666667,0.44666666666666666,0,0
cycle_random,200,7,SCAD,0.5886486290724593,0.6,0.6466666666666667,0.44666666666666666,0,0
cycle_random,200,8,lasso,0.8373316946274444,0.6153846153846154,0.7066666666666668,0.44904761904761903,0,1
cycle_random,200,8,MCP,0.8373316946274444,0.5714285714285714,0.6933333333333334,0.4368253968253968,0,1
cycle_random,200,8,SCAD,0.8373316946274444,0.5714285714285714,0.6866666666666668,0.43182539682539683,0,1
cycle_random,200,9,lasso,0.9943521283124062,0.5333333333333333,0.68,0.47285714285714286,0,1
cycle_random,200,9,MCP,0.9943521283124062,0.5333333333333333,0.6933333333333334,0.48619047619047623,0,1
cycle_random,200,9,SCAD,0.9943521283124062,0.5333333333333333,0.68,0.47285714285714286,0,1
cycle_random,200,10,lasso,0.9108711687224615,0.6666666666666666,0.7666666666666667,0.5969444444444445,0,1
cycle_random,200,10,MCP,0.9108711687224615,0.6666666666666666,0.78,0.6078571428571429,0,1
cycle_random,200,10,SCAD,0.9108711687224615,0.6666666666666666,0.78,0.6078571428571429,0,1
cycle_random,200,11,lasso,0.8680647199018641,0.6666666666666666,0.7533333333333334,0.5966666666666667,0,0
cycle_random,200,11,MCP,0.8680647199018641,0.6666666666666666,0.6799999999999999,0.5683333333333332,0,0
cycle_random,200,11,SCAD,0.8680647199018641,0.6666666666666666,0.6799999999999999,0.5683333333333332,0,0
cycle_random,200,12,lasso,0.6061905427782373,0.5714285714285714,0.64,0.47813492063492063,0,1
cycle_random,200,12,MCP,0.6061905427782373,0.6,0.66,0.52,0,0
cycle_random,200,12,SCAD,0.6061905427782373,0.5454545454545454,0.6666666666666667,0.5433333333333332,0,1
cycle_random,200,13,lasso,0.6038703260723786,0.8888888888888888,0.8600000000000001,0.865,0,0
cycle_random,200,13,MCP,0.6038703260723786,0.8888888888888888,0.8600000000000001,0.865,0,0
cycle_random,200,13,SCAD,0.6038703260723786,0.8888888888888888,0.8600000000000001,0.865,0,0
cycle_random,200,14,lasso,0.7230612688096061,0.6666666666666666,0.6933333333333334,0.6516666666666666,0,0
cycle_random,200,14,MCP,0.7230612688096061,0.6666666666666666,0.7866666666666667,0.6966666666666667,0,0
cycle_random,200,14,SCAD,0.7230612688096061,0.6666666666666666,0.7933333333333334,0.701111111111111,0,0
cycle_random,200,15,lasso,0.7542608632095401,0.6666666666666666,0.7533333333333334,0.41547619047619044,0,1
cycle_random,200,15,MCP,0.7542608632095401,0.7272727272727273,0.7666666666666667,0.435,0,1
cycle_random,200,15,SCAD,0.7542608632095401,0.7272727272727273,0.7666666666666667,0.435,0,1
cycle_random,200,16,lasso,0.5120148273638709,0.5714285714285714,0.7066666666666668,0.6002380952380952,0,0
cycle_random,200,16,MCP,0.5120148273638709,0.5714285714285714,0.7200000000000001,0.6091666666666666,0,0
cycle_random,200,16,SCAD,0.5120148273638709,0.5714285714285714,0.7200000000000001,0.6091666666666666,0,0
cycle_random,200,17,lasso,0.8762207839855563,0.5333333333333333,0.68,0.4966666666666667,0,1
cycle_random,200,17,MCP,0.8762207839855563,0.5,0.6933333333333334,0.518560606060606,0,1
cycle_random,200,17,SCAD,0.8762207839855563,0.46153846153846156,0.6266666666666667,0.48083333333333333,0,1
cycle_random,200,18,lasso,0.5616821041853773,0.5333333333333333,0.64,0.30297619047619045,0,1
cycle_random,200,18,MCP,0.5616821041853773,0.5333333333333333,0.6333333333333334,0.28773809523809524,0,1
cycle_random,200,18,SCAD,0.5616821041853773,0.5333333333333333,0.6333333333333334,0.2863095238095238,0,1
cycle_random,200,19,lasso,0.5502294176426401,0.5714285714285714,0.7066666666666668,0.4519444444444445,0,0
cycle_random,200,19,MCP,0.5502294176426401,0.6,0.7266666666666668,0.4819444444444445,0,0
cycle_random,200,19,SCAD,0.5502294176426401,0.6,0.7200000000000001,0.4719444444444445,0,0
cycle_random,200,20,lasso,0.742021075020956,0.5454545454545454,0.7066666666666667,0.3658333333333333,0,1
cycle_random,200,20,MCP,0.742021075020956,0.5454545454545454,0.7133333333333334,0.39499999999999996,0,1
cycle_random,200,20,SCAD,0.742021075020956,0.5454545454545454,0.7066666666666668,0.37833333333333335,0,1
cycle_random,200,21,lasso,0.5505704105087028,0.6666666666666666,0.74,0.5271428571428571,0,1
cycle_random,200,21,MCP,0.5505704105087028,0.6666666666666666,0.74,0.5271428571428571,0,1
cycle_random,200,21,SCAD,0.5505704105087028,0.6666666666666666,0.74,0.5271428571428571,0,1
cycle_random,200,22,lasso,0.6280187887204136,0.6153846153846154,0.6200000000000001,0.28634920634920635,0,1
cycle_random,200,22,MCP,0.6280187887204136,0.42857142857142855,0.5133333333333334,0.23714285714285713,0,1
cycle_random,200,22,SCAD,0.6280187887204136,0.46153846153846156,0.52,0.2413095238095238,0,1
cycle_random,200,23,lasso,0.5303213476951057,0.6666666666666666,0.76,0.5288095238095238,0,0
cycle_random,200,23,MCP,0.5303213476951057,0.6666666666666666,0.76,0.5288095238095238,0,0
cycle_random,200,23,SCAD,0.5303213476951057,0.6666666666666666,0.76,0.5288095238095238,0,0
cycle_random,200,24,lasso,0.8818351076232134,0.6666666666666666,0.8066666666666668,0.7138095238095237,0,1
cycle_random,200,24,MCP,0.8818351076232134,0.6153846153846154,0.7933333333333334,0.6916666666666667,0,1
cycle_random,200,24,SCAD,0.8818351076232134,0.6666666666666666,0.7933333333333334,0.6995238095238095,0,1
cycle_random,200,25,lasso,0.8569443904425271,0.5333333333333333,0.6733333333333333,0.48,0,1
cycle_random,200,25,MCP,0.8569443904425271,0.5333333333333333,0.6866666666666668,0.48773809523809525,0,1
cycle_random,200,25,SCAD,0.8569443904425271,0.5333333333333333,0.68,0.4777380952380953,0,1
cycle_random,200,26,lasso,0.9718215815098519,0.5714285714285714,0.7266666666666667,0.5202777777777778,0,1
cycle_random,200,26,MCP,0.9718215815098519,0.5714285714285714,0.7200000000000001,0.5131349206349207,0,1
cycle_random,200,26,SCAD,0.9718215815098519,0.5714285714285714,0.7266666666666667,0.5202777777777778,0,1
cycle_random,200,27,lasso,0.594066567337228,0.6153846153846154,0.7466666666666667,0.5011904761904762,0,1
cycle_random,200,27,MCP,0.594066567337228,0.6666666666666666,0.76,0.5154761904761905,0,1
cycle_random,200,27,SCAD,0.594066567337228,0.6153846153846154,0.7466666666666667,0.5011904761904762,0,1
cycle_random,200,28,lasso,0.503417197854299,0.6666666666666666,0.78,0.47214285714285714,0,1
cycle_random,200,28,MCP,0.503417197854299,0.6666666666666666,0.7666666666666667,0.43285714285714283,0,1
cycle_random,200,28,SCAD,0.503417197854299,0.6666666666666666,0.7666666666666667,0.4578571428571428,0,1
cycle_random,200,29,lasso,0.6512328362603184,0.6,0.74,0.42361111111111105,0,1
cycle_random,200,29,MCP,0.6512328362603184,0.6,0.6533333333333333,0.38666666666666666,0,1
cycle_random,200,29,SCAD,0.6512328362603184,0.6,0.6533333333333333,0.38666666666666666,0,1
cycle_random,200,30,lasso,0.6617857130066935,0.5714285714285714,0.6733333333333333,0.3196825396825397,0,1
cycle_random,200,30,MCP,0.6617857130066935,0.5714285714285714,0.66,0.30444444444444446,0,1
cycle_random,200,30,SCAD,0.6617857130066935,0.5714285714285714,0.6666666666666667,0.3098015873015873,0,1
cycle_random,200,31,lasso,0.5619294239232047,0.75,0.7933333333333334,0.7469444444444444,0,0
cycle_random,200,31,MCP,0.5619294239232047,0.75,0.7933333333333334,0.7469444444444444,0,0
cycle_random,200,31,SCAD,0.5619294239232047,0.75,0.7933333333333334,0.7469444444444444,0,0
cycle_random,200,32,lasso,0.6201610672920154,0.5714285714285714,0.6733333333333333,0.4193650793650794,0,1
cycle_random,200,32,MCP,0.6201610672920154,0.42857142857142855,0.6000000000000001,0.4,0,1
cycle_random,200,32,SCAD,0.6201610672920154,0.5714285714285714,0.6933333333333334,0.43682539682539684,0,1
cycle_random,200,33,lasso,0.5527393266923429,0.6666666666666666,0.6666666666666667,0.41,0,1
cycle_random,200,33,MCP,0.5527393266923429,0.6666666666666666,0.7666666666666667,0.4578571428571428,0,1
cycle_random,200,33,SCAD,0.5527393266923429,0.6666666666666666,0.7666666666666667,0.4578571428571428,0,1
cycle_random,200,34,lasso,0.8970321950228943,0.5454545454545454,0.62,0.41500000000000004,0,1
cycle_random,200,34,MCP,0.8970321950228943,0.5714285714285714,0.7066666666666668,0.4501587301587302,0,1
cycle_random,200,34,SCAD,0.8970321950228943,0.5714285714285714,0.7066666666666668,0.4501587301587302,0,1
cycle_random,200,35,lasso,0.913080459689798,0.5454545454545454,0.64,0.3666666666666667,0,0
cycle_random,200,35,MCP,0.913080459689798,0.6,0.64,0.36,0,0
cycle_random,200,35,SCAD,0.913080459689798,0.5454545454545454,0.6333333333333333,0.35000000000000003,0,0
cycle_random,200,36,lasso,0.9377798662015864,0.5,0.5933333333333334,0.3084523809523809,0,1
cycle_random,200,36,MCP,0.9377798662015864,0.4444444444444444,0.5866666666666667,0.30166666666666664,0,1
cycle_random,200,36,SCAD,0.9377798662015864,0.4444444444444444,0.5800000000000001,0.29833333333333334,0,1
cycle_random,200,37,lasso,0.8088101248063873,0.5714285714285714,0.7466666666666667,0.5636111111111111,0,0
cycle_random,200,37,MCP,0.8088101248063873,0.5714285714285714,0.7133333333333334,0.5131349206349207,0,0
cycle_random,200,37,SCAD,0.8088101248063873,0.5714285714285714,0.7066666666666668,0.49646825396825395,0,0
cycle_random,200,38,lasso,0.6584118182366208,0.6153846153846154,0.6933333333333334,0.3423809523809524,0,1
cycle_random,200,38,MCP,0.6584118182366208,0.5714285714285714,0.6933333333333334,0.35777777777777775,0,1
cycle_random,200,38,SCAD,0.6584118182366208,0.5714285714285714,0.6866666666666668,0.3381349206349207,0,1
cycle_random,200,39,lasso,0.6003010929024458,0.6,0.6666666666666667,0.5700000000000001,0,1
cycle_random,200,39,MCP,0.6003010929024458,0.5714285714285714,0.76,0.6302777777777777,0,1
cycle_random,200,39,SCAD,0.6003010929024458,0.6,0.76,0.6236111111111111,0,1
cycle_random,200,40,lasso,0.5950377579881982,0.5714285714285714,0.7466666666666667,0.5636111111111111,0,1
cycle_random,200,40,MCP,0.5950377579881982,0.5714285714285714,0.7400000000000001,0.556468253968254,0,1
cycle_random,200,40,SCAD,0.5950377579881982,0.6,0.7533333333333334,0.5736111111111111,0,1
cycle_random,200,41,lasso,0.6950181488172158,0.7272727272727273,0.8066666666666668,0.7016666666666667,0,1
cycle_random,200,41,MCP,0.6950181488172158,0.6153846153846154,0.76,0.6407142857142858,0,1
cycle_random,200,41,SCAD,0.6950181488172158,0.6153846153846154,0.7733333333333334,0.6578571428571429,0,1
cycle_random,200,42,lasso,0.8512239713662038,0.6666666666666666,0.6666666666666667,0.3538095238095238,0,1
cycle_random,200,42,MCP,0.8512239713662038,0.6666666666666666,0.7333333333333334,0.3721428571428571,0,1
cycle_random,200,42,SCAD,0.8512239713662038,0.6666666666666666,0.7333333333333334,0.3721428571428571,0,1
cycle_random,200,43,lasso,0.5845019660981077,0.5454545454545454,0.7000000000000001,0.4475,0,1
cycle_random,200,43,MCP,0.5845019660981077,0.5333333333333333,0.6933333333333334,0.4478571428571429,0,1
cycle_random,200,43,SCAD,0.5845019660981077,0.5333333333333333,0.6933333333333334,0.4478571428571429,0,1
cycle_random,200,44,lasso,0.9883651539002449,0.5,0.6466666666666667,0.5261904761904761,0,1
cycle_random,200,44,MCP,0.9883651539002449,0.5,0.6533333333333333,0.5361904761904761,0,1
cycle_random,200,44,SCAD,0.9883651539002449,0.5454545454545454,0.66,0.5433333333333333,0,1
cycle_random,200,45,lasso,0.6434389712136109,0.75,0.7066666666666667,0.71,0,0
cycle_random,200,45,MCP,0.6434389712136109,0.6666666666666666,0.7,0.685,0,0
cycle_random,200,45,SCAD,0.6434389712136109,0.75,0.7066666666666668,0.71,0,0
cycle_random,200,46,lasso,0.5598833671350747,0.7272727272727273,0.76,0.6345238095238095,0,1
cycle_random,200,46,MCP,0.5598833671350747,0.6666666666666666,0.8,0.6738095238095239,0,0
cycle_random,200,46,SCAD,0.5598833671350747,0.6666666666666666,0.7933333333333334,0.6588095238095238,0,0
cycle_random,200,47,lasso,0.8870302554630223,0.5454545454545454,0.6,0.29833333333333334,0,0
cycle_random,200,47,MCP,0.8870302554630223,0.5454545454545454,0.6733333333333333,0.32666666666666666,0,0
cycle_random,200,47,SCAD,0.8870302554630223,0.5454545454545454,0.6733333333333333,0.32666666666666666,0,0
cycle_random,200,48,lasso,0.8719554991523042,0.6153846153846154,0.7666666666666667,0.6478571428571429,0,1
cycle_random,200,48,MCP,0.8719554991523042,0.6666666666666666,0.78,0.6621428571428571,0,1
cycle_random,200,48,SCAD,0.8719554991523042,0.6153846153846154,0.7733333333333334,0.655,0,1
cycle_random,200,49,lasso,0.937498245012041,0.7272727272727273,0.7866666666666667,0.6016666666666668,0,1
cycle_random,200,49,MCP,0.937498245012041,0.6666666666666666,0.7666666666666667,0.5626190476190476,0,1
cycle_random,200,49,SCAD,0.937498245012041,0.7272727272727273,0.78,0.5816666666666667,0,1
cycle_random,200,50,lasso,0.704938283599717,0.6,0.6533333333333333,0.5033333333333334,0,0
cycle_random,200,50,MCP,0.704938283599717,0.5,0.6266666666666667,0.4695238095238095,0,1
cycle_random,200,50,SCAD,0.704938283599717,0.5,0.6333333333333333,0.47619047619047616,0,1
cycle_random,200,51,lasso,0.9227594111448734,0.5,0.6266666666666667,0.49273809523809525,0,1
cycle_random,200,51,MCP,0.9227594111448734,0.5,0.5266666666666666,0.45166666666666666,0,1
cycle_random,200,51,SCAD,0.9227594111448734,0.5,0.5266666666666666,0.45166666666666666,0,1
cycle_random,200,52,lasso,0.5990071944043383,0.46153846153846156,0.54,0.24333333333333332,0,1
cycle_random,200,52,MCP,0.5990071944043383,0.46153846153846156,0.54,0.2463095238095238,0,1
cycle_random,200,52,SCAD,0.5990071944043383,0.46153846153846156,0.54,0.2463095238095238,0,1
cycle_random,200,53,lasso,0.5420860483437611,0.8,0.8200000000000001,0.675,0,0
cycle_random,200,53,MCP,0.5420860483437611,0.7272727272727273,0.8066666666666668,0.6483333333333333,0,1
cycle_random,200,53,SCAD,0.5420860483437611,0.8,0.8200000000000001,0.675,0,0
cycle_random,200,54,lasso,0.6366860858926903,0.5454545454545454,0.72,0.5216666666666667,0,1
cycle_random,200,54,MCP,0.6366860858926903,0.5454545454545454,0.7266666666666667,0.5449999999999999,0,0
cycle_random,200,54,SCAD,0.6366860858926903,0.5454545454545454,0.7266666666666667,0.5383333333333333,0,0
cycle_random,200,55,lasso,0.6956357736798204,0.5714285714285714,0.7133333333333334,0.38980158730158726,0,1
cycle_random,200,55,MCP,0.6956357736798204,0.5714285714285714,0.7066666666666668,0.3731349206349206,0,1
cycle_random,200,55,SCAD,0.6956357736798204,0.5714285714285714,0.7133333333333334,0.38980158730158726,0,1
cycle_random,200,56,lasso,0.989019923352864,0.5454545454545454,0.6133333333333333,0.315,0,1
cycle_random,200,56,MCP,0.989019923352864,0.5454545454545454,0.6133333333333333,0.315,0,1
cycle_random,200,56,SCAD,0.989019923352864,0.5454545454545454,0.6133333333333333,0.315,0,1
cycle_random,200,57,lasso,0.7045608678364705,0.75,0.8266666666666667,0.782142857142857,0,0
cycle_random,200,57,MCP,0.7045608678364705,0.7272727272727273,0.8200000000000001,0.7416666666666667,0,0
cycle_random,200,57,SCAD,0.7045608678364705,0.75,0.8333333333333335,0.7916666666666667,0,0
cycle_random,200,58,lasso,0.5579599218947502,0.75,0.7066666666666667,0.71,0,0
cycle_random,200,58,MCP,0.5579599218947502,0.6666666666666666,0.7733333333333334,0.7133333333333334,0,0
cycle_random,200,58,SCAD,0.5579599218947502,0.6666666666666666,0.7733333333333334,0.7133333333333334,0,0
cycle_random,200,59,lasso,0.8752582074477913,0.5333333333333333,0.6933333333333334,0.3520238095238095,0,1
cycle_random,200,59,MCP,0.8752582074477913,0.5333333333333333,0.6666666666666667,0.3216666666666666,0,1
cycle_random,200,59,SCAD,0.8752582074477913,0.5333333333333333,0.68,0.33666666666666667,0,1
cycle_random,200,60,lasso,0.9400424546985398,0.5714285714285714,0.74,0.6283333333333334,0,0
cycle_random,200,60,MCP,0.9400424546985398,0.6153846153846154,0.78,0.6678571428571429,0,1
cycle_random,200,60,SCAD,0.9400424546985398,0.6153846153846154,0.78,0.6678571428571429,0,1
cycle_random,200,61,lasso,0.5525797314291392,0.4444444444444444,0.5666666666666667,0.27888888888888885,0,0
cycle_random,200,61,MCP,0.5525797314291392,0.4444444444444444,0.5666666666666667,0.27888888888888885,0,0
cycle_random,200,61,SCAD,0.5525797314291392,0.4444444444444444,0.5666666666666667,0.27888888888888885,0,0
cycle_random,200,62,lasso,0.7904626173800633,0.5333333333333333,0.68,0.33119047619047615,0,1
cycle_random,200,62,MCP,0.7904626173800633,0.5333333333333333,0.68,0.32785714285714285,0,1
cycle_random,200,62,SCAD,0.7904626173800633,0.5333333333333333,0.68,0.32785714285714285,0,1
cycle_random,200,63,lasso,0.6956140011138066,0.6153846153846154,0.78,0.6678571428571429,0,1
cycle_random,200,63,MCP,0.6956140011138066,0.6153846153846154,0.7666666666666667,0.6478571428571429,0,1
cycle_random,200,63,SCAD,0.6956140011138066,0.6153846153846154,0.7666666666666667,0.6478571428571429,0,1
cycle_random,200,64,lasso,0.9265877746877358,0.5333333333333333,0.68,0.4741666666666667,0,1
cycle_random,200,64,MCP,0.9265877746877358,0.5333333333333333,0.6733333333333333,0.46940476190476194,0,1
cycle_random,200,64,SCAD,0.9265877746877358,0.5333333333333333,0.6733333333333333,0.46940476190476194,0,1
cycle_random,200,65,lasso,0.8786126919812738,0.6153846153846154,0.6866666666666668,0.43202380952380953,0,1
cycle_random,200,65,MCP,0.8786126919812738,0.5714285714285714,0.6866666666666668,0.43182539682539683,0,1
cycle_random,200,65,SCAD,0.8786126919812738,0.5714285714285714,0.6866666666666668,0.43182539682539683,0,1
cycle_random,200,66,lasso,0.6667827800242897,0.5333333333333333,0.7000000000000001,0.47523809523809524,0,1
cycle_random,200,66,MCP,0.6667827800242897,0.5714285714285714,0.7333333333333334,0.5036111111111111,0,0
cycle_random,200,66,SCAD,0.6667827800242897,0.5714285714285714,0.7200000000000001,0.49218253968253967,0,0
cycle_random,200,67,lasso,0.9797344713468876,0.4444444444444444,0.5866666666666667,0.44555555555555554,0,0
cycle_random,200,67,MCP,0.9797344713468876,0.6,0.74,0.5583333333333333,0,0
cycle_random,200,67,SCAD,0.9797344713468876,0.4444444444444444,0.5866666666666667,0.44555555555555554,0,0
cycle_random,200,68,lasso,0.5692547077398612,0.5333333333333333,0.6866666666666668,0.5133333333333334,0,1
cycle_random,200,68,MCP,0.5692547077398612,0.5333333333333333,0.6866666666666668,0.5133333333333334,0,1
cycle_random,200,68,SCAD,0.5692547077398612,0.5333333333333333,0.6866666666666668,0.5133333333333334,0,1
cycle_random,200,69,lasso,0.6426731250292145,0.6153846153846154,0.7000000000000001,0.4873809523809524,0,1
cycle_random,200,69,MCP,0.6426731250292145,0.5333333333333333,0.7000000000000001,0.4936904761904762,0,1
cycle_random,200,69,SCAD,0.6426731250292145,0.5333333333333333,0.6733333333333333,0.4678571428571429,0,1
cycle_random,200,70,lasso,0.6019426068678299,0.6666666666666666,0.6733333333333333,0.6166666666666667,0,0
cycle_random,200,70,MCP,0.6019426068678299,0.5714285714285714,0.6733333333333333,0.6100000000000001,0,0
cycle_random,200,70,SCAD,0.6019426068678299,0.6,0.6799999999999999,0.6200000000000001,0,0
cycle_random,200,71,lasso,0.5388467260332412,0.6666666666666666,0.6799999999999999,0.5683333333333332,0,0
cycle_random,200,71,MCP,0.5388467260332412,0.6666666666666666,0.76,0.6008333333333333,0,0
cycle_random,200,71,SCAD,0.5388467260332412,0.6666666666666666,0.7533333333333334,0.5966666666666667,0,0
cycle_random,200,72,lasso,0.9975486145429426,0.6,0.7666666666666667,0.6569444444444446,0,1
cycle_random,200,72,MCP,0.9975486145429426,0.5714285714285714,0.76,0.6469444444444445,0,1
cycle_random,200,72,SCAD,0.9975486145429426,0.6,0.7666666666666667,0.6569444444444446,0,1
cycle_random,200,73,lasso,0.6715705894191839,0.6153846153846154,0.7266666666666667,0.4711904761904762,0,1
cycle_random,200,73,MCP,0.6715705894191839,0.6153846153846154,0.7133333333333334,0.455,0,1
cycle_random,200,73,SCAD,0.6715705894191839,0.6153846153846154,0.7200000000000001,0.46404761904761904,0,1
cycle_random,200,74,lasso,0.5779321868506941,0.5714285714285714,0.7333333333333334,0.6211904761904763,0,0
cycle_random,200,74,MCP,0.5779321868506941,0.5714285714285714,0.7266666666666667,0.6145238095238095,0,0
cycle_random,200,74,SCAD,0.5779321868506941,0.5714285714285714,0.7266666666666667,0.6145238095238095,0,0
cycle_random,200,75,lasso,0.8557247793487702,0.5,0.6133333333333333,0.4511904761904762,0,1
cycle_random,200,75,MCP,0.8557247793487702,0.46153846153846156,0.5933333333333334,0.4360714285714286,0,1
cycle_random,200,75,SCAD,0.8557247793487702,0.46153846153846156,0.6066666666666667,0.4510714285714286,0,1
cycle_random,200,76,lasso,0.5409195538272623,0.4444444444444444,0.5933333333333334,0.46222222222222226,0,1
cycle_random,200,76,MCP,0.5409195538272623,0.4,0.5800000000000001,0.4355555555555556,0,1
cycle_random,200,76,SCAD,0.5409195538272623,0.4444444444444444,0.5866666666666667,0.44555555555555554,0,1
cycle_random,200,77,lasso,0.5126509313937415,0.6153846153846154,0.6266666666666667,0.33480158730158727,0,1
cycle_random,200,77,MCP,0.5126509313937415,0.5,0.6133333333333334,0.3261904761904762,0,1
cycle_random,200,77,SCAD,0.5126509313937415,0.5,0.6200000000000001,0.3361904761904762,0,1
cycle_random,200,78,lasso,0.6136008656615591,0.5714285714285714,0.7066666666666668,0.513015873015873,0,1
cycle_random,200,78,MCP,0.6136008656615591,0.5714285714285714,0.7066666666666668,0.511031746031746,0,1
cycle_random,200,78,SCAD,0.6136008656615591,0.5714285714285714,0.7066666666666668,0.511031746031746,0,1
cycle_random,200,79,lasso,0.9088473710962688,0.6153846153846154,0.7666666666666667,0.5845238095238096,0,1
cycle_random,200,79,MCP,0.9088473710962688,0.6666666666666666,0.7866666666666667,0.6154761904761905,0,1
cycle_random,200,79,SCAD,0.9088473710962688,0.6666666666666666,0.7866666666666667,0.6154761904761905,0,1
cycle_random,200,80,lasso,0.9977569728229887,0.6153846153846154,0.7533333333333334,0.5645238095238094,0,0
cycle_random,200,80,MCP,0.9977569728229887,0.6666666666666666,0.7866666666666667,0.6088095238095238,0,1
cycle_random,200,80,SCAD,0.9977569728229887,0.7272727272727273,0.7933333333333334,0.6183333333333334,0,0
cycle_random,200,81,lasso,0.8109274051212356,0.6666666666666666,0.6933333333333334,0.6516666666666666,0,0
cycle_random,200,81,MCP,0.8109274051212356,0.6666666666666666,0.7533333333333333,0.6727272727272727,0,0
cycle_random,200,81,SCAD,0.8109274051212356,0.6666666666666666,0.7666666666666667,0.6799999999999999,0,0
cycle_random,200,82,lasso,0.9148120163931774,0.6153846153846154,0.7533333333333334,0.4345238095238095,0,1
cycle_random,200,82,MCP,0.9148120163931774,0.6666666666666666,0.7666666666666667,0.4488095238095238,0,1
cycle_random,200,82,SCAD,0.9148120163931774,0.6666666666666666,0.7666666666666667,0.4488095238095238,0,1
cycle_random,200,83,lasso,0.7920538786969926,0.6153846153846154,0.66,0.35619047619047617,0,1
cycle_random,200,83,MCP,0.7920538786969926,0.6,0.64,0.35333333333333333,0,1
cycle_random,200,83,SCAD,0.7920538786969926,0.6,0.6333333333333333,0.33666666666666667,0,1
cycle_random,200,84,lasso,0.6364165208891162,0.6153846153846154,0.7133333333333334,0.3645238095238095,0,1
cycle_random,200,84,MCP,0.6364165208891162,0.6153846153846154,0.7066666666666668,0.35738095238095235,0,1
cycle_random,200,84,SCAD,0.6364165208891162,0.6153846153846154,0.7066666666666668,0.35738095238095235,0,1
cycle_random,200,85,lasso,0.8275296579887588,0.5714285714285714,0.7000000000000001,0.5966666666666667,0,0
cycle_random,200,85,MCP,0.8275296579887588,0.5714285714285714,0.7200000000000001,0.6091666666666666,0,0
cycle_random,200,85,SCAD,0.8275296579887588,0.5714285714285714,0.7266666666666668,0.6145238095238095,0,0
cycle_random,200,86,lasso,0.9831869708856545,0.46153846153846156,0.5733333333333334,0.27940476190476193,0,1
cycle_random,200,86,MCP,0.9831869708856545,0.5333333333333333,0.64,0.3038095238095238,0,1
cycle_random,200,86,SCAD,0.9831869708856545,0.46153846153846156,0.56,0.27130952380952383,0,1
cycle_random,200,87,lasso,0.6222086224396786,0.6666666666666666,0.7533333333333334,0.5454761904761904,0,1
cycle_random,200,87,MCP,0.6222086224396786,0.6153846153846154,0.7333333333333334,0.52,0,1
cycle_random,200,87,SCAD,0.6222086224396786,0.6666666666666666,0.74,0.5271428571428571,0,1
cycle_random,200,88,lasso,0.519561137594576,0.6666666666666666,0.78,0.6621428571428571,0,1
cycle_random,200,88,MCP,0.519561137594576,0.5454545454545454,0.7266666666666667,0.545,0,1
cycle_random,200,88,SCAD,0.519561137594576,0.5333333333333333,0.72,0.5378571428571428,0,1
cycle_random,200,89,lasso,0.7386890766123819,0.6,0.7133333333333334,0.38166666666666665,0,1
cycle_random,200,89,MCP,0.7386890766123819,0.6,0.7133333333333334,0.38166666666666665,0,1
cycle_random,200,89,SCAD,0.7386890766123819,0.6,0.7133333333333334,0.38166666666666665,0,1
cycle_random,200,90,lasso,0.7901793468742067,0.5333333333333333,0.5733333333333334,0.25857142857142856,0,1
cycle_random,200,90,MCP,0.7901793468742067,0.5333333333333333,0.5666666666666668,0.25499999999999995,0,1
cycle_random,200,90,SCAD,0.7901793468742067,0.5333333333333333,0.5666666666666668,0.25499999999999995,0,1
cycle_random,200,91,lasso,0.6415048453399925,0.6153846153846154,0.7666666666666667,0.6478571428571429,0,1
cycle_random,200,91,MCP,0.6415048453399925,0.5714285714285714,0.7466666666666668,0.6284920634920634,0,1
cycle_random,200,91,SCAD,0.6415048453399925,0.5714285714285714,0.7466666666666667,0.6284920634920634,0,1
cycle_random,200,92,lasso,0.9722225699513763,0.8,0.8200000000000001,0.675,0,1
cycle_random,200,92,MCP,0.9722225699513763,0.8,0.8200000000000001,0.675,0,1
cycle_random,200,92,SCAD,0.9722225699513763,0.8,0.8200000000000001,0.675,0,1
cycle_random,200,93,lasso,0.7277865336905536,0.6666666666666666,0.6666666666666667,0.636031746031746,0,1
cycle_random,200,93,MCP,0.7277865336905536,0.6666666666666666,0.7866666666666667,0.7219444444444445,0,1
cycle_random,200,93,SCAD,0.7277865336905536,0.6666666666666666,0.7866666666666667,0.7219444444444445,0,1
cycle_random,200,94,lasso,0.6939936939485727,0.6153846153846154,0.7266666666666667,0.5128571428571429,0,1
cycle_random,200,94,MCP,0.6939936939485727,0.6153846153846154,0.7200000000000001,0.5057142857142858,0,1
cycle_random,200,94,SCAD,0.6939936939485727,0.6153846153846154,0.7133333333333334,0.499047619047619,0,1
cycle_random,200,95,lasso,0.8092928874534022,0.5333333333333333,0.6466666666666667,0.4488095238095238,0,1
cycle_random,200,95,MCP,0.8092928874534022,0.5333333333333333,0.6666666666666667,0.4652380952380953,0,1
cycle_random,200,95,SCAD,0.8092928874534022,0.5333333333333333,0.6733333333333333,0.46940476190476194,0,1
cycle_random,200,96,lasso,0.520431683835311,0.6,0.7333333333333334,0.48361111111111116,0,1
cycle_random,200,96,MCP,0.520431683835311,0.5454545454545454,0.64,0.44333333333333336,0,1
cycle_random,200,96,SCAD,0.520431683835311,0.5454545454545454,0.64,0.44333333333333336,0,1
cycle_random,200,97,lasso,0.5226496701355006,0.5333333333333333,0.6666666666666667,0.32285714285714284,0,1
cycle_random,200,97,MCP,0.5226496701355006,0.5333333333333333,0.6466666666666667,0.30773809523809526,0,1
cycle_random,200,97,SCAD,0.5226496701355006,0.5333333333333333,0.6466666666666667,0.30773809523809526,0,1
cycle_random,200,98,lasso,0.6514903454160625,0.6153846153846154,0.7266666666666667,0.5128571428571429,0,1
cycle_random,200,98,MCP,0.6514903454160625,0.5714285714285714,0.7066666666666668,0.4948015873015873,0,1
cycle_random,200,98,SCAD,0.6514903454160625,0.5714285714285714,0.7000000000000001,0.48813492063492064,0,1
cycle_random,200,99,lasso,0.689015938957496,0.5714285714285714,0.6400000000000001,0.4761111111111111,0,1
cycle_random,200,99,MCP,0.689015938957496,0.5,0.6133333333333333,0.4511904761904762,0,1
cycle_random,200,99,SCAD,0.689015938957496,0.6666666666666666,0.7533333333333334,0.5454761904761904,0,1
cycle_random,500,0,lasso,0.5072959840837693,0.6666666666666666,0.76,0.562142857142857,0,1
cycle_random,500,0,MCP,0.5072959840837693,0.6666666666666666,0.76,0.5621428571428572,0,1
cycle_random,500,0,SCAD,0.5072959840837693,0.6666666666666666,0.76,0.5621428571428572,0,1
cycle_random,500,1,lasso,0.5484367383113486,0.6666666666666666,0.7933333333333334,0.6995238095238094,0,0
cycle_random,500,1,MCP,0.5484367383113486,0.75,0.8133333333333335,0.7388095238095238,0,0
cycle_random,500,1,SCAD,0.5484367383113486,0.6666666666666666,0.8066666666666668,0.7138095238095237,0,1
cycle_random,500,2,lasso,0.8726398977670169,0.5714285714285714,0.7066666666666668,0.49646825396825395,0,1
cycle_random,500,2,MCP,0.8726398977670169,0.5714285714285714,0.6933333333333334,0.481468253968254,0,1
cycle_random,500,2,SCAD,0.8726398977670169,0.5714285714285714,0.7000000000000001,0.4898015873015873,0,1
cycle_random,500,3,lasso,0.9279872333805408,0.6153846153846154,0.7533333333333334,0.4345238095238095,0,1
cycle_random,500,3,MCP,0.9279872333805408,0.6,0.7400000000000001,0.42361111111111105,0,1
cycle_random,500,3,SCAD,0.9279872333805408,0.6,0.7400000000000001,0.42361111111111105,0,1
cycle_random,500,4,lasso,0.8640647309890503,0.5,0.6000000000000001,0.43952380952380954,0,1
cycle_random,500,4,MCP,0.8640647309890503,0.5333333333333333,0.6933333333333334,0.48619047619047623,0,1
cycle_random,500,4,SCAD,0.8640647309890503,0.5333333333333333,0.6933333333333334,0.48619047619047623,0,1
cycle_random,500,5,lasso,0.5312315532716958,0.6666666666666666,0.7933333333333334,0.6995238095238094,0,0
cycle_random,500,5,MCP,0.5312315532716958,0.6666666666666666,0.8,0.7328571428571429,0,0
cycle_random,500,5,SCAD,0.5312315532716958,0.6666666666666666,0.7933333333333334,0.6995238095238094,0,0
cycle_random,500,6,lasso,0.6803158969848355,0.7272727272727273,0.8066666666666666,0.7016666666666667,0,1
cycle_random,500,6,MCP,0.6803158969848355,0.8,0.8333333333333334,0.7616666666666667,0,1
cycle_random,500,6,SCAD,0.6803158969848355,0.8,0.8333333333333334,0.7616666666666667,0,1
cycle_random,500,7,lasso,0.5582547159635851,0.5714285714285714,0.7066666666666668,0.49646825396825395,0,1
cycle_random,500,7,MCP,0.5582547159635851,0.5714285714285714,0.7000000000000001,0.48980158730158735,0,1
cycle_random,500,7,SCAD,0.5582547159635851,0.5714285714285714,0.7066666666666668,0.49646825396825395,0,1
cycle_random,500,8,lasso,0.7660068958416986,0.8,0.8200000000000001,0.6783333333333332,0,0
cycle_random,500,8,MCP,0.7660068958416986,0.7272727272727273,0.8133333333333334,0.665,0,1
cycle_random,500,8,SCAD,0.7660068958416986,0.7272727272727273,0.8133333333333334,0.665,0,1
cycle_random,500,9,lasso,0.5615207938497553,0.8,0.8466666666666668,0.825,0,0
cycle_random,500,9,MCP,0.5615207938497553,0.8888888888888888,0.8600000000000001,0.865,0,0
cycle_random,500,9,SCAD,0.5615207938497553,0.8888888888888888,0.8466666666666668,0.825,0,0
cycle_random,500,10,lasso,0.9616121141963112,0.6666666666666666,0.7533333333333334,0.5966666666666667,0,1
cycle_random,500,10,MCP,0.9616121141963112,0.6666666666666666,0.7533333333333334,0.5966666666666667,0,1
cycle_random,500,10,SCAD,0.9616121141963112,0.6666666666666666,0.7533333333333334,0.5966666666666667,0,1
cycle_random,500,11,lasso,0.9880434066110065,0.5454545454545454,0.72,0.39916666666666667,0,1
cycle_random,500,11,MCP,0.9880434066110065,0.5454545454545454,0.7266666666666667,0.4091666666666666,0,1
cycle_random,500,11,SCAD,0.9880434066110065,0.5454545454545454,0.7266666666666667,0.4091666666666666,0,1
cycle_random,500,12,lasso,0.8910969333359718,0.6666666666666666,0.7666666666666667,0.5788095238095239,0,1
cycle_random,500,12,MCP,0.8910969333359718,0.7272727272727273,0.7933333333333334,0.6183333333333334,0,1
cycle_random,500,12,SCAD,0.8910969333359718,0.7272727272727273,0.7933333333333334,0.6183333333333334,0,1
cycle_random,500,13,lasso,0.7122064050981358,0.6,0.76,0.5789682539682539,0,0
cycle_random,500,13,MCP,0.7122064050981358,0.6153846153846154,0.78,0.6416666666666667,0,1
cycle_random,500,13,SCAD,0.7122064050981358,0.6153846153846154,0.78,0.6416666666666667,0,1
cycle_random,500,14,lasso,0.9965578411077203,0.6666666666666666,0.78,0.6621428571428571,0,1
cycle_random,500,14,MCP,0.9965578411077203,0.6666666666666666,0.8,0.6754761904761905,0,1
cycle_random,500,14,SCAD,0.9965578411077203,0.6666666666666666,0.7933333333333334,0.6821428571428572,0,1
cycle_random,500,15,lasso,0.9037887760920764,0.5714285714285714,0.66,0.5894444444444444,0,1
cycle_random,500,15,MCP,0.9037887760920764,0.5714285714285714,0.7400000000000001,0.6231349206349206,0,1
cycle_random,500,15,SCAD,0.9037887760920764,0.5714285714285714,0.7466666666666667,0.6284920634920634,0,1
cycle_random,500,16,lasso,0.6774643827159881,0.6153846153846154,0.7666666666666667,0.5511904761904762,0,1
cycle_random,500,16,MCP,0.6774643827159881,0.6153846153846154,0.7666666666666667,0.5511904761904762,0,1
cycle_random,500,16,SCAD,0.6774643827159881,0.6153846153846154,0.7666666666666667,0.5511904761904762,0,1
cycle_random,500,17,lasso,0.6368107023843821,0.6666666666666666,0.7466666666666667,0.4954761904761905,0,1
cycle_random,500,17,MCP,0.6368107023843821,0.6153846153846154,0.7333333333333334,0.4783333333333334,0,1
cycle_random,500,17,SCAD,0.6368107023843821,0.6666666666666666,0.7466666666666667,0.4926190476190476,0,1
cycle_random,500,18,lasso,0.657893991599646,0.5333333333333333,0.6466666666666667,0.2945238095238095,0,1
cycle_random,500,18,MCP,0.657893991599646,0.5333333333333333,0.6466666666666667,0.2945238095238095,0,1
cycle_random,500,18,SCAD,0.657893991599646,0.5333333333333333,0.6466666666666667,0.2945238095238095,0,1
cycle_random,500,19,lasso,0.8235988290443981,0.7272727272727273,0.8,0.5149999999999999,0,1
cycle_random,500,19,MCP,0.8235988290443981,0.6666666666666666,0.7866666666666667,0.4904761904761904,0,1
cycle_random,500,19,SCAD,0.8235988290443981,0.7272727272727273,0.8,0.5149999999999999,0,1
cycle_random,500,20,lasso,0.8147010510432933,0.8,0.8333333333333334,0.7616666666666667,0,0
cycle_random,500,20,MCP,0.8147010510432933,0.8,0.8333333333333334,0.7616666666666667,0,0
cycle_random,500,20,SCAD,0.8147010510432933,0.8,0.8333333333333334,0.7616666666666667,0,0
cycle_random,500,21,lasso,0.7076191537174481,0.6666666666666666,0.8133333333333335,0.7238095238095237,0,1
cycle_random,500,21,MCP,0.7076191537174481,0.6666666666666666,0.8200000000000001,0.7388095238095238,0,1
cycle_random,500,21,SCAD,0.7076191537174481,0.6666666666666666,0.8200000000000001,0.7388095238095238,0,1
cycle_random,500,22,lasso,0.6222957390249997,0.8,0.8333333333333334,0.7616666666666667,0,0
cycle_random,500,22,MCP,0.6222957390249997,0.7272727272727273,0.8266666666666667,0.7483333333333333,0,0
cycle_random,500,22,SCAD,0.6222957390249997,0.8,0.8333333333333334,0.7616666666666667,0,0
cycle_random,500,23,lasso,0.506875993606196,0.8888888888888888,0.8600000000000001,0.865,0,0
cycle_random,500,23,MCP,0.506875993606196,0.8888888888888888,0.8600000000000001,0.865,0,0
cycle_random,500,23,SCAD,0.506875993606196,0.8888888888888888,0.8600000000000001,0.865,0,0
cycle_random,500,24,lasso,0.5334422194764867,0.5454545454545454,0.7266666666666667,0.5449999999999999,0,0
cycle_random,500,24,MCP,0.5334422194764867,0.5454545454545454,0.7266666666666667,0.5449999999999999,0,0
cycle_random,500,24,SCAD,0.5334422194764867,0.5454545454545454,0.7266666666666667,0.5449999999999999,0,0
cycle_random,500,25,lasso,0.5234067344381381,0.6153846153846154,0.7200000000000001,0.4673809523809524,0,1
cycle_random,500,25,MCP,0.5234067344381381,0.6153846153846154,0.7200000000000001,0.4673809523809524,0,1
cycle_random,500,25,SCAD,0.5234067344381381,0.6153846153846154,0.7200000000000001,0.46738095238095245,0,1
cycle_random,500,26,lasso,0.8779909994371435,0.8888888888888888,0.8600000000000001,0.865,0,0
cycle_random,500,26,MCP,0.8779909994371435,0.8888888888888888,0.8600000000000001,0.865,0,0
cycle_random,500,26,SCAD,0.8779909994371435,0.8888888888888888,0.8600000000000001,0.865,0,0
cycle_random,500,27,lasso,0.8291206316379229,0.6666666666666666,0.7933333333333334,0.6995238095238094,0,0
cycle_random,500,27,MCP,0.8291206316379229,0.75,0.8066666666666668,0.7578571428571428,0,0
cycle_random,500,27,SCAD,0.8291206316379229,0.75,0.8,0.7245238095238096,0,0
cycle_random,500,28,lasso,0.7282758825143976,0.8,0.8266666666666667,0.7250000000000001,0,0
cycle_random,500,28,MCP,0.7282758825143976,0.7272727272727273,0.8200000000000001,0.7149999999999999,0,1
cycle_random,500,28,SCAD,0.7282758825143976,0.7272727272727273,0.8200000000000001,0.7149999999999999,0,1
cycle_random,500,29,lasso,0.5138102527632857,0.6666666666666666,0.78,0.6886111111111111,0,1
cycle_random,500,29,MCP,0.5138102527632857,0.6666666666666666,0.78,0.6886111111111111,0,1
cycle_random,500,29,SCAD,0.5138102527632857,0.6666666666666666,0.78,0.6886111111111111,0,1
cycle_random,500,30,lasso,0.6796523277500619,0.8,0.8466666666666667,0.8200000000000001,0,0
cycle_random,500,30,MCP,0.6796523277500619,0.75,0.8333333333333334,0.7916666666666667,0,0
cycle_random,500,30,SCAD,0.6796523277500619,0.75,0.8333333333333334,0.7916666666666667,0,0
cycle_random,500,31,lasso,0.9010429263051067,0.6153846153846154,0.7333333333333334,0.5211904761904762,0,1
cycle_random,500,31,MCP,0.9010429263051067,0.6666666666666666,0.7533333333333334,0.5426190476190476,0,1
cycle_random,500,31,SCAD,0.9010429263051067,0.6666666666666666,0.7466666666666667,0.5326190476190477,0,1
cycle_random,500,32,lasso,0.6362330695525282,0.6666666666666666,0.78,0.6886111111111111,0,1
cycle_random,500,32,MCP,0.6362330695525282,0.6,0.6866666666666668,0.6366666666666667,0,1
cycle_random,500,32,SCAD,0.6362330695525282,0.6153846153846154,0.7866666666666667,0.6845238095238095,0,1
cycle_random,500,33,lasso,0.5914250460691165,0.75,0.8066666666666668,0.7578571428571428,0,0
cycle_random,500,33,MCP,0.5914250460691165,0.6666666666666666,0.8,0.7328571428571429,0,0
cycle_random,500,33,SCAD,0.5914250460691165,0.75,0.8066666666666668,0.7578571428571428,0,0
cycle_random,500,34,lasso,0.9219851629059408,0.6153846153846154,0.7533333333333334,0.5511904761904762,0,0
cycle_random,500,34,MCP,0.9219851629059408,0.6153846153846154,0.76,0.5678571428571428,0,0
cycle_random,500,34,SCAD,0.9219851629059408,0.6153846153846154,0.7533333333333334,0.5511904761904762,0,0
cycle_random,500,35,lasso,0.6331534090449837,0.5714285714285714,0.7133333333333334,0.5019444444444445,0,1
cycle_random,500,35,MCP,0.6331534090449837,0.6,0.7266666666666668,0.5169444444444444,0,1
cycle_random,500,35,SCAD,0.6331534090449837,0.5714285714285714,0.7133333333333334,0.5019444444444445,0,1
cycle_random,500,36,lasso,0.7276029571103855,0.6,0.7533333333333334,0.5736111111111111,0,0
cycle_random,500,36,MCP,0.7276029571103855,0.6,0.76,0.6069444444444445,0,0
cycle_random,500,36,SCAD,0.7276029571103855,0.6,0.7533333333333334,0.5736111111111111,0,0
cycle_random,500,37,lasso,0.61818941276593,0.5714285714285714,0.7133333333333334,0.506468253968254,0,1
cycle_random,500,37,MCP,0.61818941276593,0.5714285714285714,0.7000000000000001,0.4963492063492064,0,1
cycle_random,500,37,SCAD,0.61818941276593,0.5714285714285714,0.7200000000000001,0.5131349206349207,0,1
cycle_random,500,38,lasso,0.5471809188035206,0.8,0.8466666666666668,0.8200000000000001,0,0
cycle_random,500,38,MCP,0.5471809188035206,0.8888888888888888,0.8600000000000001,0.865,0,0
cycle_random,500,38,SCAD,0.5471809188035206,0.8888888888888888,0.8600000000000001,0.865,0,0
cycle_random,500,39,lasso,0.5546116821540668,0.75,0.8266666666666667,0.782142857142857,0,0
cycle_random,500,39,MCP,0.5546116821540668,0.75,0.8200000000000001,0.772142857142857,0,0
cycle_random,500,39,SCAD,0.5546116821540668,0.75,0.8200000000000001,0.772142857142857,0,0
cycle_random,500,40,lasso,0.9711535447388946,0.8,0.8400000000000001,0.7949999999999999,0,1
cycle_random,500,40,MCP,0.9711535447388946,0.8,0.8400000000000001,0.7950000000000002,0,1
cycle_random,500,40,SCAD,0.9711535447388946,0.8,0.8400000000000001,0.7949999999999999,0,1
cycle_random,500,41,lasso,0.666254940273374,0.6153846153846154,0.6866666666666668,0.33285714285714285,0,1
cycle_random,500,41,MCP,0.666254940273374,0.6153846153846154,0.6866666666666668,0.33785714285714286,0,1
cycle_random,500,41,SCAD,0.666254940273374,0.6153846153846154,0.68,0.3323015873015873,0,1
cycle_random,500,42,lasso,0.5712472203068713,0.6666666666666666,0.7866666666666667,0.6721428571428572,0,1
cycle_random,500,42,MCP,0.5712472203068713,0.6666666666666666,0.7933333333333334,0.6821428571428572,0,1
cycle_random,500,42,SCAD,0.5712472203068713,0.6666666666666666,0.7866666666666667,0.6721428571428572,0,1
cycle_random,500,43,lasso,0.9838280226764355,0.6153846153846154,0.7266666666666668,0.47404761904761905,0,1
cycle_random,500,43,MCP,0.9838280226764355,0.6153846153846154,0.7466666666666667,0.5011904761904762,0,1
cycle_random,500,43,SCAD,0.9838280226764355,0.6153846153846154,0.7333333333333334,0.48119047619047617,0,1
cycle_random,500,44,lasso,0.6166105077299915,0.7272727272727273,0.7933333333333334,0.585,0,1
cycle_random,500,44,MCP,0.6166105077299915,0.7272727272727273,0.8,0.6,0,1
cycle_random,500,44,SCAD,0.6166105077299915,0.7272727272727273,0.8,0.6,0,1
cycle_random,500,45,lasso,0.9100151009679891,0.75,0.6533333333333333,0.6533333333333333,0,0
cycle_random,500,45,MCP,0.9100151009679891,0.5714285714285714,0.64,0.5760714285714286,0,0
cycle_random,500,45,SCAD,0.9100151009679891,0.5714285714285714,0.6400000000000001,0.5760714285714286,0,0
cycle_random,500,46,lasso,0.9985445243519695,0.8,0.8200000000000001,0.67,0,1
cycle_random,500,46,MCP,0.9985445243519695,0.8,0.8200000000000001,0.67,0,1
cycle_random,500,46,SCAD,0.9985445243519695,0.8,0.8200000000000001,0.67,0,1
cycle_random,500,47,lasso,0.5983778907613833,0.6666666666666666,0.7666666666666667,0.5654761904761905,0,1
cycle_random,500,47,MCP,0.5983778907613833,0.6666666666666666,0.78,0.5988095238095238,0,1
cycle_random,500,47,SCAD,0.5983778907613833,0.6666666666666666,0.7666666666666667,0.5654761904761905,0,1
cycle_random,500,48,lasso,0.8991344643552364,0.8888888888888888,0.8600000000000001,0.865,0,0
cycle_random,500,48,MCP,0.8991344643552364,0.8,0.8533333333333334,0.845,0,0
cycle_random,500,48,SCAD,0.8991344643552364,0.8,0.8533333333333334,0.845,0,0
cycle_random,500,49,lasso,0.5841313737588427,0.6666666666666666,0.7533333333333334,0.42595238095238097,0,1
cycle_random,500,49,MCP,0.5841313737588427,0.6666666666666666,0.7533333333333334,0.4288095238095238,0,1
cycle_random,500,49,SCAD,0.5841313737588427,0.6666666666666666,0.7533333333333334,0.4288095238095238,0,1
cycle_random,500,50,lasso,0.9272626265590542,0.6153846153846154,0.7266666666666667,0.5173809523809523,0,1
cycle_random,500,50,MCP,0.9272626265590542,0.6153846153846154,0.7266666666666668,0.5173809523809524,0,1
cycle_random,500,50,SCAD,0.9272626265590542,0.6153846153846154,0.7266666666666667,0.5173809523809524,0,1
cycle_random,500,51,lasso,0.6408028010457636,0.75,0.8400000000000001,0.8066666666666666,0,0
cycle_random,500,51,MCP,0.6408028010457636,0.7272727272727273,0.8266666666666667,0.7483333333333333,0,0
cycle_random,500,51,SCAD,0.6408028010457636,0.7272727272727273,0.8266666666666667,0.7483333333333333,0,0
cycle_random,500,52,lasso,0.5342631066047725,0.8888888888888888,0.8600000000000001,0.865,0,0
cycle_random,500,52,MCP,0.5342631066047725,0.75,0.8400000000000001,0.8066666666666666,0,0
cycle_random,500,52,SCAD,0.5342631066047725,0.8,0.8466666666666667,0.8200000000000001,0,0
cycle_random,500,53,lasso,0.9209830261501072,0.6153846153846154,0.6933333333333334,0.3423809523809524,0,1
cycle_random,500,53,MCP,0.9209830261501072,0.6153846153846154,0.6866666666666668,0.325,0,1
cycle_random,500,53,SCAD,0.9209830261501072,0.6153846153846154,0.6866666666666668,0.325,0,1
cycle_random,500,54,lasso,0.9166256326987048,0.6153846153846154,0.78,0.6678571428571429,0,1
cycle_random,500,54,MCP,0.9166256326987048,0.6666666666666666,0.7866666666666667,0.6721428571428572,0,1
cycle_random,500,54,SCAD,0.9166256326987048,0.6666666666666666,0.7933333333333334,0.6821428571428572,0,1
cycle_random,500,55,lasso,0.5137993972998973,0.6153846153846154,0.7400000000000001,0.48452380952380947,0,1
cycle_random,500,55,MCP,0.5137993972998973,0.6153846153846154,0.7400000000000001,0.48452380952380947,0,1
cycle_random,500,55,SCAD,0.5137993972998973,0.6153846153846154,0.7400000000000001,0.48452380952380947,0,1
cycle_random,500,56,lasso,0.5829908961220797,0.6666666666666666,0.7066666666666667,0.6451984126984127,0,1
cycle_random,500,56,MCP,0.5829908961220797,0.6666666666666666,0.7933333333333334,0.6888095238095239,0,1
cycle_random,500,56,SCAD,0.5829908961220797,0.6666666666666666,0.8066666666666668,0.7138095238095237,0,1
cycle_random,500,57,lasso,0.8496025054139777,0.7272727272727273,0.7866666666666667,0.6016666666666668,0,1
cycle_random,500,57,MCP,0.8496025054139777,0.7272727272727273,0.8,0.6233333333333333,0,1
cycle_random,500,57,SCAD,0.8496025054139777,0.7272727272727273,0.7866666666666667,0.6016666666666668,0,1
cycle_random,500,58,lasso,0.5918152902848972,0.6666666666666666,0.7933333333333334,0.6254761904761905,0,1
cycle_random,500,58,MCP,0.5918152902848972,0.6666666666666666,0.78,0.595952380952381,0,1
cycle_random,500,58,SCAD,0.5918152902848972,0.6666666666666666,0.78,0.595952380952381,0,1
cycle_random,500,59,lasso,0.6156565977484236,0.7272727272727273,0.8133333333333334,0.6649999999999999,0,0
cycle_random,500,59,MCP,0.6156565977484236,0.8,0.8200000000000001,0.6783333333333332,0,0
cycle_random,500,59,SCAD,0.6156565977484236,0.8,0.8200000000000001,0.6783333333333332,0,0
cycle_random,500,60,lasso,0.888863008578644,0.6666666666666666,0.7666666666666667,0.5788095238095239,0,1
cycle_random,500,60,MCP,0.888863008578644,0.6153846153846154,0.7733333333333334,0.5916666666666667,0,1
cycle_random,500,60,SCAD,0.888863008578644,0.6153846153846154,0.7733333333333334,0.5916666666666667,0,1
cycle_random,500,61,lasso,0.6199530797700998,0.6666666666666666,0.7866666666666667,0.6721428571428572,0,1
cycle_random,500,61,MCP,0.6199530797700998,0.6666666666666666,0.8200000000000001,0.7388095238095238,0,1
cycle_random,500,61,SCAD,0.6199530797700998,0.6666666666666666,0.8066666666666668,0.7088095238095238,0,1
cycle_random,500,62,lasso,0.7449010068773521,0.6153846153846154,0.76,0.5411904761904762,0,1
cycle_random,500,62,MCP,0.7449010068773521,0.6666666666666666,0.7733333333333334,0.5816666666666668,0,1
cycle_random,500,62,SCAD,0.7449010068773521,0.6666666666666666,0.76,0.5411904761904762,0,1
cycle_random,500,63,lasso,0.6037564274520131,0.6153846153846154,0.7733333333333334,0.601190476190476,0,0
cycle_random,500,63,MCP,0.6037564274520131,0.6153846153846154,0.7533333333333334,0.5645238095238095,0,0
cycle_random,500,63,SCAD,0.6037564274520131,0.6153846153846154,0.7533333333333334,0.5645238095238095,0,0
cycle_random,500,64,lasso,0.9021647654604026,0.8888888888888888,0.8600000000000001,0.865,0,0
cycle_random,500,64,MCP,0.9021647654604026,0.75,0.8466666666666667,0.8316666666666668,0,0
cycle_random,500,64,SCAD,0.9021647654604026,0.75,0.8466666666666667,0.8316666666666668,0,0
cycle_random,500,65,lasso,0.7260440208833681,0.5714285714285714,0.7000000000000001,0.4943650793650794,0,1
cycle_random,500,65,MCP,0.7260440208833681,0.5714285714285714,0.7000000000000001,0.4963492063492064,0,1
cycle_random,500,65,SCAD,0.7260440208833681,0.5714285714285714,0.7000000000000001,0.4963492063492064,0,1
cycle_random,500,66,lasso,0.6212310916591679,0.7272727272727273,0.8066666666666668,0.6499999999999999,0,0
cycle_random,500,66,MCP,0.6212310916591679,0.75,0.8133333333333335,0.6821428571428572,0,0
cycle_random,500,66,SCAD,0.6212310916591679,0.7272727272727273,0.8066666666666668,0.6499999999999999,0,0
cycle_random,500,67,lasso,0.7998586350823853,0.6666666666666666,0.78,0.6161904761904762,0,0
cycle_random,500,67,MCP,0.7998586350823853,0.6666666666666666,0.78,0.6078571428571429,0,0
cycle_random,500,67,SCAD,0.7998586350823853,0.6666666666666666,0.78,0.6161904761904762,0,0
cycle_random,500,68,lasso,0.7055940326756449,0.5714285714285714,0.74,0.6231349206349206,0,1
cycle_random,500,68,MCP,0.7055940326756449,0.5714285714285714,0.7533333333333334,0.6369444444444445,0,1
cycle_random,500,68,SCAD,0.7055940326756449,0.5714285714285714,0.7533333333333334,0.6369444444444445,0,1
cycle_random,500,69,lasso,0.9873933246740513,0.5454545454545454,0.7200000000000001,0.5216666666666667,0,1
cycle_random,500,69,MCP,0.9873933246740513,0.5454545454545454,0.7200000000000001,0.5216666666666667,0,1
cycle_random,500,69,SCAD,0.9873933246740513,0.6,0.7333333333333334,0.5358333333333334,0,1
cycle_random,500,70,lasso,0.7029602665357698,0.7272727272727273,0.8200000000000001,0.7333333333333334,0,1
cycle_random,500,70,MCP,0.7029602665357698,0.6666666666666666,0.8066666666666668,0.7138095238095237,0,1
cycle_random,500,70,SCAD,0.7029602665357698,0.6666666666666666,0.8066666666666668,0.7138095238095237,0,1
cycle_random,500,71,lasso,0.6589546621298569,0.6153846153846154,0.7533333333333334,0.6340476190476191,0,1
cycle_random,500,71,MCP,0.6589546621298569,0.5714285714285714,0.7400000000000001,0.6205555555555555,0,1
cycle_random,500,71,SCAD,0.6589546621298569,0.6153846153846154,0.7533333333333334,0.6316666666666667,0,0
cycle_random,500,72,lasso,0.7587019318154602,0.7272727272727273,0.8066666666666666,0.6499999999999999,0,1
cycle_random,500,72,MCP,0.7587019318154602,0.8,0.8200000000000001,0.6783333333333333,0,1
cycle_random,500,72,SCAD,0.7587019318154602,0.8,0.8200000000000001,0.6783333333333333,0,1
cycle_random,500,73,lasso,0.6610929832636729,0.5714285714285714,0.7200000000000001,0.6091666666666666,0,0
cycle_random,500,73,MCP,0.6610929832636729,0.5714285714285714,0.7266666666666668,0.6145238095238096,0,0
cycle_random,500,73,SCAD,0.6610929832636729,0.5714285714285714,0.7333333333333334,0.6211904761904762,0,0
cycle_random,500,74,lasso,0.7608627277214207,0.8,0.8133333333333335,0.6283333333333333,0,1
cycle_random,500,74,MCP,0.7608627277214207,0.8,0.8133333333333334,0.625,0,1
cycle_random,500,74,SCAD,0.7608627277214207,0.8,0.8133333333333334,0.625,0,1
cycle_random,500,75,lasso,0.6632212892918925,0.6666666666666666,0.7933333333333334,0.6821428571428572,0,1
cycle_random,500,75,MCP,0.6632212892918925,0.6666666666666666,0.7866666666666667,0.6721428571428572,0,1
cycle_random,500,75,SCAD,0.6632212892918925,0.6666666666666666,0.7933333333333334,0.6821428571428572,0,1
cycle_random,500,76,lasso,0.7182475185825539,0.6153846153846154,0.7533333333333334,0.43166666666666664,0,1
cycle_random,500,76,MCP,0.7182475185825539,0.7272727272727273,0.78,0.4683333333333333,0,1
cycle_random,500,76,SCAD,0.7182475185825539,0.7272727272727273,0.78,0.4683333333333333,0,1
cycle_random,500,77,lasso,0.9426080185290098,0.5714285714285714,0.7333333333333334,0.5898015873015873,0,1
cycle_random,500,77,MCP,0.9426080185290098,0.6,0.7466666666666667,0.5983333333333334,0,1
cycle_random,500,77,SCAD,0.9426080185290098,0.6,0.74,0.565,0,1
cycle_random,500,78,lasso,0.760611326149881,0.6,0.7400000000000001,0.5402777777777779,0,0
cycle_random,500,78,MCP,0.760611326149881,0.5714285714285714,0.7266666666666667,0.5202777777777778,0,0
cycle_random,500,78,SCAD,0.760611326149881,0.5714285714285714,0.7266666666666667,0.5202777777777778,0,0
cycle_random,500,79,lasso,0.7044588237877029,0.6666666666666666,0.78,0.6161904761904762,0,1
cycle_random,500,79,MCP,0.7044588237877029,0.6666666666666666,0.78,0.6161904761904762,0,1
cycle_random,500,79,SCAD,0.7044588237877029,0.6666666666666666,0.78,0.6161904761904762,0,1
cycle_random,500,80,lasso,0.9613675776297439,0.6153846153846154,0.74,0.4011904761904762,0,1
cycle_random,500,80,MCP,0.9613675776297439,0.6153846153846154,0.7333333333333334,0.39119047619047614,0,1
cycle_random,500,80,SCAD,0.9613675776297439,0.6153846153846154,0.7333333333333334,0.39119047619047614,0,1
cycle_random,500,81,lasso,0.7476476788066937,0.6666666666666666,0.78,0.5988095238095238,0,1
cycle_random,500,81,MCP,0.7476476788066937,0.6666666666666666,0.78,0.5988095238095239,0,1
cycle_random,500,81,SCAD,0.7476476788066937,0.6666666666666666,0.78,0.5988095238095239,0,1
cycle_random,500,82,lasso,0.8232930371069561,0.5333333333333333,0.6666666666666667,0.4627380952380952,0,1
cycle_random,500,82,MCP,0.8232930371069561,0.5454545454545454,0.7066666666666667,0.5033333333333334,0,1
cycle_random,500,82,SCAD,0.8232930371069561,0.5454545454545454,0.7066666666666667,0.4975,0,1
cycle_random,500,83,lasso,0.7542893555582346,0.5333333333333333,0.6666666666666667,0.4627380952380952,0,1
cycle_random,500,83,MCP,0.7542893555582346,0.5333333333333333,0.6666666666666667,0.47000000000000003,0,1
cycle_random,500,83,SCAD,0.7542893555582346,0.5333333333333333,0.6666666666666667,0.47000000000000003,0,1
cycle_random,500,84,lasso,0.6215847584118612,0.6666666666666666,0.7666666666666667,0.575952380952381,0,1
cycle_random,500,84,MCP,0.6215847584118612,0.5454545454545454,0.6533333333333333,0.5166666666666666,0,1
cycle_random,500,84,SCAD,0.6215847584118612,0.5454545454545454,0.6466666666666667,0.51,0,1
cycle_random,500,85,lasso,0.93210163689773,0.5714285714285714,0.7000000000000001,0.5966666666666667,0,0
cycle_random,500,85,MCP,0.93210163689773,0.5333333333333333,0.6933333333333334,0.5633333333333334,0,1
cycle_random,500,85,SCAD,0.93210163689773,0.5714285714285714,0.7000000000000001,0.5966666666666667,0,0
cycle_random,500,86,lasso,0.5867779257974085,0.6,0.74,0.5402777777777779,0,1
cycle_random,500,86,MCP,0.5867779257974085,0.6,0.74,0.5402777777777779,0,1
cycle_random,500,86,SCAD,0.5867779257974085,0.6,0.74,0.5402777777777779,0,1
cycle_random,500,87,lasso,0.9915616462125226,0.6666666666666666,0.7533333333333334,0.4552777777777777,0,1
cycle_random,500,87,MCP,0.9915616462125226,0.6666666666666666,0.7533333333333334,0.4552777777777777,0,1
cycle_random,500,87,SCAD,0.9915616462125226,0.6666666666666666,0.7533333333333334,0.4552777777777777,0,1
cycle_random,500,88,lasso,0.8331570539217088,0.7272727272727273,0.8066666666666668,0.6499999999999999,0,0
cycle_random,500,88,MCP,0.8331570539217088,0.6153846153846154,0.7666666666666667,0.5911904761904762,0,0
cycle_random,500,88,SCAD,0.8331570539217088,0.6153846153846154,0.7733333333333334,0.6011904761904762,0,0
cycle_random,500,89,lasso,0.9327070385180058,0.7272727272727273,0.7933333333333334,0.6183333333333334,0,1
cycle_random,500,89,MCP,0.9327070385180058,0.7272727272727273,0.7933333333333334,0.615,0,1
cycle_random,500,89,SCAD,0.9327070385180058,0.7272727272727273,0.7933333333333334,0.6183333333333334,0,1
cycle_random,500,90,lasso,0.6891968970451694,0.8,0.8533333333333334,0.845,0,0
cycle_random,500,90,MCP,0.6891968970451694,0.8,0.8400000000000001,0.7950000000000002,0,0
cycle_random,500,90,SCAD,0.6891968970451694,0.8,0.8466666666666667,0.8200000000000001,0,0
cycle_random,500,91,lasso,0.5165023793159575,0.6666666666666666,0.7733333333333334,0.6552777777777776,0,0
cycle_random,500,91,MCP,0.5165023793159575,0.75,0.7933333333333334,0.7469444444444444,0,0
cycle_random,500,91,SCAD,0.5165023793159575,0.6666666666666666,0.7733333333333334,0.6552777777777776,0,0
cycle_random,500,92,lasso,0.8936915019845288,0.7272727272727273,0.8133333333333335,0.7183333333333333,0,1
cycle_random,500,92,MCP,0.8936915019845288,0.7272727272727273,0.8266666666666667,0.7483333333333333,0,1
cycle_random,500,92,SCAD,0.8936915019845288,0.7272727272727273,0.8200000000000001,0.7333333333333332,0,1
cycle_random,500,93,lasso,0.8555659678211749,0.6666666666666666,0.7533333333333334,0.4552777777777777,0,1
cycle_random,500,93,MCP,0.8555659678211749,0.6666666666666666,0.76,0.46063492063492056,0,1
cycle_random,500,93,SCAD,0.8555659678211749,0.6666666666666666,0.76,0.46063492063492056,0,1
cycle_random,500,94,lasso,0.9592417190405873,0.6153846153846154,0.7266666666666667,0.5078571428571428,0,1
cycle_random,500,94,MCP,0.9592417190405873,0.6153846153846154,0.7400000000000001,0.5378571428571428,0,1
cycle_random,500,94,SCAD,0.9592417190405873,0.6153846153846154,0.7133333333333334,0.4935714285714286,0,1
cycle_random,500,95,lasso,0.5307990865875125,0.8,0.8200000000000001,0.6783333333333332,0,1
cycle_random,500,95,MCP,0.5307990865875125,0.8,0.8200000000000001,0.6783333333333332,0,1
cycle_random,500,95,SCAD,0.5307990865875125,0.8,0.8200000000000001,0.6783333333333332,0,1
cycle_random,500,96,lasso,0.5485194547535092,0.7272727272727273,0.8066666666666668,0.7016666666666667,0,0
cycle_random,500,96,MCP,0.5485194547535092,0.8,0.8333333333333334,0.7583333333333334,0,0
cycle_random,500,96,SCAD,0.5485194547535092,0.7272727272727273,0.8266666666666668,0.7483333333333333,0,0
cycle_random,500,97,lasso,0.6960169804453994,0.5714285714285714,0.7266666666666667,0.5202777777777778,0,1
cycle_random,500,97,MCP,0.6960169804453994,0.5333333333333333,0.7133333333333334,0.5086904761904762,0,1
cycle_random,500,97,SCAD,0.6960169804453994,0.5714285714285714,0.7266666666666667,0.5202777777777778,0,1
cycle_random,500,98,lasso,0.7422093090049489,0.7272727272727273,0.78,0.585,0,1
cycle_random,500,98,MCP,0.7422093090049489,0.6666666666666666,0.7733333333333334,0.5754761904761905,0,1
cycle_random,500,98,SCAD,0.7422093090049489,0.7272727272727273,0.78,0.585,0,1
cycle_random,500,99,lasso,0.925287776367407,0.6666666666666666,0.7933333333333334,0.6995238095238094,0,0
cycle_random,500,99,MCP,0.925287776367407,0.6153846153846154,0.78,0.6678571428571429,0,1
cycle_random,500,99,SCAD,0.925287776367407,0.6153846153846154,0.78,0.6678571428571429,0,1
cycle_random,1000,0,lasso,0.7654032650925786,0.7272727272727273,0.7933333333333334,0.49999999999999994,0,1
cycle_random,1000,0,MCP,0.7654032650925786,0.7272727272727273,0.7933333333333334,0.49999999999999994,0,1
cycle_random,1000,0,SCAD,0.7654032650925786,0.7272727272727273,0.7933333333333334,0.49999999999999994,0,1
cycle_random,1000,1,lasso,0.961845934862336,0.6153846153846154,0.74,0.5407142857142857,0,1
cycle_random,1000,1,MCP,0.961845934862336,0.6153846153846154,0.7333333333333334,0.5316666666666667,0,1
cycle_random,1000,1,SCAD,0.961845934862336,0.6153846153846154,0.7333333333333334,0.5340476190476191,0,1
cycle_random,1000,2,lasso,0.8654209556456677,0.75,0.8333333333333334,0.7916666666666665,0,0
cycle_random,1000,2,MCP,0.8654209556456677,0.8,0.8466666666666667,0.8199999999999998,0,0
cycle_random,1000,2,SCAD,0.8654209556456677,0.8,0.8466666666666667,0.8199999999999998,0,0
cycle_random,1000,3,lasso,0.7331054914376651,0.7272727272727273,0.8200000000000001,0.7333333333333334,0,1
cycle_random,1000,3,MCP,0.7331054914376651,0.7272727272727273,0.8066666666666668,0.7016666666666667,0,1
cycle_random,1000,3,SCAD,0.7331054914376651,0.7272727272727273,0.8066666666666668,0.7016666666666667,0,1
cycle_random,1000,4,lasso,0.774249194499173,0.6153846153846154,0.7666666666666667,0.5816666666666667,0,1
cycle_random,1000,4,MCP,0.774249194499173,0.6153846153846154,0.7733333333333334,0.615,0,1
cycle_random,1000,4,SCAD,0.774249194499173,0.6153846153846154,0.76,0.5745238095238094,0,1
cycle_random,1000,5,lasso,0.7410655831722444,0.6153846153846154,0.78,0.6745238095238095,0,1
cycle_random,1000,5,MCP,0.7410655831722444,0.6666666666666666,0.7933333333333334,0.6995238095238095,0,1
cycle_random,1000,5,SCAD,0.7410655831722444,0.6153846153846154,0.78,0.6745238095238095,0,1
cycle_random,1000,6,lasso,0.5358686749434869,0.6666666666666666,0.8,0.6404761904761904,0,1
cycle_random,1000,6,MCP,0.5358686749434869,0.7272727272727273,0.8066666666666668,0.6499999999999999,0,1
cycle_random,1000,6,SCAD,0.5358686749434869,0.7272727272727273,0.8066666666666668,0.6499999999999999,0,1
cycle_random,1000,7,lasso,0.5340602957735717,0.75,0.8266666666666668,0.782142857142857,0,0
cycle_random,1000,7,MCP,0.5340602957735717,0.75,0.8333333333333334,0.7971428571428572,0,0
cycle_random,1000,7,SCAD,0.5340602957735717,0.75,0.8266666666666667,0.782142857142857,0,0
cycle_random,1000,8,lasso,0.6218559048585396,0.75,0.8266666666666668,0.782142857142857,0,0
cycle_random,1000,8,MCP,0.6218559048585396,0.6666666666666666,0.8200000000000001,0.7571428571428571,0,1
cycle_random,1000,8,SCAD,0.6218559048585396,0.75,0.8333333333333334,0.7916666666666667,0,0
cycle_random,1000,9,lasso,0.6751145700845606,0.75,0.8066666666666668,0.7578571428571428,0,0
cycle_random,1000,9,MCP,0.6751145700845606,0.75,0.78,0.7383333333333333,0,0
cycle_random,1000,9,SCAD,0.6751145700845606,0.75,0.78,0.7383333333333333,0,0
cycle_random,1000,10,lasso,0.8181153870085422,0.75,0.8400000000000001,0.8066666666666666,0,0
cycle_random,1000,10,MCP,0.8181153870085422,0.75,0.8200000000000001,0.7749999999999999,0,0
cycle_random,1000,10,SCAD,0.8181153870085422,0.75,0.8266666666666668,0.782142857142857,0,0
cycle_random,1000,11,lasso,0.6917813465046935,0.6666666666666666,0.7533333333333334,0.5966666666666667,0,1
cycle_random,1000,11,MCP,0.6917813465046935,0.6666666666666666,0.7533333333333334,0.5966666666666667,0,1
cycle_random,1000,11,SCAD,0.6917813465046935,0.6666666666666666,0.7533333333333334,0.5966666666666667,0,1
cycle_random,1000,12,lasso,0.7569855979060889,0.6666666666666666,0.7933333333333334,0.6304761904761904,0,1
cycle_random,1000,12,MCP,0.7569855979060889,0.7272727272727273,0.8,0.635,0,1
cycle_random,1000,12,SCAD,0.7569855979060889,0.7272727272727273,0.8066666666666668,0.6499999999999999,0,1
cycle_random,1000,13,lasso,0.7998504430895255,0.8,0.8333333333333335,0.7616666666666667,0,1
cycle_random,1000,13,MCP,0.7998504430895255,0.7272727272727273,0.8266666666666667,0.7483333333333333,0,1
cycle_random,1000,13,SCAD,0.7998504430895255,0.8,0.8333333333333334,0.7616666666666667,0,1
cycle_random,1000,14,lasso,0.9002001221248105,0.75,0.8200000000000001,0.772142857142857,0,0
cycle_random,1000,14,MCP,0.9002001221248105,0.75,0.8200000000000001,0.772142857142857,0,0
cycle_random,1000,14,SCAD,0.9002001221248105,0.75,0.8200000000000001,0.772142857142857,0,0
cycle_random,1000,15,lasso,0.564612574790741,0.6,0.7733333333333334,0.6736111111111112,0,1
cycle_random,1000,15,MCP,0.564612574790741,0.6666666666666666,0.7933333333333334,0.6995238095238095,0,1
cycle_random,1000,15,SCAD,0.564612574790741,0.6666666666666666,0.7866666666666667,0.6939682539682539,0,1
cycle_random,1000,16,lasso,0.8706894604848645,0.8,0.8200000000000001,0.6783333333333332,0,0
cycle_random,1000,16,MCP,0.8706894604848645,0.7272727272727273,0.8066666666666668,0.6499999999999999,0,0
cycle_random,1000,16,SCAD,0.8706894604848645,0.7272727272727273,0.8066666666666668,0.6499999999999999,0,0
cycle_random,1000,17,lasso,0.762994131618282,0.6666666666666666,0.78,0.6388095238095237,0,1
cycle_random,1000,17,MCP,0.762994131618282,0.6153846153846154,0.7733333333333334,0.6316666666666666,0,1
cycle_random,1000,17,SCAD,0.762994131618282,0.6153846153846154,0.7733333333333334,0.6316666666666666,0,1
cycle_random,1000,18,lasso,0.901962172312655,0.5714285714285714,0.7133333333333334,0.49694444444444447,0,1
cycle_random,1000,18,MCP,0.901962172312655,0.5714285714285714,0.7000000000000001,0.4826587301587302,0,1
cycle_random,1000,18,SCAD,0.901962172312655,0.5714285714285714,0.7133333333333334,0.49694444444444447,0,1
cycle_random,1000,19,lasso,0.5126563743290569,0.6666666666666666,0.8066666666666666,0.7138095238095239,0,1
cycle_random,1000,19,MCP,0.5126563743290569,0.7272727272727273,0.8200000000000001,0.7333333333333334,0,0
cycle_random,1000,19,SCAD,0.5126563743290569,0.7272727272727273,0.8200000000000001,0.7333333333333334,0,0
cycle_random,1000,20,lasso,0.9520855321532917,0.6153846153846154,0.78,0.6678571428571429,0,0
cycle_random,1000,20,MCP,0.9520855321532917,0.5714285714285714,0.7533333333333334,0.6398015873015873,0,1
cycle_random,1000,20,SCAD,0.9520855321532917,0.5714285714285714,0.7533333333333334,0.6425000000000001,0,0
cycle_random,1000,21,lasso,0.66123193557816,0.8,0.8533333333333334,0.845,0,0
cycle_random,1000,21,MCP,0.66123193557816,0.75,0.8466666666666667,0.8316666666666666,0,0
cycle_random,1000,21,SCAD,0.66123193557816,0.75,0.8466666666666667,0.8316666666666666,0,0
cycle_random,1000,22,lasso,0.9038939575100247,0.8,0.8066666666666668,0.5283333333333333,0,1
cycle_random,1000,22,MCP,0.9038939575100247,0.8,0.8066666666666668,0.5283333333333333,0,1
cycle_random,1000,22,SCAD,0.9038939575100247,0.8,0.8066666666666668,0.5283333333333333,0,1
cycle_random,1000,23,lasso,0.6545506171751079,0.7272727272727273,0.8266666666666667,0.7666666666666666,0,1
cycle_random,1000,23,MCP,0.6545506171751079,0.75,0.8333333333333334,0.7916666666666667,0,0
cycle_random,1000,23,SCAD,0.6545506171751079,0.75,0.8333333333333334,0.7916666666666667,0,0
cycle_random,1000,24,lasso,0.8109453162685726,0.6666666666666666,0.7533333333333334,0.5454761904761904,0,1
cycle_random,1000,24,MCP,0.8109453162685726,0.6666666666666666,0.7466666666666667,0.5326190476190477,0,1
cycle_random,1000,24,SCAD,0.8109453162685726,0.6666666666666666,0.7533333333333334,0.5454761904761904,0,1
cycle_random,1000,25,lasso,0.6478965089377857,0.6666666666666666,0.7733333333333334,0.6552777777777776,0,0
cycle_random,1000,25,MCP,0.6478965089377857,0.75,0.7933333333333334,0.7469444444444444,0,0
cycle_random,1000,25,SCAD,0.6478965089377857,0.75,0.7733333333333334,0.6552777777777776,0,0
cycle_random,1000,26,lasso,0.6317816374657278,0.8888888888888888,0.8600000000000001,0.865,0,0
cycle_random,1000,26,MCP,0.6317816374657278,0.8888888888888888,0.8600000000000001,0.865,0,0
cycle_random,1000,26,SCAD,0.6317816374657278,0.8888888888888888,0.8600000000000001,0.865,0,0
cycle_random,1000,27,lasso,0.7124358986327701,0.6666666666666666,0.78,0.6177777777777778,0,1
cycle_random,1000,27,MCP,0.7124358986327701,0.6666666666666666,0.7666666666666667,0.6052777777777778,0,1
cycle_random,1000,27,SCAD,0.7124358986327701,0.6666666666666666,0.7666666666666667,0.6052777777777778,0,1
cycle_random,1000,28,lasso,0.8057575230106397,0.6666666666666666,0.74,0.5242857142857142,0,1
cycle_random,1000,28,MCP,0.8057575230106397,0.6666666666666666,0.74,0.5242857142857142,0,1
cycle_random,1000,28,SCAD,0.8057575230106397,0.6666666666666666,0.74,0.5114285714285715,0,1
cycle_random,1000,29,lasso,0.6318780724441753,0.8,0.8533333333333334,0.845,0,0
cycle_random,1000,29,MCP,0.6318780724441753,0.8888888888888888,0.8600000000000001,0.865,0,0
cycle_random,1000,29,SCAD,0.6318780724441753,0.8888888888888888,0.8600000000000001,0.865,0,0
cycle_random,1000,30,lasso,0.8589080964188365,0.6153846153846154,0.7400000000000001,0.5283333333333333,0,1
cycle_random,1000,30,MCP,0.8589080964188365,0.5454545454545454,0.7266666666666667,0.5325,0,1
cycle_random,1000,30,SCAD,0.8589080964188365,0.5454545454545454,0.7266666666666667,0.5325,0,1
cycle_random,1000,31,lasso,0.8795828650377038,0.6153846153846154,0.7666666666666667,0.5845238095238094,0,1
cycle_random,1000,31,MCP,0.8795828650377038,0.6666666666666666,0.78,0.6161904761904762,0,1
cycle_random,1000,31,SCAD,0.8795828650377038,0.6666666666666666,0.7866666666666667,0.6233333333333333,0,1
cycle_random,1000,32,lasso,0.71517817114731,0.8,0.8400000000000001,0.7949999999999999,0,0
cycle_random,1000,32,MCP,0.71517817114731,0.7272727272727273,0.8133333333333335,0.7183333333333333,0,0
cycle_random,1000,32,SCAD,0.71517817114731,0.7272727272727273,0.8133333333333335,0.7183333333333333,0,0
cycle_random,1000,33,lasso,0.862817567190387,0.6,0.7666666666666667,0.6569444444444446,0,1
cycle_random,1000,33,MCP,0.862817567190387,0.6153846153846154,0.78,0.6678571428571429,0,1
cycle_random,1000,33,SCAD,0.862817567190387,0.6153846153846154,0.78,0.6678571428571429,0,1
cycle_random,1000,34,lasso,0.5004853162764262,0.6153846153846154,0.7866666666666667,0.675,0,1
cycle_random,1000,34,MCP,0.5004853162764262,0.6153846153846154,0.7866666666666667,0.675,0,1
cycle_random,1000,34,SCAD,0.5004853162764262,0.6153846153846154,0.78,0.6678571428571429,0,1
cycle_random,1000,35,lasso,0.8666500776673369,0.6666666666666666,0.8,0.7066666666666666,0,1
cycle_random,1000,35,MCP,0.8666500776673369,0.6666666666666666,0.7866666666666667,0.6939682539682539,0,1
cycle_random,1000,35,SCAD,0.8666500776673369,0.6666666666666666,0.8,0.7066666666666666,0,1
cycle_random,1000,36,lasso,0.7015291336123275,0.6666666666666666,0.8,0.6804761904761905,0,1
cycle_random,1000,36,MCP,0.7015291336123275,0.6666666666666666,0.8066666666666668,0.6904761904761905,0,1
cycle_random,1000,36,SCAD,0.7015291336123275,0.6666666666666666,0.8,0.6804761904761905,0,1
cycle_random,1000,37,lasso,0.8168597579257619,0.6,0.7266666666666667,0.5316666666666667,0,1
cycle_random,1000,37,MCP,0.8168597579257619,0.5454545454545454,0.7133333333333334,0.5116666666666667,0,1
cycle_random,1000,37,SCAD,0.8168597579257619,0.5454545454545454,0.7133333333333334,0.5116666666666667,0,1
cycle_random,1000,38,lasso,0.5802112852411555,0.8888888888888888,0.7466666666666666,0.8028571428571429,0,0
cycle_random,1000,38,MCP,0.5802112852411555,0.8,0.8533333333333334,0.845,0,0
cycle_random,1000,38,SCAD,0.5802112852411555,0.8888888888888888,0.8600000000000001,0.865,0,0
cycle_random,1000,39,lasso,0.8551684721540276,0.8,0.8200000000000001,0.6783333333333332,0,0
cycle_random,1000,39,MCP,0.8551684721540276,0.8,0.8266666666666667,0.7116666666666667,0,0
cycle_random,1000,39,SCAD,0.8551684721540276,0.8,0.8200000000000001,0.6783333333333332,0,0
cycle_random,1000,40,lasso,0.8551191529711641,0.7272727272727273,0.8200000000000001,0.7333333333333334,0,1
cycle_random,1000,40,MCP,0.8551191529711641,0.6666666666666666,0.8133333333333335,0.7238095238095237,0,1
cycle_random,1000,40,SCAD,0.8551191529711641,0.75,0.8200000000000001,0.7333333333333334,0,0
cycle_random,1000,41,lasso,0.6860775275439405,0.7272727272727273,0.8266666666666667,0.7483333333333333,0,1
cycle_random,1000,41,MCP,0.6860775275439405,0.6666666666666666,0.8133333333333335,0.7238095238095237,0,1
cycle_random,1000,41,SCAD,0.6860775275439405,0.7272727272727273,0.8200000000000001,0.7333333333333334,0,1
cycle_random,1000,42,lasso,0.528146008758114,0.75,0.7066666666666668,0.71,0,0
cycle_random,1000,42,MCP,0.528146008758114,0.75,0.7066666666666667,0.71,0,0
cycle_random,1000,42,SCAD,0.528146008758114,0.75,0.7066666666666667,0.71,0,0
cycle_random,1000,43,lasso,0.5709330582068912,0.6666666666666666,0.78,0.5988095238095239,0,1
cycle_random,1000,43,MCP,0.5709330582068912,0.6,0.7533333333333334,0.5736111111111111,0,1
cycle_random,1000,43,SCAD,0.5709330582068912,0.6,0.76,0.5789682539682539,0,1
cycle_random,1000,44,lasso,0.8409899502472296,0.6153846153846154,0.78,0.6511904761904761,0,1
cycle_random,1000,44,MCP,0.8409899502472296,0.6,0.7666666666666667,0.628968253968254,0,1
cycle_random,1000,44,SCAD,0.8409899502472296,0.6,0.7666666666666667,0.628968253968254,0,1
cycle_random,1000,45,lasso,0.507808642217667,0.6666666666666666,0.7666666666666667,0.5654761904761905,0,1
cycle_random,1000,45,MCP,0.507808642217667,0.6153846153846154,0.7533333333333334,0.5511904761904762,0,1
cycle_random,1000,45,SCAD,0.507808642217667,0.6153846153846154,0.7533333333333334,0.5511904761904762,0,1
cycle_random,1000,46,lasso,0.857490189094005,0.6666666666666666,0.8133333333333335,0.7471428571428571,0,1
cycle_random,1000,46,MCP,0.857490189094005,0.75,0.8266666666666667,0.782142857142857,0,0
cycle_random,1000,46,SCAD,0.857490189094005,0.7272727272727273,0.8266666666666668,0.7666666666666666,0,1
cycle_random,1000,47,lasso,0.6838665819695549,0.7272727272727273,0.8066666666666668,0.6416666666666666,0,1
cycle_random,1000,47,MCP,0.6838665819695549,0.6666666666666666,0.8,0.6833333333333333,0,1
cycle_random,1000,47,SCAD,0.6838665819695549,0.6666666666666666,0.7933333333333334,0.625,0,1
cycle_random,1000,48,lasso,0.7474545177901584,0.6666666666666666,0.8066666666666668,0.6554761904761904,0,1
cycle_random,1000,48,MCP,0.7474545177901584,0.7272727272727273,0.8,0.6399999999999999,0,1
cycle_random,1000,48,SCAD,0.7474545177901584,0.7272727272727273,0.8,0.6399999999999999,0,1
cycle_random,1000,49,lasso,0.8700063681476987,0.6666666666666666,0.8066666666666668,0.7138095238095237,0,1
cycle_random,1000,49,MCP,0.8700063681476987,0.75,0.8200000000000001,0.772142857142857,0,0
cycle_random,1000,49,SCAD,0.8700063681476987,0.75,0.8200000000000001,0.772142857142857,0,0
cycle_random,1000,50,lasso,0.9696911257520915,0.8888888888888888,0.8600000000000001,0.865,0,0
cycle_random,1000,50,MCP,0.9696911257520915,0.8888888888888888,0.8600000000000001,0.865,0,0
cycle_random,1000,50,SCAD,0.9696911257520915,0.8888888888888888,0.8600000000000001,0.865,0,0
cycle_random,1000,51,lasso,0.692610008340599,0.8888888888888888,0.8600000000000001,0.865,0,0
cycle_random,1000,51,MCP,0.692610008340599,0.7272727272727273,0.8266666666666668,0.7483333333333333,0,1
cycle_random,1000,51,SCAD,0.692610008340599,0.8,0.8333333333333334,0.7616666666666667,0,0
cycle_random,1000,52,lasso,0.6594339479131448,0.6666666666666666,0.7,0.5802777777777777,0,1
cycle_random,1000,52,MCP,0.6594339479131448,0.6666666666666666,0.76,0.6008333333333333,0,1
cycle_random,1000,52,SCAD,0.6594339479131448,0.6666666666666666,0.7666666666666667,0.6052777777777778,0,1
cycle_random,1000,53,lasso,0.8321148272940583,0.8,0.8200000000000001,0.6783333333333332,0,1
cycle_random,1000,53,MCP,0.8321148272940583,0.8,0.8200000000000001,0.6783333333333332,0,1
cycle_random,1000,53,SCAD,0.8321148272940583,0.8,0.8200000000000001,0.6783333333333332,0,1
cycle_random,1000,54,lasso,0.6403562523059279,0.5714285714285714,0.7333333333333334,0.5302777777777778,0,1
cycle_random,1000,54,MCP,0.6403562523059279,0.6,0.7400000000000001,0.5336111111111111,0,1
cycle_random,1000,54,SCAD,0.6403562523059279,0.6,0.7333333333333334,0.5302777777777778,0,1
cycle_random,1000,55,lasso,0.7192306744272479,0.7272727272727273,0.8133333333333334,0.6649999999999999,0,1
cycle_random,1000,55,MCP,0.7192306744272479,0.7272727272727273,0.7933333333333334,0.6183333333333334,0,1
cycle_random,1000,55,SCAD,0.7192306744272479,0.7272727272727273,0.7933333333333334,0.6183333333333334,0,1
cycle_random,1000,56,lasso,0.9325287464366794,0.6153846153846154,0.7533333333333334,0.5645238095238095,0,1
cycle_random,1000,56,MCP,0.9325287464366794,0.6153846153846154,0.7666666666666667,0.5845238095238096,0,1
cycle_random,1000,56,SCAD,0.9325287464366794,0.6153846153846154,0.7666666666666667,0.5845238095238096,0,1
cycle_random,1000,57,lasso,0.8685174069937687,0.6666666666666666,0.7666666666666667,0.575952380952381,0,1
cycle_random,1000,57,MCP,0.8685174069937687,0.7272727272727273,0.7933333333333334,0.6183333333333334,0,1
cycle_random,1000,57,SCAD,0.8685174069937687,0.7272727272727273,0.7933333333333334,0.6183333333333334,0,1
cycle_random,1000,58,lasso,0.5664623134120828,0.8,0.8466666666666667,0.8200000000000001,0,0
cycle_random,1000,58,MCP,0.5664623134120828,0.8,0.8333333333333334,0.7616666666666667,0,0
cycle_random,1000,58,SCAD,0.5664623134120828,0.8,0.8333333333333334,0.7616666666666667,0,0
cycle_random,1000,59,lasso,0.5074265088101473,0.75,0.8333333333333334,0.7916666666666667,0,0
cycle_random,1000,59,MCP,0.5074265088101473,0.75,0.8333333333333334,0.7916666666666667,0,0
cycle_random,1000,59,SCAD,0.5074265088101473,0.75,0.8333333333333334,0.7916666666666667,0,0
cycle_random,1000,60,lasso,0.8100285991199953,0.6666666666666666,0.72,0.6538095238095238,0,1
cycle_random,1000,60,MCP,0.8100285991199953,0.6666666666666666,0.7933333333333334,0.6821428571428572,0,1
cycle_random,1000,60,SCAD,0.8100285991199953,0.6666666666666666,0.7933333333333334,0.6821428571428572,0,1
cycle_random,1000,61,lasso,0.9143149209801233,0.6666666666666666,0.8066666666666668,0.7138095238095237,0,1
cycle_random,1000,61,MCP,0.9143149209801233,0.6666666666666666,0.8133333333333334,0.7238095238095237,0,1
cycle_random,1000,61,SCAD,0.9143149209801233,0.6666666666666666,0.8066666666666668,0.7138095238095237,0,1
cycle_random,1000,62,lasso,0.8307747587929877,0.75,0.8266666666666667,0.782142857142857,0,0
cycle_random,1000,62,MCP,0.8307747587929877,0.75,0.8133333333333335,0.7649999999999999,0,0
cycle_random,1000,62,SCAD,0.8307747587929877,0.75,0.8133333333333335,0.7649999999999999,0,0
cycle_random,1000,63,lasso,0.5718441305373606,0.8,0.8466666666666667,0.8200000000000001,0,0
cycle_random,1000,63,MCP,0.5718441305373606,0.8,0.8400000000000001,0.7949999999999999,0,0
cycle_random,1000,63,SCAD,0.5718441305373606,0.8,0.8466666666666667,0.8200000000000001,0,0
cycle_random,1000,64,lasso,0.9133779169759407,0.5714285714285714,0.7066666666666668,0.6002380952380952,0,0
cycle_random,1000,64,MCP,0.9133779169759407,0.6153846153846154,0.7666666666666667,0.6478571428571429,0,1
cycle_random,1000,64,SCAD,0.9133779169759407,0.6153846153846154,0.76,0.6407142857142858,0,1
cycle_random,1000,65,lasso,0.6208770540548976,0.6153846153846154,0.7866666666666667,0.675,0,1
cycle_random,1000,65,MCP,0.6208770540548976,0.6666666666666666,0.8,0.7066666666666666,0,1
cycle_random,1000,65,SCAD,0.6208770540548976,0.6666666666666666,0.8,0.7066666666666666,0,1
cycle_random,1000,66,lasso,0.530615385385506,0.6666666666666666,0.7666666666666667,0.5788095238095239,0,1
cycle_random,1000,66,MCP,0.530615385385506,0.6666666666666666,0.78,0.5988095238095239,0,1
cycle_random,1000,66,SCAD,0.530615385385506,0.7272727272727273,0.7866666666666667,0.6088095238095239,0,1
cycle_random,1000,67,lasso,0.5760256649203144,0.75,0.8200000000000001,0.7721428571428572,0,0
cycle_random,1000,67,MCP,0.5760256649203144,0.75,0.8200000000000001,0.7721428571428572,0,0
cycle_random,1000,67,SCAD,0.5760256649203144,0.75,0.8200000000000001,0.7721428571428572,0,0
cycle_random,1000,68,lasso,0.7694217701166979,0.8,0.8200000000000001,0.6783333333333332,0,1
cycle_random,1000,68,MCP,0.7694217701166979,0.8,0.8200000000000001,0.6783333333333332,0,1
cycle_random,1000,68,SCAD,0.7694217701166979,0.8,0.8200000000000001,0.6783333333333332,0,1
cycle_random,1000,69,lasso,0.8228971382042649,0.6666666666666666,0.7866666666666667,0.6233333333333333,0,1
cycle_random,1000,69,MCP,0.8228971382042649,0.6666666666666666,0.7866666666666667,0.6233333333333333,0,1
cycle_random,1000,69,SCAD,0.8228971382042649,0.6666666666666666,0.7866666666666667,0.6233333333333333,0,1
cycle_random,1000,70,lasso,0.8179598927644365,0.7272727272727273,0.8133333333333335,0.665,0,1
cycle_random,1000,70,MCP,0.8179598927644365,0.7272727272727273,0.8133333333333334,0.665,0,1
cycle_random,1000,70,SCAD,0.8179598927644365,0.7272727272727273,0.8133333333333334,0.665,0,1
cycle_random,1000,71,lasso,0.9100634871383686,0.6,0.7533333333333334,0.528968253968254,0,0
cycle_random,1000,71,MCP,0.9100634871383686,0.5714285714285714,0.7400000000000001,0.508968253968254,0,1
cycle_random,1000,71,SCAD,0.9100634871383686,0.6,0.7533333333333334,0.528968253968254,0,0
cycle_random,1000,72,lasso,0.7772663268254085,0.6153846153846154,0.7533333333333334,0.634047619047619,0,1
cycle_random,1000,72,MCP,0.7772663268254085,0.6666666666666666,0.78,0.6621428571428571,0,1
cycle_random,1000,72,SCAD,0.7772663268254085,0.6666666666666666,0.78,0.6621428571428571,0,1
cycle_random,1000,73,lasso,0.664711740727485,0.7272727272727273,0.7333333333333334,0.6216666666666666,0,1
cycle_random,1000,73,MCP,0.664711740727485,0.8,0.8200000000000001,0.6783333333333333,0,1
cycle_random,1000,73,SCAD,0.664711740727485,0.7272727272727273,0.8133333333333335,0.665,0,1
cycle_random,1000,74,lasso,0.5731389040470567,0.6666666666666666,0.8066666666666668,0.7138095238095237,0,1
cycle_random,1000,74,MCP,0.5731389040470567,0.6666666666666666,0.78,0.6886111111111111,0,1
cycle_random,1000,74,SCAD,0.5731389040470567,0.6666666666666666,0.78,0.6886111111111111,0,1
cycle_random,1000,75,lasso,0.7162243301686902,0.8,0.8466666666666667,0.8200000000000001,0,0
cycle_random,1000,75,MCP,0.7162243301686902,0.8,0.8466666666666667,0.8200000000000001,0,0
cycle_random,1000,75,SCAD,0.7162243301686902,0.8,0.8466666666666667,0.8200000000000001,0,0
cycle_random,1000,76,lasso,0.9409351259378316,0.7272727272727273,0.78,0.585,0,1
cycle_random,1000,76,MCP,0.9409351259378316,0.6666666666666666,0.7733333333333334,0.5754761904761905,0,1
cycle_random,1000,76,SCAD,0.9409351259378316,0.7272727272727273,0.78,0.585,0,1
cycle_random,1000,77,lasso,0.9073084288001911,0.8,0.8200000000000001,0.6783333333333332,0,1
cycle_random,1000,77,MCP,0.9073084288001911,0.7272727272727273,0.8133333333333334,0.6649999999999999,0,1
cycle_random,1000,77,SCAD,0.9073084288001911,0.7272727272727273,0.8133333333333335,0.6649999999999999,0,1
cycle_random,1000,78,lasso,0.6034797252941848,0.6666666666666666,0.7866666666666667,0.6488095238095238,0,1
cycle_random,1000,78,MCP,0.6034797252941848,0.6666666666666666,0.7933333333333334,0.6588095238095237,0,1
cycle_random,1000,78,SCAD,0.6034797252941848,0.6666666666666666,0.7866666666666667,0.6516666666666666,0,1
cycle_random,1000,79,lasso,0.8628866488092903,0.6153846153846154,0.76,0.5678571428571428,0,1
cycle_random,1000,79,MCP,0.8628866488092903,0.6153846153846154,0.76,0.5678571428571428,0,1
cycle_random,1000,79,SCAD,0.8628866488092903,0.6153846153846154,0.76,0.5678571428571428,0,1
cycle_random,1000,80,lasso,0.921627213495152,0.7272727272727273,0.8066666666666668,0.7016666666666667,0,1
cycle_random,1000,80,MCP,0.921627213495152,0.6666666666666666,0.7933333333333334,0.6821428571428572,0,1
cycle_random,1000,80,SCAD,0.921627213495152,0.6666666666666666,0.7933333333333334,0.6821428571428572,0,1
cycle_random,1000,81,lasso,0.8571762184245926,0.6666666666666666,0.7733333333333334,0.5488095238095239,0,1
cycle_random,1000,81,MCP,0.8571762184245926,0.6666666666666666,0.78,0.5588095238095239,0,1
cycle_random,1000,81,SCAD,0.8571762184245926,0.7272727272727273,0.7866666666666667,0.5683333333333334,0,1
cycle_random,1000,82,lasso,0.7274382040511705,0.7272727272727273,0.8,0.635,0,1
cycle_random,1000,82,MCP,0.7274382040511705,0.6666666666666666,0.7933333333333334,0.6254761904761904,0,1
cycle_random,1000,82,SCAD,0.7274382040511705,0.6666666666666666,0.7933333333333334,0.6254761904761904,0,1
cycle_random,1000,83,lasso,0.6101426264320277,0.7272727272727273,0.7933333333333334,0.6183333333333334,0,1
cycle_random,1000,83,MCP,0.6101426264320277,0.8,0.8200000000000001,0.6783333333333333,0,1
cycle_random,1000,83,SCAD,0.6101426264320277,0.8,0.8200000000000001,0.6783333333333333,0,1
cycle_random,1000,84,lasso,0.5537428551866763,0.7272727272727273,0.8333333333333334,0.7816666666666667,0,1
cycle_random,1000,84,MCP,0.5537428551866763,0.7272727272727273,0.8266666666666667,0.7666666666666666,0,1
cycle_random,1000,84,SCAD,0.5537428551866763,0.7272727272727273,0.8266666666666667,0.7666666666666666,0,1
cycle_random,1000,85,lasso,0.734763865276368,0.6666666666666666,0.8266666666666668,0.7721428571428572,0,1
cycle_random,1000,85,MCP,0.734763865276368,0.6666666666666666,0.8266666666666667,0.7721428571428572,0,1
cycle_random,1000,85,SCAD,0.734763865276368,0.7272727272727273,0.8333333333333334,0.7816666666666667,0,1
cycle_random,1000,86,lasso,0.8967412548269319,0.6666666666666666,0.8,0.6804761904761905,0,1
cycle_random,1000,86,MCP,0.8967412548269319,0.6666666666666666,0.7933333333333334,0.6733333333333333,0,1
cycle_random,1000,86,SCAD,0.8967412548269319,0.6666666666666666,0.7933333333333334,0.6733333333333333,0,1
cycle_random,1000,87,lasso,0.934927807015717,0.6,0.7333333333333334,0.5358333333333334,0,1
cycle_random,1000,87,MCP,0.934927807015717,0.6,0.74,0.5402777777777779,0,1
cycle_random,1000,87,SCAD,0.934927807015717,0.6,0.74,0.5402777777777779,0,1
cycle_random,1000,88,lasso,0.7963967057655363,0.8888888888888888,0.8600000000000001,0.865,0,0
cycle_random,1000,88,MCP,0.7963967057655363,0.8,0.8533333333333334,0.845,0,0
cycle_random,1000,88,SCAD,0.7963967057655363,0.8,0.8533333333333334,0.845,0,0
cycle_random,1000,89,lasso,0.5825588187138574,0.6666666666666666,0.8,0.6988095238095238,0,1
cycle_random,1000,89,MCP,0.5825588187138574,0.6666666666666666,0.78,0.6621428571428571,0,1
cycle_random,1000,89,SCAD,0.5825588187138574,0.6666666666666666,0.78,0.6621428571428571,0,1
cycle_random,1000,90,lasso,0.9212675556688221,0.6666666666666666,0.7666666666666667,0.575952380952381,0,1
cycle_random,1000,90,MCP,0.9212675556688221,0.7272727272727273,0.7933333333333334,0.615,0,1
cycle_random,1000,90,SCAD,0.9212675556688221,0.7272727272727273,0.7933333333333334,0.615,0,1
cycle_random,1000,91,lasso,0.937646589422179,0.8,0.8466666666666667,0.8200000000000001,0,0
cycle_random,1000,91,MCP,0.937646589422179,0.8888888888888888,0.8600000000000001,0.865,0,0
cycle_random,1000,91,SCAD,0.937646589422179,0.8888888888888888,0.8600000000000001,0.865,0,0
cycle_random,1000,92,lasso,0.9145484957980048,0.75,0.7466666666666667,0.7547222222222223,0,0
cycle_random,1000,92,MCP,0.9145484957980048,0.75,0.8400000000000001,0.8066666666666666,0,0
cycle_random,1000,92,SCAD,0.9145484957980048,0.8,0.8466666666666667,0.8200000000000001,0,0
cycle_random,1000,93,lasso,0.8840451448464721,0.7272727272727273,0.8066666666666668,0.6499999999999999,0,1
cycle_random,1000,93,MCP,0.8840451448464721,0.6666666666666666,0.78,0.5988095238095239,0,1
cycle_random,1000,93,SCAD,0.8840451448464721,0.6666666666666666,0.78,0.5988095238095239,0,1
cycle_random,1000,94,lasso,0.8142842766951608,0.6,0.7666666666666667,0.6569444444444446,0,1
cycle_random,1000,94,MCP,0.8142842766951608,0.6666666666666666,0.8066666666666668,0.7138095238095237,0,1
cycle_random,1000,94,SCAD,0.8142842766951608,0.6666666666666666,0.8066666666666668,0.7138095238095237,0,1
cycle_random,1000,95,lasso,0.6095765671421544,0.7272727272727273,0.8266666666666667,0.7483333333333333,0,0
cycle_random,1000,95,MCP,0.6095765671421544,0.7272727272727273,0.8266666666666667,0.7483333333333333,0,0
cycle_random,1000,95,SCAD,0.6095765671421544,0.7272727272727273,0.8266666666666667,0.7483333333333333,0,0
cycle_random,1000,96,lasso,0.8590397450591816,0.6666666666666666,0.78,0.6621428571428571,0,1
cycle_random,1000,96,MCP,0.8590397450591816,0.6666666666666666,0.78,0.6621428571428571,0,1
cycle_random,1000,96,SCAD,0.8590397450591816,0.6666666666666666,0.78,0.6621428571428571,0,1
cycle_random,1000,97,lasso,0.8208135510094382,0.8,0.8333333333333334,0.7616666666666667,0,1
cycle_random,1000,97,MCP,0.8208135510094382,0.7272727272727273,0.8200000000000001,0.7333333333333334,0,1
cycle_random,1000,97,SCAD,0.8208135510094382,0.7272727272727273,0.8200000000000001,0.7333333333333334,0,1
cycle_random,1000,98,lasso,0.8413363645527794,0.5714285714285714,0.7266666666666668,0.613015873015873,0,1
cycle_random,1000,98,MCP,0.8413363645527794,0.5714285714285714,0.74,0.6231349206349206,0,1
cycle_random,1000,98,SCAD,0.8413363645527794,0.5714285714285714,0.7333333333333334,0.6177777777777778,0,1
cycle_random,1000,99,lasso,0.8787654084445584,0.6666666666666666,0.78,0.6388095238095237,0,1
cycle_random,1000,99,MCP,0.8787654084445584,0.7272727272727273,0.7866666666666667,0.6016666666666668,0,1
cycle_random,1000,99,SCAD,0.8787654084445584,0.7272727272727273,0.7866666666666667,0.6016666666666668,0,1
cycle_random,5000,0,lasso,0.9345403861238055,0.7272727272727273,0.8066666666666668,0.6499999999999999,0,1
cycle_random,5000,0,MCP,0.9345403861238055,0.8,0.8200000000000001,0.6783333333333332,0,1
cycle_random,5000,0,SCAD,0.9345403861238055,0.8,0.8200000000000001,0.6783333333333332,0,1
cycle_random,5000,1,lasso,0.8704051768110754,0.8,0.8200000000000001,0.6783333333333332,0,1
cycle_random,5000,1,MCP,0.8704051768110754,0.8,0.8200000000000001,0.6783333333333332,0,1
cycle_random,5000,1,SCAD,0.8704051768110754,0.8,0.8200000000000001,0.6783333333333332,0,1
cycle_random,5000,2,lasso,0.9603027561985165,0.6666666666666666,0.8066666666666668,0.6554761904761904,0,1
cycle_random,5000,2,MCP,0.9603027561985165,0.6666666666666666,0.8066666666666668,0.6904761904761905,0,1
cycle_random,5000,2,SCAD,0.9603027561985165,0.6666666666666666,0.7933333333333334,0.6333333333333333,0,1
cycle_random,5000,3,lasso,0.747433203853725,0.8,0.8200000000000001,0.6783333333333332,0,1
cycle_random,5000,3,MCP,0.747433203853725,0.8,0.8200000000000001,0.6783333333333332,0,1
cycle_random,5000,3,SCAD,0.747433203853725,0.8,0.8200000000000001,0.6783333333333332,0,1
cycle_random,5000,4,lasso,0.8044597506446354,0.8,0.8266666666666668,0.7283333333333333,0,1
cycle_random,5000,4,MCP,0.8044597506446354,0.8,0.8266666666666668,0.7283333333333333,0,1
cycle_random,5000,4,SCAD,0.8044597506446354,0.8,0.8266666666666668,0.7283333333333333,0,1
cycle_random,5000,5,lasso,0.5390704953124918,0.8,0.8333333333333334,0.7616666666666667,0,1
cycle_random,5000,5,MCP,0.5390704953124918,0.8,0.8333333333333335,0.7616666666666667,0,1
cycle_random,5000,5,SCAD,0.5390704953124918,0.8,0.8333333333333334,0.7616666666666667,0,1
cycle_random,5000,6,lasso,0.8877337659721136,0.8,0.8333333333333334,0.7616666666666667,0,1
cycle_random,5000,6,MCP,0.8877337659721136,0.8,0.8333333333333334,0.7616666666666667,0,1
cycle_random,5000,6,SCAD,0.8877337659721136,0.8,0.8333333333333334,0.7616666666666667,0,1
cycle_random,5000,7,lasso,0.6049362870739228,0.8,0.8333333333333335,0.7616666666666667,0,1
cycle_random,5000,7,MCP,0.6049362870739228,0.8,0.8333333333333334,0.7616666666666667,0,1
cycle_random,5000,7,SCAD,0.6049362870739228,0.8,0.8333333333333334,0.7616666666666667,0,1
cycle_random,5000,8,lasso,0.9121847995837793,0.6666666666666666,0.7666666666666667,0.6052777777777778,0,1
cycle_random,5000,8,MCP,0.9121847995837793,0.7272727272727273,0.8200000000000001,0.7149999999999999,0,1
cycle_random,5000,8,SCAD,0.9121847995837793,0.7272727272727273,0.8200000000000001,0.7149999999999999,0,1
cycle_random,5000,9,lasso,0.9006143349784297,0.6666666666666666,0.7933333333333334,0.6304761904761904,0,1
cycle_random,5000,9,MCP,0.9006143349784297,0.7272727272727273,0.8066666666666668,0.6499999999999999,0,1
cycle_random,5000,9,SCAD,0.9006143349784297,0.7272727272727273,0.8066666666666668,0.6499999999999999,0,1
cycle_random,5000,10,lasso,0.5032391143218565,0.8,0.8466666666666667,0.8200000000000001,0,1
cycle_random,5000,10,MCP,0.5032391143218565,0.8,0.8466666666666667,0.8200000000000001,0,1
cycle_random,5000,10,SCAD,0.5032391143218565,0.8,0.8466666666666667,0.8200000000000001,0,1
cycle_random,5000,11,lasso,0.8450072101104117,0.8,0.8333333333333334,0.7616666666666667,0,1
cycle_random,5000,11,MCP,0.8450072101104117,0.8,0.8333333333333334,0.7616666666666667,0,1
cycle_random,5000,11,SCAD,0.8450072101104117,0.8,0.8333333333333334,0.7616666666666667,0,1
cycle_random,5000,12,lasso,0.781010287471852,0.7272727272727273,0.8,0.6683333333333333,0,1
cycle_random,5000,12,MCP,0.781010287471852,0.7272727272727273,0.8066666666666668,0.7016666666666667,0,1
cycle_random,5000,12,SCAD,0.781010287471852,0.7272727272727273,0.8,0.6683333333333333,0,1
cycle_random,5000,13,lasso,0.7654203760675824,0.8,0.8333333333333334,0.7616666666666667,0,1
cycle_random,5000,13,MCP,0.7654203760675824,0.8,0.8333333333333334,0.7616666666666667,0,1
cycle_random,5000,13,SCAD,0.7654203760675824,0.8,0.8333333333333334,0.7616666666666667,0,1
cycle_random,5000,14,lasso,0.9657138033402455,0.7272727272727273,0.7933333333333334,0.6183333333333334,0,1
cycle_random,5000,14,MCP,0.9657138033402455,0.7272727272727273,0.7933333333333334,0.6183333333333334,0,1
cycle_random,5000,14,SCAD,0.9657138033402455,0.7272727272727273,0.7933333333333334,0.6183333333333334,0,1
cycle_random,5000,15,lasso,0.97789478273381,0.8,0.8200000000000001,0.6783333333333333,0,1
cycle_random,5000,15,MCP,0.97789478273381,0.8,0.8200000000000001,0.6783333333333333,0,1
cycle_random,5000,15,SCAD,0.97789478273381,0.8,0.8200000000000001,0.6783333333333333,0,1
cycle_random,5000,16,lasso,0.6699104392542081,0.7272727272727273,0.8133333333333335,0.7183333333333333,0,1
cycle_random,5000,16,MCP,0.6699104392542081,0.8,0.8333333333333335,0.7616666666666667,0,1
cycle_random,5000,16,SCAD,0.6699104392542081,0.8,0.8333333333333334,0.7616666666666667,0,1
cycle_random,5000,17,lasso,0.8364349920976568,0.6666666666666666,0.8066666666666668,0.7138095238095239,0,1
cycle_random,5000,17,MCP,0.8364349920976568,0.6666666666666666,0.8066666666666668,0.7138095238095237,0,1
cycle_random,5000,17,SCAD,0.8364349920976568,0.6666666666666666,0.8066666666666668,0.7138095238095237,0,1
cycle_random,5000,18,lasso,0.9630351571982991,0.8,0.8266666666666667,0.7283333333333333,0,1
cycle_random,5000,18,MCP,0.9630351571982991,0.8,0.8266666666666668,0.7283333333333333,0,1
cycle_random,5000,18,SCAD,0.9630351571982991,0.8,0.8266666666666668,0.7283333333333333,0,1
cycle_random,5000,19,lasso,0.7522102328924241,0.8,0.8400000000000001,0.7949999999999999,0,1
cycle_random,5000,19,MCP,0.7522102328924241,0.7272727272727273,0.8266666666666667,0.7666666666666666,0,1
cycle_random,5000,19,SCAD,0.7522102328924241,0.7272727272727273,0.8266666666666667,0.7666666666666666,0,1
cycle_random,5000,20,lasso,0.9728100826989983,0.8,0.8200000000000001,0.6783333333333332,0,1
cycle_random,5000,20,MCP,0.9728100826989983,0.6666666666666666,0.8066666666666668,0.6904761904761905,0,1
cycle_random,5000,20,SCAD,0.9728100826989983,0.6666666666666666,0.8,0.6804761904761905,0,1
cycle_random,5000,21,lasso,0.9328082213887894,0.8,0.8333333333333334,0.7616666666666667,0,1
cycle_random,5000,21,MCP,0.9328082213887894,0.8,0.8333333333333334,0.7616666666666667,0,1
cycle_random,5000,21,SCAD,0.9328082213887894,0.8,0.8333333333333334,0.7616666666666667,0,1
cycle_random,5000,22,lasso,0.578350186875995,0.8,0.8333333333333334,0.7616666666666667,0,1
cycle_random,5000,22,MCP,0.578350186875995,0.8,0.8333333333333334,0.7616666666666667,0,1
cycle_random,5000,22,SCAD,0.578350186875995,0.8,0.8333333333333334,0.7616666666666667,0,1
cycle_random,5000,23,lasso,0.5091570068205526,0.7272727272727273,0.8066666666666668,0.6499999999999999,0,1
cycle_random,5000,23,MCP,0.5091570068205526,0.8,0.8200000000000001,0.6783333333333332,0,1
cycle_random,5000,23,SCAD,0.5091570068205526,0.8,0.8200000000000001,0.6783333333333332,0,1
cycle_random,5000,24,lasso,0.7573470810198271,0.7272727272727273,0.8200000000000001,0.7333333333333334,0,1
cycle_random,5000,24,MCP,0.7573470810198271,0.7272727272727273,0.8266666666666667,0.7483333333333333,0,1
cycle_random,5000,24,SCAD,0.7573470810198271,0.7272727272727273,0.8200000000000001,0.7333333333333334,0,1
cycle_random,5000,25,lasso,0.6891743742147094,0.7272727272727273,0.8200000000000001,0.7333333333333334,0,1
cycle_random,5000,25,MCP,0.6891743742147094,0.7272727272727273,0.8200000000000001,0.7333333333333334,0,1
cycle_random,5000,25,SCAD,0.6891743742147094,0.7272727272727273,0.8200000000000001,0.7333333333333334,0,1
cycle_random,5000,26,lasso,0.9551375759666552,0.8,0.8200000000000001,0.6783333333333332,0,1
cycle_random,5000,26,MCP,0.9551375759666552,0.8,0.8200000000000001,0.6783333333333332,0,1
cycle_random,5000,26,SCAD,0.9551375759666552,0.8,0.8200000000000001,0.6783333333333332,0,1
cycle_random,5000,27,lasso,0.8745455690453205,0.6666666666666666,0.7933333333333334,0.6304761904761904,0,1
cycle_random,5000,27,MCP,0.8745455690453205,0.7272727272727273,0.8133333333333335,0.6649999999999999,0,1
cycle_random,5000,27,SCAD,0.8745455690453205,0.7272727272727273,0.8133333333333335,0.6649999999999999,0,1
cycle_random,5000,28,lasso,0.991929981944776,0.8,0.8200000000000001,0.6783333333333333,0,1
cycle_random,5000,28,MCP,0.991929981944776,0.8,0.8200000000000001,0.6783333333333333,0,1
cycle_random,5000,28,SCAD,0.991929981944776,0.8,0.8200000000000001,0.6783333333333333,0,1
cycle_random,5000,29,lasso,0.7126607939264841,0.7272727272727273,0.8266666666666667,0.7483333333333333,0,1
cycle_random,5000,29,MCP,0.7126607939264841,0.8,0.8333333333333334,0.7616666666666667,0,1
cycle_random,5000,29,SCAD,0.7126607939264841,0.8,0.8333333333333334,0.7616666666666667,0,1
cycle_random,5000,30,lasso,0.6928492440771827,0.7272727272727273,0.8200000000000001,0.7333333333333334,0,1
cycle_random,5000,30,MCP,0.6928492440771827,0.8,0.8333333333333334,0.7616666666666667,0,1
cycle_random,5000,30,SCAD,0.6928492440771827,0.8,0.8333333333333334,0.7616666666666667,0,1
cycle_random,5000,31,lasso,0.8189809127908778,0.6666666666666666,0.8066666666666668,0.7138095238095237,0,1
cycle_random,5000,31,MCP,0.8189809127908778,0.7272727272727273,0.8200000000000001,0.7333333333333334,0,1
cycle_random,5000,31,SCAD,0.8189809127908778,0.7272727272727273,0.8200000000000001,0.7333333333333334,0,1
cycle_random,5000,32,lasso,0.6923022250181472,0.6666666666666666,0.8133333333333335,0.7421428571428572,0,1
cycle_random,5000,32,MCP,0.6923022250181472,0.7272727272727273,0.8333333333333334,0.7816666666666667,0,1
cycle_random,5000,32,SCAD,0.6923022250181472,0.7272727272727273,0.8333333333333334,0.7816666666666667,0,1
cycle_random,5000,33,lasso,0.7735375744946031,0.8,0.8200000000000001,0.6783333333333332,0,1
cycle_random,5000,33,MCP,0.7735375744946031,0.8,0.8200000000000001,0.6783333333333332,0,1
cycle_random,5000,33,SCAD,0.7735375744946031,0.8,0.8200000000000001,0.6783333333333332,0,1
cycle_random,5000,34,lasso,0.6234565232352396,0.7272727272727273,0.8200000000000001,0.7333333333333334,0,1
cycle_random,5000,34,MCP,0.6234565232352396,0.7272727272727273,0.8200000000000001,0.7333333333333334,0,1
cycle_random,5000,34,SCAD,0.6234565232352396,0.7272727272727273,0.8200000000000001,0.7333333333333334,0,1
cycle_random,5000,35,lasso,0.7688673590872549,0.8,0.8333333333333334,0.7616666666666667,0,1
cycle_random,5000,35,MCP,0.7688673590872549,0.8,0.8333333333333334,0.7616666666666667,0,1
cycle_random,5000,35,SCAD,0.7688673590872549,0.8,0.8333333333333334,0.7616666666666667,0,1
cycle_random,5000,36,lasso,0.5910941396044027,0.7272727272727273,0.8066666666666668,0.7016666666666667,0,1
cycle_random,5000,36,MCP,0.5910941396044027,0.8,0.8266666666666667,0.7283333333333333,0,1
cycle_random,5000,36,SCAD,0.5910941396044027,0.8,0.8266666666666667,0.7283333333333333,0,1
cycle_random,5000,37,lasso,0.7881708770225482,0.8,0.8466666666666667,0.8200000000000001,0,1
cycle_random,5000,37,MCP,0.7881708770225482,0.8,0.8466666666666667,0.8200000000000001,0,1
cycle_random,5000,37,SCAD,0.7881708770225482,0.8,0.8466666666666667,0.8200000000000001,0,1
cycle_random,5000,38,lasso,0.7168697542685625,0.8,0.8333333333333334,0.77,0,1
cycle_random,5000,38,MCP,0.7168697542685625,0.7272727272727273,0.8200000000000001,0.7416666666666667,0,1
cycle_random,5000,38,SCAD,0.7168697542685625,0.7272727272727273,0.8200000000000001,0.7416666666666667,0,1
cycle_random,5000,39,lasso,0.9785118129584487,0.8,0.8200000000000001,0.6783333333333332,0,1
cycle_random,5000,39,MCP,0.9785118129584487,0.8,0.8200000000000001,0.6783333333333332,0,1
cycle_random,5000,39,SCAD,0.9785118129584487,0.8,0.8200000000000001,0.6783333333333332,0,1
cycle_random,5000,40,lasso,0.9540644057531134,0.7272727272727273,0.8066666666666668,0.6499999999999999,0,1
cycle_random,5000,40,MCP,0.9540644057531134,0.7272727272727273,0.8066666666666668,0.6499999999999999,0,1
cycle_random,5000,40,SCAD,0.9540644057531134,0.7272727272727273,0.8066666666666668,0.6499999999999999,0,1
cycle_random,5000,41,lasso,0.8040504077204852,0.8,0.8333333333333334,0.7616666666666667,0,1
cycle_random,5000,41,MCP,0.8040504077204852,0.7272727272727273,0.8266666666666667,0.7483333333333333,0,1
cycle_random,5000,41,SCAD,0.8040504077204852,0.7272727272727273,0.8266666666666667,0.7483333333333333,0,1
cycle_random,5000,42,lasso,0.9633483881918776,0.7272727272727273,0.8200000000000001,0.7333333333333334,0,1
cycle_random,5000,42,MCP,0.9633483881918776,0.7272727272727273,0.8266666666666667,0.7483333333333333,0,1
cycle_random,5000,42,SCAD,0.9633483881918776,0.7272727272727273,0.8266666666666667,0.7483333333333333,0,1
cycle_random,5000,43,lasso,0.9950298037661641,0.7272727272727273,0.7933333333333334,0.6183333333333334,0,1
cycle_random,5000,43,MCP,0.9950298037661641,0.7272727272727273,0.8066666666666668,0.6499999999999999,0,1
cycle_random,5000,43,SCAD,0.9950298037661641,0.7272727272727273,0.8066666666666668,0.6499999999999999,0,1
cycle_random,5000,44,lasso,0.9517279025348464,0.6666666666666666,0.8133333333333335,0.75,0,1
cycle_random,5000,44,MCP,0.9517279025348464,0.8,0.8400000000000001,0.7949999999999999,0,1
cycle_random,5000,44,SCAD,0.9517279025348464,0.8,0.8400000000000001,0.7949999999999999,0,1
cycle_random,5000,45,lasso,0.5444930268814436,0.6666666666666666,0.8,0.6988095238095238,0,1
cycle_random,5000,45,MCP,0.5444930268814436,0.7272727272727273,0.8200000000000001,0.7333333333333334,0,1
cycle_random,5000,45,SCAD,0.5444930268814436,0.7272727272727273,0.8200000000000001,0.7333333333333334,0,1
cycle_random,5000,46,lasso,0.6137491814937188,0.8,0.8333333333333334,0.7616666666666667,0,1
cycle_random,5000,46,MCP,0.6137491814937188,0.8,0.8333333333333334,0.7616666666666667,0,1
cycle_random,5000,46,SCAD,0.6137491814937188,0.8,0.8333333333333334,0.7616666666666667,0,1
cycle_random,5000,47,lasso,0.666646422811276,0.8,0.8333333333333334,0.7616666666666667,0,1
cycle_random,5000,47,MCP,0.666646422811276,0.8,0.8333333333333335,0.7616666666666667,0,1
cycle_random,5000,47,SCAD,0.666646422811276,0.8,0.8333333333333335,0.7616666666666667,0,1
cycle_random,5000,48,lasso,0.6888235343110852,0.75,0.8333333333333334,0.7916666666666667,0,0
cycle_random,5000,48,MCP,0.6888235343110852,0.8,0.8466666666666667,0.8200000000000001,0,1
cycle_random,5000,48,SCAD,0.6888235343110852,0.8,0.8466666666666667,0.8200000000000001,0,1
cycle_random,5000,49,lasso,0.706005766755376,0.8,0.8333333333333334,0.7616666666666667,0,1
cycle_random,5000,49,MCP,0.706005766755376,0.8,0.8333333333333334,0.7616666666666667,0,1
cycle_random,5000,49,SCAD,0.706005766755376,0.8,0.8333333333333334,0.7616666666666667,0,1
cycle_random,5000,50,lasso,0.688417294790789,0.8,0.8333333333333334,0.7616666666666667,0,1
cycle_random,5000,50,MCP,0.688417294790789,0.8,0.8333333333333334,0.7616666666666667,0,1
cycle_random,5000,50,SCAD,0.688417294790789,0.8,0.8333333333333334,0.7616666666666667,0,1
cycle_random,5000,51,lasso,0.6806228988465737,0.6666666666666666,0.8133333333333334,0.7238095238095237,0,1
cycle_random,5000,51,MCP,0.6806228988465737,0.6666666666666666,0.8133333333333334,0.7238095238095237,0,1
cycle_random,5000,51,SCAD,0.6806228988465737,0.7272727272727273,0.8133333333333334,0.7238095238095237,0,1
cycle_random,5000,52,lasso,0.9381626122443397,0.8,0.8333333333333335,0.7616666666666667,0,1
cycle_random,5000,52,MCP,0.9381626122443397,0.8,0.8333333333333335,0.7616666666666667,0,1
cycle_random,5000,52,SCAD,0.9381626122443397,0.8,0.8333333333333335,0.7616666666666667,0,1
cycle_random,5000,53,lasso,0.600898687971324,0.7272727272727273,0.8066666666666668,0.6499999999999999,0,1
cycle_random,5000,53,MCP,0.600898687971324,0.7272727272727273,0.8066666666666668,0.6499999999999999,0,1
cycle_random,5000,53,SCAD,0.600898687971324,0.7272727272727273,0.8066666666666668,0.6499999999999999,0,1
cycle_random,5000,54,lasso,0.7892011996434507,0.8,0.8333333333333334,0.7616666666666667,0,1
cycle_random,5000,54,MCP,0.7892011996434507,0.8,0.8333333333333334,0.7616666666666667,0,1
cycle_random,5000,54,SCAD,0.7892011996434507,0.8,0.8333333333333334,0.7616666666666667,0,1
cycle_random,5000,55,lasso,0.9010204381023343,0.8,0.8200000000000001,0.6783333333333333,0,1
cycle_random,5000,55,MCP,0.9010204381023343,0.8,0.8200000000000001,0.6783333333333333,0,1
cycle_random,5000,55,SCAD,0.9010204381023343,0.8,0.8200000000000001,0.6783333333333333,0,1
cycle_random,5000,56,lasso,0.9644933253999173,0.8,0.8200000000000001,0.6783333333333332,0,1
cycle_random,5000,56,MCP,0.9644933253999173,0.8,0.8200000000000001,0.6783333333333332,0,1
cycle_random,5000,56,SCAD,0.9644933253999173,0.8,0.8200000000000001,0.6783333333333332,0,1
cycle_random,5000,57,lasso,0.7399749569541227,0.8,0.8333333333333334,0.7616666666666667,0,1
cycle_random,5000,57,MCP,0.7399749569541227,0.8,0.8333333333333334,0.7616666666666667,0,1
cycle_random,5000,57,SCAD,0.7399749569541227,0.8,0.8333333333333334,0.7616666666666667,0,1
cycle_random,5000,58,lasso,0.594487143351002,0.8,0.8466666666666667,0.8200000000000001,0,1
cycle_random,5000,58,MCP,0.594487143351002,0.8,0.8466666666666667,0.8200000000000001,0,1
cycle_random,5000,58,SCAD,0.594487143351002,0.8,0.8466666666666667,0.8200000000000001,0,1
cycle_random,5000,59,lasso,0.5201274391125092,0.8,0.8333333333333334,0.7616666666666667,0,1
cycle_random,5000,59,MCP,0.5201274391125092,0.8,0.8333333333333334,0.7616666666666667,0,1
cycle_random,5000,59,SCAD,0.5201274391125092,0.8,0.8333333333333334,0.7616666666666667,0,1
cycle_random,5000,60,lasso,0.8341656483631545,0.8,0.8333333333333335,0.7616666666666667,0,1
cycle_random,5000,60,MCP,0.8341656483631545,0.8,0.8333333333333334,0.7616666666666667,0,1
cycle_random,5000,60,SCAD,0.8341656483631545,0.8,0.8333333333333334,0.7616666666666667,0,1
cycle_random,5000,61,lasso,0.6710125787825132,0.8,0.8333333333333334,0.7616666666666667,0,1
cycle_random,5000,61,MCP,0.6710125787825132,0.8,0.8333333333333334,0.7616666666666667,0,1
cycle_random,5000,61,SCAD,0.6710125787825132,0.8,0.8333333333333335,0.7616666666666667,0,1
cycle_random,5000,62,lasso,0.5788674153117441,0.8,0.8466666666666667,0.8200000000000001,0,1
cycle_random,5000,62,MCP,0.5788674153117441,0.8,0.8466666666666667,0.8200000000000001,0,1
cycle_random,5000,62,SCAD,0.5788674153117441,0.8,0.8466666666666667,0.8200000000000001,0,1
cycle_random,5000,63,lasso,0.9696966690470326,0.8,0.8133333333333335,0.6283333333333334,0,1
cycle_random,5000,63,MCP,0.9696966690470326,0.8,0.8133333333333335,0.6283333333333334,0,1
cycle_random,5000,63,SCAD,0.9696966690470326,0.8,0.8133333333333335,0.6283333333333334,0,1
cycle_random,5000,64,lasso,0.530318967852236,0.7272727272727273,0.8066666666666668,0.7016666666666667,0,1
cycle_random,5000,64,MCP,0.530318967852236,0.7272727272727273,0.8066666666666668,0.7016666666666667,0,1
cycle_random,5000,64,SCAD,0.530318967852236,0.7272727272727273,0.8066666666666668,0.7016666666666667,0,1
cycle_random,5000,65,lasso,0.9152919170391496,0.8,0.8333333333333334,0.7616666666666667,0,1
cycle_random,5000,65,MCP,0.9152919170391496,0.8,0.8333333333333334,0.7616666666666667,0,1
cycle_random,5000,65,SCAD,0.9152919170391496,0.8,0.8333333333333334,0.7616666666666667,0,1
cycle_random,5000,66,lasso,0.9623093778683043,0.8,0.8266666666666668,0.7283333333333333,0,1
cycle_random,5000,66,MCP,0.9623093778683043,0.8,0.8266666666666668,0.7283333333333333,0,1
cycle_random,5000,66,SCAD,0.9623093778683043,0.8,0.8266666666666668,0.7283333333333333,0,1
cycle_random,5000,67,lasso,0.6262913177453826,0.6666666666666666,0.78,0.6621428571428571,0,1
cycle_random,5000,67,MCP,0.6262913177453826,0.6666666666666666,0.7933333333333334,0.6821428571428572,0,1
cycle_random,5000,67,SCAD,0.6262913177453826,0.6666666666666666,0.7866666666666667,0.6721428571428572,0,1
cycle_random,5000,68,lasso,0.5997753418770824,0.8,0.8333333333333334,0.7616666666666667,0,1
cycle_random,5000,68,MCP,0.5997753418770824,0.8,0.8333333333333334,0.7616666666666667,0,1
cycle_random,5000,68,SCAD,0.5997753418770824,0.8,0.8333333333333334,0.7616666666666667,0,1
cycle_random,5000,69,lasso,0.6394650630451879,0.75,0.8266666666666668,0.782142857142857,0,0
cycle_random,5000,69,MCP,0.6394650630451879,0.75,0.8333333333333335,0.7916666666666667,0,0
cycle_random,5000,69,SCAD,0.6394650630451879,0.75,0.8333333333333335,0.7916666666666667,0,0
cycle_random,5000,70,lasso,0.6381466122519461,0.8,0.8400000000000001,0.7949999999999999,0,1
cycle_random,5000,70,MCP,0.6381466122519461,0.8,0.8400000000000001,0.7949999999999999,0,1
cycle_random,5000,70,SCAD,0.6381466122519461,0.8,0.8400000000000001,0.7949999999999999,0,1
cycle_random,5000,71,lasso,0.8030845030060676,0.8,0.8400000000000001,0.7949999999999999,0,1
cycle_random,5000,71,MCP,0.8030845030060676,0.8,0.8333333333333334,0.7616666666666667,0,1
cycle_random,5000,71,SCAD,0.8030845030060676,0.8,0.8333333333333335,0.7616666666666667,0,1
cycle_random,5000,72,lasso,0.8700407543747289,0.8,0.8200000000000001,0.6783333333333332,0,1
cycle_random,5000,72,MCP,0.8700407543747289,0.8,0.8200000000000001,0.6783333333333332,0,1
cycle_random,5000,72,SCAD,0.8700407543747289,0.8,0.8200000000000001,0.6783333333333332,0,1
cycle_random,5000,73,lasso,0.5652155116520101,0.8,0.8333333333333334,0.7616666666666667,0,1
cycle_random,5000,73,MCP,0.5652155116520101,0.8,0.8333333333333335,0.7616666666666667,0,1
cycle_random,5000,73,SCAD,0.5652155116520101,0.8,0.8333333333333335,0.7616666666666667,0,1
cycle_random,5000,74,lasso,0.9004042854481906,0.7272727272727273,0.8066666666666668,0.6499999999999999,0,1
cycle_random,5000,74,MCP,0.9004042854481906,0.6666666666666666,0.8,0.6404761904761904,0,1
cycle_random,5000,74,SCAD,0.9004042854481906,0.6666666666666666,0.8,0.6404761904761904,0,1
cycle_random,5000,75,lasso,0.7494993880988836,0.8,0.8333333333333334,0.7616666666666667,0,1
cycle_random,5000,75,MCP,0.7494993880988836,0.8,0.8333333333333334,0.7616666666666667,0,1
cycle_random,5000,75,SCAD,0.7494993880988836,0.8,0.8333333333333334,0.7616666666666667,0,1
cycle_random,5000,76,lasso,0.7032971613308796,0.8,0.8200000000000001,0.6783333333333332,0,1
cycle_random,5000,76,MCP,0.7032971613308796,0.8,0.8200000000000001,0.6783333333333332,0,1
cycle_random,5000,76,SCAD,0.7032971613308796,0.8,0.8200000000000001,0.6783333333333332,0,1
cycle_random,5000,77,lasso,0.6160024093593828,0.7272727272727273,0.8133333333333334,0.7183333333333333,0,1
cycle_random,5000,77,MCP,0.6160024093593828,0.8,0.8333333333333334,0.7616666666666667,0,1
cycle_random,5000,77,SCAD,0.6160024093593828,0.8,0.8333333333333334,0.7616666666666667,0,1
cycle_random,5000,78,lasso,0.6925256211954125,0.7272727272727273,0.8066666666666666,0.7016666666666667,0,1
cycle_random,5000,78,MCP,0.6925256211954125,0.8,0.8333333333333334,0.7616666666666667,0,1
cycle_random,5000,78,SCAD,0.6925256211954125,0.8,0.8333333333333334,0.7616666666666667,0,1
cycle_random,5000,79,lasso,0.5685923643759959,0.8,0.8200000000000001,0.6783333333333332,0,1
cycle_random,5000,79,MCP,0.5685923643759959,0.8,0.8200000000000001,0.6783333333333332,0,1
cycle_random,5000,79,SCAD,0.5685923643759959,0.8,0.8200000000000001,0.6783333333333332,0,1
cycle_random,5000,80,lasso,0.9142416577016692,0.6666666666666666,0.78,0.5988095238095239,0,1
cycle_random,5000,80,MCP,0.9142416577016692,0.7272727272727273,0.7933333333333334,0.6183333333333334,0,1
cycle_random,5000,80,SCAD,0.9142416577016692,0.7272727272727273,0.7933333333333334,0.6183333333333334,0,1
cycle_random,5000,81,lasso,0.9690795665666521,0.8,0.8200000000000001,0.6783333333333333,0,1
cycle_random,5000,81,MCP,0.9690795665666521,0.8,0.8200000000000001,0.6783333333333333,0,1
cycle_random,5000,81,SCAD,0.9690795665666521,0.8,0.8200000000000001,0.6783333333333333,0,1
cycle_random,5000,82,lasso,0.7326384015907541,0.8,0.8200000000000001,0.6783333333333332,0,1
cycle_random,5000,82,MCP,0.7326384015907541,0.8,0.8200000000000001,0.6783333333333332,0,1
cycle_random,5000,82,SCAD,0.7326384015907541,0.8,0.8200000000000001,0.6783333333333332,0,1
cycle_random,5000,83,lasso,0.6340117918015158,0.7272727272727273,0.8133333333333335,0.7,0,1
cycle_random,5000,83,MCP,0.6340117918015158,0.7272727272727273,0.8133333333333334,0.7,0,1
cycle_random,5000,83,SCAD,0.6340117918015158,0.7272727272727273,0.8133333333333334,0.7,0,1
cycle_random,5000,84,lasso,0.9538484782849159,0.6666666666666666,0.8,0.6404761904761904,0,1
cycle_random,5000,84,MCP,0.9538484782849159,0.6666666666666666,0.8,0.6404761904761904,0,1
cycle_random,5000,84,SCAD,0.9538484782849159,0.6666666666666666,0.7933333333333334,0.6304761904761904,0,1
cycle_random,5000,85,lasso,0.6290276894201214,0.7272727272727273,0.8200000000000001,0.7333333333333334,0,1
cycle_random,5000,85,MCP,0.6290276894201214,0.8,0.8333333333333334,0.7616666666666667,0,1
cycle_random,5000,85,SCAD,0.6290276894201214,0.7272727272727273,0.8266666666666667,0.7483333333333333,0,1
cycle_random,5000,86,lasso,0.5423168439167755,0.7272727272727273,0.8200000000000001,0.7516666666666667,0,1
cycle_random,5000,86,MCP,0.5423168439167755,0.6666666666666666,0.8066666666666668,0.7321428571428572,0,1
cycle_random,5000,86,SCAD,0.5423168439167755,0.6666666666666666,0.8133333333333335,0.7421428571428572,0,1
cycle_random,5000,87,lasso,0.6517847292646526,0.7272727272727273,0.78,0.585,0,1
cycle_random,5000,87,MCP,0.6517847292646526,0.7272727272727273,0.7866666666666667,0.6016666666666668,0,1
cycle_random,5000,87,SCAD,0.6517847292646526,0.7272727272727273,0.78,0.585,0,1
cycle_random,5000,88,lasso,0.5310507079368827,0.7272727272727273,0.8266666666666667,0.7666666666666666,0,1
cycle_random,5000,88,MCP,0.5310507079368827,0.7272727272727273,0.8333333333333334,0.7816666666666667,0,1
cycle_random,5000,88,SCAD,0.5310507079368827,0.7272727272727273,0.8333333333333334,0.7816666666666667,0,1
cycle_random,5000,89,lasso,0.7148633976008569,0.7272727272727273,0.8200000000000001,0.7333333333333334,0,1
cycle_random,5000,89,MCP,0.7148633976008569,0.8,0.8333333333333334,0.7616666666666667,0,1
cycle_random,5000,89,SCAD,0.7148633976008569,0.8,0.8333333333333334,0.7616666666666667,0,1
cycle_random,5000,90,lasso,0.5881099896313018,0.7272727272727273,0.8200000000000001,0.7333333333333334,0,1
cycle_random,5000,90,MCP,0.5881099896313018,0.7272727272727273,0.8200000000000001,0.7333333333333334,0,1
cycle_random,5000,90,SCAD,0.5881099896313018,0.7272727272727273,0.8200000000000001,0.7333333333333334,0,1
cycle_random,5000,91,lasso,0.8691443799351883,0.8,0.8266666666666668,0.7283333333333333,0,1
cycle_random,5000,91,MCP,0.8691443799351883,0.8,0.8333333333333334,0.7616666666666667,0,1
cycle_random,5000,91,SCAD,0.8691443799351883,0.8,0.8266666666666668,0.7283333333333333,0,1
cycle_random,5000,92,lasso,0.7680970545634669,0.8,0.8333333333333334,0.7616666666666667,0,1
cycle_random,5000,92,MCP,0.7680970545634669,0.8,0.8333333333333334,0.7616666666666667,0,1
cycle_random,5000,92,SCAD,0.7680970545634669,0.8,0.8333333333333334,0.7616666666666667,0,1
cycle_random,5000,93,lasso,0.6787989546140885,0.8,0.8333333333333334,0.7616666666666667,0,1
cycle_random,5000,93,MCP,0.6787989546140885,0.8,0.8333333333333335,0.7616666666666667,0,1
cycle_random,5000,93,SCAD,0.6787989546140885,0.8,0.8333333333333334,0.7616666666666667,0,1
cycle_random,5000,94,lasso,0.8194187567194147,0.7272727272727273,0.8133333333333335,0.7,0,1
cycle_random,5000,94,MCP,0.8194187567194147,0.7272727272727273,0.8200000000000001,0.7149999999999999,0,1
cycle_random,5000,94,SCAD,0.8194187567194147,0.7272727272727273,0.8200000000000001,0.7149999999999999,0,1
cycle_random,5000,95,lasso,0.9322534616948038,0.7272727272727273,0.8200000000000001,0.7333333333333334,0,1
cycle_random,5000,95,MCP,0.9322534616948038,0.8,0.8333333333333334,0.7616666666666667,0,1
cycle_random,5000,95,SCAD,0.9322534616948038,0.8,0.8333333333333334,0.7616666666666667,0,1
cycle_random,5000,96,lasso,0.7676039480580445,0.8,0.8200000000000001,0.6783333333333333,0,1
cycle_random,5000,96,MCP,0.7676039480580445,0.8,0.8200000000000001,0.6783333333333333,0,1
cycle_random,5000,96,SCAD,0.7676039480580445,0.8,0.8200000000000001,0.6783333333333333,0,1
cycle_random,5000,97,lasso,0.9345168349150932,0.7272727272727273,0.8133333333333335,0.7,0,1
cycle_random,5000,97,MCP,0.9345168349150932,0.7272727272727273,0.8133333333333335,0.7,0,1
cycle_random,5000,97,SCAD,0.9345168349150932,0.7272727272727273,0.8133333333333335,0.7,0,1
cycle_random,5000,98,lasso,0.5737573429311251,0.7272727272727273,0.8066666666666668,0.685,0,1
cycle_random,5000,98,MCP,0.5737573429311251,0.6666666666666666,0.8,0.6754761904761903,0,1
cycle_random,5000,98,SCAD,0.5737573429311251,0.6666666666666666,0.8,0.6754761904761903,0,1
cycle_random,5000,99,lasso,0.5685760435167564,0.7272727272727273,0.8266666666666667,0.7483333333333333,0,1
cycle_random,5000,99,MCP,0.5685760435167564,0.8,0.8333333333333335,0.7616666666666667,0,1
cycle_random,5000,99,SCAD,0.5685760435167564,0.8,0.8333333333333335,0.7616666666666667,0,1
cycle_random,10000.0,0,lasso,0.7544343634314952,0.8,0.8333333333333334,0.7616666666666667,0,1
cycle_random,10000.0,0,MCP,0.7544343634314952,0.8,0.8333333333333334,0.7616666666666667,0,1
cycle_random,10000.0,0,SCAD,0.7544343634314952,0.8,0.8333333333333334,0.7616666666666667,0,1
cycle_random,10000.0,1,lasso,0.937763403471379,0.7272727272727273,0.8266666666666667,0.7483333333333333,0,1
cycle_random,10000.0,1,MCP,0.937763403471379,0.8,0.8333333333333334,0.7616666666666667,0,1
cycle_random,10000.0,1,SCAD,0.937763403471379,0.8,0.8333333333333334,0.7616666666666667,0,1
cycle_random,10000.0,2,lasso,0.891183778023986,0.8,0.8266666666666668,0.7283333333333333,0,1
cycle_random,10000.0,2,MCP,0.891183778023986,0.8,0.8333333333333334,0.7616666666666667,0,1
cycle_random,10000.0,2,SCAD,0.891183778023986,0.8,0.8333333333333334,0.7616666666666667,0,1
cycle_random,10000.0,3,lasso,0.6502926933354298,0.8,0.8266666666666668,0.7283333333333333,0,1
cycle_random,10000.0,3,MCP,0.6502926933354298,0.8,0.8266666666666668,0.7283333333333333,0,1
cycle_random,10000.0,3,SCAD,0.6502926933354298,0.8,0.8266666666666667,0.7283333333333333,0,1
cycle_random,10000.0,4,lasso,0.5779142724916503,0.8,0.8333333333333334,0.7616666666666667,0,1
cycle_random,10000.0,4,MCP,0.5779142724916503,0.8,0.8333333333333334,0.7616666666666667,0,1
cycle_random,10000.0,4,SCAD,0.5779142724916503,0.8,0.8333333333333334,0.7616666666666667,0,1
cycle_random,10000.0,5,lasso,0.5539048456045169,0.8,0.8333333333333334,0.7616666666666667,0,1
cycle_random,10000.0,5,MCP,0.5539048456045169,0.8,0.8333333333333334,0.7616666666666667,0,1
cycle_random,10000.0,5,SCAD,0.5539048456045169,0.8,0.8333333333333334,0.7616666666666667,0,1
cycle_random,10000.0,6,lasso,0.6566353581475177,0.8,0.8333333333333334,0.7616666666666667,0,1
cycle_random,10000.0,6,MCP,0.6566353581475177,0.8,0.8333333333333334,0.7616666666666667,0,1
cycle_random,10000.0,6,SCAD,0.6566353581475177,0.8,0.8333333333333334,0.7616666666666667,0,1
cycle_random,10000.0,7,lasso,0.7124909188286447,0.8,0.8333333333333334,0.7616666666666667,0,1
cycle_random,10000.0,7,MCP,0.7124909188286447,0.8,0.8333333333333334,0.7616666666666667,0,1
cycle_random,10000.0,7,SCAD,0.7124909188286447,0.8,0.8333333333333334,0.7616666666666667,0,1
cycle_random,10000.0,8,lasso,0.7926612498413134,0.8,0.8266666666666667,0.7283333333333333,0,1
cycle_random,10000.0,8,MCP,0.7926612498413134,0.8,0.8266666666666668,0.7283333333333333,0,1
cycle_random,10000.0,8,SCAD,0.7926612498413134,0.8,0.8266666666666667,0.7283333333333333,0,1
cycle_random,10000.0,9,lasso,0.5637942458063424,0.8,0.8333333333333334,0.7616666666666667,0,1
cycle_random,10000.0,9,MCP,0.5637942458063424,0.8,0.8333333333333334,0.7616666666666667,0,1
cycle_random,10000.0,9,SCAD,0.5637942458063424,0.8,0.8333333333333334,0.7616666666666667,0,1
cycle_random,10000.0,10,lasso,0.8423769881248955,0.8,0.8200000000000001,0.6783333333333332,0,1
cycle_random,10000.0,10,MCP,0.8423769881248955,0.8,0.8200000000000001,0.6783333333333332,0,1
cycle_random,10000.0,10,SCAD,0.8423769881248955,0.8,0.8200000000000001,0.6783333333333332,0,1
cycle_random,10000.0,11,lasso,0.5509169312835852,0.7272727272727273,0.8200000000000001,0.7333333333333334,0,1
cycle_random,10000.0,11,MCP,0.5509169312835852,0.8,0.8333333333333335,0.7616666666666667,0,1
cycle_random,10000.0,11,SCAD,0.5509169312835852,0.8,0.8333333333333335,0.7616666666666667,0,1
cycle_random,10000.0,12,lasso,0.625925991128502,0.8,0.8466666666666667,0.7994444444444444,0,1
cycle_random,10000.0,12,MCP,0.625925991128502,0.8,0.8466666666666668,0.7994444444444444,0,1
cycle_random,10000.0,12,SCAD,0.625925991128502,0.8,0.8466666666666668,0.7994444444444444,0,1
cycle_random,10000.0,13,lasso,0.9839074860909824,0.6666666666666666,0.8133333333333335,0.7238095238095237,0,1
cycle_random,10000.0,13,MCP,0.9839074860909824,0.8,0.8333333333333334,0.7616666666666667,0,1
cycle_random,10000.0,13,SCAD,0.9839074860909824,0.8,0.8333333333333334,0.7616666666666667,0,1
cycle_random,10000.0,14,lasso,0.8172887858180419,0.8,0.8333333333333334,0.7616666666666667,0,1
cycle_random,10000.0,14,MCP,0.8172887858180419,0.8,0.8333333333333334,0.7616666666666667,0,1
cycle_random,10000.0,14,SCAD,0.8172887858180419,0.8,0.8333333333333334,0.7616666666666667,0,1
cycle_random,10000.0,15,lasso,0.5562417815918486,0.8,0.8400000000000001,0.7949999999999999,0,1
cycle_random,10000.0,15,MCP,0.5562417815918486,0.8,0.8400000000000001,0.7949999999999999,0,1
cycle_random,10000.0,15,SCAD,0.5562417815918486,0.8,0.8400000000000001,0.7949999999999999,0,1
cycle_random,10000.0,16,lasso,0.8819103351638118,0.8,0.8333333333333334,0.7616666666666667,0,1
cycle_random,10000.0,16,MCP,0.8819103351638118,0.8,0.8333333333333334,0.7616666666666667,0,1
cycle_random,10000.0,16,SCAD,0.8819103351638118,0.8,0.8333333333333334,0.7616666666666667,0,1
cycle_random,10000.0,17,lasso,0.8218555878497842,0.8,0.8333333333333334,0.7616666666666667,0,1
cycle_random,10000.0,17,MCP,0.8218555878497842,0.8,0.8333333333333334,0.7616666666666667,0,1
cycle_random,10000.0,17,SCAD,0.8218555878497842,0.8,0.8333333333333334,0.7616666666666667,0,1
cycle_random,10000.0,18,lasso,0.9618865743505284,0.8,0.8200000000000001,0.6783333333333332,0,1
cycle_random,10000.0,18,MCP,0.9618865743505284,0.8,0.8200000000000001,0.6783333333333332,0,1
cycle_random,10000.0,18,SCAD,0.9618865743505284,0.8,0.8200000000000001,0.6783333333333332,0,1
cycle_random,10000.0,19,lasso,0.7990904935599934,0.8,0.8200000000000001,0.6783333333333333,0,1
cycle_random,10000.0,19,MCP,0.7990904935599934,0.8,0.8200000000000001,0.6783333333333333,0,1
cycle_random,10000.0,19,SCAD,0.7990904935599934,0.8,0.8200000000000001,0.6783333333333333,0,1
cycle_random,10000.0,20,lasso,0.9807266808793049,0.8,0.8333333333333334,0.7616666666666667,0,1
cycle_random,10000.0,20,MCP,0.9807266808793049,0.8,0.8333333333333334,0.7616666666666667,0,1
cycle_random,10000.0,20,SCAD,0.9807266808793049,0.8,0.8333333333333334,0.7616666666666667,0,1
cycle_random,10000.0,21,lasso,0.9214080781247138,0.8,0.8200000000000001,0.6783333333333332,0,1
cycle_random,10000.0,21,MCP,0.9214080781247138,0.8,0.8200000000000001,0.6783333333333332,0,1
cycle_random,10000.0,21,SCAD,0.9214080781247138,0.8,0.8200000000000001,0.6783333333333332,0,1
cycle_random,10000.0,22,lasso,0.6864799469922878,0.8,0.8333333333333334,0.7616666666666667,0,1
cycle_random,10000.0,22,MCP,0.6864799469922878,0.8,0.8333333333333334,0.7616666666666667,0,1
cycle_random,10000.0,22,SCAD,0.6864799469922878,0.8,0.8333333333333334,0.7616666666666667,0,1
cycle_random,10000.0,23,lasso,0.9124395115864319,0.8,0.8200000000000001,0.6783333333333332,0,1
cycle_random,10000.0,23,MCP,0.9124395115864319,0.8,0.8266666666666668,0.7283333333333333,0,1
cycle_random,10000.0,23,SCAD,0.9124395115864319,0.8,0.8266666666666668,0.7283333333333333,0,1
cycle_random,10000.0,24,lasso,0.8104503960758924,0.8,0.8200000000000001,0.6783333333333332,0,1
cycle_random,10000.0,24,MCP,0.8104503960758924,0.8,0.8200000000000001,0.6783333333333332,0,1
cycle_random,10000.0,24,SCAD,0.8104503960758924,0.8,0.8200000000000001,0.6783333333333332,0,1
cycle_random,10000.0,25,lasso,0.7659934965065618,0.7272727272727273,0.8,0.635,0,1
cycle_random,10000.0,25,MCP,0.7659934965065618,0.8,0.8200000000000001,0.6783333333333332,0,1
cycle_random,10000.0,25,SCAD,0.7659934965065618,0.8,0.8200000000000001,0.6783333333333332,0,1
cycle_random,10000.0,26,lasso,0.7956091590512193,0.8,0.8333333333333334,0.7616666666666667,0,1
cycle_random,10000.0,26,MCP,0.7956091590512193,0.8,0.8333333333333335,0.7616666666666667,0,1
cycle_random,10000.0,26,SCAD,0.7956091590512193,0.8,0.8333333333333335,0.7616666666666667,0,1
cycle_random,10000.0,27,lasso,0.7516253929783319,0.8,0.8333333333333334,0.7616666666666667,0,1
cycle_random,10000.0,27,MCP,0.7516253929783319,0.8,0.8333333333333334,0.7616666666666667,0,1
cycle_random,10000.0,27,SCAD,0.7516253929783319,0.8,0.8333333333333334,0.7616666666666667,0,1
cycle_random,10000.0,28,lasso,0.8751289768387516,0.8,0.8266666666666667,0.7283333333333333,0,1
cycle_random,10000.0,28,MCP,0.8751289768387516,0.8,0.8266666666666667,0.7283333333333333,0,1
cycle_random,10000.0,28,SCAD,0.8751289768387516,0.8,0.8266666666666667,0.7283333333333333,0,1
cycle_random,10000.0,29,lasso,0.876345245171102,0.8,0.8266666666666668,0.7283333333333333,0,1
cycle_random,10000.0,29,MCP,0.876345245171102,0.8,0.8266666666666668,0.7283333333333333,0,1
cycle_random,10000.0,29,SCAD,0.876345245171102,0.8,0.8266666666666668,0.7283333333333333,0,1
cycle_random,10000.0,30,lasso,0.8345024768960823,0.8,0.8333333333333335,0.7616666666666667,0,1
cycle_random,10000.0,30,MCP,0.8345024768960823,0.8,0.8333333333333334,0.7616666666666667,0,1
cycle_random,10000.0,30,SCAD,0.8345024768960823,0.8,0.8333333333333334,0.7616666666666667,0,1
cycle_random,10000.0,31,lasso,0.7010589961385808,0.8,0.8333333333333334,0.7616666666666667,0,1
cycle_random,10000.0,31,MCP,0.7010589961385808,0.8,0.8333333333333334,0.7616666666666667,0,1
cycle_random,10000.0,31,SCAD,0.7010589961385808,0.8,0.8333333333333334,0.7616666666666667,0,1
cycle_random,10000.0,32,lasso,0.927258678915601,0.8,0.8200000000000001,0.6783333333333333,0,1
cycle_random,10000.0,32,MCP,0.927258678915601,0.7272727272727273,0.8066666666666668,0.6499999999999999,0,1
cycle_random,10000.0,32,SCAD,0.927258678915601,0.7272727272727273,0.8066666666666668,0.6499999999999999,0,1
cycle_random,10000.0,33,lasso,0.7543800263135658,0.8,0.8333333333333334,0.7583333333333333,0,1
cycle_random,10000.0,33,MCP,0.7543800263135658,0.8,0.8333333333333334,0.7583333333333333,0,1
cycle_random,10000.0,33,SCAD,0.7543800263135658,0.8,0.8333333333333334,0.7583333333333333,0,1
cycle_random,10000.0,34,lasso,0.9497967166302215,0.8,0.8266666666666668,0.7283333333333333,0,1
cycle_random,10000.0,34,MCP,0.9497967166302215,0.8,0.8266666666666668,0.7283333333333333,0,1
cycle_random,10000.0,34,SCAD,0.9497967166302215,0.8,0.8266666666666668,0.7283333333333333,0,1
cycle_random,10000.0,35,lasso,0.8235018741422213,0.8,0.8266666666666667,0.7283333333333333,0,1
cycle_random,10000.0,35,MCP,0.8235018741422213,0.8,0.8266666666666668,0.7283333333333333,0,1
cycle_random,10000.0,35,SCAD,0.8235018741422213,0.8,0.8266666666666668,0.7283333333333333,0,1
cycle_random,10000.0,36,lasso,0.503918149802636,0.8,0.8466666666666667,0.8200000000000001,0,1
cycle_random,10000.0,36,MCP,0.503918149802636,0.8,0.8466666666666667,0.8200000000000001,0,1
cycle_random,10000.0,36,SCAD,0.503918149802636,0.8,0.8466666666666667,0.8200000000000001,0,1
cycle_random,10000.0,37,lasso,0.7266087734208719,0.8,0.8200000000000001,0.6783333333333333,0,1
cycle_random,10000.0,37,MCP,0.7266087734208719,0.8,0.8200000000000001,0.6783333333333333,0,1
cycle_random,10000.0,37,SCAD,0.7266087734208719,0.8,0.8200000000000001,0.6783333333333333,0,1
cycle_random,10000.0,38,lasso,0.6370549459816837,0.8,0.8333333333333335,0.7616666666666667,0,1
cycle_random,10000.0,38,MCP,0.6370549459816837,0.8,0.8333333333333334,0.7616666666666667,0,1
cycle_random,10000.0,38,SCAD,0.6370549459816837,0.8,0.8333333333333334,0.7616666666666667,0,1
cycle_random,10000.0,39,lasso,0.9490353443125508,0.8,0.8333333333333334,0.7616666666666667,0,1
cycle_random,10000.0,39,MCP,0.9490353443125508,0.8,0.8333333333333334,0.7616666666666667,0,1
cycle_random,10000.0,39,SCAD,0.9490353443125508,0.8,0.8333333333333334,0.7616666666666667,0,1
cycle_random,10000.0,40,lasso,0.9198352954705536,0.8,0.8333333333333334,0.7616666666666667,0,1
cycle_random,10000.0,40,MCP,0.9198352954705536,0.8,0.8333333333333334,0.7616666666666667,0,1
cycle_random,10000.0,40,SCAD,0.9198352954705536,0.8,0.8333333333333335,0.7616666666666667,0,1
cycle_random,10000.0,41,lasso,0.7596046234007255,0.8,0.8333333333333334,0.7616666666666667,0,1
cycle_random,10000.0,41,MCP,0.7596046234007255,0.8,0.8333333333333334,0.7616666666666667,0,1
cycle_random,10000.0,41,SCAD,0.7596046234007255,0.8,0.8333333333333334,0.7616666666666667,0,1
cycle_random,10000.0,42,lasso,0.6780736087361058,0.8,0.8333333333333334,0.7616666666666667,0,1
cycle_random,10000.0,42,MCP,0.6780736087361058,0.8,0.8333333333333334,0.7616666666666667,0,1
cycle_random,10000.0,42,SCAD,0.6780736087361058,0.8,0.8333333333333334,0.7616666666666667,0,1
cycle_random,10000.0,43,lasso,0.887985193382208,0.8,0.8200000000000001,0.6783333333333332,0,1
cycle_random,10000.0,43,MCP,0.887985193382208,0.8,0.8200000000000001,0.6783333333333332,0,1
cycle_random,10000.0,43,SCAD,0.887985193382208,0.8,0.8200000000000001,0.6783333333333332,0,1
cycle_random,10000.0,44,lasso,0.7446126711215619,0.8,0.8333333333333334,0.7616666666666667,0,1
cycle_random,10000.0,44,MCP,0.7446126711215619,0.8,0.8333333333333334,0.7616666666666667,0,1
cycle_random,10000.0,44,SCAD,0.7446126711215619,0.8,0.8333333333333334,0.7616666666666667,0,1
cycle_random,10000.0,45,lasso,0.777538301203724,0.8,0.8333333333333334,0.7616666666666667,0,1
cycle_random,10000.0,45,MCP,0.777538301203724,0.8,0.8333333333333335,0.7616666666666667,0,1
cycle_random,10000.0,45,SCAD,0.777538301203724,0.8,0.8333333333333334,0.7616666666666667,0,1
cycle_random,10000.0,46,lasso,0.5502366430060572,0.8,0.8333333333333334,0.7616666666666667,0,1
cycle_random,10000.0,46,MCP,0.5502366430060572,0.8,0.8333333333333334,0.7616666666666667,0,1
cycle_random,10000.0,46,SCAD,0.5502366430060572,0.8,0.8333333333333334,0.7616666666666667,0,1
cycle_random,10000.0,47,lasso,0.8663935304988175,0.7272727272727273,0.8133333333333334,0.7183333333333333,0,1
cycle_random,10000.0,47,MCP,0.8663935304988175,0.8,0.8333333333333334,0.7616666666666667,0,1
cycle_random,10000.0,47,SCAD,0.8663935304988175,0.8,0.8333333333333334,0.7616666666666667,0,1
cycle_random,10000.0,48,lasso,0.9934575123041032,0.7272727272727273,0.8066666666666668,0.7016666666666667,0,1
cycle_random,10000.0,48,MCP,0.9934575123041032,0.7272727272727273,0.8200000000000001,0.7333333333333334,0,1
cycle_random,10000.0,48,SCAD,0.9934575123041032,0.7272727272727273,0.8200000000000001,0.7333333333333334,0,1
cycle_random,10000.0,49,lasso,0.7821847284813042,0.8,0.8266666666666668,0.7283333333333333,0,1
cycle_random,10000.0,49,MCP,0.7821847284813042,0.8,0.8266666666666668,0.7283333333333333,0,1
cycle_random,10000.0,49,SCAD,0.7821847284813042,0.8,0.8266666666666668,0.7283333333333333,0,1
cycle_random,10000.0,50,lasso,0.6862414453566155,0.8,0.8333333333333334,0.7616666666666667,0,1
cycle_random,10000.0,50,MCP,0.6862414453566155,0.8,0.8333333333333334,0.7616666666666667,0,1
cycle_random,10000.0,50,SCAD,0.6862414453566155,0.8,0.8333333333333334,0.7616666666666667,0,1
cycle_random,10000.0,51,lasso,0.6452654270071889,0.8,0.8333333333333334,0.7616666666666667,0,1
cycle_random,10000.0,51,MCP,0.6452654270071889,0.8,0.8333333333333334,0.7616666666666667,0,1
cycle_random,10000.0,51,SCAD,0.6452654270071889,0.8,0.8333333333333334,0.7616666666666667,0,1
cycle_random,10000.0,52,lasso,0.9234063597369438,0.8,0.8333333333333334,0.7616666666666667,0,1
cycle_random,10000.0,52,MCP,0.9234063597369438,0.8,0.8333333333333334,0.7616666666666667,0,1
cycle_random,10000.0,52,SCAD,0.9234063597369438,0.8,0.8333333333333334,0.7616666666666667,0,1
cycle_random,10000.0,53,lasso,0.5577240748935116,0.6666666666666666,0.8200000000000001,0.7571428571428571,0,1
cycle_random,10000.0,53,MCP,0.5577240748935116,0.8,0.8400000000000001,0.7949999999999999,0,1
cycle_random,10000.0,53,SCAD,0.5577240748935116,0.7272727272727273,0.8333333333333334,0.7816666666666667,0,1
cycle_random,10000.0,54,lasso,0.6068266743280286,0.8,0.8400000000000001,0.7949999999999999,0,1
cycle_random,10000.0,54,MCP,0.6068266743280286,0.8,0.8400000000000001,0.7949999999999999,0,1
cycle_random,10000.0,54,SCAD,0.6068266743280286,0.8,0.8400000000000001,0.7949999999999999,0,1
cycle_random,10000.0,55,lasso,0.8559504870696419,0.8,0.8266666666666668,0.7283333333333333,0,1
cycle_random,10000.0,55,MCP,0.8559504870696419,0.8,0.8266666666666667,0.7283333333333333,0,1
cycle_random,10000.0,55,SCAD,0.8559504870696419,0.8,0.8266666666666667,0.7283333333333333,0,1
cycle_random,10000.0,56,lasso,0.6079543998800157,0.8,0.8466666666666667,0.8200000000000001,0,1
cycle_random,10000.0,56,MCP,0.6079543998800157,0.8,0.8466666666666668,0.8200000000000001,0,1
cycle_random,10000.0,56,SCAD,0.6079543998800157,0.8,0.8466666666666668,0.8200000000000001,0,1
cycle_random,10000.0,57,lasso,0.9291119581791287,0.7272727272727273,0.8133333333333334,0.6649999999999999,0,1
cycle_random,10000.0,57,MCP,0.9291119581791287,0.8,0.8200000000000001,0.6783333333333332,0,1
cycle_random,10000.0,57,SCAD,0.9291119581791287,0.8,0.8200000000000001,0.6783333333333332,0,1
cycle_random,10000.0,58,lasso,0.6297147782292676,0.8,0.8333333333333335,0.7616666666666667,0,1
cycle_random,10000.0,58,MCP,0.6297147782292676,0.8,0.8333333333333334,0.7616666666666667,0,1
cycle_random,10000.0,58,SCAD,0.6297147782292676,0.8,0.8333333333333334,0.7616666666666667,0,1
cycle_random,10000.0,59,lasso,0.6977353108370483,0.8,0.8333333333333334,0.7616666666666667,0,1
cycle_random,10000.0,59,MCP,0.6977353108370483,0.8,0.8333333333333334,0.7616666666666667,0,1
cycle_random,10000.0,59,SCAD,0.6977353108370483,0.8,0.8333333333333334,0.7616666666666667,0,1
cycle_random,10000.0,60,lasso,0.714125059600295,0.8,0.8333333333333334,0.7616666666666667,0,1
cycle_random,10000.0,60,MCP,0.714125059600295,0.8,0.8333333333333335,0.7616666666666667,0,1
cycle_random,10000.0,60,SCAD,0.714125059600295,0.8,0.8333333333333335,0.7616666666666667,0,1
cycle_random,10000.0,61,lasso,0.9178584250803407,0.8,0.8333333333333334,0.7616666666666667,0,1
cycle_random,10000.0,61,MCP,0.9178584250803407,0.8,0.8333333333333334,0.7616666666666667,0,1
cycle_random,10000.0,61,SCAD,0.9178584250803407,0.8,0.8333333333333334,0.7616666666666667,0,1
cycle_random,10000.0,62,lasso,0.7558629083807407,0.8,0.8400000000000001,0.7661111111111112,0,1
cycle_random,10000.0,62,MCP,0.7558629083807407,0.8,0.8400000000000001,0.7661111111111112,0,1
cycle_random,10000.0,62,SCAD,0.7558629083807407,0.8,0.8400000000000001,0.7661111111111112,0,1
cycle_random,10000.0,63,lasso,0.7628172575110692,0.8,0.8266666666666668,0.7283333333333333,0,1
cycle_random,10000.0,63,MCP,0.7628172575110692,0.8,0.8266666666666667,0.7283333333333333,0,1
cycle_random,10000.0,63,SCAD,0.7628172575110692,0.8,0.8266666666666667,0.7283333333333333,0,1
cycle_random,10000.0,64,lasso,0.9250485721589498,0.8,0.8200000000000001,0.6783333333333332,0,1
cycle_random,10000.0,64,MCP,0.9250485721589498,0.8,0.8200000000000001,0.6783333333333332,0,1
cycle_random,10000.0,64,SCAD,0.9250485721589498,0.8,0.8200000000000001,0.6783333333333332,0,1
cycle_random,10000.0,65,lasso,0.5036071088033383,0.8,0.8333333333333335,0.7616666666666667,0,1
cycle_random,10000.0,65,MCP,0.5036071088033383,0.8,0.8333333333333335,0.7616666666666667,0,1
cycle_random,10000.0,65,SCAD,0.5036071088033383,0.8,0.8333333333333335,0.7616666666666667,0,1
cycle_random,10000.0,66,lasso,0.5970853876398154,0.8,0.8466666666666667,0.8200000000000001,0,1
cycle_random,10000.0,66,MCP,0.5970853876398154,0.8,0.8466666666666667,0.8200000000000001,0,1
cycle_random,10000.0,66,SCAD,0.5970853876398154,0.8,0.8466666666666667,0.8200000000000001,0,1
cycle_random,10000.0,67,lasso,0.6996094054720619,0.7272727272727273,0.8266666666666668,0.7483333333333333,0,1
cycle_random,10000.0,67,MCP,0.6996094054720619,0.8,0.8333333333333334,0.7616666666666667,0,1
cycle_random,10000.0,67,SCAD,0.6996094054720619,0.8,0.8333333333333334,0.7616666666666667,0,1
cycle_random,10000.0,68,lasso,0.7398125635012389,0.8,0.8333333333333334,0.7616666666666667,0,1
cycle_random,10000.0,68,MCP,0.7398125635012389,0.7272727272727273,0.8200000000000001,0.7333333333333334,0,1
cycle_random,10000.0,68,SCAD,0.7398125635012389,0.7272727272727273,0.8200000000000001,0.7333333333333334,0,1
cycle_random,10000.0,69,lasso,0.5895641993003926,0.8,0.8333333333333335,0.7616666666666667,0,1
cycle_random,10000.0,69,MCP,0.5895641993003926,0.8,0.8333333333333334,0.7616666666666667,0,1
cycle_random,10000.0,69,SCAD,0.5895641993003926,0.8,0.8333333333333334,0.7616666666666667,0,1
cycle_random,10000.0,70,lasso,0.7211412443549041,0.8,0.8333333333333334,0.7616666666666667,0,1
cycle_random,10000.0,70,MCP,0.7211412443549041,0.8,0.8333333333333335,0.7616666666666667,0,1
cycle_random,10000.0,70,SCAD,0.7211412443549041,0.8,0.8333333333333335,0.7616666666666667,0,1
cycle_random,10000.0,71,lasso,0.7000968004934092,0.8,0.8333333333333334,0.7616666666666667,0,1
cycle_random,10000.0,71,MCP,0.7000968004934092,0.8,0.8333333333333334,0.7616666666666667,0,1
cycle_random,10000.0,71,SCAD,0.7000968004934092,0.8,0.8333333333333334,0.7616666666666667,0,1
cycle_random,10000.0,72,lasso,0.533418644722485,0.7272727272727273,0.8066666666666668,0.7016666666666667,0,1
cycle_random,10000.0,72,MCP,0.533418644722485,0.7272727272727273,0.8066666666666668,0.7016666666666667,0,1
cycle_random,10000.0,72,SCAD,0.533418644722485,0.7272727272727273,0.8066666666666668,0.7016666666666667,0,1
cycle_random,10000.0,73,lasso,0.9032333651789834,0.8,0.8200000000000001,0.6783333333333332,0,1
cycle_random,10000.0,73,MCP,0.9032333651789834,0.8,0.8200000000000001,0.6783333333333332,0,1
cycle_random,10000.0,73,SCAD,0.9032333651789834,0.8,0.8200000000000001,0.6783333333333332,0,1
cycle_random,10000.0,74,lasso,0.6143700758900537,0.8,0.8333333333333335,0.7616666666666667,0,1
cycle_random,10000.0,74,MCP,0.6143700758900537,0.8,0.8333333333333334,0.7616666666666667,0,1
cycle_random,10000.0,74,SCAD,0.6143700758900537,0.8,0.8333333333333334,0.7616666666666667,0,1
cycle_random,10000.0,75,lasso,0.7873153716103378,0.8,0.8333333333333334,0.7616666666666667,0,1
cycle_random,10000.0,75,MCP,0.7873153716103378,0.8,0.8333333333333334,0.7616666666666667,0,1
cycle_random,10000.0,75,SCAD,0.7873153716103378,0.8,0.8333333333333334,0.7616666666666667,0,1
cycle_random,10000.0,76,lasso,0.6245626884040463,0.8,0.8533333333333334,0.845,0,1
cycle_random,10000.0,76,MCP,0.6245626884040463,0.8,0.8533333333333334,0.845,0,1
cycle_random,10000.0,76,SCAD,0.6245626884040463,0.8,0.8533333333333334,0.845,0,1
cycle_random,10000.0,77,lasso,0.5495816349412117,0.8,0.8333333333333334,0.7616666666666667,0,1
cycle_random,10000.0,77,MCP,0.5495816349412117,0.8,0.8333333333333334,0.7616666666666667,0,1
cycle_random,10000.0,77,SCAD,0.5495816349412117,0.8,0.8333333333333334,0.7616666666666667,0,1
cycle_random,10000.0,78,lasso,0.5045094160954546,0.7272727272727273,0.8200000000000001,0.7333333333333334,0,1
cycle_random,10000.0,78,MCP,0.5045094160954546,0.8,0.8333333333333335,0.7616666666666667,0,1
cycle_random,10000.0,78,SCAD,0.5045094160954546,0.8,0.8333333333333335,0.7616666666666667,0,1
cycle_random,10000.0,79,lasso,0.7915933689303478,0.8,0.8333333333333334,0.7616666666666667,0,1
cycle_random,10000.0,79,MCP,0.7915933689303478,0.8,0.8333333333333334,0.7616666666666667,0,1
cycle_random,10000.0,79,SCAD,0.7915933689303478,0.8,0.8333333333333334,0.7616666666666667,0,1
cycle_random,10000.0,80,lasso,0.7043658853754109,0.8,0.8333333333333335,0.7616666666666667,0,1
cycle_random,10000.0,80,MCP,0.7043658853754109,0.8,0.8333333333333334,0.7616666666666667,0,1
cycle_random,10000.0,80,SCAD,0.7043658853754109,0.8,0.8333333333333334,0.7616666666666667,0,1
cycle_random,10000.0,81,lasso,0.7703126465172674,0.8,0.8333333333333334,0.7616666666666667,0,1
cycle_random,10000.0,81,MCP,0.7703126465172674,0.8,0.8333333333333334,0.7616666666666667,0,1
cycle_random,10000.0,81,SCAD,0.7703126465172674,0.8,0.8333333333333334,0.7616666666666667,0,1
cycle_random,10000.0,82,lasso,0.6494189100002529,0.8,0.8333333333333334,0.7616666666666667,0,1
cycle_random,10000.0,82,MCP,0.6494189100002529,0.8,0.8333333333333334,0.7616666666666667,0,1
cycle_random,10000.0,82,SCAD,0.6494189100002529,0.8,0.8333333333333334,0.7616666666666667,0,1
cycle_random,10000.0,83,lasso,0.972591476822982,0.8,0.8333333333333334,0.7616666666666667,0,1
cycle_random,10000.0,83,MCP,0.972591476822982,0.8,0.8333333333333334,0.7616666666666667,0,1
cycle_random,10000.0,83,SCAD,0.972591476822982,0.8,0.8333333333333334,0.7616666666666667,0,1
cycle_random,10000.0,84,lasso,0.6282794604824247,0.8,0.8400000000000001,0.7949999999999999,0,1
cycle_random,10000.0,84,MCP,0.6282794604824247,0.8,0.8400000000000001,0.7949999999999999,0,1
cycle_random,10000.0,84,SCAD,0.6282794604824247,0.8,0.8400000000000001,0.7949999999999999,0,1
cycle_random,10000.0,85,lasso,0.9327750521340437,0.8,0.8266666666666668,0.7283333333333333,0,1
cycle_random,10000.0,85,MCP,0.9327750521340437,0.8,0.8266666666666667,0.7283333333333333,0,1
cycle_random,10000.0,85,SCAD,0.9327750521340437,0.8,0.8266666666666667,0.7283333333333333,0,1
cycle_random,10000.0,86,lasso,0.8395356188062391,0.7272727272727273,0.8066666666666668,0.6499999999999999,0,1
cycle_random,10000.0,86,MCP,0.8395356188062391,0.8,0.8200000000000001,0.6783333333333333,0,1
cycle_random,10000.0,86,SCAD,0.8395356188062391,0.8,0.8200000000000001,0.6783333333333333,0,1
cycle_random,10000.0,87,lasso,0.805957756450329,0.8,0.8200000000000001,0.6783333333333333,0,1
cycle_random,10000.0,87,MCP,0.805957756450329,0.8,0.8200000000000001,0.6783333333333333,0,1
cycle_random,10000.0,87,SCAD,0.805957756450329,0.8,0.8200000000000001,0.6783333333333333,0,1
cycle_random,10000.0,88,lasso,0.5232806636305318,0.8,0.8333333333333334,0.7616666666666667,0,1
cycle_random,10000.0,88,MCP,0.5232806636305318,0.8,0.8333333333333334,0.7616666666666667,0,1
cycle_random,10000.0,88,SCAD,0.5232806636305318,0.8,0.8333333333333334,0.7616666666666667,0,1
cycle_random,10000.0,89,lasso,0.8494030898257962,0.8,0.8333333333333334,0.7616666666666667,0,1
cycle_random,10000.0,89,MCP,0.8494030898257962,0.8,0.8333333333333334,0.7616666666666667,0,1
cycle_random,10000.0,89,SCAD,0.8494030898257962,0.8,0.8333333333333334,0.7616666666666667,0,1
cycle_random,10000.0,90,lasso,0.6362258486075393,0.8,0.8333333333333335,0.7616666666666667,0,1
cycle_random,10000.0,90,MCP,0.6362258486075393,0.8,0.8333333333333335,0.7616666666666667,0,1
cycle_random,10000.0,90,SCAD,0.6362258486075393,0.8,0.8333333333333335,0.7616666666666667,0,1
cycle_random,10000.0,91,lasso,0.9858869434434361,0.8,0.8200000000000001,0.6783333333333332,0,1
cycle_random,10000.0,91,MCP,0.9858869434434361,0.8,0.8200000000000001,0.6783333333333332,0,1
cycle_random,10000.0,91,SCAD,0.9858869434434361,0.8,0.8200000000000001,0.6783333333333332,0,1
cycle_random,10000.0,92,lasso,0.6482499022128632,0.8,0.8333333333333335,0.7616666666666667,0,1
cycle_random,10000.0,92,MCP,0.6482499022128632,0.8,0.8333333333333334,0.7616666666666667,0,1
cycle_random,10000.0,92,SCAD,0.6482499022128632,0.8,0.8333333333333334,0.7616666666666667,0,1
cycle_random,10000.0,93,lasso,0.6864098894553361,0.8,0.8333333333333334,0.7616666666666667,0,1
cycle_random,10000.0,93,MCP,0.6864098894553361,0.8,0.8333333333333334,0.7616666666666667,0,1
cycle_random,10000.0,93,SCAD,0.6864098894553361,0.8,0.8333333333333335,0.7616666666666667,0,1
cycle_random,10000.0,94,lasso,0.7312977164285126,0.8,0.8333333333333335,0.7616666666666667,0,1
cycle_random,10000.0,94,MCP,0.7312977164285126,0.8,0.8333333333333334,0.7616666666666667,0,1
cycle_random,10000.0,94,SCAD,0.7312977164285126,0.8,0.8333333333333334,0.7616666666666667,0,1
cycle_random,10000.0,95,lasso,0.7724121625711827,0.8,0.8266666666666668,0.7283333333333333,0,1
cycle_random,10000.0,95,MCP,0.7724121625711827,0.8,0.8266666666666667,0.7283333333333333,0,1
cycle_random,10000.0,95,SCAD,0.7724121625711827,0.8,0.8266666666666667,0.7283333333333333,0,1
cycle_random,10000.0,96,lasso,0.5900444117887893,0.8,0.8266666666666668,0.7283333333333333,0,1
cycle_random,10000.0,96,MCP,0.5900444117887893,0.8,0.8333333333333335,0.7616666666666667,0,1
cycle_random,10000.0,96,SCAD,0.5900444117887893,0.8,0.8333333333333334,0.7616666666666667,0,1
cycle_random,10000.0,97,lasso,0.9618230220027343,0.8,0.8200000000000001,0.6783333333333332,0,1
cycle_random,10000.0,97,MCP,0.9618230220027343,0.8,0.8200000000000001,0.6783333333333332,0,1
cycle_random,10000.0,97,SCAD,0.9618230220027343,0.8,0.8200000000000001,0.6783333333333332,0,1
cycle_random,10000.0,98,lasso,0.6544339968266486,0.7272727272727273,0.8200000000000001,0.7333333333333334,0,1
cycle_random,10000.0,98,MCP,0.6544339968266486,0.8,0.8333333333333334,0.7616666666666667,0,1
cycle_random,10000.0,98,SCAD,0.6544339968266486,0.7272727272727273,0.8266666666666667,0.7483333333333333,0,1
cycle_random,10000.0,99,lasso,0.6303879805716299,0.7272727272727273,0.8200000000000001,0.7333333333333334,0,1
cycle_random,10000.0,99,MCP,0.6303879805716299,0.8,0.8333333333333334,0.7616666666666667,0,1
cycle_random,10000.0,99,SCAD,0.6303879805716299,0.8,0.8333333333333334,0.7616666666666667,0,1
cycle_random,100000.0,0,lasso,0.7243438359858501,0.8,0.8333333333333335,0.7616666666666667,0,1
cycle_random,100000.0,0,MCP,0.7243438359858501,0.8,0.8333333333333334,0.7616666666666667,0,1
cycle_random,100000.0,0,SCAD,0.7243438359858501,0.8,0.8333333333333334,0.7616666666666667,0,1
cycle_random,100000.0,1,lasso,0.9394390633349667,0.8,0.8266666666666667,0.7283333333333333,0,1
cycle_random,100000.0,1,MCP,0.9394390633349667,0.8,0.8266666666666667,0.7283333333333333,0,1
cycle_random,100000.0,1,SCAD,0.9394390633349667,0.8,0.8266666666666667,0.7283333333333333,0,1
cycle_random,100000.0,2,lasso,0.8312462670705034,0.8,0.8266666666666668,0.7283333333333333,0,1
cycle_random,100000.0,2,MCP,0.8312462670705034,0.8,0.8266666666666667,0.7283333333333333,0,1
cycle_random,100000.0,2,SCAD,0.8312462670705034,0.8,0.8266666666666667,0.7283333333333333,0,1
cycle_random,100000.0,3,lasso,0.7241610471651927,0.8,0.8333333333333334,0.7616666666666667,0,1
cycle_random,100000.0,3,MCP,0.7241610471651927,0.8,0.8333333333333334,0.7616666666666667,0,1
cycle_random,100000.0,3,SCAD,0.7241610471651927,0.8,0.8333333333333334,0.7616666666666667,0,1
cycle_random,100000.0,4,lasso,0.7665695216841384,0.8,0.8333333333333334,0.7616666666666667,0,1
cycle_random,100000.0,4,MCP,0.7665695216841384,0.8,0.8333333333333334,0.7616666666666667,0,1
cycle_random,100000.0,4,SCAD,0.7665695216841384,0.8,0.8333333333333334,0.7616666666666667,0,1
cycle_random,100000.0,5,lasso,0.5636156255459188,0.8,0.8400000000000001,0.7949999999999999,0,1
cycle_random,100000.0,5,MCP,0.5636156255459188,0.8,0.8400000000000001,0.7949999999999999,0,1
cycle_random,100000.0,5,SCAD,0.5636156255459188,0.8,0.8400000000000001,0.7949999999999999,0,1
cycle_random,100000.0,6,lasso,0.6584750559829358,0.8,0.8333333333333334,0.7616666666666667,0,1
cycle_random,100000.0,6,MCP,0.6584750559829358,0.8,0.8333333333333335,0.7616666666666667,0,1
cycle_random,100000.0,6,SCAD,0.6584750559829358,0.8,0.8333333333333335,0.7616666666666667,0,1
cycle_random,100000.0,7,lasso,0.8984747834188493,0.8,0.8333333333333334,0.7616666666666667,0,1
cycle_random,100000.0,7,MCP,0.8984747834188493,0.8,0.8333333333333335,0.7616666666666667,0,1
cycle_random,100000.0,7,SCAD,0.8984747834188493,0.8,0.8333333333333335,0.7616666666666667,0,1
cycle_random,100000.0,8,lasso,0.9471221360764673,0.8,0.8200000000000001,0.6783333333333332,0,1
cycle_random,100000.0,8,MCP,0.9471221360764673,0.8,0.8200000000000001,0.6783333333333332,0,1
cycle_random,100000.0,8,SCAD,0.9471221360764673,0.8,0.8200000000000001,0.6783333333333332,0,1
cycle_random,100000.0,9,lasso,0.588382933568739,0.8,0.8333333333333334,0.7616666666666667,0,1
cycle_random,100000.0,9,MCP,0.588382933568739,0.8,0.8333333333333334,0.7616666666666667,0,1
cycle_random,100000.0,9,SCAD,0.588382933568739,0.8,0.8333333333333334,0.7616666666666667,0,1
cycle_random,100000.0,10,lasso,0.6931066349505981,0.8,0.8333333333333334,0.7616666666666667,0,1
cycle_random,100000.0,10,MCP,0.6931066349505981,0.8,0.8333333333333334,0.7616666666666667,0,1
cycle_random,100000.0,10,SCAD,0.6931066349505981,0.8,0.8333333333333334,0.7616666666666667,0,1
cycle_random,100000.0,11,lasso,0.7557016535755634,0.8,0.8333333333333335,0.7616666666666667,0,1
cycle_random,100000.0,11,MCP,0.7557016535755634,0.8,0.8333333333333335,0.7616666666666667,0,1
cycle_random,100000.0,11,SCAD,0.7557016535755634,0.8,0.8333333333333335,0.7616666666666667,0,1
cycle_random,100000.0,12,lasso,0.5808366932520075,0.8,0.8333333333333334,0.7616666666666667,0,1
cycle_random,100000.0,12,MCP,0.5808366932520075,0.8,0.8333333333333334,0.7616666666666667,0,1
cycle_random,100000.0,12,SCAD,0.5808366932520075,0.8,0.8333333333333334,0.7616666666666667,0,1
cycle_random,100000.0,13,lasso,0.5496197320008009,0.8,0.8400000000000001,0.7949999999999999,0,1
cycle_random,100000.0,13,MCP,0.5496197320008009,0.8,0.8400000000000001,0.7949999999999999,0,1
cycle_random,100000.0,13,SCAD,0.5496197320008009,0.8,0.8400000000000001,0.7949999999999999,0,1
cycle_random,100000.0,14,lasso,0.7275766111083259,0.8,0.8333333333333334,0.7616666666666667,0,1
cycle_random,100000.0,14,MCP,0.7275766111083259,0.8,0.8333333333333334,0.7616666666666667,0,1
cycle_random,100000.0,14,SCAD,0.7275766111083259,0.8,0.8333333333333334,0.7616666666666667,0,1
cycle_random,100000.0,15,lasso,0.7713873120042817,0.8,0.8333333333333334,0.7616666666666667,0,1
cycle_random,100000.0,15,MCP,0.7713873120042817,0.8,0.8333333333333334,0.7616666666666667,0,1
cycle_random,100000.0,15,SCAD,0.7713873120042817,0.8,0.8333333333333334,0.7616666666666667,0,1
cycle_random,100000.0,16,lasso,0.7056803973959884,0.8,0.8333333333333335,0.7616666666666667,0,1
cycle_random,100000.0,16,MCP,0.7056803973959884,0.8,0.8333333333333334,0.7616666666666667,0,1
cycle_random,100000.0,16,SCAD,0.7056803973959884,0.8,0.8333333333333334,0.7616666666666667,0,1
cycle_random,100000.0,17,lasso,0.8723411578911116,0.8,0.8333333333333335,0.7616666666666667,0,1
cycle_random,100000.0,17,MCP,0.8723411578911116,0.8,0.8333333333333334,0.7616666666666667,0,1
cycle_random,100000.0,17,SCAD,0.8723411578911116,0.8,0.8333333333333334,0.7616666666666667,0,1
cycle_random,100000.0,18,lasso,0.9515560614642777,0.8,0.8200000000000001,0.6783333333333332,0,1
cycle_random,100000.0,18,MCP,0.9515560614642777,0.8,0.8200000000000001,0.6783333333333332,0,1
cycle_random,100000.0,18,SCAD,0.9515560614642777,0.8,0.8200000000000001,0.6783333333333332,0,1
cycle_random,100000.0,19,lasso,0.98989882127434,0.8,0.8200000000000001,0.6783333333333332,0,1
cycle_random,100000.0,19,MCP,0.98989882127434,0.8,0.8200000000000001,0.6783333333333332,0,1
cycle_random,100000.0,19,SCAD,0.98989882127434,0.8,0.8200000000000001,0.6783333333333332,0,1
cycle_random,100000.0,20,lasso,0.7864605343007329,0.8,0.8333333333333334,0.7616666666666667,0,1
cycle_random,100000.0,20,MCP,0.7864605343007329,0.8,0.8333333333333335,0.7616666666666667,0,1
cycle_random,100000.0,20,SCAD,0.7864605343007329,0.8,0.8333333333333335,0.7616666666666667,0,1
cycle_random,100000.0,21,lasso,0.6577545945644837,0.8,0.8333333333333334,0.7616666666666667,0,1
cycle_random,100000.0,21,MCP,0.6577545945644837,0.8,0.8333333333333335,0.7616666666666667,0,1
cycle_random,100000.0,21,SCAD,0.6577545945644837,0.8,0.8333333333333334,0.7616666666666667,0,1
cycle_random,100000.0,22,lasso,0.9834930297696913,0.8,0.8200000000000001,0.6783333333333332,0,1
cycle_random,100000.0,22,MCP,0.9834930297696913,0.8,0.8200000000000001,0.6783333333333332,0,1
cycle_random,100000.0,22,SCAD,0.9834930297696913,0.8,0.8200000000000001,0.6783333333333332,0,1
cycle_random,100000.0,23,lasso,0.7918028075734126,0.8,0.8333333333333334,0.7616666666666667,0,1
cycle_random,100000.0,23,MCP,0.7918028075734126,0.8,0.8333333333333335,0.7616666666666667,0,1
cycle_random,100000.0,23,SCAD,0.7918028075734126,0.8,0.8333333333333335,0.7616666666666667,0,1
cycle_random,100000.0,24,lasso,0.7203091360622795,0.8,0.8333333333333335,0.7616666666666667,0,1
cycle_random,100000.0,24,MCP,0.7203091360622795,0.8,0.8333333333333334,0.7616666666666667,0,1
cycle_random,100000.0,24,SCAD,0.7203091360622795,0.8,0.8333333333333334,0.7616666666666667,0,1
cycle_random,100000.0,25,lasso,0.8492939669612369,0.8,0.8266666666666668,0.7283333333333333,0,1
cycle_random,100000.0,25,MCP,0.8492939669612369,0.8,0.8266666666666667,0.7283333333333333,0,1
cycle_random,100000.0,25,SCAD,0.8492939669612369,0.8,0.8266666666666667,0.7283333333333333,0,1
cycle_random,100000.0,26,lasso,0.9496421376633701,0.8,0.8200000000000001,0.6783333333333332,0,1
cycle_random,100000.0,26,MCP,0.9496421376633701,0.8,0.8200000000000001,0.6783333333333332,0,1
cycle_random,100000.0,26,SCAD,0.9496421376633701,0.8,0.8200000000000001,0.6783333333333332,0,1
cycle_random,100000.0,27,lasso,0.6105541248130661,0.8,0.8333333333333334,0.7616666666666667,0,1
cycle_random,100000.0,27,MCP,0.6105541248130661,0.8,0.8333333333333334,0.7616666666666667,0,1
cycle_random,100000.0,27,SCAD,0.6105541248130661,0.8,0.8333333333333334,0.7616666666666667,0,1
cycle_random,100000.0,28,lasso,0.6536567739618866,0.8,0.8333333333333334,0.7616666666666667,0,1
cycle_random,100000.0,28,MCP,0.6536567739618866,0.8,0.8333333333333334,0.7616666666666667,0,1
cycle_random,100000.0,28,SCAD,0.6536567739618866,0.8,0.8333333333333334,0.7616666666666667,0,1
cycle_random,100000.0,29,lasso,0.5025842502025961,0.8,0.8400000000000001,0.7949999999999999,0,1
cycle_random,100000.0,29,MCP,0.5025842502025961,0.8,0.8400000000000001,0.7949999999999999,0,1
cycle_random,100000.0,29,SCAD,0.5025842502025961,0.8,0.8400000000000001,0.7949999999999999,0,1
cycle_random,100000.0,30,lasso,0.8849271559700608,0.8,0.8333333333333334,0.7616666666666667,0,1
cycle_random,100000.0,30,MCP,0.8849271559700608,0.8,0.8333333333333334,0.7616666666666667,0,1
cycle_random,100000.0,30,SCAD,0.8849271559700608,0.8,0.8333333333333334,0.7616666666666667,0,1
cycle_random,100000.0,31,lasso,0.9271599644003257,0.8,0.8266666666666668,0.7283333333333333,0,1
cycle_random,100000.0,31,MCP,0.9271599644003257,0.8,0.8266666666666668,0.7283333333333333,0,1
cycle_random,100000.0,31,SCAD,0.9271599644003257,0.8,0.8266666666666668,0.7283333333333333,0,1
cycle_random,100000.0,32,lasso,0.9020093645794101,0.8,0.8266666666666668,0.7283333333333333,0,1
cycle_random,100000.0,32,MCP,0.9020093645794101,0.8,0.8266666666666668,0.7283333333333333,0,1
cycle_random,100000.0,32,SCAD,0.9020093645794101,0.8,0.8266666666666668,0.7283333333333333,0,1
cycle_random,100000.0,33,lasso,0.910198534786124,0.8,0.8333333333333334,0.7616666666666667,0,1
cycle_random,100000.0,33,MCP,0.910198534786124,0.8,0.8333333333333334,0.7616666666666667,0,1
cycle_random,100000.0,33,SCAD,0.910198534786124,0.8,0.8333333333333334,0.7616666666666667,0,1
cycle_random,100000.0,34,lasso,0.9507097550627708,0.8,0.8200000000000001,0.6783333333333332,0,1
cycle_random,100000.0,34,MCP,0.9507097550627708,0.8,0.8200000000000001,0.6783333333333332,0,1
cycle_random,100000.0,34,SCAD,0.9507097550627708,0.8,0.8200000000000001,0.6783333333333332,0,1
cycle_random,100000.0,35,lasso,0.9791377055609563,0.8,0.8333333333333335,0.7616666666666667,0,1
cycle_random,100000.0,35,MCP,0.9791377055609563,0.8,0.8333333333333335,0.7616666666666667,0,1
cycle_random,100000.0,35,SCAD,0.9791377055609563,0.8,0.8333333333333335,0.7616666666666667,0,1
cycle_random,100000.0,36,lasso,0.5305553070011197,0.8,0.8333333333333335,0.7616666666666667,0,1
cycle_random,100000.0,36,MCP,0.5305553070011197,0.8,0.8333333333333334,0.7616666666666667,0,1
cycle_random,100000.0,36,SCAD,0.5305553070011197,0.8,0.8333333333333334,0.7616666666666667,0,1
cycle_random,100000.0,37,lasso,0.7996227291431109,0.8,0.8333333333333334,0.7616666666666667,0,1
cycle_random,100000.0,37,MCP,0.7996227291431109,0.8,0.8333333333333334,0.7616666666666667,0,1
cycle_random,100000.0,37,SCAD,0.7996227291431109,0.8,0.8333333333333334,0.7616666666666667,0,1
cycle_random,100000.0,38,lasso,0.5252382000724404,0.8,0.8400000000000001,0.7949999999999999,0,1
cycle_random,100000.0,38,MCP,0.5252382000724404,0.8,0.8400000000000001,0.7949999999999999,0,1
cycle_random,100000.0,38,SCAD,0.5252382000724404,0.8,0.8400000000000001,0.7949999999999999,0,1
cycle_random,100000.0,39,lasso,0.7081032929708104,0.8,0.8333333333333334,0.7616666666666667,0,1
cycle_random,100000.0,39,MCP,0.7081032929708104,0.8,0.8333333333333334,0.7616666666666667,0,1
cycle_random,100000.0,39,SCAD,0.7081032929708104,0.8,0.8333333333333334,0.7616666666666667,0,1
cycle_random,100000.0,40,lasso,0.6448451021299577,0.8,0.8333333333333334,0.7616666666666667,0,1
cycle_random,100000.0,40,MCP,0.6448451021299577,0.8,0.8333333333333334,0.7616666666666667,0,1
cycle_random,100000.0,40,SCAD,0.6448451021299577,0.8,0.8333333333333334,0.7616666666666667,0,1
cycle_random,100000.0,41,lasso,0.9696014868380755,0.8,0.8333333333333334,0.7616666666666667,0,1
cycle_random,100000.0,41,MCP,0.9696014868380755,0.8,0.8333333333333334,0.7616666666666667,0,1
cycle_random,100000.0,41,SCAD,0.9696014868380755,0.8,0.8333333333333334,0.7616666666666667,0,1
cycle_random,100000.0,42,lasso,0.6339704842511797,0.8,0.8333333333333334,0.7616666666666667,0,1
cycle_random,100000.0,42,MCP,0.6339704842511797,0.8,0.8333333333333334,0.7616666666666667,0,1
cycle_random,100000.0,42,SCAD,0.6339704842511797,0.8,0.8333333333333334,0.7616666666666667,0,1
cycle_random,100000.0,43,lasso,0.7736768257122866,0.8,0.8333333333333335,0.7616666666666667,0,1
cycle_random,100000.0,43,MCP,0.7736768257122866,0.8,0.8333333333333334,0.7616666666666667,0,1
cycle_random,100000.0,43,SCAD,0.7736768257122866,0.8,0.8333333333333334,0.7616666666666667,0,1
cycle_random,100000.0,44,lasso,0.9298450854158585,0.8,0.8333333333333335,0.7616666666666667,0,1
cycle_random,100000.0,44,MCP,0.9298450854158585,0.8,0.8333333333333334,0.7616666666666667,0,1
cycle_random,100000.0,44,SCAD,0.9298450854158585,0.8,0.8333333333333334,0.7616666666666667,0,1
cycle_random,100000.0,45,lasso,0.8234802955957252,0.8,0.8266666666666668,0.7283333333333333,0,1
cycle_random,100000.0,45,MCP,0.8234802955957252,0.8,0.8266666666666668,0.7283333333333333,0,1
cycle_random,100000.0,45,SCAD,0.8234802955957252,0.8,0.8266666666666668,0.7283333333333333,0,1
cycle_random,100000.0,46,lasso,0.8941218759174858,0.8,0.8266666666666667,0.7283333333333333,0,1
cycle_random,100000.0,46,MCP,0.8941218759174858,0.8,0.8266666666666668,0.7283333333333333,0,1
cycle_random,100000.0,46,SCAD,0.8941218759174858,0.8,0.8266666666666668,0.7283333333333333,0,1
cycle_random,100000.0,47,lasso,0.7136667562381735,0.8,0.8333333333333334,0.7616666666666667,0,1
cycle_random,100000.0,47,MCP,0.7136667562381735,0.8,0.8333333333333334,0.7616666666666667,0,1
cycle_random,100000.0,47,SCAD,0.7136667562381735,0.8,0.8333333333333334,0.7616666666666667,0,1
cycle_random,100000.0,48,lasso,0.6970725316837801,0.8,0.8333333333333334,0.7616666666666667,0,1
cycle_random,100000.0,48,MCP,0.6970725316837801,0.8,0.8333333333333334,0.7616666666666667,0,1
cycle_random,100000.0,48,SCAD,0.6970725316837801,0.8,0.8333333333333334,0.7616666666666667,0,1
cycle_random,100000.0,49,lasso,0.9833285032872459,0.8,0.8333333333333334,0.7616666666666667,0,1
cycle_random,100000.0,49,MCP,0.9833285032872459,0.8,0.8333333333333334,0.7616666666666667,0,1
cycle_random,100000.0,49,SCAD,0.9833285032872459,0.8,0.8333333333333334,0.7616666666666667,0,1
cycle_random,100000.0,50,lasso,0.8777872636979019,0.8,0.8266666666666668,0.7283333333333333,0,1
cycle_random,100000.0,50,MCP,0.8777872636979019,0.8,0.8266666666666667,0.7283333333333333,0,1
cycle_random,100000.0,50,SCAD,0.8777872636979019,0.8,0.8266666666666667,0.7283333333333333,0,1
cycle_random,100000.0,51,lasso,0.9222143530826595,0.8,0.8266666666666668,0.7283333333333333,0,1
cycle_random,100000.0,51,MCP,0.9222143530826595,0.8,0.8266666666666667,0.7283333333333333,0,1
cycle_random,100000.0,51,SCAD,0.9222143530826595,0.8,0.8266666666666667,0.7283333333333333,0,1
cycle_random,100000.0,52,lasso,0.7134831887784991,0.8,0.8333333333333334,0.7616666666666667,0,1
cycle_random,100000.0,52,MCP,0.7134831887784991,0.8,0.8333333333333334,0.7616666666666667,0,1
cycle_random,100000.0,52,SCAD,0.7134831887784991,0.8,0.8333333333333334,0.7616666666666667,0,1
cycle_random,100000.0,53,lasso,0.7091294245957958,0.8,0.8333333333333334,0.7616666666666667,0,1
cycle_random,100000.0,53,MCP,0.7091294245957958,0.8,0.8333333333333334,0.7616666666666667,0,1
cycle_random,100000.0,53,SCAD,0.7091294245957958,0.8,0.8333333333333334,0.7616666666666667,0,1
cycle_random,100000.0,54,lasso,0.8891300603268826,0.8,0.8333333333333334,0.7616666666666667,0,1
cycle_random,100000.0,54,MCP,0.8891300603268826,0.8,0.8333333333333335,0.7616666666666667,0,1
cycle_random,100000.0,54,SCAD,0.8891300603268826,0.8,0.8333333333333334,0.7616666666666667,0,1
cycle_random,100000.0,55,lasso,0.6852719512620794,0.8,0.8333333333333334,0.7616666666666667,0,1
cycle_random,100000.0,55,MCP,0.6852719512620794,0.8,0.8333333333333334,0.7616666666666667,0,1
cycle_random,100000.0,55,SCAD,0.6852719512620794,0.8,0.8333333333333334,0.7616666666666667,0,1
cycle_random,100000.0,56,lasso,0.5909680783516887,0.8,0.8333333333333334,0.7616666666666667,0,1
cycle_random,100000.0,56,MCP,0.5909680783516887,0.8,0.8333333333333334,0.7616666666666667,0,1
cycle_random,100000.0,56,SCAD,0.5909680783516887,0.8,0.8333333333333334,0.7616666666666667,0,1
cycle_random,100000.0,57,lasso,0.8657972348904168,0.8,0.8266666666666668,0.7283333333333333,0,1
cycle_random,100000.0,57,MCP,0.8657972348904168,0.8,0.8266666666666668,0.7283333333333333,0,1
cycle_random,100000.0,57,SCAD,0.8657972348904168,0.8,0.8266666666666668,0.7283333333333333,0,1
cycle_random,100000.0,58,lasso,0.8702284444771389,0.8,0.8333333333333334,0.7616666666666667,0,1
cycle_random,100000.0,58,MCP,0.8702284444771389,0.8,0.8333333333333334,0.7616666666666667,0,1
cycle_random,100000.0,58,SCAD,0.8702284444771389,0.8,0.8333333333333334,0.7616666666666667,0,1
cycle_random,100000.0,59,lasso,0.9721848847468759,0.8,0.8266666666666668,0.7283333333333333,0,1
cycle_random,100000.0,59,MCP,0.9721848847468759,0.8,0.8266666666666667,0.7283333333333333,0,1
cycle_random,100000.0,59,SCAD,0.9721848847468759,0.8,0.8266666666666667,0.7283333333333333,0,1
cycle_random,100000.0,60,lasso,0.7124543817616535,0.8,0.8400000000000001,0.7661111111111112,0,1
cycle_random,100000.0,60,MCP,0.7124543817616535,0.8,0.8400000000000001,0.7661111111111112,0,1
cycle_random,100000.0,60,SCAD,0.7124543817616535,0.8,0.8400000000000001,0.7661111111111112,0,1
cycle_random,100000.0,61,lasso,0.671748997370343,0.8,0.8333333333333334,0.7616666666666667,0,1
cycle_random,100000.0,61,MCP,0.671748997370343,0.8,0.8333333333333334,0.7616666666666667,0,1
cycle_random,100000.0,61,SCAD,0.671748997370343,0.8,0.8333333333333334,0.7616666666666667,0,1
cycle_random,100000.0,62,lasso,0.537688192860071,0.8,0.8333333333333334,0.7616666666666667,0,1
cycle_random,100000.0,62,MCP,0.537688192860071,0.8,0.8333333333333334,0.7616666666666667,0,1
cycle_random,100000.0,62,SCAD,0.537688192860071,0.8,0.8333333333333334,0.7616666666666667,0,1
cycle_random,100000.0,63,lasso,0.6159382157967059,0.8,0.8333333333333334,0.7616666666666667,0,1
cycle_random,100000.0,63,MCP,0.6159382157967059,0.8,0.8333333333333334,0.7616666666666667,0,1
cycle_random,100000.0,63,SCAD,0.6159382157967059,0.8,0.8333333333333334,0.7616666666666667,0,1
cycle_random,100000.0,64,lasso,0.5720168560844763,0.8,0.8333333333333334,0.7616666666666667,0,1
cycle_random,100000.0,64,MCP,0.5720168560844763,0.8,0.8333333333333334,0.7616666666666667,0,1
cycle_random,100000.0,64,SCAD,0.5720168560844763,0.8,0.8333333333333334,0.7616666666666667,0,1
cycle_random,100000.0,65,lasso,0.598939026861349,0.8,0.8333333333333334,0.7616666666666667,0,1
cycle_random,100000.0,65,MCP,0.598939026861349,0.8,0.8333333333333335,0.7616666666666667,0,1
cycle_random,100000.0,65,SCAD,0.598939026861349,0.8,0.8333333333333335,0.7616666666666667,0,1
cycle_random,100000.0,66,lasso,0.9569597518661481,0.8,0.8200000000000001,0.6783333333333332,0,1
cycle_random,100000.0,66,MCP,0.9569597518661481,0.8,0.8200000000000001,0.6783333333333332,0,1
cycle_random,100000.0,66,SCAD,0.9569597518661481,0.8,0.8200000000000001,0.6783333333333332,0,1
cycle_random,100000.0,67,lasso,0.7835253418616365,0.8,0.8333333333333334,0.7616666666666667,0,1
cycle_random,100000.0,67,MCP,0.7835253418616365,0.8,0.8333333333333334,0.7616666666666667,0,1
cycle_random,100000.0,67,SCAD,0.7835253418616365,0.8,0.8333333333333334,0.7616666666666667,0,1
cycle_random,100000.0,68,lasso,0.9746266220405116,0.8,0.8266666666666668,0.7283333333333333,0,1
cycle_random,100000.0,68,MCP,0.9746266220405116,0.8,0.8266666666666667,0.7283333333333333,0,1
cycle_random,100000.0,68,SCAD,0.9746266220405116,0.8,0.8266666666666667,0.7283333333333333,0,1
cycle_random,100000.0,69,lasso,0.5375948924404783,0.8,0.8333333333333334,0.7616666666666667,0,1
cycle_random,100000.0,69,MCP,0.5375948924404783,0.8,0.8333333333333334,0.7616666666666667,0,1
cycle_random,100000.0,69,SCAD,0.5375948924404783,0.8,0.8333333333333334,0.7616666666666667,0,1
cycle_random,100000.0,70,lasso,0.7750442352635386,0.8,0.8333333333333334,0.7616666666666667,0,1
cycle_random,100000.0,70,MCP,0.7750442352635386,0.8,0.8333333333333335,0.7616666666666667,0,1
cycle_random,100000.0,70,SCAD,0.7750442352635386,0.8,0.8333333333333335,0.7616666666666667,0,1
cycle_random,100000.0,71,lasso,0.8580307740765989,0.8,0.8333333333333334,0.7616666666666667,0,1
cycle_random,100000.0,71,MCP,0.8580307740765989,0.8,0.8333333333333334,0.7616666666666667,0,1
cycle_random,100000.0,71,SCAD,0.8580307740765989,0.8,0.8333333333333334,0.7616666666666667,0,1
cycle_random,100000.0,72,lasso,0.8268562033737002,0.8,0.8333333333333334,0.7616666666666667,0,1
cycle_random,100000.0,72,MCP,0.8268562033737002,0.8,0.8333333333333334,0.7616666666666667,0,1
cycle_random,100000.0,72,SCAD,0.8268562033737002,0.8,0.8333333333333334,0.7616666666666667,0,1
cycle_random,100000.0,73,lasso,0.5240525686068034,0.8,0.8333333333333334,0.7616666666666667,0,1
cycle_random,100000.0,73,MCP,0.5240525686068034,0.8,0.8333333333333334,0.7616666666666667,0,1
cycle_random,100000.0,73,SCAD,0.5240525686068034,0.8,0.8333333333333334,0.7616666666666667,0,1
cycle_random,100000.0,74,lasso,0.7969607394564928,0.8,0.8333333333333334,0.7616666666666667,0,1
cycle_random,100000.0,74,MCP,0.7969607394564928,0.8,0.8333333333333334,0.7616666666666667,0,1
cycle_random,100000.0,74,SCAD,0.7969607394564928,0.8,0.8333333333333334,0.7616666666666667,0,1
cycle_random,100000.0,75,lasso,0.6306841915370393,0.8,0.8333333333333334,0.7616666666666667,0,1
cycle_random,100000.0,75,MCP,0.6306841915370393,0.8,0.8333333333333334,0.7616666666666667,0,1
cycle_random,100000.0,75,SCAD,0.6306841915370393,0.8,0.8333333333333334,0.7616666666666667,0,1
cycle_random,100000.0,76,lasso,0.8804717999487551,0.8,0.8266666666666668,0.7283333333333333,0,1
cycle_random,100000.0,76,MCP,0.8804717999487551,0.8,0.8266666666666668,0.7283333333333333,0,1
cycle_random,100000.0,76,SCAD,0.8804717999487551,0.8,0.8266666666666668,0.7283333333333333,0,1
cycle_random,100000.0,77,lasso,0.7807614468468438,0.8,0.8333333333333334,0.7616666666666667,0,1
cycle_random,100000.0,77,MCP,0.7807614468468438,0.8,0.8333333333333334,0.7616666666666667,0,1
cycle_random,100000.0,77,SCAD,0.7807614468468438,0.8,0.8333333333333334,0.7616666666666667,0,1
cycle_random,100000.0,78,lasso,0.7473735939471664,0.8,0.8333333333333335,0.7616666666666667,0,1
cycle_random,100000.0,78,MCP,0.7473735939471664,0.8,0.8333333333333335,0.7616666666666667,0,1
cycle_random,100000.0,78,SCAD,0.7473735939471664,0.8,0.8333333333333335,0.7616666666666667,0,1
cycle_random,100000.0,79,lasso,0.85531355968078,0.8,0.8266666666666668,0.7283333333333333,0,1
cycle_random,100000.0,79,MCP,0.85531355968078,0.8,0.8266666666666668,0.7283333333333333,0,1
cycle_random,100000.0,79,SCAD,0.85531355968078,0.8,0.8266666666666668,0.7283333333333333,0,1
cycle_random,100000.0,80,lasso,0.8120327176350668,0.8,0.8333333333333335,0.7616666666666667,0,1
cycle_random,100000.0,80,MCP,0.8120327176350668,0.8,0.8333333333333335,0.7616666666666667,0,1
cycle_random,100000.0,80,SCAD,0.8120327176350668,0.8,0.8333333333333335,0.7616666666666667,0,1
cycle_random,100000.0,81,lasso,0.6597881999146649,0.8,0.8333333333333334,0.7616666666666667,0,1
cycle_random,100000.0,81,MCP,0.6597881999146649,0.8,0.8333333333333335,0.7616666666666667,0,1
cycle_random,100000.0,81,SCAD,0.6597881999146649,0.8,0.8333333333333335,0.7616666666666667,0,1
cycle_random,100000.0,82,lasso,0.7233785284684733,0.8,0.8333333333333334,0.7616666666666667,0,1
cycle_random,100000.0,82,MCP,0.7233785284684733,0.8,0.8333333333333334,0.7616666666666667,0,1
cycle_random,100000.0,82,SCAD,0.7233785284684733,0.8,0.8333333333333334,0.7616666666666667,0,1
cycle_random,100000.0,83,lasso,0.873621409718188,0.8,0.8266666666666668,0.7283333333333333,0,1
cycle_random,100000.0,83,MCP,0.873621409718188,0.8,0.8266666666666667,0.7283333333333333,0,1
cycle_random,100000.0,83,SCAD,0.873621409718188,0.8,0.8266666666666667,0.7283333333333333,0,1
cycle_random,100000.0,84,lasso,0.907915431859623,0.8,0.8266666666666668,0.7283333333333333,0,1
cycle_random,100000.0,84,MCP,0.907915431859623,0.8,0.8266666666666667,0.7283333333333333,0,1
cycle_random,100000.0,84,SCAD,0.907915431859623,0.8,0.8266666666666667,0.7283333333333333,0,1
cycle_random,100000.0,85,lasso,0.7671049960703498,0.8,0.8333333333333334,0.7616666666666667,0,1
cycle_random,100000.0,85,MCP,0.7671049960703498,0.8,0.8333333333333334,0.7616666666666667,0,1
cycle_random,100000.0,85,SCAD,0.7671049960703498,0.8,0.8333333333333334,0.7616666666666667,0,1
cycle_random,100000.0,86,lasso,0.5964264803774992,0.8,0.8333333333333334,0.7616666666666667,0,1
cycle_random,100000.0,86,MCP,0.5964264803774992,0.8,0.8333333333333334,0.7616666666666667,0,1
cycle_random,100000.0,86,SCAD,0.5964264803774992,0.8,0.8333333333333334,0.7616666666666667,0,1
cycle_random,100000.0,87,lasso,0.6761695627810609,0.8,0.8333333333333334,0.7616666666666667,0,1
cycle_random,100000.0,87,MCP,0.6761695627810609,0.8,0.8333333333333334,0.7616666666666667,0,1
cycle_random,100000.0,87,SCAD,0.6761695627810609,0.8,0.8333333333333334,0.7616666666666667,0,1
cycle_random,100000.0,88,lasso,0.5800795878389193,0.8,0.8333333333333335,0.7616666666666667,0,1
cycle_random,100000.0,88,MCP,0.5800795878389193,0.8,0.8333333333333334,0.7616666666666667,0,1
cycle_random,100000.0,88,SCAD,0.5800795878389193,0.8,0.8333333333333334,0.7616666666666667,0,1
cycle_random,100000.0,89,lasso,0.7103387594416319,0.8,0.8333333333333334,0.7616666666666667,0,1
cycle_random,100000.0,89,MCP,0.7103387594416319,0.8,0.8333333333333335,0.7616666666666667,0,1
cycle_random,100000.0,89,SCAD,0.7103387594416319,0.8,0.8333333333333335,0.7616666666666667,0,1
cycle_random,100000.0,90,lasso,0.9467009089798208,0.8,0.8266666666666668,0.7283333333333333,0,1
cycle_random,100000.0,90,MCP,0.9467009089798208,0.8,0.8266666666666668,0.7283333333333333,0,1
cycle_random,100000.0,90,SCAD,0.9467009089798208,0.8,0.8266666666666668,0.7283333333333333,0,1
cycle_random,100000.0,91,lasso,0.9511659587504309,0.8,0.8333333333333334,0.7616666666666667,0,1
cycle_random,100000.0,91,MCP,0.9511659587504309,0.8,0.8333333333333334,0.7616666666666667,0,1
cycle_random,100000.0,91,SCAD,0.9511659587504309,0.8,0.8333333333333334,0.7616666666666667,0,1
cycle_random,100000.0,92,lasso,0.8351513592901603,0.8,0.8333333333333334,0.7616666666666667,0,1
cycle_random,100000.0,92,MCP,0.8351513592901603,0.8,0.8333333333333335,0.7616666666666667,0,1
cycle_random,100000.0,92,SCAD,0.8351513592901603,0.8,0.8333333333333335,0.7616666666666667,0,1
cycle_random,100000.0,93,lasso,0.9385789992562312,0.8,0.8200000000000001,0.6783333333333332,0,1
cycle_random,100000.0,93,MCP,0.9385789992562312,0.8,0.8200000000000001,0.6783333333333332,0,1
cycle_random,100000.0,93,SCAD,0.9385789992562312,0.8,0.8200000000000001,0.6783333333333332,0,1
cycle_random,100000.0,94,lasso,0.903417281654507,0.8,0.8333333333333334,0.7616666666666667,0,1
cycle_random,100000.0,94,MCP,0.903417281654507,0.8,0.8333333333333335,0.7616666666666667,0,1
cycle_random,100000.0,94,SCAD,0.903417281654507,0.8,0.8333333333333335,0.7616666666666667,0,1
cycle_random,100000.0,95,lasso,0.6012290293875393,0.8,0.8333333333333334,0.7616666666666667,0,1
cycle_random,100000.0,95,MCP,0.6012290293875393,0.8,0.8333333333333334,0.7616666666666667,0,1
cycle_random,100000.0,95,SCAD,0.6012290293875393,0.8,0.8333333333333334,0.7616666666666667,0,1
cycle_random,100000.0,96,lasso,0.5248060463312431,0.8,0.8400000000000001,0.7949999999999999,0,1
cycle_random,100000.0,96,MCP,0.5248060463312431,0.8,0.8400000000000001,0.7949999999999999,0,1
cycle_random,100000.0,96,SCAD,0.5248060463312431,0.8,0.8400000000000001,0.7949999999999999,0,1
cycle_random,100000.0,97,lasso,0.6696913489786493,0.8,0.8333333333333334,0.7616666666666667,0,1
cycle_random,100000.0,97,MCP,0.6696913489786493,0.8,0.8333333333333334,0.7616666666666667,0,1
cycle_random,100000.0,97,SCAD,0.6696913489786493,0.8,0.8333333333333334,0.7616666666666667,0,1
cycle_random,100000.0,98,lasso,0.9860235757826308,0.8,0.8266666666666668,0.7283333333333333,0,1
cycle_random,100000.0,98,MCP,0.9860235757826308,0.8,0.8266666666666668,0.7283333333333333,0,1
cycle_random,100000.0,98,SCAD,0.9860235757826308,0.8,0.8266666666666668,0.7283333333333333,0,1
cycle_random,100000.0,99,lasso,0.6800154600024795,0.8,0.8333333333333335,0.7616666666666667,0,1
cycle_random,100000.0,99,MCP,0.6800154600024795,0.8,0.8333333333333335,0.7616666666666667,0,1
cycle_random,100000.0,99,SCAD,0.6800154600024795,0.8,0.8333333333333335,0.7616666666666667,0,1
cycle_random,inf,0,lasso,0.6177047111813059,0.8,0.8333333333333334,0.7616666666666667,0,1
cycle_random,inf,0,MCP,0.6177047111813059,0.8,0.8333333333333334,0.7616666666666667,0,1
cycle_random,inf,0,SCAD,0.6177047111813059,0.8,0.8333333333333334,0.7616666666666667,0,1
cycle_random,inf,1,lasso,0.6615155054450662,0.8,0.8333333333333334,0.7616666666666667,0,1
cycle_random,inf,1,MCP,0.6615155054450662,0.8,0.8333333333333334,0.7616666666666667,0,1
cycle_random,inf,1,SCAD,0.6615155054450662,0.8,0.8333333333333334,0.7616666666666667,0,1
cycle_random,inf,2,lasso,0.6170380579356582,0.8,0.8333333333333334,0.7616666666666667,0,1
cycle_random,inf,2,MCP,0.6170380579356582,0.8,0.8333333333333334,0.7616666666666667,0,1
cycle_random,inf,2,SCAD,0.6170380579356582,0.8,0.8333333333333334,0.7616666666666667,0,1
cycle_random,inf,3,lasso,0.7952045374550356,0.8,0.8333333333333334,0.7616666666666667,0,1
cycle_random,inf,3,MCP,0.7952045374550356,0.8,0.8333333333333334,0.7616666666666667,0,1
cycle_random,inf,3,SCAD,0.7952045374550356,0.8,0.8333333333333334,0.7616666666666667,0,1
cycle_random,inf,4,lasso,0.7270910121598211,0.8,0.8333333333333334,0.7616666666666667,0,1
cycle_random,inf,4,MCP,0.7270910121598211,0.8,0.8333333333333334,0.7616666666666667,0,1
cycle_random,inf,4,SCAD,0.7270910121598211,0.8,0.8333333333333334,0.7616666666666667,0,1
cycle_random,inf,5,lasso,0.569573710567743,0.8,0.8333333333333334,0.7616666666666667,0,1
cycle_random,inf,5,MCP,0.569573710567743,0.8,0.8333333333333334,0.7616666666666667,0,1
cycle_random,inf,5,SCAD,0.569573710567743,0.8,0.8333333333333334,0.7616666666666667,0,1
cycle_random,inf,6,lasso,0.703610607080579,0.8,0.8333333333333334,0.7616666666666667,0,1
cycle_random,inf,6,MCP,0.703610607080579,0.8,0.8333333333333334,0.7616666666666667,0,1
cycle_random,inf,6,SCAD,0.703610607080579,0.8,0.8333333333333334,0.7616666666666667,0,1
cycle_random,inf,7,lasso,0.6579292456009642,0.8,0.8333333333333334,0.7616666666666667,0,1
cycle_random,inf,7,MCP,0.6579292456009642,0.8,0.8333333333333334,0.7616666666666667,0,1
cycle_random,inf,7,SCAD,0.6579292456009642,0.8,0.8333333333333334,0.7616666666666667,0,1
cycle_random,inf,8,lasso,0.6845701554221855,0.8,0.8333333333333334,0.7616666666666667,0,1
cycle_random,inf,8,MCP,0.6845701554221855,0.8,0.8333333333333334,0.7616666666666667,0,1
cycle_random,inf,8,SCAD,0.6845701554221855,0.8,0.8333333333333334,0.7616666666666667,0,1
cycle_random,inf,9,lasso,0.5866262740821857,0.8,0.8333333333333334,0.7616666666666667,0,1
cycle_random,inf,9,MCP,0.5866262740821857,0.8,0.8333333333333334,0.7616666666666667,0,1
cycle_random,inf,9,SCAD,0.5866262740821857,0.8,0.8333333333333334,0.7616666666666667,0,1
cycle_random,inf,10,lasso,0.9299366437993786,0.8,0.8266666666666668,0.7283333333333333,0,1
cycle_random,inf,10,MCP,0.9299366437993786,0.8,0.8266666666666667,0.7283333333333333,0,1
cycle_random,inf,10,SCAD,0.9299366437993786,0.8,0.8266666666666667,0.7283333333333333,0,1
cycle_random,inf,11,lasso,0.7858560038194807,0.8,0.8333333333333334,0.7616666666666667,0,1
cycle_random,inf,11,MCP,0.7858560038194807,0.8,0.8333333333333334,0.7616666666666667,0,1
cycle_random,inf,11,SCAD,0.7858560038194807,0.8,0.8333333333333334,0.7616666666666667,0,1
cycle_random,inf,12,lasso,0.5312661711025999,0.8,0.8400000000000001,0.7949999999999999,0,1
cycle_random,inf,12,MCP,0.5312661711025999,0.8,0.8400000000000001,0.7949999999999999,0,1
cycle_random,inf,12,SCAD,0.5312661711025999,0.8,0.8400000000000001,0.7949999999999999,0,1
cycle_random,inf,13,lasso,0.7959867751612424,0.8,0.8333333333333334,0.7616666666666667,0,1
cycle_random,inf,13,MCP,0.7959867751612424,0.8,0.8333333333333334,0.7616666666666667,0,1
cycle_random,inf,13,SCAD,0.7959867751612424,0.8,0.8333333333333334,0.7616666666666667,0,1
cycle_random,inf,14,lasso,0.8666764163092273,0.8,0.8266666666666668,0.7283333333333333,0,1
cycle_random,inf,14,MCP,0.8666764163092273,0.8,0.8333333333333334,0.7616666666666667,0,1
cycle_random,inf,14,SCAD,0.8666764163092273,0.8,0.8333333333333334,0.7616666666666667,0,1
cycle_random,inf,15,lasso,0.5618258532051212,0.8,0.8333333333333334,0.7616666666666667,0,1
cycle_random,inf,15,MCP,0.5618258532051212,0.8,0.8333333333333334,0.7616666666666667,0,1
cycle_random,inf,15,SCAD,0.5618258532051212,0.8,0.8333333333333334,0.7616666666666667,0,1
cycle_random,inf,16,lasso,0.6863593230014677,0.8,0.8333333333333334,0.7616666666666667,0,1
cycle_random,inf,16,MCP,0.6863593230014677,0.8,0.8333333333333334,0.7616666666666667,0,1
cycle_random,inf,16,SCAD,0.6863593230014677,0.8,0.8333333333333334,0.7616666666666667,0,1
cycle_random,inf,17,lasso,0.916377718150188,0.8,0.8266666666666668,0.7283333333333333,0,1
cycle_random,inf,17,MCP,0.916377718150188,0.8,0.8266666666666667,0.7283333333333333,0,1
cycle_random,inf,17,SCAD,0.916377718150188,0.8,0.8266666666666667,0.7283333333333333,0,1
cycle_random,inf,18,lasso,0.8350219774971285,0.8,0.8333333333333334,0.7616666666666667,0,1
cycle_random,inf,18,MCP,0.8350219774971285,0.8,0.8333333333333334,0.7616666666666667,0,1
cycle_random,inf,18,SCAD,0.8350219774971285,0.8,0.8333333333333334,0.7616666666666667,0,1
cycle_random,inf,19,lasso,0.8447424759170397,0.8,0.8333333333333334,0.7616666666666667,0,1
cycle_random,inf,19,MCP,0.8447424759170397,0.8,0.8333333333333334,0.7616666666666667,0,1
cycle_random,inf,19,SCAD,0.8447424759170397,0.8,0.8333333333333334,0.7616666666666667,0,1
cycle_random,inf,20,lasso,0.7174386389028393,0.8,0.8333333333333334,0.7616666666666667,0,1
cycle_random,inf,20,MCP,0.7174386389028393,0.8,0.8333333333333334,0.7616666666666667,0,1
cycle_random,inf,20,SCAD,0.7174386389028393,0.8,0.8333333333333334,0.7616666666666667,0,1
cycle_random,inf,21,lasso,0.7054960423521033,0.8,0.8333333333333334,0.7616666666666667,0,1
cycle_random,inf,21,MCP,0.7054960423521033,0.8,0.8333333333333334,0.7616666666666667,0,1
cycle_random,inf,21,SCAD,0.7054960423521033,0.8,0.8333333333333334,0.7616666666666667,0,1
cycle_random,inf,22,lasso,0.6817934790135632,0.8,0.8333333333333334,0.7616666666666667,0,1
cycle_random,inf,22,MCP,0.6817934790135632,0.8,0.8333333333333334,0.7616666666666667,0,1
cycle_random,inf,22,SCAD,0.6817934790135632,0.8,0.8333333333333334,0.7616666666666667,0,1
cycle_random,inf,23,lasso,0.5663248685824012,0.8,0.8333333333333334,0.7616666666666667,0,1
cycle_random,inf,23,MCP,0.5663248685824012,0.8,0.8333333333333334,0.7616666666666667,0,1
cycle_random,inf,23,SCAD,0.5663248685824012,0.8,0.8333333333333334,0.7616666666666667,0,1
cycle_random,inf,24,lasso,0.9835766052151538,0.8,0.8200000000000001,0.6783333333333332,0,1
cycle_random,inf,24,MCP,0.9835766052151538,0.8,0.8200000000000001,0.6783333333333332,0,1
cycle_random,inf,24,SCAD,0.9835766052151538,0.8,0.8200000000000001,0.6783333333333332,0,1
cycle_random,inf,25,lasso,0.8472907838869421,0.8,0.8333333333333334,0.7616666666666667,0,1
cycle_random,inf,25,MCP,0.8472907838869421,0.8,0.8333333333333334,0.7616666666666667,0,1
cycle_random,inf,25,SCAD,0.8472907838869421,0.8,0.8333333333333334,0.7616666666666667,0,1
cycle_random,inf,26,lasso,0.7916233851494272,0.8,0.8333333333333334,0.7616666666666667,0,1
cycle_random,inf,26,MCP,0.7916233851494272,0.8,0.8333333333333334,0.7616666666666667,0,1
cycle_random,inf,26,SCAD,0.7916233851494272,0.8,0.8333333333333334,0.7616666666666667,0,1
cycle_random,inf,27,lasso,0.7562217062432794,0.8,0.8333333333333334,0.7616666666666667,0,1
cycle_random,inf,27,MCP,0.7562217062432794,0.8,0.8333333333333334,0.7616666666666667,0,1
cycle_random,inf,27,SCAD,0.7562217062432794,0.8,0.8333333333333334,0.7616666666666667,0,1
cycle_random,inf,28,lasso,0.7669437728999955,0.8,0.8333333333333334,0.7616666666666667,0,1
cycle_random,inf,28,MCP,0.7669437728999955,0.8,0.8333333333333334,0.7616666666666667,0,1
cycle_random,inf,28,SCAD,0.7669437728999955,0.8,0.8333333333333334,0.7616666666666667,0,1
cycle_random,inf,29,lasso,0.7867202820253776,0.8,0.8333333333333334,0.7616666666666667,0,1
cycle_random,inf,29,MCP,0.7867202820253776,0.8,0.8333333333333334,0.7616666666666667,0,1
cycle_random,inf,29,SCAD,0.7867202820253776,0.8,0.8333333333333334,0.7616666666666667,0,1
cycle_random,inf,30,lasso,0.9246278658297625,0.8,0.8266666666666668,0.7283333333333333,0,1
cycle_random,inf,30,MCP,0.9246278658297625,0.8,0.8266666666666667,0.7283333333333333,0,1
cycle_random,inf,30,SCAD,0.9246278658297625,0.8,0.8266666666666667,0.7283333333333333,0,1
cycle_random,inf,31,lasso,0.5751905537868514,0.8,0.8333333333333334,0.7616666666666667,0,1
cycle_random,inf,31,MCP,0.5751905537868514,0.8,0.8333333333333334,0.7616666666666667,0,1
cycle_random,inf,31,SCAD,0.5751905537868514,0.8,0.8333333333333334,0.7616666666666667,0,1
cycle_random,inf,32,lasso,0.9491562417083937,0.8,0.8266666666666668,0.7283333333333333,0,1
cycle_random,inf,32,MCP,0.9491562417083937,0.8,0.8266666666666667,0.7283333333333333,0,1
cycle_random,inf,32,SCAD,0.9491562417083937,0.8,0.8266666666666667,0.7283333333333333,0,1
cycle_random,inf,33,lasso,0.5676211387007617,0.8,0.8333333333333334,0.7616666666666667,0,1
cycle_random,inf,33,MCP,0.5676211387007617,0.8,0.8333333333333334,0.7616666666666667,0,1
cycle_random,inf,33,SCAD,0.5676211387007617,0.8,0.8333333333333334,0.7616666666666667,0,1
cycle_random,inf,34,lasso,0.9674241902322216,0.8,0.8200000000000001,0.6783333333333332,0,1
cycle_random,inf,34,MCP,0.9674241902322216,0.8,0.8200000000000001,0.6783333333333332,0,1
cycle_random,inf,34,SCAD,0.9674241902322216,0.8,0.8200000000000001,0.6783333333333332,0,1
cycle_random,inf,35,lasso,0.6793401106469867,0.8,0.8333333333333334,0.7616666666666667,0,1
cycle_random,inf,35,MCP,0.6793401106469867,0.8,0.8333333333333334,0.7616666666666667,0,1
cycle_random,inf,35,SCAD,0.6793401106469867,0.8,0.8333333333333334,0.7616666666666667,0,1
cycle_random,inf,36,lasso,0.7012122874344736,0.8,0.8333333333333334,0.7616666666666667,0,1
cycle_random,inf,36,MCP,0.7012122874344736,0.8,0.8333333333333334,0.7616666666666667,0,1
cycle_random,inf,36,SCAD,0.7012122874344736,0.8,0.8333333333333334,0.7616666666666667,0,1
cycle_random,inf,37,lasso,0.7190008075525987,0.8,0.8333333333333334,0.7616666666666667,0,1
cycle_random,inf,37,MCP,0.7190008075525987,0.8,0.8333333333333334,0.7616666666666667,0,1
cycle_random,inf,37,SCAD,0.7190008075525987,0.8,0.8333333333333334,0.7616666666666667,0,1
cycle_random,inf,38,lasso,0.6656118252434899,0.8,0.8333333333333334,0.7616666666666667,0,1
cycle_random,inf,38,MCP,0.6656118252434899,0.8,0.8333333333333334,0.7616666666666667,0,1
cycle_random,inf,38,SCAD,0.6656118252434899,0.8,0.8333333333333334,0.7616666666666667,0,1
cycle_random,inf,39,lasso,0.5178493085962952,0.8,0.8400000000000001,0.7949999999999999,0,1
cycle_random,inf,39,MCP,0.5178493085962952,0.8,0.8400000000000001,0.7949999999999999,0,1
cycle_random,inf,39,SCAD,0.5178493085962952,0.8,0.8400000000000001,0.7949999999999999,0,1
cycle_random,inf,40,lasso,0.5782262191717942,0.8,0.8333333333333334,0.7616666666666667,0,1
cycle_random,inf,40,MCP,0.5782262191717942,0.8,0.8333333333333334,0.7616666666666667,0,1
cycle_random,inf,40,SCAD,0.5782262191717942,0.8,0.8333333333333334,0.7616666666666667,0,1
cycle_random,inf,41,lasso,0.8904345184092881,0.8,0.8266666666666668,0.7283333333333333,0,1
cycle_random,inf,41,MCP,0.8904345184092881,0.8,0.8266666666666668,0.7283333333333333,0,1
cycle_random,inf,41,SCAD,0.8904345184092881,0.8,0.8266666666666668,0.7283333333333333,0,1
cycle_random,inf,42,lasso,0.5718613496737073,0.8,0.8333333333333334,0.7616666666666667,0,1
cycle_random,inf,42,MCP,0.5718613496737073,0.8,0.8333333333333334,0.7616666666666667,0,1
cycle_random,inf,42,SCAD,0.5718613496737073,0.8,0.8333333333333334,0.7616666666666667,0,1
cycle_random,inf,43,lasso,0.6520333790253172,0.8,0.8333333333333334,0.7616666666666667,0,1
cycle_random,inf,43,MCP,0.6520333790253172,0.8,0.8333333333333334,0.7616666666666667,0,1
cycle_random,inf,43,SCAD,0.6520333790253172,0.8,0.8333333333333334,0.7616666666666667,0,1
cycle_random,inf,44,lasso,0.7943851086094824,0.8,0.8333333333333334,0.7616666666666667,0,1
cycle_random,inf,44,MCP,0.7943851086094824,0.8,0.8333333333333334,0.7616666666666667,0,1
cycle_random,inf,44,SCAD,0.7943851086094824,0.8,0.8333333333333334,0.7616666666666667,0,1
cycle_random,inf,45,lasso,0.6804176579433097,0.8,0.8333333333333334,0.7616666666666667,0,1
cycle_random,inf,45,MCP,0.6804176579433097,0.8,0.8333333333333334,0.7616666666666667,0,1
cycle_random,inf,45,SCAD,0.6804176579433097,0.8,0.8333333333333334,0.7616666666666667,0,1
cycle_random,inf,46,lasso,0.9912692159245897,0.8,0.8200000000000001,0.6783333333333332,0,1
cycle_random,inf,46,MCP,0.9912692159245897,0.8,0.8200000000000001,0.6783333333333332,0,1
cycle_random,inf,46,SCAD,0.9912692159245897,0.8,0.8200000000000001,0.6783333333333332,0,1
cycle_random,inf,47,lasso,0.7067858584581781,0.8,0.8333333333333334,0.7616666666666667,0,1
cycle_random,inf,47,MCP,0.7067858584581781,0.8,0.8333333333333334,0.7616666666666667,0,1
cycle_random,inf,47,SCAD,0.7067858584581781,0.8,0.8333333333333334,0.7616666666666667,0,1
cycle_random,inf,48,lasso,0.6776700229577186,0.8,0.8333333333333334,0.7616666666666667,0,1
cycle_random,inf,48,MCP,0.6776700229577186,0.8,0.8333333333333334,0.7616666666666667,0,1
cycle_random,inf,48,SCAD,0.6776700229577186,0.8,0.8333333333333334,0.7616666666666667,0,1
cycle_random,inf,49,lasso,0.7728427439061307,0.8,0.8333333333333334,0.7616666666666667,0,1
cycle_random,inf,49,MCP,0.7728427439061307,0.8,0.8333333333333334,0.7616666666666667,0,1
cycle_random,inf,49,SCAD,0.7728427439061307,0.8,0.8333333333333334,0.7616666666666667,0,1
cycle_random,inf,50,lasso,0.6694936468588151,0.8,0.8333333333333334,0.7616666666666667,0,1
cycle_random,inf,50,MCP,0.6694936468588151,0.8,0.8333333333333334,0.7616666666666667,0,1
cycle_random,inf,50,SCAD,0.6694936468588151,0.8,0.8333333333333334,0.7616666666666667,0,1
cycle_random,inf,51,lasso,0.5919782061919003,0.8,0.8333333333333334,0.7616666666666667,0,1
cycle_random,inf,51,MCP,0.5919782061919003,0.8,0.8333333333333334,0.7616666666666667,0,1
cycle_random,inf,51,SCAD,0.5919782061919003,0.8,0.8333333333333334,0.7616666666666667,0,1
cycle_random,inf,52,lasso,0.6340227559663552,0.8,0.8333333333333334,0.7616666666666667,0,1
cycle_random,inf,52,MCP,0.6340227559663552,0.8,0.8333333333333334,0.7616666666666667,0,1
cycle_random,inf,52,SCAD,0.6340227559663552,0.8,0.8333333333333334,0.7616666666666667,0,1
cycle_random,inf,53,lasso,0.7887288248998419,0.8,0.8333333333333334,0.7616666666666667,0,1
cycle_random,inf,53,MCP,0.7887288248998419,0.8,0.8333333333333334,0.7616666666666667,0,1
cycle_random,inf,53,SCAD,0.7887288248998419,0.8,0.8333333333333334,0.7616666666666667,0,1
cycle_random,inf,54,lasso,0.7476606284506532,0.8,0.8333333333333334,0.7616666666666667,0,1
cycle_random,inf,54,MCP,0.7476606284506532,0.8,0.8333333333333334,0.7616666666666667,0,1
cycle_random,inf,54,SCAD,0.7476606284506532,0.8,0.8333333333333334,0.7616666666666667,0,1
cycle_random,inf,55,lasso,0.5874972365612232,0.8,0.8333333333333334,0.7616666666666667,0,1
cycle_random,inf,55,MCP,0.5874972365612232,0.8,0.8333333333333334,0.7616666666666667,0,1
cycle_random,inf,55,SCAD,0.5874972365612232,0.8,0.8333333333333334,0.7616666666666667,0,1
cycle_random,inf,56,lasso,0.596132366492708,0.8,0.8333333333333334,0.7616666666666667,0,1
cycle_random,inf,56,MCP,0.596132366492708,0.8,0.8333333333333334,0.7616666666666667,0,1
cycle_random,inf,56,SCAD,0.596132366492708,0.8,0.8333333333333334,0.7616666666666667,0,1
cycle_random,inf,57,lasso,0.5314360749425653,0.8,0.8400000000000001,0.7949999999999999,0,1
cycle_random,inf,57,MCP,0.5314360749425653,0.8,0.8400000000000001,0.7949999999999999,0,1
cycle_random,inf,57,SCAD,0.5314360749425653,0.8,0.8400000000000001,0.7949999999999999,0,1
cycle_random,inf,58,lasso,0.6587225278085116,0.8,0.8333333333333334,0.7616666666666667,0,1
cycle_random,inf,58,MCP,0.6587225278085116,0.8,0.8333333333333334,0.7616666666666667,0,1
cycle_random,inf,58,SCAD,0.6587225278085116,0.8,0.8333333333333334,0.7616666666666667,0,1
cycle_random,inf,59,lasso,0.5807944747484873,0.8,0.8333333333333334,0.7616666666666667,0,1
cycle_random,inf,59,MCP,0.5807944747484873,0.8,0.8333333333333334,0.7616666666666667,0,1
cycle_random,inf,59,SCAD,0.5807944747484873,0.8,0.8333333333333334,0.7616666666666667,0,1
cycle_random,inf,60,lasso,0.8396140796201808,0.8,0.8333333333333334,0.7616666666666667,0,1
cycle_random,inf,60,MCP,0.8396140796201808,0.8,0.8333333333333334,0.7616666666666667,0,1
cycle_random,inf,60,SCAD,0.8396140796201808,0.8,0.8333333333333334,0.7616666666666667,0,1
cycle_random,inf,61,lasso,0.7591739931335603,0.8,0.8333333333333334,0.7616666666666667,0,1
cycle_random,inf,61,MCP,0.7591739931335603,0.8,0.8333333333333334,0.7616666666666667,0,1
cycle_random,inf,61,SCAD,0.7591739931335603,0.8,0.8333333333333334,0.7616666666666667,0,1
cycle_random,inf,62,lasso,0.6642347896276122,0.8,0.8333333333333334,0.7616666666666667,0,1
cycle_random,inf,62,MCP,0.6642347896276122,0.8,0.8333333333333334,0.7616666666666667,0,1
cycle_random,inf,62,SCAD,0.6642347896276122,0.8,0.8333333333333334,0.7616666666666667,0,1
cycle_random,inf,63,lasso,0.9402912682600097,0.8,0.8266666666666668,0.7283333333333333,0,1
cycle_random,inf,63,MCP,0.9402912682600097,0.8,0.8266666666666667,0.7283333333333333,0,1
cycle_random,inf,63,SCAD,0.9402912682600097,0.8,0.8266666666666667,0.7283333333333333,0,1
cycle_random,inf,64,lasso,0.7484120413961465,0.8,0.8333333333333334,0.7616666666666667,0,1
cycle_random,inf,64,MCP,0.7484120413961465,0.8,0.8333333333333334,0.7616666666666667,0,1
cycle_random,inf,64,SCAD,0.7484120413961465,0.8,0.8333333333333334,0.7616666666666667,0,1
cycle_random,inf,65,lasso,0.8579905072032363,0.8,0.8333333333333334,0.7616666666666667,0,1
cycle_random,inf,65,MCP,0.8579905072032363,0.8,0.8333333333333334,0.7616666666666667,0,1
cycle_random,inf,65,SCAD,0.8579905072032363,0.8,0.8333333333333334,0.7616666666666667,0,1
cycle_random,inf,66,lasso,0.5913820639622173,0.8,0.8333333333333334,0.7616666666666667,0,1
cycle_random,inf,66,MCP,0.5913820639622173,0.8,0.8333333333333334,0.7616666666666667,0,1
cycle_random,inf,66,SCAD,0.5913820639622173,0.8,0.8333333333333334,0.7616666666666667,0,1
cycle_random,inf,67,lasso,0.5936242382016663,0.8,0.8333333333333334,0.7616666666666667,0,1
cycle_random,inf,67,MCP,0.5936242382016663,0.8,0.8333333333333334,0.7616666666666667,0,1
cycle_random,inf,67,SCAD,0.5936242382016663,0.8,0.8333333333333334,0.7616666666666667,0,1
cycle_random,inf,68,lasso,0.9402624430137999,0.8,0.8266666666666668,0.7283333333333333,0,1
cycle_random,inf,68,MCP,0.9402624430137999,0.8,0.8266666666666667,0.7283333333333333,0,1
cycle_random,inf,68,SCAD,0.9402624430137999,0.8,0.8266666666666667,0.7283333333333333,0,1
cycle_random,inf,69,lasso,0.5432605677033937,0.8,0.8333333333333334,0.7616666666666667,0,1
cycle_random,inf,69,MCP,0.5432605677033937,0.8,0.8333333333333334,0.7616666666666667,0,1
cycle_random,inf,69,SCAD,0.5432605677033937,0.8,0.8333333333333334,0.7616666666666667,0,1
cycle_random,inf,70,lasso,0.9437190461472507,0.8,0.8266666666666668,0.7283333333333333,0,1
cycle_random,inf,70,MCP,0.9437190461472507,0.8,0.8266666666666667,0.7283333333333333,0,1
cycle_random,inf,70,SCAD,0.9437190461472507,0.8,0.8266666666666667,0.7283333333333333,0,1
cycle_random,inf,71,lasso,0.9742690441090354,0.8,0.8200000000000001,0.6783333333333332,0,1
cycle_random,inf,71,MCP,0.9742690441090354,0.8,0.8200000000000001,0.6783333333333332,0,1
cycle_random,inf,71,SCAD,0.9742690441090354,0.8,0.8200000000000001,0.6783333333333332,0,1
cycle_random,inf,72,lasso,0.6983044654689186,0.8,0.8333333333333334,0.7616666666666667,0,1
cycle_random,inf,72,MCP,0.6983044654689186,0.8,0.8333333333333334,0.7616666666666667,0,1
cycle_random,inf,72,SCAD,0.6983044654689186,0.8,0.8333333333333334,0.7616666666666667,0,1
cycle_random,inf,73,lasso,0.7969607633487037,0.8,0.8333333333333334,0.7616666666666667,0,1
cycle_random,inf,73,MCP,0.7969607633487037,0.8,0.8333333333333334,0.7616666666666667,0,1
cycle_random,inf,73,SCAD,0.7969607633487037,0.8,0.8333333333333334,0.7616666666666667,0,1
cycle_random,inf,74,lasso,0.8963431650641851,0.8,0.8266666666666668,0.7283333333333333,0,1
cycle_random,inf,74,MCP,0.8963431650641851,0.8,0.8266666666666667,0.7283333333333333,0,1
cycle_random,inf,74,SCAD,0.8963431650641851,0.8,0.8266666666666667,0.7283333333333333,0,1
cycle_random,inf,75,lasso,0.51563871208847,0.8,0.8400000000000001,0.7949999999999999,0,1
cycle_random,inf,75,MCP,0.51563871208847,0.8,0.8400000000000001,0.7949999999999999,0,1
cycle_random,inf,75,SCAD,0.51563871208847,0.8,0.8400000000000001,0.7949999999999999,0,1
cycle_random,inf,76,lasso,0.7644012569055401,0.8,0.8333333333333334,0.7616666666666667,0,1
cycle_random,inf,76,MCP,0.7644012569055401,0.8,0.8333333333333334,0.7616666666666667,0,1
cycle_random,inf,76,SCAD,0.7644012569055401,0.8,0.8333333333333334,0.7616666666666667,0,1
cycle_random,inf,77,lasso,0.5998397500062105,0.8,0.8333333333333334,0.7616666666666667,0,1
cycle_random,inf,77,MCP,0.5998397500062105,0.8,0.8333333333333335,0.7616666666666667,0,1
cycle_random,inf,77,SCAD,0.5998397500062105,0.8,0.8333333333333335,0.7616666666666667,0,1
cycle_random,inf,78,lasso,0.7896750949446173,0.8,0.8333333333333334,0.7616666666666667,0,1
cycle_random,inf,78,MCP,0.7896750949446173,0.8,0.8333333333333334,0.7616666666666667,0,1
cycle_random,inf,78,SCAD,0.7896750949446173,0.8,0.8333333333333334,0.7616666666666667,0,1
cycle_random,inf,79,lasso,0.8881734395258913,0.8,0.8266666666666668,0.7283333333333333,0,1
cycle_random,inf,79,MCP,0.8881734395258913,0.8,0.8266666666666668,0.7283333333333333,0,1
cycle_random,inf,79,SCAD,0.8881734395258913,0.8,0.8266666666666668,0.7283333333333333,0,1
cycle_random,inf,80,lasso,0.8266869274313491,0.8,0.8333333333333334,0.7616666666666667,0,1
cycle_random,inf,80,MCP,0.8266869274313491,0.8,0.8333333333333334,0.7616666666666667,0,1
cycle_random,inf,80,SCAD,0.8266869274313491,0.8,0.8333333333333334,0.7616666666666667,0,1
cycle_random,inf,81,lasso,0.7851683807666361,0.8,0.8333333333333334,0.7616666666666667,0,1
cycle_random,inf,81,MCP,0.7851683807666361,0.8,0.8333333333333334,0.7616666666666667,0,1
cycle_random,inf,81,SCAD,0.7851683807666361,0.8,0.8333333333333334,0.7616666666666667,0,1
cycle_random,inf,82,lasso,0.8428470408042982,0.8,0.8333333333333334,0.7616666666666667,0,1
cycle_random,inf,82,MCP,0.8428470408042982,0.8,0.8333333333333334,0.7616666666666667,0,1
cycle_random,inf,82,SCAD,0.8428470408042982,0.8,0.8333333333333334,0.7616666666666667,0,1
cycle_random,inf,83,lasso,0.5036080809078035,0.8,0.8400000000000001,0.7949999999999999,0,1
cycle_random,inf,83,MCP,0.5036080809078035,0.8,0.8400000000000001,0.7949999999999999,0,1
cycle_random,inf,83,SCAD,0.5036080809078035,0.8,0.8400000000000001,0.7949999999999999,0,1
cycle_random,inf,84,lasso,0.7091478452656024,0.8,0.8333333333333334,0.7616666666666667,0,1
cycle_random,inf,84,MCP,0.7091478452656024,0.8,0.8333333333333334,0.7616666666666667,0,1
cycle_random,inf,84,SCAD,0.7091478452656024,0.8,0.8333333333333334,0.7616666666666667,0,1
cycle_random,inf,85,lasso,0.9647456715537552,0.8,0.8200000000000001,0.6783333333333332,0,1
cycle_random,inf,85,MCP,0.9647456715537552,0.8,0.8200000000000001,0.6783333333333332,0,1
cycle_random,inf,85,SCAD,0.9647456715537552,0.8,0.8200000000000001,0.6783333333333332,0,1
cycle_random,inf,86,lasso,0.5391351804754485,0.8,0.8333333333333334,0.7616666666666667,0,1
cycle_random,inf,86,MCP,0.5391351804754485,0.8,0.8333333333333334,0.7616666666666667,0,1
cycle_random,inf,86,SCAD,0.5391351804754485,0.8,0.8333333333333334,0.7616666666666667,0,1
cycle_random,inf,87,lasso,0.774249023275074,0.8,0.8333333333333334,0.7616666666666667,0,1
cycle_random,inf,87,MCP,0.774249023275074,0.8,0.8333333333333334,0.7616666666666667,0,1
cycle_random,inf,87,SCAD,0.774249023275074,0.8,0.8333333333333334,0.7616666666666667,0,1
cycle_random,inf,88,lasso,0.5336443707968606,0.8,0.8333333333333334,0.7616666666666667,0,1
cycle_random,inf,88,MCP,0.5336443707968606,0.8,0.8400000000000001,0.7949999999999999,0,1
cycle_random,inf,88,SCAD,0.5336443707968606,0.8,0.8400000000000001,0.7949999999999999,0,1
cycle_random,inf,89,lasso,0.7323151412716424,0.8,0.8333333333333334,0.7616666666666667,0,1
cycle_random,inf,89,MCP,0.7323151412716424,0.8,0.8333333333333334,0.7616666666666667,0,1
cycle_random,inf,89,SCAD,0.7323151412716424,0.8,0.8333333333333334,0.7616666666666667,0,1
cycle_random,inf,90,lasso,0.865538070656295,0.8,0.8333333333333334,0.7616666666666667,0,1
cycle_random,inf,90,MCP,0.865538070656295,0.8,0.8333333333333334,0.7616666666666667,0,1
cycle_random,inf,90,SCAD,0.865538070656295,0.8,0.8333333333333334,0.7616666666666667,0,1
cycle_random,inf,91,lasso,0.9215503988578728,0.8,0.8266666666666668,0.7283333333333333,0,1
cycle_random,inf,91,MCP,0.9215503988578728,0.8,0.8266666666666667,0.7283333333333333,0,1
cycle_random,inf,91,SCAD,0.9215503988578728,0.8,0.8266666666666667,0.7283333333333333,0,1
cycle_random,inf,92,lasso,0.8918775191786661,0.8,0.8266666666666668,0.7283333333333333,0,1
cycle_random,inf,92,MCP,0.8918775191786661,0.8,0.8266666666666668,0.7283333333333333,0,1
cycle_random,inf,92,SCAD,0.8918775191786661,0.8,0.8266666666666668,0.7283333333333333,0,1
cycle_random,inf,93,lasso,0.6071867167638112,0.8,0.8333333333333334,0.7616666666666667,0,1
cycle_random,inf,93,MCP,0.6071867167638112,0.8,0.8333333333333334,0.7616666666666667,0,1
cycle_random,inf,93,SCAD,0.6071867167638112,0.8,0.8333333333333334,0.7616666666666667,0,1
cycle_random,inf,94,lasso,0.6398470333376565,0.8,0.8333333333333334,0.7616666666666667,0,1
cycle_random,inf,94,MCP,0.6398470333376565,0.8,0.8333333333333334,0.7616666666666667,0,1
cycle_random,inf,94,SCAD,0.6398470333376565,0.8,0.8333333333333334,0.7616666666666667,0,1
cycle_random,inf,95,lasso,0.5712532977557209,0.8,0.8333333333333334,0.7616666666666667,0,1
cycle_random,inf,95,MCP,0.5712532977557209,0.8,0.8333333333333334,0.7616666666666667,0,1
cycle_random,inf,95,SCAD,0.5712532977557209,0.8,0.8333333333333334,0.7616666666666667,0,1
cycle_random,inf,96,lasso,0.9217792342559161,0.8,0.8266666666666668,0.7283333333333333,0,1
cycle_random,inf,96,MCP,0.9217792342559161,0.8,0.8266666666666667,0.7283333333333333,0,1
cycle_random,inf,96,SCAD,0.9217792342559161,0.8,0.8266666666666667,0.7283333333333333,0,1
cycle_random,inf,97,lasso,0.5105006913124116,0.8,0.8400000000000001,0.7949999999999999,0,1
cycle_random,inf,97,MCP,0.5105006913124116,0.8,0.8400000000000001,0.7949999999999999,0,1
cycle_random,inf,97,SCAD,0.5105006913124116,0.8,0.8400000000000001,0.7949999999999999,0,1
cycle_random,inf,98,lasso,0.7129621399235541,0.8,0.8333333333333334,0.7616666666666667,0,1
cycle_random,inf,98,MCP,0.7129621399235541,0.8,0.8333333333333334,0.7616666666666667,0,1
cycle_random,inf,98,SCAD,0.7129621399235541,0.8,0.8333333333333334,0.7616666666666667,0,1
cycle_random,inf,99,lasso,0.796790550464358,0.8,0.8333333333333334,0.7616666666666667,0,1
cycle_random,inf,99,MCP,0.796790550464358,0.8,0.8333333333333334,0.7616666666666667,0,1
cycle_random,inf,99,SCAD,0.796790550464358,0.8,0.8333333333333334,0.7616666666666667,0,1
