setting,n,rep,max_acc,max_f1,auc,aupr
path,100,0,0.9,0.6666666666666666,0.859375,0.7041666666666666
path,100,1,0.8,0.5714285714285714,0.703125,0.27321428571428574
path,100,2,0.8,0.5714285714285714,0.75,0.3104166666666667
path,100,3,0.8,0.5454545454545454,0.6875,0.20357142857142857
path,100,4,0.8,0.6153846153846154,0.8203125,0.3524305555555556
path,100,5,0.85,0.6666666666666666,0.84375,0.4196428571428571
path,100,6,0.85,0.5714285714285714,0.828125,0.5827380952380952
path,100,7,0.85,0.5454545454545454,0.7109375,0.4264880952380952
path,100,8,0.85,0.6666666666666666,0.7578125,0.3458333333333333
path,100,9,0.8,0.5714285714285714,0.78125,0.4770833333333333
path,100,10,0.85,0.6153846153846154,0.796875,0.5162698412698412
path,100,11,0.85,0.6666666666666666,0.7578125,0.3458333333333333
path,100,12,0.85,0.7272727272727273,0.875,0.6005952380952381
path,100,13,0.8,0.42857142857142855,0.5234375,0.1322420634920635
path,100,14,0.85,0.5,0.6875,0.40520833333333334
path,100,15,0.9,0.6666666666666666,0.765625,0.6035714285714285
path,100,16,0.8,0.6666666666666666,0.828125,0.3723214285714285
path,100,17,0.8,0.5714285714285714,0.7890625,0.3327380952380952
path,100,18,0.85,0.5,0.6875,0.44027777777777777
path,100,19,0.8,0.5,0.5859375,0.1875
path,100,20,0.85,0.5,0.703125,0.4242559523809524
path,100,21,0.8,0.6153846153846154,0.7734375,0.30600198412698415
path,100,22,0.8,0.42857142857142855,0.5703125,0.14613095238095236
path,100,23,0.9,0.6666666666666666,0.84375,0.6869047619047619
path,100,24,0.8,0.5454545454545454,0.6640625,0.20773809523809522
path,100,25,0.8,0.6153846153846154,0.8046875,0.4766865079365079
path,100,26,0.85,0.6666666666666666,0.7265625,0.275
path,100,27,0.85,0.4,0.53125,0.29910714285714285
path,100,28,0.85,0.6153846153846154,0.7890625,0.49166666666666664
path,100,29,0.8,0.5714285714285714,0.7265625,0.4086309523809524
path,100,30,0.85,0.5,0.578125,0.323859126984127
path,100,31,0.8,0.5,0.6640625,0.21874999999999997
path,100,32,0.8,0.5454545454545454,0.6875,0.3494047619047619
path,100,33,0.85,0.5714285714285714,0.78125,0.5020833333333333
path,100,34,0.85,0.6666666666666666,0.8671875,0.5916666666666667
path,100,35,0.85,0.6,0.828125,0.5583333333333333
path,100,36,0.8,0.5714285714285714,0.7890625,0.46592261904761906
path,100,37,0.9,0.8,0.9375,0.7916666666666666
path,100,38,0.8,0.3333333333333333,0.5078125,0.10813492063492064
path,100,39,0.8,0.6666666666666666,0.734375,0.28447420634920634
path,100,40,0.8,0.5,0.6796875,0.228422619047619
path,100,41,0.85,0.6666666666666666,0.859375,0.5940972222222223
path,100,42,0.95,0.8571428571428571,0.8203125,0.75
path,100,43,1.0,1.0,0.9140625,0.9083333333333333
path,100,44,0.9,0.6666666666666666,0.9140625,0.7625
path,100,45,0.8,0.5714285714285714,0.7578125,0.3104166666666667
path,100,46,0.85,0.5714285714285714,0.765625,0.49583333333333335
path,100,47,0.85,0.5714285714285714,0.7421875,0.49107142857142855
path,100,48,0.85,0.7272727272727273,0.875,0.4297619047619048
path,100,49,0.85,0.5,0.6875,0.40520833333333334
path,100,50,0.8,0.42857142857142855,0.5546875,0.1359126984126984
path,100,51,0.9,0.8,0.953125,0.8354166666666667
path,100,52,0.85,0.6153846153846154,0.78125,0.5016865079365079
path,100,53,0.9,0.6666666666666666,0.7265625,0.5729166666666666
path,100,54,0.85,0.6666666666666666,0.875,0.6077380952380953
path,100,55,0.85,0.46153846153846156,0.6328125,0.37202380952380953
path,100,56,0.8,0.6,0.59375,0.17574404761904763
path,100,57,0.9,0.6666666666666666,0.8515625,0.6952380952380952
path,100,58,0.9,0.75,0.921875,0.7931547619047619
path,100,59,0.85,0.5714285714285714,0.8203125,0.5619047619047619
path,100,60,0.8,0.46153846153846156,0.6484375,0.1958333333333333
path,100,61,0.8,0.5714285714285714,0.75,0.303422619047619
path,100,62,0.8,0.5454545454545454,0.6953125,0.22023809523809523
path,100,63,0.9,0.75,0.8203125,0.5973214285714286
path,100,64,0.85,0.7272727272727273,0.8203125,0.35892857142857143
path,100,65,0.95,0.8888888888888888,0.8203125,0.7124999999999999
path,100,66,0.8,0.5,0.59375,0.3125
path,100,67,0.9,0.6666666666666666,0.765625,0.6035714285714285
path,100,68,0.8,0.6666666666666666,0.8046875,0.4654761904761905
path,100,69,0.8,0.6666666666666666,0.84375,0.39166666666666666
path,100,70,0.85,0.6,0.828125,0.4125
path,100,71,0.95,0.8571428571428571,0.8203125,0.75
path,100,72,0.8,0.5714285714285714,0.671875,0.24613095238095237
path,100,73,0.85,0.5714285714285714,0.75,0.4994047619047619
path,100,74,0.85,0.5714285714285714,0.7265625,0.30357142857142855
path,100,75,0.8,0.5714285714285714,0.7421875,0.29107142857142854
path,100,76,0.8,0.5714285714285714,0.78125,0.31354166666666666
path,100,77,0.85,0.6,0.828125,0.5583333333333333
path,100,78,0.9,0.6666666666666666,0.7421875,0.5479166666666667
path,100,79,0.8,0.46153846153846156,0.5703125,0.26875
path,100,80,0.9,0.75,0.9453125,0.8526785714285714
path,100,81,0.8,0.6666666666666666,0.8671875,0.5416666666666666
path,100,82,0.8,0.42857142857142855,0.625,0.30932539682539684
path,100,83,0.95,0.8571428571428571,0.8203125,0.75
path,100,84,0.8,0.4444444444444444,0.65625,0.33402777777777776
path,100,85,0.8,0.6666666666666666,0.8125,0.35714285714285715
path,100,86,0.9,0.6666666666666666,0.7109375,0.5652777777777778
path,100,87,0.85,0.6666666666666666,0.890625,0.6077380952380953
path,100,88,0.8,0.46153846153846156,0.609375,0.16904761904761906
path,100,89,0.8,0.6,0.71875,0.2708333333333333
path,100,90,0.8,0.5,0.6640625,0.21874999999999997
path,100,91,0.85,0.6666666666666666,0.875,0.6244047619047619
path,100,92,0.9,0.6666666666666666,0.8515625,0.6952380952380952
path,100,93,0.8,0.6153846153846154,0.7890625,0.3410714285714286
path,100,94,0.8,0.6,0.796875,0.35
path,100,95,0.95,0.8571428571428571,0.9140625,0.8376984126984127
path,100,96,0.8,0.6666666666666666,0.8359375,0.38273809523809527
path,100,97,0.9,0.6666666666666666,0.7734375,0.5875
path,100,98,0.85,0.42857142857142855,0.6484375,0.3819444444444444
path,100,99,0.85,0.6666666666666666,0.8671875,0.6305555555555555
path,200,0,0.85,0.6153846153846154,0.828125,0.5808531746031746
path,200,1,0.8,0.6666666666666666,0.84375,0.3952380952380953
path,200,2,0.9,0.8,0.921875,0.6916666666666667
path,200,3,0.85,0.6153846153846154,0.8125,0.5391865079365079
path,200,4,0.85,0.5714285714285714,0.796875,0.5284226190476191
path,200,5,0.9,0.75,0.90625,0.6889880952380951
path,200,6,0.85,0.6153846153846154,0.828125,0.5518353174603174
path,200,7,0.85,0.46153846153846156,0.65625,0.38363095238095235
path,200,8,0.95,0.8571428571428571,0.8203125,0.75
path,200,9,0.9,0.6666666666666666,0.7421875,0.5825892857142857
path,200,10,0.85,0.5714285714285714,0.78125,0.51875
path,200,11,0.95,0.8888888888888888,0.984375,0.94375
path,200,12,0.85,0.6153846153846154,0.859375,0.6107638888888889
path,200,13,0.9,0.75,0.890625,0.76875
path,200,14,0.85,0.5714285714285714,0.78125,0.3729166666666667
path,200,15,0.85,0.7272727272727273,0.8125,0.6130952380952381
path,200,16,0.85,0.46153846153846156,0.6796875,0.4041666666666667
path,200,17,0.9,0.6666666666666666,0.7578125,0.6075892857142857
path,200,18,0.85,0.46153846153846156,0.6796875,0.4041666666666667
path,200,19,0.9,0.6666666666666666,0.8046875,0.7
path,200,20,0.85,0.6153846153846154,0.7265625,0.44751984126984123
path,200,21,0.9,0.8,0.84375,0.6236111111111111
path,200,22,0.8,0.6,0.8046875,0.4625
path,200,23,0.85,0.5714285714285714,0.703125,0.4854166666666666
path,200,24,0.9,0.8,0.78125,0.525
path,200,25,0.8,0.5714285714285714,0.71875,0.271875
path,200,26,0.95,0.8888888888888888,0.9765625,0.9125
path,200,27,0.95,0.8571428571428571,0.8203125,0.75
path,200,28,0.8,0.6666666666666666,0.8359375,0.38125
path,200,29,0.85,0.5714285714285714,0.7109375,0.46875
path,200,30,0.9,0.75,0.90625,0.6889880952380951
path,200,31,0.8,0.6153846153846154,0.7734375,0.42544642857142856
path,200,32,0.85,0.6666666666666666,0.8828125,0.6166666666666667
path,200,33,0.85,0.5714285714285714,0.6953125,0.4611111111111111
path,200,34,0.8,0.5714285714285714,0.7890625,0.3617559523809524
path,200,35,0.8,0.5714285714285714,0.8046875,0.37023809523809526
path,200,36,0.95,0.8571428571428571,0.9765625,0.9270833333333333
path,200,37,0.85,0.5,0.6875,0.4239087301587301
path,200,38,0.9,0.75,0.7890625,0.5729166666666666
path,200,39,0.9,0.6666666666666666,0.8984375,0.7410714285714286
path,200,40,0.85,0.6,0.7421875,0.4666666666666667
path,200,41,0.9,0.75,0.953125,0.8651785714285714
path,200,42,0.9,0.6666666666666666,0.875,0.7113095238095238
path,200,43,0.95,0.8571428571428571,0.8203125,0.75
path,200,44,0.85,0.6153846153846154,0.828125,0.5808531746031745
path,200,45,0.85,0.6666666666666666,0.8359375,0.5529761904761905
path,200,46,0.85,0.6,0.7578125,0.5083333333333333
path,200,47,0.85,0.6666666666666666,0.890625,0.6494047619047618
path,200,48,0.9,0.75,0.90625,0.519345238095238
path,200,49,0.95,0.8571428571428571,0.8046875,0.7423611111111111
path,200,50,0.8,0.5714285714285714,0.7109375,0.25089285714285714
path,200,51,0.8,0.4444444444444444,0.640625,0.1986111111111111
path,200,52,0.8,0.6,0.8203125,0.3833333333333333
path,200,53,0.85,0.5,0.6953125,0.41383928571428574
path,200,54,0.9,0.75,0.90625,0.6889880952380951
path,200,55,0.9,0.6666666666666666,0.890625,0.7285714285714286
path,200,56,0.9,0.6666666666666666,0.890625,0.7285714285714286
path,200,57,0.85,0.6666666666666666,0.859375,0.4482638888888889
path,200,58,0.9,0.6666666666666666,0.75,0.6076884920634921
path,200,59,0.85,0.5714285714285714,0.765625,0.490922619047619
path,200,60,0.85,0.6153846153846154,0.8359375,0.5868055555555556
path,200,61,0.9,0.75,0.828125,0.60625
path,200,62,0.9,0.75,0.7734375,0.5550595238095237
path,200,63,0.85,0.6,0.84375,0.6
path,200,64,0.9,0.7272727272727273,0.921875,0.7714285714285715
path,200,65,0.85,0.5714285714285714,0.796875,0.518154761904762
path,200,66,0.9,0.8,0.90625,0.6499999999999999
path,200,67,0.9,0.7272727272727273,0.90625,0.7464285714285714
path,200,68,0.85,0.7272727272727273,0.8671875,0.42976190476190473
path,200,69,0.8,0.6666666666666666,0.75,0.3029761904761905
path,200,70,0.9,0.6666666666666666,0.875,0.7149305555555556
path,200,71,0.9,0.75,0.890625,0.6753472222222222
path,200,72,0.9,0.75,0.8125,0.71875
path,200,73,0.9,0.8,0.921875,0.6916666666666667
path,200,74,0.85,0.5,0.6796875,0.41944444444444445
path,200,75,0.9,0.6666666666666666,0.875,0.7149305555555556
path,200,76,0.85,0.6666666666666666,0.7734375,0.5333333333333333
path,200,77,0.85,0.6,0.8359375,0.5708333333333333
path,200,78,0.85,0.7272727272727273,0.921875,0.7422619047619048
path,200,79,0.8,0.46153846153846156,0.640625,0.18125
path,200,80,0.85,0.6153846153846154,0.8046875,0.521031746031746
path,200,81,0.85,0.7272727272727273,0.8828125,0.6130952380952381
path,200,82,0.85,0.6666666666666666,0.734375,0.4425595238095238
path,200,83,0.85,0.6666666666666666,0.859375,0.5827380952380953
path,200,84,0.8,0.6666666666666666,0.8046875,0.34672619047619047
path,200,85,0.85,0.6,0.8515625,0.6625
path,200,86,0.85,0.5714285714285714,0.7265625,0.30357142857142855
path,200,87,0.85,0.6,0.71875,0.48432539682539677
path,200,88,0.85,0.6666666666666666,0.8828125,0.6333333333333333
path,200,89,0.95,0.8571428571428571,0.8359375,0.7607638888888889
path,200,90,0.85,0.5714285714285714,0.8203125,0.5202380952380952
path,200,91,0.8,0.5714285714285714,0.75,0.29523809523809524
path,200,92,0.9,0.8,0.9375,0.73125
path,200,93,0.95,0.8888888888888888,0.984375,0.94375
path,200,94,0.85,0.7272727272727273,0.796875,0.6136904761904762
path,200,95,0.9,0.6666666666666666,0.8828125,0.734375
path,200,96,0.85,0.6153846153846154,0.8125,0.3952380952380952
path,200,97,0.9,0.8,0.8515625,0.7041666666666666
path,200,98,0.9,0.8,0.9609375,0.8541666666666666
path,200,99,0.8,0.4,0.546875,0.12916666666666665
path,500,0,0.95,0.8888888888888888,0.8203125,0.6327380952380952
path,500,1,0.9,0.75,0.9296875,0.8020833333333333
path,500,2,0.85,0.6,0.84375,0.6
path,500,3,0.85,0.7272727272727273,0.890625,0.6255952380952381
path,500,4,0.85,0.6666666666666666,0.859375,0.5940972222222223
path,500,5,0.85,0.7272727272727273,0.890625,0.6386904761904761
path,500,6,0.85,0.6666666666666666,0.875,0.6077380952380953
path,500,7,0.95,0.8888888888888888,0.953125,0.7666666666666666
path,500,8,0.9,0.6666666666666666,0.890625,0.7399305555555555
path,500,9,0.9,0.8,0.9453125,0.75
path,500,10,0.9,0.75,0.890625,0.76875
path,500,11,0.95,0.8888888888888888,0.984375,0.94375
path,500,12,0.85,0.6153846153846154,0.8671875,0.6732638888888889
path,500,13,0.9,0.6666666666666666,0.875,0.7291666666666667
path,500,14,0.9,0.7272727272727273,0.8984375,0.7375
path,500,15,0.9,0.75,0.9296875,0.769345238095238
path,500,16,0.9,0.75,0.890625,0.6753472222222222
path,500,17,0.9,0.6666666666666666,0.796875,0.6583333333333333
path,500,18,0.9,0.75,0.921875,0.706845238095238
path,500,19,0.9,0.6666666666666666,0.8984375,0.7375
path,500,20,0.9,0.6666666666666666,0.859375,0.6976686507936508
path,500,21,0.9,0.6666666666666666,0.8515625,0.6921130952380952
path,500,22,0.85,0.6666666666666666,0.90625,0.6791666666666667
path,500,23,0.9,0.7272727272727273,0.90625,0.7428571428571429
path,500,24,0.9,0.6666666666666666,0.875,0.7291666666666667
path,500,25,0.9,0.6666666666666666,0.828125,0.6708333333333334
path,500,26,0.85,0.5714285714285714,0.7890625,0.5395833333333333
path,500,27,0.95,0.8571428571428571,0.953125,0.8839285714285714
path,500,28,0.9,0.7272727272727273,0.90625,0.7464285714285714
path,500,29,0.9,0.75,0.890625,0.6753472222222222
path,500,30,0.95,0.8888888888888888,0.96875,0.8708333333333333
path,500,31,0.95,0.8888888888888888,0.9921875,0.975
path,500,32,0.9,0.75,0.9296875,0.769345238095238
path,500,33,0.9,0.6666666666666666,0.8671875,0.7060019841269841
path,500,34,0.9,0.6666666666666666,0.8828125,0.7196428571428571
path,500,35,0.9,0.8,0.9375,0.7958333333333334
path,500,36,0.9,0.75,0.875,0.6645833333333333
path,500,37,0.95,0.8571428571428571,0.96875,0.9083333333333333
path,500,38,0.85,0.6,0.8359375,0.5708333333333333
path,500,39,1.0,1.0,1.0,1.0
path,500,40,0.85,0.6666666666666666,0.8671875,0.5732638888888889
path,500,41,0.85,0.7272727272727273,0.875,0.5589285714285714
path,500,42,0.95,0.8888888888888888,0.953125,0.7666666666666666
path,500,43,0.9,0.75,0.90625,0.6889880952380951
path,500,44,0.95,0.8571428571428571,0.96875,0.9083333333333333
path,500,45,0.85,0.6666666666666666,0.890625,0.6077380952380953
path,500,46,1.0,1.0,1.0,1.0
path,500,47,0.85,0.5714285714285714,0.828125,0.5827380952380952
path,500,48,0.9,0.8,0.9453125,0.75
path,500,49,0.9,0.8,0.9375,0.7958333333333334
path,500,50,0.95,0.8888888888888888,0.96875,0.8708333333333333
path,500,51,0.9,0.75,0.90625,0.625
path,500,52,0.85,0.6153846153846154,0.859375,0.6107638888888889
path,500,53,0.85,0.6666666666666666,0.8671875,0.5916666666666667
path,500,54,0.9,0.8,0.9375,0.7958333333333334
path,500,55,0.9,0.8,0.90625,0.6499999999999999
path,500,56,0.85,0.6,0.8515625,0.6625
path,500,57,0.9,0.8,0.9375,0.7749999999999999
path,500,58,0.85,0.6,0.8515625,0.6125
path,500,59,0.9,0.8,0.921875,0.6875
path,500,60,0.9,0.8,0.953125,0.8354166666666667
path,500,61,0.85,0.7272727272727273,0.90625,0.6589285714285714
path,500,62,0.8,0.5714285714285714,0.7734375,0.33571428571428574
path,500,63,0.9,0.7272727272727273,0.90625,0.7464285714285714
path,500,64,0.85,0.6666666666666666,0.84375,0.5654761904761905
path,500,65,0.85,0.6666666666666666,0.8671875,0.5916666666666667
path,500,66,0.9,0.75,0.90625,0.6889880952380951
path,500,67,0.85,0.6,0.8203125,0.5458333333333334
path,500,68,0.85,0.7272727272727273,0.8984375,0.638095238095238
path,500,69,0.95,0.8888888888888888,0.9453125,0.7041666666666666
path,500,70,0.9,0.75,0.8984375,0.8104166666666667
path,500,71,0.9,0.6666666666666666,0.9296875,0.7958333333333334
path,500,72,0.9,0.7272727272727273,0.90625,0.7464285714285714
path,500,73,0.95,0.8571428571428571,0.90625,0.8416666666666667
path,500,74,0.9,0.75,0.90625,0.6889880952380951
path,500,75,0.85,0.6666666666666666,0.875,0.5708333333333333
path,500,76,1.0,1.0,1.0,1.0
path,500,77,0.95,0.8571428571428571,0.96875,0.9083333333333333
path,500,78,0.9,0.6666666666666666,0.8671875,0.7166666666666667
path,500,79,0.9,0.75,0.875,0.6645833333333333
path,500,80,0.85,0.6666666666666666,0.8515625,0.5863095238095238
path,500,81,0.9,0.8,0.9375,0.7958333333333334
path,500,82,0.95,0.8571428571428571,0.8203125,0.75
path,500,83,0.9,0.8,0.7890625,0.5577380952380953
path,500,84,0.9,0.6666666666666666,0.859375,0.6976686507936508
path,500,85,0.95,0.8571428571428571,0.9765625,0.9270833333333333
path,500,86,0.9,0.6666666666666666,0.9140625,0.7625
path,500,87,0.9,0.75,0.875,0.6645833333333333
path,500,88,0.85,0.6,0.8203125,0.5458333333333334
path,500,89,0.95,0.8888888888888888,0.96875,0.8708333333333333
path,500,90,1.0,1.0,1.0,1.0
path,500,91,0.9,0.8,0.9375,0.7208333333333333
path,500,92,0.85,0.7272727272727273,0.8359375,0.6089285714285714
path,500,93,0.95,0.8571428571428571,0.9375,0.8660714285714286
path,500,94,0.95,0.8888888888888888,0.9921875,0.975
path,500,95,0.85,0.7272727272727273,0.9140625,0.6797619047619048
path,500,96,0.9,0.8,0.9453125,0.79375
path,500,97,0.85,0.6666666666666666,0.84375,0.5625
path,500,98,0.95,0.8571428571428571,0.9375,0.8660714285714286
path,500,99,0.9,0.6666666666666666,0.9140625,0.7625
path,1000,0,0.85,0.6153846153846154,0.84375,0.5935019841269841
path,1000,1,0.95,0.8888888888888888,0.984375,0.94375
path,1000,2,0.9,0.75,0.8984375,0.6820436507936507
path,1000,3,0.95,0.8888888888888888,0.9765625,0.9125
path,1000,4,0.95,0.8888888888888888,0.984375,0.94375
path,1000,5,0.95,0.8571428571428571,0.9140625,0.846875
path,1000,6,0.85,0.7272727272727273,0.90625,0.6672619047619048
path,1000,7,0.95,0.8888888888888888,0.984375,0.94375
path,1000,8,0.95,0.8571428571428571,0.9765625,0.9270833333333333
path,1000,9,0.95,0.8888888888888888,0.96875,0.8708333333333333
path,1000,10,0.9,0.7272727272727273,0.90625,0.7464285714285714
path,1000,11,0.9,0.8,0.921875,0.7124999999999999
path,1000,12,0.85,0.4444444444444444,0.6640625,0.39652777777777776
path,1000,13,0.9,0.75,0.921875,0.7931547619047619
path,1000,14,0.85,0.7272727272727273,0.921875,0.7422619047619048
path,1000,15,0.95,0.8888888888888888,0.9921875,0.975
path,1000,16,0.85,0.6666666666666666,0.875,0.6927083333333333
path,1000,17,1.0,1.0,1.0,1.0
path,1000,18,0.9,0.8,0.9375,0.73125
path,1000,19,0.9,0.8,0.9453125,0.8166666666666667
path,1000,20,0.95,0.8571428571428571,0.953125,0.8839285714285714
path,1000,21,0.9,0.75,0.9375,0.8110119047619047
path,1000,22,0.95,0.8571428571428571,0.921875,0.8524305555555556
path,1000,23,0.9,0.8,0.9375,0.7958333333333334
path,1000,24,0.95,0.8571428571428571,0.9765625,0.9270833333333333
path,1000,25,0.95,0.8571428571428571,0.96875,0.9083333333333333
path,1000,26,0.9,0.8,0.96875,0.8958333333333333
path,1000,27,1.0,1.0,1.0,1.0
path,1000,28,0.95,0.8888888888888888,0.96875,0.8708333333333333
path,1000,29,0.95,0.8888888888888888,0.953125,0.7666666666666666
path,1000,30,0.9,0.75,0.890625,0.76875
path,1000,31,0.95,0.8888888888888888,0.9921875,0.975
path,1000,32,0.85,0.6666666666666666,0.875,0.6244047619047619
path,1000,33,0.95,0.8571428571428571,0.9609375,0.8964285714285714
path,1000,34,0.9,0.75,0.890625,0.76875
path,1000,35,0.9,0.75,0.9375,0.8110119047619048
path,1000,36,1.0,1.0,1.0,1.0
path,1000,37,0.95,0.8571428571428571,0.921875,0.8524305555555556
path,1000,38,1.0,1.0,0.859375,0.8541666666666667
path,1000,39,0.85,0.7272727272727273,0.890625,0.6339285714285714
path,1000,40,0.9,0.75,0.890625,0.76875
path,1000,41,0.9,0.7272727272727273,0.90625,0.7464285714285714
path,1000,42,0.9,0.75,0.921875,0.7931547619047619
path,1000,43,0.9,0.6666666666666666,0.828125,0.6742559523809524
path,1000,44,0.95,0.8571428571428571,0.96875,0.9083333333333333
path,1000,45,0.95,0.8571428571428571,0.96875,0.9083333333333333
path,1000,46,0.9,0.8,0.9609375,0.8770833333333333
path,1000,47,1.0,1.0,1.0,1.0
path,1000,48,0.95,0.8888888888888888,0.984375,0.94375
path,1000,49,0.9,0.8,0.9375,0.7958333333333334
path,1000,50,0.9,0.8,0.9609375,0.8770833333333333
path,1000,51,0.9,0.7272727272727273,0.90625,0.7464285714285714
path,1000,52,0.9,0.7272727272727273,0.9140625,0.7589285714285714
path,1000,53,0.95,0.8571428571428571,0.9609375,0.8964285714285714
path,1000,54,0.95,0.8888888888888888,0.984375,0.94375
path,1000,55,0.9,0.75,0.9375,0.8145833333333333
path,1000,56,0.9,0.7272727272727273,0.9296875,0.7922619047619047
path,1000,57,0.95,0.8888888888888888,0.96875,0.8708333333333333
path,1000,58,0.95,0.8571428571428571,0.96875,0.9151785714285714
path,1000,59,0.9,0.75,0.890625,0.76875
path,1000,60,0.9,0.8,0.953125,0.8354166666666667
path,1000,61,0.9,0.75,0.9375,0.8110119047619048
path,1000,62,0.95,0.8571428571428571,0.9765625,0.9270833333333333
path,1000,63,0.95,0.8571428571428571,0.953125,0.8839285714285714
path,1000,64,0.95,0.8571428571428571,0.9765625,0.9270833333333333
path,1000,65,0.9,0.75,0.9453125,0.8526785714285714
path,1000,66,0.95,0.8571428571428571,0.9375,0.8660714285714286
path,1000,67,0.85,0.6666666666666666,0.8984375,0.6702380952380952
path,1000,68,0.95,0.8888888888888888,0.9765625,0.9125
path,1000,69,0.95,0.8888888888888888,0.96875,0.8708333333333333
path,1000,70,0.9,0.8,0.9453125,0.7916666666666666
path,1000,71,0.95,0.8571428571428571,0.96875,0.9151785714285714
path,1000,72,0.9,0.8,0.96875,0.8958333333333333
path,1000,73,0.9,0.8,0.921875,0.6916666666666667
path,1000,74,0.95,0.8571428571428571,0.984375,0.9583333333333333
path,1000,75,0.85,0.6666666666666666,0.890625,0.6494047619047618
path,1000,76,0.95,0.8888888888888888,0.96875,0.8708333333333333
path,1000,77,0.95,0.8571428571428571,0.984375,0.9583333333333333
path,1000,78,0.95,0.8888888888888888,0.9765625,0.9125
path,1000,79,0.95,0.8571428571428571,0.953125,0.8839285714285714
path,1000,80,0.95,0.8571428571428571,0.96875,0.9083333333333333
path,1000,81,0.95,0.8571428571428571,0.96875,0.9083333333333333
path,1000,82,0.9,0.8,0.9140625,0.6708333333333334
path,1000,83,0.9,0.6666666666666666,0.9140625,0.7625
path,1000,84,0.9,0.6666666666666666,0.8828125,0.7196428571428571
path,1000,85,0.85,0.7272727272727273,0.859375,0.5741071428571429
path,1000,86,0.85,0.6666666666666666,0.8671875,0.6035714285714286
path,1000,87,0.95,0.8888888888888888,0.96875,0.8708333333333333
path,1000,88,0.9,0.8,0.9375,0.7916666666666666
path,1000,89,0.95,0.8571428571428571,0.953125,0.8839285714285714
path,1000,90,0.9,0.7272727272727273,0.9140625,0.7589285714285714
path,1000,91,0.95,0.8571428571428571,0.921875,0.8524305555555556
path,1000,92,0.9,0.6666666666666666,0.90625,0.7535714285714286
path,1000,93,0.9,0.75,0.8203125,0.6949404761904762
path,1000,94,1.0,1.0,1.0,1.0
path,1000,95,0.9,0.8,0.953125,0.8354166666666667
path,1000,96,0.95,0.8888888888888888,0.9921875,0.975
path,1000,97,0.95,0.8571428571428571,0.9375,0.8660714285714286
path,1000,98,0.95,0.8888888888888888,0.953125,0.7666666666666666
path,1000,99,0.95,0.8888888888888888,0.953125,0.7666666666666666
path,5000,0,0.95,0.8888888888888888,0.984375,0.94375
path,5000,1,1.0,1.0,1.0,1.0
path,5000,2,1.0,1.0,1.0,1.0
path,5000,3,0.95,0.8888888888888888,0.9921875,0.975
path,5000,4,1.0,1.0,1.0,1.0
path,5000,5,1.0,1.0,1.0,1.0
path,5000,6,1.0,1.0,1.0,1.0
path,5000,7,1.0,1.0,1.0,1.0
path,5000,8,1.0,1.0,1.0,1.0
path,5000,9,1.0,1.0,1.0,1.0
path,5000,10,1.0,1.0,1.0,1.0
path,5000,11,1.0,1.0,1.0,1.0
path,5000,12,0.95,0.8888888888888888,0.984375,0.95
path,5000,13,1.0,1.0,1.0,1.0
path,5000,14,1.0,1.0,1.0,1.0
path,5000,15,1.0,1.0,1.0,1.0
path,5000,16,0.95,0.8888888888888888,0.984375,0.94375
path,5000,17,0.95,0.8888888888888888,0.96875,0.8708333333333333
path,5000,18,1.0,1.0,1.0,1.0
path,5000,19,0.95,0.8888888888888888,0.9921875,0.975
path,5000,20,1.0,1.0,1.0,1.0
path,5000,21,1.0,1.0,1.0,1.0
path,5000,22,1.0,1.0,1.0,1.0
path,5000,23,0.95,0.8571428571428571,0.953125,0.8875
path,5000,24,0.95,0.8888888888888888,0.984375,0.94375
path,5000,25,1.0,1.0,1.0,1.0
path,5000,26,1.0,1.0,1.0,1.0
path,5000,27,1.0,1.0,1.0,1.0
path,5000,28,0.95,0.8888888888888888,0.96875,0.8708333333333333
path,5000,29,1.0,1.0,1.0,1.0
path,5000,30,1.0,1.0,1.0,1.0
path,5000,31,0.95,0.8888888888888888,0.984375,0.94375
path,5000,32,1.0,1.0,1.0,1.0
path,5000,33,1.0,1.0,1.0,1.0
path,5000,34,1.0,1.0,1.0,1.0
path,5000,35,1.0,1.0,1.0,1.0
path,5000,36,0.95,0.8571428571428571,0.9765625,0.9270833333333333
path,5000,37,1.0,1.0,1.0,1.0
path,5000,38,1.0,1.0,1.0,1.0
path,5000,39,0.95,0.8888888888888888,0.984375,0.94375
path,5000,40,1.0,1.0,1.0,1.0
path,5000,41,1.0,1.0,1.0,1.0
path,5000,42,0.95,0.8888888888888888,0.9921875,0.975
path,5000,43,1.0,1.0,1.0,1.0
path,5000,44,1.0,1.0,1.0,1.0
path,5000,45,1.0,1.0,1.0,1.0
path,5000,46,1.0,1.0,1.0,1.0
path,5000,47,0.95,0.8571428571428571,0.953125,0.8839285714285714
path,5000,48,1.0,1.0,1.0,1.0
path,5000,49,1.0,1.0,1.0,1.0
path,5000,50,1.0,1.0,1.0,1.0
path,5000,51,0.95,0.8888888888888888,0.9921875,0.975
path,5000,52,1.0,1.0,1.0,1.0
path,5000,53,1.0,1.0,1.0,1.0
path,5000,54,1.0,1.0,1.0,1.0
path,5000,55,1.0,1.0,1.0,1.0
path,5000,56,1.0,1.0,1.0,1.0
path,5000,57,1.0,1.0,1.0,1.0
path,5000,58,0.95,0.8888888888888888,0.984375,0.94375
path,5000,59,1.0,1.0,1.0,1.0
path,5000,60,1.0,1.0,1.0,1.0
path,5000,61,1.0,1.0,1.0,1.0
path,5000,62,0.95,0.8888888888888888,0.9609375,0.8291666666666666
path,5000,63,0.95,0.8888888888888888,0.9609375,0.8291666666666666
path,5000,64,1.0,1.0,1.0,1.0
path,5000,65,1.0,1.0,1.0,1.0
path,5000,66,1.0,1.0,1.0,1.0
path,5000,67,0.95,0.8888888888888888,0.984375,0.94375
path,5000,68,0.95,0.8888888888888888,0.9921875,0.975
path,5000,69,1.0,1.0,1.0,1.0
path,5000,70,1.0,1.0,1.0,1.0
path,5000,71,1.0,1.0,1.0,1.0
path,5000,72,1.0,1.0,1.0,1.0
path,5000,73,1.0,1.0,1.0,1.0
path,5000,74,1.0,1.0,1.0,1.0
path,5000,75,1.0,1.0,1.0,1.0
path,5000,76,0.95,0.8888888888888888,0.96875,0.8666666666666667
path,5000,77,1.0,1.0,1.0,1.0
path,5000,78,1.0,1.0,1.0,1.0
path,5000,79,1.0,1.0,1.0,1.0
path,5000,80,1.0,1.0,1.0,1.0
path,5000,81,1.0,1.0,1.0,1.0
path,5000,82,1.0,1.0,1.0,1.0
path,5000,83,1.0,1.0,1.0,1.0
path,5000,84,1.0,1.0,1.0,1.0
path,5000,85,1.0,1.0,1.0,1.0
path,5000,86,0.95,0.8888888888888888,0.9765625,0.9125
path,5000,87,1.0,1.0,1.0,1.0
path,5000,88,1.0,1.0,1.0,1.0
path,5000,89,0.95,0.8571428571428571,0.96875,0.9083333333333333
path,5000,90,0.9,0.8,0.953125,0.8354166666666667
path,5000,91,1.0,1.0,1.0,1.0
path,5000,92,1.0,1.0,1.0,1.0
path,5000,93,1.0,1.0,1.0,1.0
path,5000,94,1.0,1.0,1.0,1.0
path,5000,95,0.95,0.8888888888888888,0.96875,0.8708333333333333
path,5000,96,0.95,0.8888888888888888,0.984375,0.94375
path,5000,97,0.95,0.8888888888888888,0.984375,0.94375
path,5000,98,1.0,1.0,1.0,1.0
path,5000,99,0.95,0.8571428571428571,0.9765625,0.9270833333333333
path,10000.0,0,1.0,1.0,1.0,1.0
path,10000.0,1,1.0,1.0,1.0,1.0
path,10000.0,2,0.95,0.8888888888888888,0.984375,0.94375
path,10000.0,3,1.0,1.0,1.0,1.0
path,10000.0,4,1.0,1.0,1.0,1.0
path,10000.0,5,1.0,1.0,1.0,1.0
path,10000.0,6,1.0,1.0,1.0,1.0
path,10000.0,7,0.95,0.8888888888888888,0.984375,0.94375
path,10000.0,8,1.0,1.0,1.0,1.0
path,10000.0,9,1.0,1.0,1.0,1.0
path,10000.0,10,1.0,1.0,1.0,1.0
path,10000.0,11,1.0,1.0,1.0,1.0
path,10000.0,12,1.0,1.0,1.0,1.0
path,10000.0,13,1.0,1.0,1.0,1.0
path,10000.0,14,1.0,1.0,1.0,1.0
path,10000.0,15,1.0,1.0,1.0,1.0
path,10000.0,16,1.0,1.0,1.0,1.0
path,10000.0,17,1.0,1.0,1.0,1.0
path,10000.0,18,1.0,1.0,1.0,1.0
path,10000.0,19,0.95,0.8571428571428571,0.9765625,0.9270833333333333
path,10000.0,20,1.0,1.0,1.0,1.0
path,10000.0,21,1.0,1.0,1.0,1.0
path,10000.0,22,1.0,1.0,1.0,1.0
path,10000.0,23,0.95,0.8888888888888888,0.984375,0.94375
path,10000.0,24,1.0,1.0,1.0,1.0
path,10000.0,25,1.0,1.0,1.0,1.0
path,10000.0,26,0.95,0.8888888888888888,0.984375,0.94375
path,10000.0,27,1.0,1.0,1.0,1.0
path,10000.0,28,1.0,1.0,1.0,1.0
path,10000.0,29,0.95,0.8888888888888888,0.984375,0.94375
path,10000.0,30,1.0,1.0,1.0,1.0
path,10000.0,31,1.0,1.0,1.0,1.0
path,10000.0,32,0.95,0.8571428571428571,0.96875,0.9083333333333333
path,10000.0,33,0.95,0.8888888888888888,0.9921875,0.975
path,10000.0,34,1.0,1.0,1.0,1.0
path,10000.0,35,1.0,1.0,1.0,1.0
path,10000.0,36,1.0,1.0,1.0,1.0
path,10000.0,37,1.0,1.0,1.0,1.0
path,10000.0,38,1.0,1.0,1.0,1.0
path,10000.0,39,1.0,1.0,1.0,1.0
path,10000.0,40,1.0,1.0,1.0,1.0
path,10000.0,41,1.0,1.0,1.0,1.0
path,10000.0,42,0.95,0.8888888888888888,0.984375,0.94375
path,10000.0,43,1.0,1.0,1.0,1.0
path,10000.0,44,1.0,1.0,1.0,1.0
path,10000.0,45,1.0,1.0,1.0,1.0
path,10000.0,46,1.0,1.0,1.0,1.0
path,10000.0,47,1.0,1.0,1.0,1.0
path,10000.0,48,1.0,1.0,1.0,1.0
path,10000.0,49,1.0,1.0,1.0,1.0
path,10000.0,50,1.0,1.0,1.0,1.0
path,10000.0,51,1.0,1.0,1.0,1.0
path,10000.0,52,1.0,1.0,1.0,1.0
path,10000.0,53,1.0,1.0,1.0,1.0
path,10000.0,54,1.0,1.0,1.0,1.0
path,10000.0,55,0.95,0.8888888888888888,0.9921875,0.975
path,10000.0,56,1.0,1.0,1.0,1.0
path,10000.0,57,1.0,1.0,1.0,1.0
path,10000.0,58,0.95,0.8888888888888888,0.984375,0.94375
path,10000.0,59,1.0,1.0,1.0,1.0
path,10000.0,60,1.0,1.0,1.0,1.0
path,10000.0,61,0.95,0.8888888888888888,0.96875,0.8708333333333333
path,10000.0,62,1.0,1.0,1.0,1.0
path,10000.0,63,1.0,1.0,1.0,1.0
path,10000.0,64,1.0,1.0,1.0,1.0
path,10000.0,65,1.0,1.0,1.0,1.0
path,10000.0,66,1.0,1.0,1.0,1.0
path,10000.0,67,0.95,0.8888888888888888,0.984375,0.94375
path,10000.0,68,0.95,0.8888888888888888,0.9921875,0.975
path,10000.0,69,1.0,1.0,1.0,1.0
path,10000.0,70,1.0,1.0,1.0,1.0
path,10000.0,71,1.0,1.0,1.0,1.0
path,10000.0,72,0.95,0.8888888888888888,0.984375,0.94375
path,10000.0,73,1.0,1.0,1.0,1.0
path,10000.0,74,1.0,1.0,1.0,1.0
path,10000.0,75,1.0,1.0,1.0,1.0
path,10000.0,76,1.0,1.0,1.0,1.0
path,10000.0,77,1.0,1.0,1.0,1.0
path,10000.0,78,1.0,1.0,1.0,1.0
path,10000.0,79,1.0,1.0,1.0,1.0
path,10000.0,80,1.0,1.0,1.0,1.0
path,10000.0,81,1.0,1.0,1.0,1.0
path,10000.0,82,1.0,1.0,1.0,1.0
path,10000.0,83,1.0,1.0,1.0,1.0
path,10000.0,84,1.0,1.0,1.0,1.0
path,10000.0,85,1.0,1.0,1.0,1.0
path,10000.0,86,1.0,1.0,1.0,1.0
path,10000.0,87,1.0,1.0,1.0,1.0
path,10000.0,88,1.0,1.0,1.0,1.0
path,10000.0,89,1.0,1.0,1.0,1.0
path,10000.0,90,1.0,1.0,1.0,1.0
path,10000.0,91,1.0,1.0,1.0,1.0
path,10000.0,92,1.0,1.0,1.0,1.0
path,10000.0,93,0.95,0.8888888888888888,0.9921875,0.975
path,10000.0,94,0.95,0.8888888888888888,0.984375,0.94375
path,10000.0,95,1.0,1.0,1.0,1.0
path,10000.0,96,1.0,1.0,1.0,1.0
path,10000.0,97,1.0,1.0,1.0,1.0
path,10000.0,98,1.0,1.0,1.0,1.0
path,10000.0,99,1.0,1.0,1.0,1.0
path,100000.0,0,1.0,1.0,1.0,1.0
path,100000.0,1,1.0,1.0,1.0,1.0
path,100000.0,2,1.0,1.0,1.0,1.0
path,100000.0,3,1.0,1.0,1.0,1.0
path,100000.0,4,1.0,1.0,1.0,1.0
path,100000.0,5,1.0,1.0,1.0,1.0
path,100000.0,6,1.0,1.0,1.0,1.0
path,100000.0,7,1.0,1.0,1.0,1.0
path,100000.0,8,1.0,1.0,1.0,1.0
path,100000.0,9,1.0,1.0,1.0,1.0
path,100000.0,10,1.0,1.0,1.0,1.0
path,100000.0,11,1.0,1.0,1.0,1.0
path,100000.0,12,1.0,1.0,1.0,1.0
path,100000.0,13,1.0,1.0,1.0,1.0
path,100000.0,14,1.0,1.0,1.0,1.0
path,100000.0,15,1.0,1.0,1.0,1.0
path,100000.0,16,1.0,1.0,1.0,1.0
path,100000.0,17,1.0,1.0,1.0,1.0
path,100000.0,18,1.0,1.0,1.0,1.0
path,100000.0,19,1.0,1.0,1.0,1.0
path,100000.0,20,1.0,1.0,1.0,1.0
path,100000.0,21,1.0,1.0,1.0,1.0
path,100000.0,22,1.0,1.0,1.0,1.0
path,100000.0,23,1.0,1.0,1.0,1.0
path,100000.0,24,1.0,1.0,1.0,1.0
path,100000.0,25,1.0,1.0,1.0,1.0
path,100000.0,26,1.0,1.0,1.0,1.0
path,100000.0,27,1.0,1.0,1.0,1.0
path,100000.0,28,1.0,1.0,1.0,1.0
path,100000.0,29,1.0,1.0,1.0,1.0
path,100000.0,30,1.0,1.0,1.0,1.0
path,100000.0,31,1.0,1.0,1.0,1.0
path,100000.0,32,1.0,1.0,1.0,1.0
path,100000.0,33,1.0,1.0,1.0,1.0
path,100000.0,34,1.0,1.0,1.0,1.0
path,100000.0,35,1.0,1.0,1.0,1.0
path,100000.0,36,1.0,1.0,1.0,1.0
path,100000.0,37,1.0,1.0,1.0,1.0
path,100000.0,38,1.0,1.0,1.0,1.0
path,100000.0,39,1.0,1.0,1.0,1.0
path,100000.0,40,1.0,1.0,1.0,1.0
path,100000.0,41,1.0,1.0,1.0,1.0
path,100000.0,42,1.0,1.0,1.0,1.0
path,100000.0,43,1.0,1.0,1.0,1.0
path,100000.0,44,1.0,1.0,1.0,1.0
path,100000.0,45,1.0,1.0,1.0,1.0
path,100000.0,46,1.0,1.0,1.0,1.0
path,100000.0,47,1.0,1.0,1.0,1.0
path,100000.0,48,1.0,1.0,1.0,1.0
path,100000.0,49,1.0,1.0,1.0,1.0
path,100000.0,50,1.0,1.0,1.0,1.0
path,100000.0,51,1.0,1.0,1.0,1.0
path,100000.0,52,1.0,1.0,1.0,1.0
path,100000.0,53,1.0,1.0,1.0,1.0
path,100000.0,54,1.0,1.0,1.0,1.0
path,100000.0,55,1.0,1.0,1.0,1.0
path,100000.0,56,1.0,1.0,1.0,1.0
path,100000.0,57,1.0,1.0,1.0,1.0
path,100000.0,58,1.0,1.0,1.0,1.0
path,100000.0,59,1.0,1.0,1.0,1.0
path,100000.0,60,1.0,1.0,1.0,1.0
path,100000.0,61,1.0,1.0,1.0,1.0
path,100000.0,62,1.0,1.0,1.0,1.0
path,100000.0,63,1.0,1.0,1.0,1.0
path,100000.0,64,1.0,1.0,1.0,1.0
path,100000.0,65,1.0,1.0,1.0,1.0
path,100000.0,66,1.0,1.0,1.0,1.0
path,100000.0,67,1.0,1.0,1.0,1.0
path,100000.0,68,1.0,1.0,1.0,1.0
path,100000.0,69,1.0,1.0,1.0,1.0
path,100000.0,70,1.0,1.0,1.0,1.0
path,100000.0,71,1.0,1.0,1.0,1.0
path,100000.0,72,1.0,1.0,1.0,1.0
path,100000.0,73,1.0,1.0,1.0,1.0
path,100000.0,74,1.0,1.0,1.0,1.0
path,100000.0,75,1.0,1.0,1.0,1.0
path,100000.0,76,1.0,1.0,1.0,1.0
path,100000.0,77,1.0,1.0,1.0,1.0
path,100000.0,78,1.0,1.0,1.0,1.0
path,100000.0,79,1.0,1.0,1.0,1.0
path,100000.0,80,1.0,1.0,1.0,1.0
path,100000.0,81,1.0,1.0,1.0,1.0
path,100000.0,82,1.0,1.0,1.0,1.0
path,100000.0,83,1.0,1.0,1.0,1.0
path,100000.0,84,1.0,1.0,1.0,1.0
path,100000.0,85,1.0,1.0,1.0,1.0
path,100000.0,86,1.0,1.0,1.0,1.0
path,100000.0,87,1.0,1.0,1.0,1.0
path,100000.0,88,1.0,1.0,1.0,1.0
path,100000.0,89,1.0,1.0,1.0,1.0
path,100000.0,90,1.0,1.0,1.0,1.0
path,100000.0,91,1.0,1.0,1.0,1.0
path,100000.0,92,1.0,1.0,1.0,1.0
path,100000.0,93,1.0,1.0,1.0,1.0
path,100000.0,94,1.0,1.0,1.0,1.0
path,100000.0,95,1.0,1.0,1.0,1.0
path,100000.0,96,1.0,1.0,1.0,1.0
path,100000.0,97,1.0,1.0,1.0,1.0
path,100000.0,98,1.0,1.0,1.0,1.0
path,100000.0,99,1.0,1.0,1.0,1.0
path,inf,0,1.0,1.0,1.0,1.0
cycle_fixed,100,0,0.75,0.5333333333333333,0.64,0.3346428571428572
cycle_fixed,100,1,0.75,0.46153846153846156,0.5466666666666667,0.1444047619047619
cycle_fixed,100,2,0.75,0.5454545454545454,0.6866666666666668,0.2783333333333333
cycle_fixed,100,3,0.75,0.46153846153846156,0.52,0.13130952380952382
cycle_fixed,100,4,0.75,0.46153846153846156,0.5666666666666667,0.15607142857142856
cycle_fixed,100,5,0.85,0.7272727272727273,0.8,0.5700000000000001
cycle_fixed,100,6,0.8,0.6666666666666666,0.7466666666666667,0.4304761904761905
cycle_fixed,100,7,0.8,0.4,0.5800000000000001,0.3255555555555556
cycle_fixed,100,8,0.75,0.5454545454545454,0.62,0.305
cycle_fixed,100,9,0.75,0.5714285714285714,0.6866666666666668,0.27480158730158727
cycle_fixed,100,10,0.85,0.5714285714285714,0.76,0.5773015873015873
cycle_fixed,100,11,0.8,0.5333333333333333,0.6333333333333334,0.37690476190476196
cycle_fixed,100,12,0.8,0.5714285714285714,0.7066666666666668,0.4146825396825397
cycle_fixed,100,13,0.85,0.5714285714285714,0.74,0.5581349206349207
cycle_fixed,100,14,0.75,0.5714285714285714,0.68,0.361468253968254
cycle_fixed,100,15,0.75,0.5333333333333333,0.6133333333333334,0.320952380952381
cycle_fixed,100,16,0.8,0.6666666666666666,0.7000000000000001,0.2771428571428572
cycle_fixed,100,17,0.75,0.5454545454545454,0.62,0.19999999999999998
cycle_fixed,100,18,0.85,0.6666666666666666,0.7266666666666667,0.6001984126984127
cycle_fixed,100,19,0.8,0.6,0.7266666666666667,0.4666666666666667
cycle_fixed,100,20,0.8,0.5333333333333333,0.6933333333333334,0.42285714285714293
cycle_fixed,100,21,0.9,0.8,0.8066666666666666,0.4633333333333333
cycle_fixed,100,22,0.85,0.6666666666666666,0.6666666666666667,0.30833333333333324
cycle_fixed,100,23,0.85,0.6666666666666666,0.7733333333333333,0.6483333333333333
cycle_fixed,100,24,0.8,0.42857142857142855,0.5933333333333334,0.3269047619047619
cycle_fixed,100,25,0.8,0.5333333333333333,0.6266666666666667,0.37333333333333335
cycle_fixed,100,26,0.8,0.5454545454545454,0.7066666666666668,0.4366666666666667
cycle_fixed,100,27,0.8,0.4,0.5,0.265
cycle_fixed,100,28,0.8,0.5333333333333333,0.6933333333333334,0.4519047619047619
cycle_fixed,100,29,0.8,0.5,0.6000000000000001,0.3688888888888889
cycle_fixed,100,30,0.75,0.5454545454545454,0.62,0.30000000000000004
cycle_fixed,100,31,0.8,0.5454545454545454,0.64,0.25666666666666665
cycle_fixed,100,32,0.8,0.6,0.7133333333333334,0.31666666666666665
cycle_fixed,100,33,0.8,0.6,0.7000000000000001,0.3
cycle_fixed,100,34,0.8,0.5333333333333333,0.6333333333333334,0.3769047619047619
cycle_fixed,100,35,0.75,0.46153846153846156,0.48,0.09718253968253968
cycle_fixed,100,36,0.75,0.4,0.5,0.11746031746031746
cycle_fixed,100,37,0.85,0.7272727272727273,0.7533333333333334,0.35333333333333333
cycle_fixed,100,38,0.8,0.42857142857142855,0.5800000000000001,0.3152380952380952
cycle_fixed,100,39,0.8,0.6,0.7266666666666667,0.4666666666666667
cycle_fixed,100,40,0.75,0.5714285714285714,0.6866666666666668,0.3646825396825397
cycle_fixed,100,41,0.8,0.42857142857142855,0.5800000000000001,0.31666666666666665
cycle_fixed,100,42,0.75,0.5454545454545454,0.5866666666666667,0.16999999999999998
cycle_fixed,100,43,0.8,0.5714285714285714,0.7133333333333334,0.44146825396825395
cycle_fixed,100,44,0.8,0.5333333333333333,0.68,0.4316666666666667
cycle_fixed,100,45,0.8,0.6666666666666666,0.7666666666666667,0.5138095238095238
cycle_fixed,100,46,0.8,0.5714285714285714,0.7066666666666668,0.44801587301587303
cycle_fixed,100,47,0.75,0.5714285714285714,0.6066666666666667,0.1741666666666667
cycle_fixed,100,48,0.8,0.4444444444444444,0.5866666666666667,0.33555555555555555
cycle_fixed,100,49,0.75,0.46153846153846156,0.5266666666666667,0.1313095238095238
cycle_fixed,100,50,0.8,0.5333333333333333,0.68,0.4127380952380953
cycle_fixed,100,51,0.8,0.5454545454545454,0.7266666666666667,0.48
cycle_fixed,100,52,0.85,0.5714285714285714,0.6133333333333334,0.45222222222222225
cycle_fixed,100,53,0.85,0.6153846153846154,0.7533333333333334,0.569047619047619
cycle_fixed,100,54,0.8,0.5333333333333333,0.6533333333333333,0.39
cycle_fixed,100,55,0.75,0.5333333333333333,0.5066666666666667,0.1226190476190476
cycle_fixed,100,56,0.8,0.6153846153846154,0.7133333333333334,0.4285714285714286
cycle_fixed,100,57,0.85,0.5714285714285714,0.6200000000000001,0.455
cycle_fixed,100,58,0.8,0.36363636363636365,0.4866666666666667,0.25333333333333335
cycle_fixed,100,59,0.8,0.5,0.62,0.425
cycle_fixed,100,60,0.9,0.75,0.8133333333333335,0.7
cycle_fixed,100,61,0.8,0.6153846153846154,0.7000000000000001,0.4223809523809524
cycle_fixed,100,62,0.8,0.6666666666666666,0.74,0.46214285714285713
cycle_fixed,100,63,0.85,0.5714285714285714,0.6666666666666667,0.49
cycle_fixed,100,64,0.75,0.4,0.4866666666666667,0.12055555555555557
cycle_fixed,100,65,0.8,0.6,0.7133333333333334,0.29194444444444445
cycle_fixed,100,66,0.75,0.6153846153846154,0.6866666666666668,0.2673809523809524
cycle_fixed,100,67,0.8,0.42857142857142855,0.5466666666666666,0.2976190476190476
cycle_fixed,100,68,0.8,0.5,0.6266666666666667,0.33749999999999997
cycle_fixed,100,69,0.75,0.5333333333333333,0.6066666666666667,0.21857142857142858
cycle_fixed,100,70,0.75,0.5333333333333333,0.6333333333333334,0.22785714285714287
cycle_fixed,100,71,0.75,0.5714285714285714,0.5933333333333334,0.20992063492063495
cycle_fixed,100,72,0.8,0.5,0.6200000000000001,0.3327380952380952
cycle_fixed,100,73,0.75,0.46153846153846156,0.5466666666666667,0.14416666666666664
cycle_fixed,100,74,0.75,0.46153846153846156,0.6000000000000001,0.28583333333333333
cycle_fixed,100,75,0.75,0.42857142857142855,0.4933333333333334,0.12023809523809523
cycle_fixed,100,76,0.8,0.4444444444444444,0.5333333333333334,0.30527777777777776
cycle_fixed,100,77,0.8,0.42857142857142855,0.5533333333333333,0.3
cycle_fixed,100,78,0.8,0.6,0.7533333333333334,0.5086111111111111
cycle_fixed,100,79,0.8,0.5333333333333333,0.68,0.4127380952380953
cycle_fixed,100,80,0.85,0.7272727272727273,0.8066666666666668,0.585
cycle_fixed,100,81,0.8,0.5,0.6266666666666667,0.3827380952380952
cycle_fixed,100,82,0.85,0.5714285714285714,0.7333333333333334,0.5527777777777778
cycle_fixed,100,83,0.8,0.5333333333333333,0.6733333333333333,0.4028571428571429
cycle_fixed,100,84,0.8,0.6,0.7466666666666667,0.45861111111111114
cycle_fixed,100,85,0.85,0.7272727272727273,0.8066666666666668,0.6366666666666667
cycle_fixed,100,86,0.8,0.5333333333333333,0.6933333333333334,0.43940476190476196
cycle_fixed,100,87,0.75,0.46153846153846156,0.5466666666666667,0.14166666666666666
cycle_fixed,100,88,0.85,0.6666666666666666,0.76,0.39563492063492056
cycle_fixed,100,89,0.8,0.5,0.6066666666666667,0.32499999999999996
cycle_fixed,100,90,0.75,0.5714285714285714,0.6666666666666667,0.2511111111111111
cycle_fixed,100,91,0.75,0.46153846153846156,0.5066666666666667,0.12321428571428569
cycle_fixed,100,92,0.75,0.42857142857142855,0.5333333333333334,0.14746031746031743
cycle_fixed,100,93,0.75,0.42857142857142855,0.5733333333333334,0.17333333333333334
cycle_fixed,100,94,0.8,0.5333333333333333,0.7066666666666668,0.5060714285714285
cycle_fixed,100,95,0.8,0.5,0.6533333333333333,0.4095238095238095
cycle_fixed,100,96,0.85,0.6666666666666666,0.76,0.5816666666666666
cycle_fixed,100,97,0.8,0.6666666666666666,0.74,0.4621428571428572
cycle_fixed,100,98,0.8,0.6153846153846154,0.7533333333333334,0.49952380952380954
cycle_fixed,100,99,0.75,0.4,0.48000000000000004,0.10817460317460315
cycle_fixed,200,0,0.85,0.6666666666666666,0.6866666666666668,0.5083333333333333
cycle_fixed,200,1,0.85,0.6666666666666666,0.7666666666666667,0.6233333333333333
cycle_fixed,200,2,0.8,0.6666666666666666,0.78,0.4871428571428572
cycle_fixed,200,3,0.75,0.5714285714285714,0.7066666666666668,0.2886111111111111
cycle_fixed,200,4,0.85,0.6153846153846154,0.7666666666666667,0.582857142857143
cycle_fixed,200,5,0.8,0.6666666666666666,0.7333333333333334,0.32380952380952377
cycle_fixed,200,6,0.75,0.5333333333333333,0.6466666666666667,0.24273809523809525
cycle_fixed,200,7,0.8,0.6153846153846154,0.7533333333333334,0.4528571428571429
cycle_fixed,200,8,0.8,0.5333333333333333,0.6866666666666668,0.42273809523809525
cycle_fixed,200,9,0.85,0.7272727272727273,0.76,0.35333333333333333
cycle_fixed,200,10,0.85,0.6,0.6799999999999999,0.51
cycle_fixed,200,11,0.8,0.5454545454545454,0.7133333333333334,0.45333333333333337
cycle_fixed,200,12,0.8,0.5333333333333333,0.6866666666666668,0.42273809523809525
cycle_fixed,200,13,0.8,0.6153846153846154,0.78,0.5861904761904762
cycle_fixed,200,14,0.85,0.7272727272727273,0.8066666666666668,0.5833333333333333
cycle_fixed,200,15,0.75,0.4,0.5133333333333334,0.12484126984126982
cycle_fixed,200,16,0.8,0.6666666666666666,0.7466666666666667,0.3404761904761905
cycle_fixed,200,17,0.85,0.6666666666666666,0.6799999999999999,0.45833333333333326
cycle_fixed,200,18,0.8,0.5714285714285714,0.7200000000000001,0.42480158730158735
cycle_fixed,200,19,0.8,0.5714285714285714,0.7266666666666667,0.4552777777777778
cycle_fixed,200,20,0.8,0.5333333333333333,0.6866666666666668,0.4161904761904762
cycle_fixed,200,21,0.85,0.7272727272727273,0.7866666666666667,0.5033333333333334
cycle_fixed,200,22,0.8,0.5333333333333333,0.68,0.4185714285714286
cycle_fixed,200,23,0.8,0.5,0.6266666666666667,0.3595238095238095
cycle_fixed,200,24,0.8,0.5454545454545454,0.7266666666666667,0.48
cycle_fixed,200,25,0.75,0.5454545454545454,0.7000000000000001,0.38
cycle_fixed,200,26,0.75,0.46153846153846156,0.6066666666666667,0.2994047619047619
cycle_fixed,200,27,0.8,0.5714285714285714,0.7400000000000001,0.491468253968254
cycle_fixed,200,28,0.9,0.75,0.8200000000000001,0.7071428571428571
cycle_fixed,200,29,0.8,0.6153846153846154,0.7066666666666668,0.4273809523809524
cycle_fixed,200,30,0.8,0.6,0.6733333333333333,0.4766666666666666
cycle_fixed,200,31,0.8,0.5333333333333333,0.6733333333333333,0.40440476190476193
cycle_fixed,200,32,0.9,0.75,0.8066666666666666,0.6928571428571428
cycle_fixed,200,33,0.85,0.6666666666666666,0.5733333333333333,0.4035714285714285
cycle_fixed,200,34,0.8,0.6,0.7266666666666667,0.4666666666666667
cycle_fixed,200,35,0.85,0.7272727272727273,0.8133333333333334,0.6533333333333333
cycle_fixed,200,36,0.8,0.46153846153846156,0.6133333333333334,0.3494047619047619
cycle_fixed,200,37,0.85,0.7272727272727273,0.8066666666666666,0.585
cycle_fixed,200,38,0.85,0.6666666666666666,0.6933333333333334,0.5416666666666666
cycle_fixed,200,39,0.9,0.75,0.7933333333333334,0.6819444444444445
cycle_fixed,200,40,0.75,0.5333333333333333,0.6333333333333334,0.23
cycle_fixed,200,41,0.85,0.6666666666666666,0.78,0.6525000000000001
cycle_fixed,200,42,0.85,0.6,0.7666666666666667,0.6333333333333333
cycle_fixed,200,43,0.8,0.6,0.7466666666666667,0.5333333333333333
cycle_fixed,200,44,0.8,0.6,0.7333333333333334,0.45
cycle_fixed,200,45,0.8,0.6666666666666666,0.7466666666666667,0.4304761904761905
cycle_fixed,200,46,0.8,0.5714285714285714,0.7200000000000001,0.4373015873015873
cycle_fixed,200,47,0.75,0.5714285714285714,0.6933333333333334,0.3731349206349207
cycle_fixed,200,48,0.8,0.5,0.6200000000000001,0.23749999999999993
cycle_fixed,200,49,0.85,0.6666666666666666,0.7733333333333333,0.6483333333333334
cycle_fixed,200,50,0.75,0.4444444444444444,0.5800000000000001,0.2022222222222222
cycle_fixed,200,51,0.8,0.6,0.7533333333333334,0.5086111111111111
cycle_fixed,200,52,0.85,0.5714285714285714,0.6666666666666667,0.49
cycle_fixed,200,53,0.8,0.5454545454545454,0.62,0.2528174603174603
cycle_fixed,200,54,0.85,0.5714285714285714,0.7533333333333334,0.5900000000000001
cycle_fixed,200,55,0.75,0.5714285714285714,0.7200000000000001,0.31527777777777777
cycle_fixed,200,56,0.9,0.75,0.8133333333333335,0.7
cycle_fixed,200,57,0.75,0.5454545454545454,0.6733333333333333,0.26166666666666666
cycle_fixed,200,58,0.85,0.6153846153846154,0.7533333333333334,0.569047619047619
cycle_fixed,200,59,0.75,0.6153846153846154,0.6933333333333334,0.29801587301587307
cycle_fixed,200,60,0.75,0.5714285714285714,0.6666666666666667,0.2526984126984127
cycle_fixed,200,61,0.8,0.6,0.7466666666666667,0.37527777777777777
cycle_fixed,200,62,0.85,0.6666666666666666,0.58,0.3321428571428571
cycle_fixed,200,63,0.8,0.6153846153846154,0.7266666666666667,0.4428571428571429
cycle_fixed,200,64,0.75,0.5714285714285714,0.7066666666666668,0.293968253968254
cycle_fixed,200,65,0.75,0.5454545454545454,0.6866666666666668,0.2783333333333333
cycle_fixed,200,66,0.85,0.6666666666666666,0.7266666666666668,0.5538095238095238
cycle_fixed,200,67,0.8,0.5,0.6133333333333333,0.34119047619047616
cycle_fixed,200,68,0.8,0.46153846153846156,0.6133333333333334,0.3494047619047619
cycle_fixed,200,69,0.95,0.8888888888888888,0.8600000000000001,0.8
cycle_fixed,200,70,0.8,0.5714285714285714,0.7333333333333334,0.4386111111111111
cycle_fixed,200,71,0.85,0.6666666666666666,0.7866666666666667,0.5583333333333333
cycle_fixed,200,72,0.75,0.4444444444444444,0.5733333333333334,0.26888888888888884
cycle_fixed,200,73,0.8,0.5333333333333333,0.68,0.41083333333333333
cycle_fixed,200,74,0.85,0.6666666666666666,0.7666666666666667,0.615
cycle_fixed,200,75,0.75,0.5333333333333333,0.6533333333333333,0.3466666666666667
cycle_fixed,200,76,0.85,0.6666666666666666,0.78,0.4154761904761904
cycle_fixed,200,77,0.8,0.6666666666666666,0.74,0.3338095238095238
cycle_fixed,200,78,0.8,0.5714285714285714,0.7066666666666668,0.4146825396825397
cycle_fixed,200,79,0.8,0.6153846153846154,0.76,0.46952380952380957
cycle_fixed,200,80,0.75,0.5,0.6066666666666667,0.1995238095238095
cycle_fixed,200,81,0.75,0.5454545454545454,0.6266666666666667,0.22333333333333333
cycle_fixed,200,82,0.8,0.5454545454545454,0.7266666666666667,0.47333333333333333
cycle_fixed,200,83,0.8,0.5714285714285714,0.7266666666666667,0.3386111111111111
cycle_fixed,200,84,0.85,0.7272727272727273,0.8,0.5349999999999999
cycle_fixed,200,85,0.85,0.6666666666666666,0.6933333333333334,0.5416666666666666
cycle_fixed,200,86,0.8,0.5,0.6333333333333333,0.3761904761904762
cycle_fixed,200,87,0.75,0.5454545454545454,0.6933333333333334,0.29
cycle_fixed,200,88,0.75,0.5454545454545454,0.7133333333333334,0.41333333333333333
cycle_fixed,200,89,0.85,0.6666666666666666,0.7866666666666667,0.6011904761904762
cycle_fixed,200,90,0.75,0.6153846153846154,0.7066666666666668,0.2857142857142857
cycle_fixed,200,91,0.85,0.7272727272727273,0.8,0.44999999999999996
cycle_fixed,200,92,0.85,0.6666666666666666,0.6799999999999999,0.45833333333333326
cycle_fixed,200,93,0.85,0.6666666666666666,0.6733333333333333,0.4
cycle_fixed,200,94,0.8,0.5714285714285714,0.6866666666666668,0.41301587301587306
cycle_fixed,200,95,0.75,0.5333333333333333,0.64,0.23083333333333333
cycle_fixed,200,96,0.8,0.6666666666666666,0.7533333333333334,0.35047619047619044
cycle_fixed,200,97,0.75,0.4444444444444444,0.5066666666666667,0.23333333333333334
cycle_fixed,200,98,0.85,0.5714285714285714,0.6666666666666667,0.49
cycle_fixed,200,99,0.85,0.5714285714285714,0.7200000000000001,0.5435714285714286
cycle_fixed,500,0,0.8,0.5454545454545454,0.7133333333333334,0.44666666666666666
cycle_fixed,500,1,0.85,0.7272727272727273,0.8200000000000001,0.6683333333333333
cycle_fixed,500,2,0.8,0.6666666666666666,0.76,0.45047619047619053
cycle_fixed,500,3,0.9,0.8,0.8266666666666667,0.6633333333333333
cycle_fixed,500,4,0.85,0.7272727272727273,0.78,0.52
cycle_fixed,500,5,0.8,0.5333333333333333,0.6333333333333334,0.37690476190476196
cycle_fixed,500,6,0.8,0.5454545454545454,0.7000000000000001,0.42833333333333334
cycle_fixed,500,7,0.8,0.6153846153846154,0.7666666666666667,0.5195238095238095
cycle_fixed,500,8,0.85,0.6666666666666666,0.78,0.5511904761904762
cycle_fixed,500,9,0.85,0.7272727272727273,0.7533333333333334,0.33666666666666667
cycle_fixed,500,10,0.85,0.6666666666666666,0.7733333333333334,0.6483333333333333
cycle_fixed,500,11,0.85,0.6666666666666666,0.78,0.5511904761904762
cycle_fixed,500,12,0.8,0.5714285714285714,0.7266666666666668,0.47480158730158734
cycle_fixed,500,13,0.8,0.6666666666666666,0.7866666666666667,0.5504761904761906
cycle_fixed,500,14,0.75,0.5454545454545454,0.66,0.24333333333333335
cycle_fixed,500,15,0.8,0.6666666666666666,0.78,0.5338095238095238
cycle_fixed,500,16,0.85,0.6153846153846154,0.78,0.602857142857143
cycle_fixed,500,17,0.8,0.5714285714285714,0.7333333333333334,0.481468253968254
cycle_fixed,500,18,0.9,0.8,0.8466666666666667,0.7550000000000001
cycle_fixed,500,19,0.8,0.5714285714285714,0.68,0.40611111111111114
cycle_fixed,500,20,0.9,0.8,0.8400000000000001,0.73
cycle_fixed,500,21,0.8,0.5333333333333333,0.6733333333333333,0.3990476190476191
cycle_fixed,500,22,0.85,0.7272727272727273,0.78,0.5333333333333334
cycle_fixed,500,23,0.9,0.8,0.8200000000000001,0.6100000000000001
cycle_fixed,500,24,0.8,0.6153846153846154,0.7666666666666667,0.5195238095238095
cycle_fixed,500,25,0.85,0.5714285714285714,0.66,0.47944444444444445
cycle_fixed,500,26,0.85,0.6666666666666666,0.7933333333333334,0.5654761904761905
cycle_fixed,500,27,0.75,0.5454545454545454,0.7066666666666667,0.38416666666666666
cycle_fixed,500,28,0.8,0.6153846153846154,0.7266666666666668,0.4523809523809524
cycle_fixed,500,29,0.8,0.6153846153846154,0.7333333333333334,0.45619047619047626
cycle_fixed,500,30,0.85,0.6,0.7666666666666667,0.5919444444444445
cycle_fixed,500,31,0.85,0.7272727272727273,0.8066666666666668,0.6366666666666667
cycle_fixed,500,32,0.85,0.6,0.7666666666666667,0.5919444444444445
cycle_fixed,500,33,0.85,0.7272727272727273,0.8066666666666668,0.6366666666666667
cycle_fixed,500,34,0.85,0.6666666666666666,0.8066666666666668,0.6488095238095237
cycle_fixed,500,35,0.85,0.5714285714285714,0.74,0.5581349206349207
cycle_fixed,500,36,0.85,0.6666666666666666,0.8066666666666668,0.6254761904761905
cycle_fixed,500,37,0.8,0.6153846153846154,0.7400000000000001,0.4857142857142857
cycle_fixed,500,38,0.75,0.6153846153846154,0.7266666666666667,0.3161904761904762
cycle_fixed,500,39,0.85,0.6,0.7733333333333334,0.6086111111111111
cycle_fixed,500,40,0.85,0.5714285714285714,0.7466666666666667,0.5648015873015874
cycle_fixed,500,41,0.8,0.5714285714285714,0.7133333333333334,0.43694444444444447
cycle_fixed,500,42,0.85,0.5714285714285714,0.7133333333333334,0.5371428571428571
cycle_fixed,500,43,0.75,0.5333333333333333,0.6933333333333334,0.3828571428571429
cycle_fixed,500,44,0.8,0.6666666666666666,0.7266666666666668,0.31214285714285717
cycle_fixed,500,45,0.8,0.6,0.6733333333333333,0.4766666666666666
cycle_fixed,500,46,0.8,0.6,0.7133333333333334,0.31666666666666665
cycle_fixed,500,47,0.85,0.7272727272727273,0.8066666666666668,0.6366666666666667
cycle_fixed,500,48,0.85,0.7272727272727273,0.8066666666666668,0.5766666666666667
cycle_fixed,500,49,0.85,0.6666666666666666,0.7933333333333334,0.6345238095238095
cycle_fixed,500,50,0.8,0.5454545454545454,0.7200000000000001,0.45666666666666667
cycle_fixed,500,51,0.85,0.7272727272727273,0.8,0.6
cycle_fixed,500,52,0.85,0.7272727272727273,0.8,0.6033333333333333
cycle_fixed,500,53,0.85,0.5714285714285714,0.7466666666666668,0.5634920634920635
cycle_fixed,500,54,0.85,0.6666666666666666,0.6666666666666667,0.30833333333333324
cycle_fixed,500,55,0.8,0.6,0.7333333333333334,0.45
cycle_fixed,500,56,0.85,0.6666666666666666,0.7933333333333334,0.5171428571428571
cycle_fixed,500,57,0.8,0.6153846153846154,0.76,0.5495238095238095
cycle_fixed,500,58,0.85,0.7272727272727273,0.8200000000000001,0.6683333333333333
cycle_fixed,500,59,0.9,0.75,0.8333333333333334,0.7266666666666666
cycle_fixed,500,60,0.85,0.7272727272727273,0.8333333333333334,0.7166666666666667
cycle_fixed,500,61,0.85,0.6666666666666666,0.8,0.6338095238095238
cycle_fixed,500,62,0.85,0.5714285714285714,0.7133333333333334,0.5394047619047619
cycle_fixed,500,63,0.85,0.7272727272727273,0.8066666666666668,0.6366666666666667
cycle_fixed,500,64,0.8,0.5454545454545454,0.7333333333333334,0.49
cycle_fixed,500,65,0.85,0.6666666666666666,0.78,0.5511904761904762
cycle_fixed,500,66,0.8,0.5714285714285714,0.74,0.48194444444444445
cycle_fixed,500,67,0.85,0.7272727272727273,0.8266666666666667,0.6833333333333333
cycle_fixed,500,68,0.9,0.8,0.8333333333333334,0.6966666666666668
cycle_fixed,500,69,0.85,0.6666666666666666,0.7866666666666667,0.628968253968254
cycle_fixed,500,70,0.8,0.6,0.7533333333333334,0.5086111111111111
cycle_fixed,500,71,0.8,0.6666666666666666,0.7466666666666667,0.46761904761904766
cycle_fixed,500,72,0.8,0.5454545454545454,0.7466666666666667,0.5566666666666666
cycle_fixed,500,73,0.85,0.6666666666666666,0.7866666666666667,0.6011904761904762
cycle_fixed,500,74,0.75,0.6153846153846154,0.7133333333333334,0.39071428571428574
cycle_fixed,500,75,0.85,0.6666666666666666,0.7,0.575
cycle_fixed,500,76,0.8,0.6153846153846154,0.7133333333333334,0.43404761904761907
cycle_fixed,500,77,0.8,0.5714285714285714,0.68,0.40611111111111114
cycle_fixed,500,78,0.85,0.7272727272727273,0.8266666666666667,0.7016666666666667
cycle_fixed,500,79,0.85,0.6666666666666666,0.8133333333333334,0.6588095238095237
cycle_fixed,500,80,0.9,0.8,0.8200000000000001,0.6100000000000001
cycle_fixed,500,81,0.85,0.5714285714285714,0.7533333333333334,0.5701587301587302
cycle_fixed,500,82,0.8,0.6666666666666666,0.7466666666666667,0.4304761904761905
cycle_fixed,500,83,0.85,0.7272727272727273,0.8066666666666668,0.585
cycle_fixed,500,84,0.9,0.75,0.8200000000000001,0.7071428571428571
cycle_fixed,500,85,0.75,0.5714285714285714,0.7133333333333334,0.3148015873015873
cycle_fixed,500,86,0.9,0.8,0.8333333333333334,0.6966666666666667
cycle_fixed,500,87,0.85,0.6666666666666666,0.8066666666666668,0.6488095238095237
cycle_fixed,500,88,0.9,0.8,0.8066666666666668,0.4633333333333333
cycle_fixed,500,89,0.85,0.6666666666666666,0.8066666666666668,0.6488095238095237
cycle_fixed,500,90,0.85,0.6666666666666666,0.8,0.6678571428571429
cycle_fixed,500,91,0.85,0.5714285714285714,0.7533333333333334,0.5719444444444445
cycle_fixed,500,92,0.85,0.6153846153846154,0.7666666666666667,0.582857142857143
cycle_fixed,500,93,0.85,0.7272727272727273,0.8066666666666668,0.585
cycle_fixed,500,94,0.85,0.7272727272727273,0.8066666666666668,0.6366666666666667
cycle_fixed,500,95,0.9,0.75,0.8333333333333334,0.7266666666666667
cycle_fixed,500,96,0.85,0.7272727272727273,0.78,0.52
cycle_fixed,500,97,0.95,0.8888888888888888,0.8600000000000001,0.8
cycle_fixed,500,98,0.85,0.5714285714285714,0.6533333333333333,0.4761904761904762
cycle_fixed,500,99,0.8,0.5333333333333333,0.6866666666666668,0.44833333333333336
cycle_fixed,1000,0,0.85,0.7272727272727273,0.8266666666666668,0.7016666666666667
cycle_fixed,1000,1,0.8,0.6666666666666666,0.7866666666666667,0.5838095238095238
cycle_fixed,1000,2,0.8,0.6666666666666666,0.74,0.4621428571428572
cycle_fixed,1000,3,0.85,0.6666666666666666,0.8066666666666668,0.6488095238095237
cycle_fixed,1000,4,0.85,0.6153846153846154,0.7866666666666667,0.6100000000000001
cycle_fixed,1000,5,0.85,0.7272727272727273,0.8066666666666668,0.6333333333333333
cycle_fixed,1000,6,0.85,0.7272727272727273,0.8066666666666668,0.6366666666666667
cycle_fixed,1000,7,0.85,0.7272727272727273,0.8066666666666668,0.6366666666666667
cycle_fixed,1000,8,0.85,0.5714285714285714,0.7200000000000001,0.5441666666666667
cycle_fixed,1000,9,0.85,0.5714285714285714,0.74,0.5581349206349207
cycle_fixed,1000,10,0.8,0.6666666666666666,0.7666666666666667,0.5004761904761905
cycle_fixed,1000,11,0.85,0.6666666666666666,0.78,0.6236111111111111
cycle_fixed,1000,12,0.85,0.7272727272727273,0.8,0.5349999999999999
cycle_fixed,1000,13,0.85,0.6666666666666666,0.7733333333333334,0.5456349206349206
cycle_fixed,1000,14,0.8,0.6666666666666666,0.78,0.5338095238095238
cycle_fixed,1000,15,0.85,0.6153846153846154,0.7866666666666667,0.6195238095238096
cycle_fixed,1000,16,0.85,0.6666666666666666,0.8,0.5754761904761905
cycle_fixed,1000,17,0.85,0.7272727272727273,0.8200000000000001,0.6683333333333333
cycle_fixed,1000,18,0.85,0.7272727272727273,0.78,0.4866666666666667
cycle_fixed,1000,19,0.85,0.6666666666666666,0.78,0.5942857142857143
cycle_fixed,1000,20,0.85,0.6666666666666666,0.7733333333333334,0.6483333333333334
cycle_fixed,1000,21,0.85,0.6,0.7733333333333334,0.6086111111111111
cycle_fixed,1000,22,0.9,0.75,0.7933333333333334,0.6819444444444445
cycle_fixed,1000,23,0.95,0.8888888888888888,0.8600000000000001,0.8
cycle_fixed,1000,24,0.8,0.6153846153846154,0.78,0.5433333333333333
cycle_fixed,1000,25,0.85,0.5714285714285714,0.76,0.5819444444444445
cycle_fixed,1000,26,0.8,0.5333333333333333,0.6733333333333333,0.40857142857142864
cycle_fixed,1000,27,0.9,0.8,0.8200000000000001,0.6133333333333333
cycle_fixed,1000,28,0.8,0.6666666666666666,0.7733333333333334,0.5238095238095238
cycle_fixed,1000,29,0.9,0.8,0.8466666666666667,0.7549999999999999
cycle_fixed,1000,30,0.9,0.8,0.8533333333333334,0.78
cycle_fixed,1000,31,0.85,0.7272727272727273,0.8200000000000001,0.6683333333333333
cycle_fixed,1000,32,0.85,0.6666666666666666,0.7933333333333334,0.6345238095238095
cycle_fixed,1000,33,0.85,0.6666666666666666,0.7866666666666667,0.628968253968254
cycle_fixed,1000,34,0.85,0.6,0.7533333333333334,0.5833333333333334
cycle_fixed,1000,35,0.85,0.7272727272727273,0.7933333333333334,0.5533333333333333
cycle_fixed,1000,36,0.85,0.6666666666666666,0.78,0.5511904761904762
cycle_fixed,1000,37,0.9,0.75,0.7933333333333334,0.6819444444444445
cycle_fixed,1000,38,0.85,0.6153846153846154,0.78,0.602857142857143
cycle_fixed,1000,39,0.8,0.6666666666666666,0.7533333333333334,0.4804761904761905
cycle_fixed,1000,40,0.9,0.8,0.8466666666666667,0.7550000000000001
cycle_fixed,1000,41,0.85,0.7272727272727273,0.8066666666666668,0.6366666666666667
cycle_fixed,1000,42,0.85,0.6153846153846154,0.76,0.5757142857142857
cycle_fixed,1000,43,0.85,0.7272727272727273,0.72,0.48
cycle_fixed,1000,44,0.9,0.8,0.8333333333333334,0.6966666666666668
cycle_fixed,1000,45,0.85,0.6666666666666666,0.8066666666666668,0.6488095238095237
cycle_fixed,1000,46,0.85,0.5714285714285714,0.7533333333333334,0.5748015873015874
cycle_fixed,1000,47,0.85,0.6666666666666666,0.8133333333333334,0.6588095238095237
cycle_fixed,1000,48,0.9,0.8,0.76,0.6200000000000001
cycle_fixed,1000,49,0.8,0.6666666666666666,0.7666666666666667,0.5138095238095238
cycle_fixed,1000,50,0.8,0.6666666666666666,0.7733333333333334,0.5609523809523809
cycle_fixed,1000,51,0.85,0.6666666666666666,0.78,0.5971428571428572
cycle_fixed,1000,52,0.85,0.7272727272727273,0.8066666666666668,0.6366666666666667
cycle_fixed,1000,53,0.9,0.75,0.8066666666666668,0.6928571428571428
cycle_fixed,1000,54,0.85,0.6666666666666666,0.7933333333333334,0.5571428571428572
cycle_fixed,1000,55,0.85,0.7272727272727273,0.8,0.57
cycle_fixed,1000,56,0.9,0.8,0.8266666666666667,0.6633333333333333
cycle_fixed,1000,57,0.8,0.5714285714285714,0.74,0.4886111111111111
cycle_fixed,1000,58,0.85,0.6666666666666666,0.8133333333333334,0.6821428571428572
cycle_fixed,1000,59,0.85,0.6666666666666666,0.8200000000000001,0.6738095238095239
cycle_fixed,1000,60,0.85,0.6666666666666666,0.8200000000000001,0.6921428571428572
cycle_fixed,1000,61,0.8,0.5454545454545454,0.7333333333333334,0.49
cycle_fixed,1000,62,0.85,0.6153846153846154,0.78,0.602857142857143
cycle_fixed,1000,63,0.9,0.75,0.8333333333333334,0.7266666666666666
cycle_fixed,1000,64,0.8,0.5714285714285714,0.7466666666666667,0.5386111111111112
cycle_fixed,1000,65,0.85,0.6153846153846154,0.7533333333333334,0.569047619047619
cycle_fixed,1000,66,0.9,0.8,0.8200000000000001,0.6133333333333333
cycle_fixed,1000,67,0.85,0.6666666666666666,0.7666666666666667,0.4956349206349206
cycle_fixed,1000,68,0.9,0.8,0.8066666666666668,0.4633333333333333
cycle_fixed,1000,69,0.85,0.6666666666666666,0.7933333333333334,0.5654761904761905
cycle_fixed,1000,70,0.9,0.8,0.8466666666666667,0.7550000000000001
cycle_fixed,1000,71,0.8,0.6666666666666666,0.76,0.49714285714285716
cycle_fixed,1000,72,0.8,0.6153846153846154,0.74,0.4661904761904762
cycle_fixed,1000,73,0.9,0.75,0.7933333333333334,0.6819444444444445
cycle_fixed,1000,74,0.85,0.6666666666666666,0.8,0.6154761904761905
cycle_fixed,1000,75,0.85,0.7272727272727273,0.8066666666666668,0.6366666666666667
cycle_fixed,1000,76,0.85,0.6666666666666666,0.7933333333333334,0.6345238095238095
cycle_fixed,1000,77,0.85,0.6666666666666666,0.8066666666666668,0.6488095238095237
cycle_fixed,1000,78,0.8,0.6666666666666666,0.7666666666666667,0.5138095238095238
cycle_fixed,1000,79,0.85,0.6666666666666666,0.7866666666666667,0.6071428571428572
cycle_fixed,1000,80,0.8,0.6153846153846154,0.76,0.5495238095238095
cycle_fixed,1000,81,0.9,0.8,0.8133333333333335,0.5633333333333332
cycle_fixed,1000,82,0.85,0.6666666666666666,0.8133333333333335,0.6588095238095237
cycle_fixed,1000,83,0.8,0.6666666666666666,0.78,0.530952380952381
cycle_fixed,1000,84,0.8,0.6666666666666666,0.7933333333333334,0.5938095238095238
cycle_fixed,1000,85,0.9,0.75,0.8200000000000001,0.7071428571428571
cycle_fixed,1000,86,0.85,0.6666666666666666,0.7533333333333334,0.5316666666666666
cycle_fixed,1000,87,0.9,0.75,0.7866666666666667,0.6775
cycle_fixed,1000,88,0.9,0.8,0.8533333333333334,0.78
cycle_fixed,1000,89,0.8,0.6666666666666666,0.7666666666666667,0.5138095238095238
cycle_fixed,1000,90,0.85,0.6666666666666666,0.78,0.6236111111111111
cycle_fixed,1000,91,0.9,0.75,0.8200000000000001,0.7071428571428571
cycle_fixed,1000,92,0.85,0.7272727272727273,0.8066666666666668,0.585
cycle_fixed,1000,93,0.8,0.6666666666666666,0.7533333333333334,0.4776190476190476
cycle_fixed,1000,94,0.8,0.5714285714285714,0.7133333333333334,0.43694444444444447
cycle_fixed,1000,95,0.85,0.7272727272727273,0.8200000000000001,0.6683333333333333
cycle_fixed,1000,96,0.85,0.7272727272727273,0.7933333333333334,0.5533333333333333
cycle_fixed,1000,97,0.8,0.6153846153846154,0.7533333333333334,0.4966666666666667
cycle_fixed,1000,98,0.8,0.6666666666666666,0.7733333333333334,0.5638095238095238
cycle_fixed,1000,99,0.85,0.7272727272727273,0.78,0.5133333333333334
cycle_fixed,5000,0,0.9,0.75,0.8200000000000001,0.7071428571428571
cycle_fixed,5000,1,0.9,0.8,0.8333333333333335,0.6966666666666667
cycle_fixed,5000,2,0.85,0.7272727272727273,0.8200000000000001,0.6683333333333333
cycle_fixed,5000,3,0.85,0.7272727272727273,0.8133333333333334,0.635
cycle_fixed,5000,4,0.85,0.7272727272727273,0.8200000000000001,0.6683333333333333
cycle_fixed,5000,5,0.9,0.8,0.8533333333333334,0.78
cycle_fixed,5000,6,0.9,0.8,0.8333333333333334,0.6966666666666668
cycle_fixed,5000,7,0.85,0.7272727272727273,0.8266666666666668,0.6833333333333333
cycle_fixed,5000,8,0.85,0.7272727272727273,0.8266666666666667,0.6833333333333333
cycle_fixed,5000,9,0.9,0.8,0.8466666666666667,0.7550000000000001
cycle_fixed,5000,10,0.9,0.8,0.8200000000000001,0.6133333333333333
cycle_fixed,5000,11,0.85,0.7272727272727273,0.8133333333333335,0.635
cycle_fixed,5000,12,0.85,0.6666666666666666,0.8066666666666668,0.6488095238095237
cycle_fixed,5000,13,0.85,0.7272727272727273,0.8200000000000001,0.6683333333333333
cycle_fixed,5000,14,0.9,0.75,0.8200000000000001,0.7071428571428571
cycle_fixed,5000,15,0.9,0.8,0.8466666666666667,0.7550000000000001
cycle_fixed,5000,16,0.9,0.8,0.8466666666666667,0.7550000000000001
cycle_fixed,5000,17,0.9,0.8,0.8333333333333334,0.6966666666666668
cycle_fixed,5000,18,0.9,0.8,0.8266666666666668,0.6633333333333333
cycle_fixed,5000,19,0.9,0.8,0.8266666666666668,0.6633333333333333
cycle_fixed,5000,20,0.9,0.8,0.8466666666666667,0.7550000000000001
cycle_fixed,5000,21,0.9,0.8,0.8333333333333334,0.6966666666666667
cycle_fixed,5000,22,0.9,0.8,0.8466666666666668,0.7550000000000001
cycle_fixed,5000,23,0.9,0.8,0.8400000000000001,0.73
cycle_fixed,5000,24,0.9,0.8,0.8333333333333335,0.6966666666666668
cycle_fixed,5000,25,0.9,0.8,0.8400000000000001,0.73
cycle_fixed,5000,26,0.9,0.8,0.8333333333333334,0.6933333333333334
cycle_fixed,5000,27,0.85,0.6153846153846154,0.78,0.602857142857143
cycle_fixed,5000,28,0.9,0.8,0.8200000000000001,0.6133333333333333
cycle_fixed,5000,29,0.85,0.7272727272727273,0.8200000000000001,0.6683333333333333
cycle_fixed,5000,30,0.9,0.8,0.8333333333333334,0.6966666666666667
cycle_fixed,5000,31,0.85,0.7272727272727273,0.8200000000000001,0.6683333333333333
cycle_fixed,5000,32,0.85,0.7272727272727273,0.8266666666666667,0.6833333333333333
cycle_fixed,5000,33,0.85,0.7272727272727273,0.8200000000000001,0.6683333333333333
cycle_fixed,5000,34,0.85,0.7272727272727273,0.8200000000000001,0.6683333333333333
cycle_fixed,5000,35,0.9,0.8,0.8333333333333334,0.6966666666666668
cycle_fixed,5000,36,0.85,0.7272727272727273,0.8133333333333334,0.6533333333333333
cycle_fixed,5000,37,0.9,0.8,0.8333333333333334,0.6966666666666667
cycle_fixed,5000,38,0.9,0.8,0.8466666666666667,0.7549999999999999
cycle_fixed,5000,39,0.85,0.7272727272727273,0.8266666666666667,0.6833333333333333
cycle_fixed,5000,40,0.95,0.8888888888888888,0.8600000000000001,0.8
cycle_fixed,5000,41,0.9,0.8,0.8400000000000001,0.73
cycle_fixed,5000,42,0.9,0.8,0.8400000000000001,0.73
cycle_fixed,5000,43,0.9,0.8,0.8466666666666667,0.7549999999999999
cycle_fixed,5000,44,0.9,0.8,0.8266666666666668,0.6633333333333333
cycle_fixed,5000,45,0.85,0.7272727272727273,0.8266666666666667,0.6833333333333333
cycle_fixed,5000,46,0.85,0.7272727272727273,0.8133333333333335,0.635
cycle_fixed,5000,47,0.85,0.7272727272727273,0.8266666666666667,0.6833333333333333
cycle_fixed,5000,48,0.95,0.8888888888888888,0.8600000000000001,0.8
cycle_fixed,5000,49,0.9,0.8,0.8333333333333334,0.6966666666666667
cycle_fixed,5000,50,0.9,0.8,0.8333333333333334,0.6966666666666668
cycle_fixed,5000,51,0.9,0.8,0.8333333333333334,0.6966666666666668
cycle_fixed,5000,52,0.9,0.8,0.8266666666666668,0.6633333333333333
cycle_fixed,5000,53,0.9,0.8,0.8400000000000001,0.73
cycle_fixed,5000,54,0.9,0.8,0.8400000000000001,0.73
cycle_fixed,5000,55,0.9,0.8,0.8333333333333334,0.6933333333333334
cycle_fixed,5000,56,0.85,0.7272727272727273,0.8133333333333334,0.6533333333333333
cycle_fixed,5000,57,0.9,0.8,0.8466666666666667,0.7549999999999999
cycle_fixed,5000,58,0.95,0.8888888888888888,0.8600000000000001,0.8
cycle_fixed,5000,59,0.9,0.8,0.8466666666666667,0.7550000000000001
cycle_fixed,5000,60,0.85,0.7272727272727273,0.8200000000000001,0.6683333333333333
cycle_fixed,5000,61,0.9,0.8,0.8333333333333334,0.6966666666666668
cycle_fixed,5000,62,0.9,0.8,0.8200000000000001,0.6133333333333333
cycle_fixed,5000,63,0.9,0.8,0.8333333333333334,0.6966666666666668
cycle_fixed,5000,64,0.9,0.8,0.8333333333333334,0.6933333333333334
cycle_fixed,5000,65,0.85,0.7272727272727273,0.7933333333333334,0.5533333333333333
cycle_fixed,5000,66,0.9,0.8,0.8333333333333334,0.6966666666666668
cycle_fixed,5000,67,0.9,0.8,0.8333333333333334,0.6966666666666668
cycle_fixed,5000,68,0.85,0.7272727272727273,0.8200000000000001,0.6683333333333333
cycle_fixed,5000,69,0.9,0.8,0.8333333333333334,0.6966666666666668
cycle_fixed,5000,70,0.8,0.6666666666666666,0.7733333333333334,0.5238095238095238
cycle_fixed,5000,71,0.9,0.8,0.8333333333333335,0.6966666666666668
cycle_fixed,5000,72,0.85,0.7272727272727273,0.8133333333333335,0.635
cycle_fixed,5000,73,0.85,0.7272727272727273,0.8133333333333335,0.635
cycle_fixed,5000,74,0.85,0.6666666666666666,0.8,0.6338095238095238
cycle_fixed,5000,75,0.9,0.8,0.8333333333333334,0.6966666666666668
cycle_fixed,5000,76,0.9,0.8,0.8333333333333334,0.6966666666666668
cycle_fixed,5000,77,0.85,0.7272727272727273,0.7933333333333334,0.5533333333333333
cycle_fixed,5000,78,0.9,0.8,0.8333333333333335,0.6966666666666668
cycle_fixed,5000,79,0.85,0.7272727272727273,0.8200000000000001,0.6683333333333333
cycle_fixed,5000,80,0.9,0.8,0.8333333333333334,0.6966666666666668
cycle_fixed,5000,81,0.9,0.8,0.8466666666666667,0.7550000000000001
cycle_fixed,5000,82,0.85,0.7272727272727273,0.8,0.6033333333333333
cycle_fixed,5000,83,0.9,0.8,0.8333333333333335,0.6966666666666667
cycle_fixed,5000,84,0.9,0.8,0.8333333333333334,0.6966666666666668
cycle_fixed,5000,85,0.85,0.6666666666666666,0.8066666666666668,0.6488095238095237
cycle_fixed,5000,86,0.85,0.7272727272727273,0.8066666666666668,0.6366666666666667
cycle_fixed,5000,87,0.9,0.8,0.8333333333333334,0.6966666666666668
cycle_fixed,5000,88,0.9,0.8,0.8333333333333334,0.6966666666666668
cycle_fixed,5000,89,0.9,0.8,0.8333333333333334,0.6966666666666668
cycle_fixed,5000,90,0.9,0.8,0.8333333333333334,0.6966666666666668
cycle_fixed,5000,91,0.9,0.8,0.8466666666666667,0.7549999999999999
cycle_fixed,5000,92,0.9,0.8,0.8333333333333334,0.6966666666666668
cycle_fixed,5000,93,0.9,0.8,0.8333333333333335,0.6966666666666667
cycle_fixed,5000,94,0.9,0.8,0.8333333333333334,0.6966666666666668
cycle_fixed,5000,95,0.85,0.7272727272727273,0.8266666666666667,0.6833333333333333
cycle_fixed,5000,96,0.9,0.8,0.8333333333333334,0.6966666666666667
cycle_fixed,5000,97,0.9,0.75,0.8400000000000001,0.7416666666666667
cycle_fixed,5000,98,0.85,0.7272727272727273,0.8200000000000001,0.6683333333333333
cycle_fixed,5000,99,0.85,0.7272727272727273,0.8066666666666666,0.585
cycle_fixed,10000.0,0,0.85,0.7272727272727273,0.8133333333333335,0.6533333333333333
cycle_fixed,10000.0,1,0.9,0.8,0.8333333333333335,0.6966666666666668
cycle_fixed,10000.0,2,0.85,0.6666666666666666,0.8066666666666668,0.6488095238095237
cycle_fixed,10000.0,3,0.85,0.7272727272727273,0.8200000000000001,0.6499999999999999
cycle_fixed,10000.0,4,0.9,0.8,0.8333333333333334,0.6966666666666668
cycle_fixed,10000.0,5,0.9,0.8,0.8333333333333334,0.6966666666666668
cycle_fixed,10000.0,6,0.9,0.8,0.8333333333333334,0.6966666666666667
cycle_fixed,10000.0,7,0.9,0.8,0.8333333333333334,0.6966666666666668
cycle_fixed,10000.0,8,0.9,0.8,0.8333333333333335,0.6966666666666668
cycle_fixed,10000.0,9,0.85,0.7272727272727273,0.8200000000000001,0.6683333333333333
cycle_fixed,10000.0,10,0.9,0.8,0.8333333333333334,0.6966666666666667
cycle_fixed,10000.0,11,0.9,0.8,0.8333333333333334,0.6966666666666668
cycle_fixed,10000.0,12,0.9,0.8,0.8333333333333334,0.6966666666666667
cycle_fixed,10000.0,13,0.9,0.8,0.8266666666666668,0.6633333333333333
cycle_fixed,10000.0,14,0.9,0.8,0.8333333333333334,0.6966666666666668
cycle_fixed,10000.0,15,0.9,0.8,0.8333333333333334,0.6966666666666668
cycle_fixed,10000.0,16,0.85,0.7272727272727273,0.8133333333333335,0.635
cycle_fixed,10000.0,17,0.85,0.7272727272727273,0.8200000000000001,0.6683333333333333
cycle_fixed,10000.0,18,0.9,0.8,0.8333333333333334,0.6966666666666668
cycle_fixed,10000.0,19,0.9,0.8,0.8333333333333334,0.6966666666666668
cycle_fixed,10000.0,20,0.85,0.7272727272727273,0.8066666666666668,0.6366666666666667
cycle_fixed,10000.0,21,0.9,0.8,0.8333333333333335,0.6966666666666667
cycle_fixed,10000.0,22,0.85,0.7272727272727273,0.8266666666666667,0.6833333333333333
cycle_fixed,10000.0,23,0.9,0.8,0.8333333333333334,0.6966666666666668
cycle_fixed,10000.0,24,0.9,0.8,0.8333333333333334,0.6966666666666667
cycle_fixed,10000.0,25,0.85,0.7272727272727273,0.8200000000000001,0.6683333333333333
cycle_fixed,10000.0,26,0.9,0.8,0.8266666666666667,0.6633333333333333
cycle_fixed,10000.0,27,0.9,0.8,0.8333333333333334,0.6966666666666667
cycle_fixed,10000.0,28,0.9,0.8,0.8333333333333334,0.6966666666666668
cycle_fixed,10000.0,29,0.9,0.8,0.8466666666666667,0.7550000000000001
cycle_fixed,10000.0,30,0.85,0.7272727272727273,0.8266666666666667,0.7016666666666667
cycle_fixed,10000.0,31,0.9,0.8,0.8333333333333334,0.6966666666666668
cycle_fixed,10000.0,32,0.85,0.6666666666666666,0.8133333333333335,0.6588095238095237
cycle_fixed,10000.0,33,0.9,0.8,0.8333333333333335,0.6966666666666668
cycle_fixed,10000.0,34,0.9,0.8,0.8533333333333334,0.78
cycle_fixed,10000.0,35,0.9,0.8,0.8333333333333334,0.6966666666666668
cycle_fixed,10000.0,36,0.85,0.7272727272727273,0.8200000000000001,0.6683333333333333
cycle_fixed,10000.0,37,0.9,0.8,0.8333333333333334,0.6966666666666668
cycle_fixed,10000.0,38,0.9,0.8,0.8333333333333334,0.6966666666666668
cycle_fixed,10000.0,39,0.9,0.8,0.8333333333333334,0.6966666666666667
cycle_fixed,10000.0,40,0.9,0.8,0.8466666666666667,0.7549999999999999
cycle_fixed,10000.0,41,0.9,0.8,0.8400000000000001,0.73
cycle_fixed,10000.0,42,0.85,0.7272727272727273,0.8266666666666667,0.6833333333333333
cycle_fixed,10000.0,43,0.85,0.7272727272727273,0.8266666666666667,0.6833333333333333
cycle_fixed,10000.0,44,0.9,0.8,0.8333333333333334,0.6966666666666668
cycle_fixed,10000.0,45,0.9,0.8,0.8333333333333334,0.6966666666666668
cycle_fixed,10000.0,46,0.9,0.8,0.8333333333333334,0.6966666666666668
cycle_fixed,10000.0,47,0.9,0.8,0.8466666666666667,0.7549999999999999
cycle_fixed,10000.0,48,0.85,0.7272727272727273,0.8266666666666667,0.6833333333333333
cycle_fixed,10000.0,49,0.85,0.7272727272727273,0.8200000000000001,0.6683333333333333
cycle_fixed,10000.0,50,0.9,0.8,0.8333333333333334,0.6966666666666668
cycle_fixed,10000.0,51,0.9,0.8,0.8400000000000001,0.73
cycle_fixed,10000.0,52,0.9,0.8,0.8333333333333334,0.6966666666666668
cycle_fixed,10000.0,53,0.9,0.8,0.8333333333333335,0.6966666666666668
cycle_fixed,10000.0,54,0.85,0.7272727272727273,0.8200000000000001,0.6683333333333333
cycle_fixed,10000.0,55,0.9,0.8,0.8333333333333334,0.6966666666666668
cycle_fixed,10000.0,56,0.85,0.7272727272727273,0.8133333333333335,0.635
cycle_fixed,10000.0,57,0.9,0.8,0.8333333333333334,0.6966666666666668
cycle_fixed,10000.0,58,0.9,0.8,0.8333333333333334,0.6966666666666668
cycle_fixed,10000.0,59,0.9,0.8,0.8333333333333335,0.6966666666666668
cycle_fixed,10000.0,60,0.9,0.8,0.8333333333333334,0.6966666666666668
cycle_fixed,10000.0,61,0.9,0.8,0.8333333333333334,0.6966666666666668
cycle_fixed,10000.0,62,0.9,0.8,0.8333333333333334,0.6966666666666668
cycle_fixed,10000.0,63,0.9,0.8,0.8333333333333334,0.6966666666666668
cycle_fixed,10000.0,64,0.9,0.8,0.8266666666666667,0.6633333333333333
cycle_fixed,10000.0,65,0.9,0.8,0.8333333333333334,0.6966666666666668
cycle_fixed,10000.0,66,0.85,0.7272727272727273,0.8266666666666667,0.6833333333333333
cycle_fixed,10000.0,67,0.9,0.8,0.8266666666666667,0.6633333333333333
cycle_fixed,10000.0,68,0.9,0.8,0.8333333333333334,0.6966666666666668
cycle_fixed,10000.0,69,0.9,0.8,0.8333333333333334,0.6966666666666667
cycle_fixed,10000.0,70,0.85,0.6666666666666666,0.8066666666666668,0.6488095238095237
cycle_fixed,10000.0,71,0.9,0.8,0.8333333333333334,0.6966666666666668
cycle_fixed,10000.0,72,0.9,0.8,0.8333333333333334,0.6966666666666667
cycle_fixed,10000.0,73,0.9,0.8,0.8333333333333334,0.6966666666666668
cycle_fixed,10000.0,74,0.9,0.8,0.8333333333333334,0.6966666666666668
cycle_fixed,10000.0,75,0.9,0.8,0.8333333333333334,0.6966666666666668
cycle_fixed,10000.0,76,0.9,0.8,0.8333333333333335,0.6966666666666667
cycle_fixed,10000.0,77,0.9,0.8,0.8333333333333334,0.6966666666666668
cycle_fixed,10000.0,78,0.85,0.7272727272727273,0.8200000000000001,0.6683333333333333
cycle_fixed,10000.0,79,0.9,0.8,0.8400000000000001,0.73
cycle_fixed,10000.0,80,0.9,0.8,0.8333333333333334,0.6966666666666668
cycle_fixed,10000.0,81,0.9,0.8,0.8400000000000001,0.73
cycle_fixed,10000.0,82,0.9,0.8,0.8400000000000001,0.73
cycle_fixed,10000.0,83,0.9,0.8,0.8333333333333335,0.6933333333333334
cycle_fixed,10000.0,84,0.9,0.75,0.8333333333333334,0.7266666666666666
cycle_fixed,10000.0,85,0.85,0.7272727272727273,0.8200000000000001,0.6683333333333333
cycle_fixed,10000.0,86,0.9,0.8,0.8333333333333334,0.6966666666666667
cycle_fixed,10000.0,87,0.9,0.8,0.8333333333333334,0.6966666666666668
cycle_fixed,10000.0,88,0.85,0.7272727272727273,0.8200000000000001,0.6683333333333333
cycle_fixed,10000.0,89,0.85,0.7272727272727273,0.8266666666666667,0.6833333333333333
cycle_fixed,10000.0,90,0.9,0.8,0.8333333333333334,0.6966666666666668
cycle_fixed,10000.0,91,0.9,0.8,0.8333333333333335,0.6966666666666668
cycle_fixed,10000.0,92,0.9,0.8,0.8333333333333335,0.6966666666666668
cycle_fixed,10000.0,93,0.9,0.8,0.8466666666666667,0.7550000000000001
cycle_fixed,10000.0,94,0.9,0.8,0.8333333333333334,0.6966666666666668
cycle_fixed,10000.0,95,0.9,0.8,0.8333333333333334,0.6966666666666667
cycle_fixed,10000.0,96,0.9,0.8,0.8333333333333334,0.6966666666666668
cycle_fixed,10000.0,97,0.9,0.8,0.8333333333333334,0.6966666666666668
cycle_fixed,10000.0,98,0.9,0.8,0.8466666666666667,0.7550000000000001
cycle_fixed,10000.0,99,0.9,0.8,0.8333333333333335,0.6966666666666667
cycle_fixed,100000.0,0,0.9,0.8,0.8333333333333334,0.6966666666666668
cycle_fixed,100000.0,1,0.9,0.8,0.8333333333333334,0.6966666666666667
cycle_fixed,100000.0,2,0.9,0.8,0.8333333333333334,0.6966666666666668
cycle_fixed,100000.0,3,0.9,0.8,0.8333333333333334,0.6966666666666668
cycle_fixed,100000.0,4,0.9,0.8,0.8333333333333334,0.6966666666666668
cycle_fixed,100000.0,5,0.9,0.8,0.8333333333333334,0.6966666666666668
cycle_fixed,100000.0,6,0.9,0.8,0.8333333333333334,0.6966666666666667
cycle_fixed,100000.0,7,0.9,0.8,0.8333333333333334,0.6966666666666668
cycle_fixed,100000.0,8,0.9,0.8,0.8333333333333334,0.6966666666666668
cycle_fixed,100000.0,9,0.9,0.8,0.8333333333333334,0.6966666666666668
cycle_fixed,100000.0,10,0.9,0.8,0.8333333333333334,0.6966666666666668
cycle_fixed,100000.0,11,0.9,0.8,0.8333333333333335,0.6966666666666668
cycle_fixed,100000.0,12,0.9,0.8,0.8333333333333334,0.6966666666666667
cycle_fixed,100000.0,13,0.9,0.8,0.8333333333333334,0.6966666666666668
cycle_fixed,100000.0,14,0.9,0.8,0.8400000000000001,0.6966666666666668
cycle_fixed,100000.0,15,0.9,0.8,0.8333333333333334,0.6966666666666668
cycle_fixed,100000.0,16,0.9,0.8,0.8333333333333334,0.6966666666666667
cycle_fixed,100000.0,17,0.9,0.8,0.8333333333333334,0.6966666666666667
cycle_fixed,100000.0,18,0.9,0.8,0.8333333333333334,0.6966666666666667
cycle_fixed,100000.0,19,0.9,0.8,0.8333333333333334,0.6966666666666667
cycle_fixed,100000.0,20,0.9,0.8,0.8333333333333334,0.6966666666666668
cycle_fixed,100000.0,21,0.9,0.8,0.8333333333333334,0.6966666666666668
cycle_fixed,100000.0,22,0.9,0.8,0.8400000000000001,0.6966666666666668
cycle_fixed,100000.0,23,0.9,0.8,0.8333333333333334,0.6966666666666668
cycle_fixed,100000.0,24,0.9,0.8,0.8333333333333334,0.6966666666666668
cycle_fixed,100000.0,25,0.9,0.8,0.8333333333333334,0.6966666666666668
cycle_fixed,100000.0,26,0.9,0.8,0.8333333333333334,0.6966666666666667
cycle_fixed,100000.0,27,0.9,0.8,0.8333333333333334,0.6966666666666668
cycle_fixed,100000.0,28,0.9,0.8,0.8333333333333334,0.6966666666666668
cycle_fixed,100000.0,29,0.9,0.8,0.8333333333333334,0.6966666666666668
cycle_fixed,100000.0,30,0.9,0.8,0.8333333333333335,0.6966666666666668
cycle_fixed,100000.0,31,0.9,0.8,0.8333333333333334,0.6966666666666667
cycle_fixed,100000.0,32,0.9,0.8,0.8333333333333335,0.6966666666666668
cycle_fixed,100000.0,33,0.9,0.8,0.8333333333333334,0.6966666666666668
cycle_fixed,100000.0,34,0.9,0.8,0.8333333333333334,0.6966666666666668
cycle_fixed,100000.0,35,0.9,0.8,0.8333333333333335,0.6966666666666668
cycle_fixed,100000.0,36,0.9,0.8,0.8333333333333334,0.6966666666666668
cycle_fixed,100000.0,37,0.9,0.8,0.8333333333333335,0.6966666666666668
cycle_fixed,100000.0,38,0.9,0.8,0.8333333333333335,0.6966666666666668
cycle_fixed,100000.0,39,0.9,0.8,0.8333333333333334,0.6966666666666668
cycle_fixed,100000.0,40,0.9,0.8,0.8333333333333334,0.6966666666666668
cycle_fixed,100000.0,41,0.9,0.8,0.8333333333333334,0.6966666666666667
cycle_fixed,100000.0,42,0.9,0.8,0.8333333333333334,0.6966666666666668
cycle_fixed,100000.0,43,0.9,0.8,0.8333333333333334,0.6966666666666667
cycle_fixed,100000.0,44,0.9,0.8,0.8333333333333334,0.6966666666666668
cycle_fixed,100000.0,45,0.9,0.8,0.8333333333333334,0.6966666666666667
cycle_fixed,100000.0,46,0.9,0.8,0.8333333333333334,0.6966666666666668
cycle_fixed,100000.0,47,0.9,0.8,0.8333333333333334,0.6966666666666667
cycle_fixed,100000.0,48,0.9,0.8,0.8333333333333334,0.6966666666666668
cycle_fixed,100000.0,49,0.9,0.8,0.8333333333333334,0.6966666666666668
cycle_fixed,100000.0,50,0.9,0.8,0.8333333333333334,0.6966666666666668
cycle_fixed,100000.0,51,0.9,0.8,0.8333333333333334,0.6966666666666668
cycle_fixed,100000.0,52,0.9,0.8,0.8333333333333334,0.6966666666666668
cycle_fixed,100000.0,53,0.9,0.8,0.8333333333333334,0.6966666666666668
cycle_fixed,100000.0,54,0.9,0.8,0.8333333333333335,0.6966666666666668
cycle_fixed,100000.0,55,0.9,0.8,0.8333333333333335,0.6966666666666667
cycle_fixed,100000.0,56,0.9,0.8,0.8333333333333334,0.6966666666666668
cycle_fixed,100000.0,57,0.9,0.8,0.8333333333333335,0.6966666666666668
cycle_fixed,100000.0,58,0.9,0.8,0.8333333333333334,0.6966666666666668
cycle_fixed,100000.0,59,0.9,0.8,0.8333333333333334,0.6966666666666668
cycle_fixed,100000.0,60,0.9,0.8,0.8333333333333334,0.6966666666666668
cycle_fixed,100000.0,61,0.9,0.8,0.8333333333333334,0.6966666666666668
cycle_fixed,100000.0,62,0.9,0.8,0.8333333333333334,0.6966666666666668
cycle_fixed,100000.0,63,0.9,0.8,0.8400000000000001,0.73
cycle_fixed,100000.0,64,0.9,0.8,0.8333333333333334,0.6966666666666667
cycle_fixed,100000.0,65,0.9,0.8,0.8333333333333334,0.6966666666666668
cycle_fixed,100000.0,66,0.9,0.8,0.8333333333333334,0.6966666666666668
cycle_fixed,100000.0,67,0.9,0.8,0.8333333333333334,0.6966666666666668
cycle_fixed,100000.0,68,0.9,0.8,0.8333333333333335,0.6966666666666667
cycle_fixed,100000.0,69,0.9,0.8,0.8333333333333334,0.6966666666666668
cycle_fixed,100000.0,70,0.9,0.8,0.8333333333333334,0.6966666666666668
cycle_fixed,100000.0,71,0.9,0.8,0.8333333333333334,0.6966666666666668
cycle_fixed,100000.0,72,0.9,0.8,0.8333333333333334,0.6966666666666667
cycle_fixed,100000.0,73,0.9,0.8,0.8333333333333335,0.6966666666666668
cycle_fixed,100000.0,74,0.9,0.8,0.8333333333333334,0.6966666666666668
cycle_fixed,100000.0,75,0.9,0.8,0.8333333333333334,0.6966666666666668
cycle_fixed,100000.0,76,0.9,0.8,0.8333333333333334,0.6966666666666668
cycle_fixed,100000.0,77,0.9,0.8,0.8333333333333334,0.6966666666666668
cycle_fixed,100000.0,78,0.9,0.8,0.8333333333333334,0.6966666666666668
cycle_fixed,100000.0,79,0.9,0.8,0.8333333333333334,0.6966666666666668
cycle_fixed,100000.0,80,0.9,0.8,0.8333333333333334,0.6966666666666668
cycle_fixed,100000.0,81,0.9,0.8,0.8333333333333335,0.6966666666666667
cycle_fixed,100000.0,82,0.9,0.8,0.8333333333333335,0.6966666666666667
cycle_fixed,100000.0,83,0.9,0.8,0.8333333333333334,0.6966666666666667
cycle_fixed,100000.0,84,0.9,0.8,0.8333333333333334,0.6966666666666668
cycle_fixed,100000.0,85,0.9,0.8,0.8333333333333334,0.6966666666666668
cycle_fixed,100000.0,86,0.9,0.8,0.8333333333333334,0.6966666666666668
cycle_fixed,100000.0,87,0.9,0.8,0.8333333333333334,0.6966666666666668
cycle_fixed,100000.0,88,0.9,0.8,0.8333333333333334,0.6966666666666668
cycle_fixed,100000.0,89,0.9,0.8,0.8333333333333334,0.6966666666666668
cycle_fixed,100000.0,90,0.9,0.8,0.8333333333333334,0.6966666666666668
cycle_fixed,100000.0,91,0.9,0.8,0.8333333333333334,0.6966666666666667
cycle_fixed,100000.0,92,0.9,0.8,0.8333333333333334,0.6966666666666668
cycle_fixed,100000.0,93,0.9,0.8,0.8333333333333334,0.6966666666666667
cycle_fixed,100000.0,94,0.9,0.8,0.8333333333333334,0.6966666666666668
cycle_fixed,100000.0,95,0.9,0.8,0.8333333333333334,0.6966666666666667
cycle_fixed,100000.0,96,0.9,0.8,0.8333333333333334,0.6966666666666668
cycle_fixed,100000.0,97,0.9,0.8,0.8333333333333334,0.6966666666666668
cycle_fixed,100000.0,98,0.9,0.8,0.8333333333333335,0.6966666666666668
cycle_fixed,100000.0,99,0.9,0.8,0.8333333333333335,0.6966666666666668
cycle_fixed,inf,0,0.9,0.8,0.8333333333333334,0.6966666666666668
cycle_random,100,0,0.75,0.5714285714285714,0.6466666666666667,0.22801587301587306
cycle_random,100,1,0.75,0.5714285714285714,0.6933333333333334,0.3813492063492064
cycle_random,100,2,0.75,0.6153846153846154,0.68,0.26571428571428574
cycle_random,100,3,0.8,0.6666666666666666,0.7533333333333334,0.4404761904761905
cycle_random,100,4,0.75,0.5714285714285714,0.6866666666666668,0.2702777777777778
cycle_random,100,5,0.8,0.46153846153846156,0.6133333333333334,0.3494047619047619
cycle_random,100,6,0.9,0.8,0.8333333333333334,0.6966666666666667
cycle_random,100,7,0.75,0.5714285714285714,0.6666666666666667,0.25607142857142856
cycle_random,100,8,0.8,0.5714285714285714,0.7266666666666668,0.47480158730158734
cycle_random,100,9,0.75,0.5714285714285714,0.6200000000000001,0.21825396825396826
cycle_random,100,10,0.75,0.5333333333333333,0.6133333333333334,0.21333333333333337
cycle_random,100,11,0.75,0.5454545454545454,0.68,0.3645238095238096
cycle_random,100,12,0.8,0.46153846153846156,0.5866666666666667,0.3194047619047619
cycle_random,100,13,0.75,0.5,0.6133333333333333,0.2095238095238095
cycle_random,100,14,0.75,0.42857142857142855,0.49333333333333335,0.12027777777777776
cycle_random,100,15,0.8,0.6,0.66,0.41000000000000003
cycle_random,100,16,0.85,0.5714285714285714,0.7000000000000001,0.5316666666666667
cycle_random,100,17,0.8,0.5714285714285714,0.7200000000000001,0.4248015873015873
cycle_random,100,18,0.85,0.7272727272727273,0.8266666666666667,0.7016666666666667
cycle_random,100,19,0.85,0.5714285714285714,0.6133333333333334,0.45222222222222225
cycle_random,100,20,0.75,0.46153846153846156,0.5866666666666667,0.18107142857142855
cycle_random,100,21,0.8,0.5333333333333333,0.6733333333333333,0.41500000000000004
cycle_random,100,22,0.75,0.5714285714285714,0.6866666666666668,0.366468253968254
cycle_random,100,23,0.8,0.5,0.6266666666666667,0.3827380952380952
cycle_random,100,24,0.8,0.6153846153846154,0.6533333333333333,0.2542460317460317
cycle_random,100,25,0.8,0.5,0.6066666666666667,0.34174603174603174
cycle_random,100,26,0.8,0.6666666666666666,0.64,0.24761904761904757
cycle_random,100,27,0.8,0.6,0.7666666666666667,0.563968253968254
cycle_random,100,28,0.8,0.5333333333333333,0.6866666666666668,0.44833333333333336
cycle_random,100,29,0.75,0.5,0.6000000000000001,0.17619047619047618
cycle_random,100,30,0.75,0.5333333333333333,0.64,0.2385714285714286
cycle_random,100,31,0.75,0.5333333333333333,0.6533333333333333,0.255
cycle_random,100,32,0.8,0.46153846153846156,0.6133333333333334,0.3494047619047619
cycle_random,100,33,0.8,0.5333333333333333,0.6466666666666667,0.385
cycle_random,100,34,0.8,0.3333333333333333,0.45999999999999996,0.2392857142857143
cycle_random,100,35,0.85,0.6666666666666666,0.76,0.5816666666666666
cycle_random,100,36,0.75,0.42857142857142855,0.54,0.14047619047619045
cycle_random,100,37,0.85,0.6666666666666666,0.74,0.3816666666666666
cycle_random,100,38,0.75,0.5454545454545454,0.6266666666666667,0.19
cycle_random,100,39,0.75,0.42857142857142855,0.5800000000000001,0.18166666666666664
cycle_random,100,40,0.75,0.4444444444444444,0.4666666666666667,0.08317460317460318
cycle_random,100,41,0.8,0.5454545454545454,0.64,0.25666666666666665
cycle_random,100,42,0.8,0.5333333333333333,0.6666666666666667,0.3971428571428572
cycle_random,100,43,0.8,0.5,0.6266666666666667,0.24285714285714283
cycle_random,100,44,0.75,0.5333333333333333,0.6266666666666667,0.3269047619047619
cycle_random,100,45,0.8,0.5714285714285714,0.7133333333333334,0.4646825396825397
cycle_random,100,46,0.8,0.5333333333333333,0.6333333333333334,0.37690476190476196
cycle_random,100,47,0.8,0.5714285714285714,0.7066666666666668,0.4146825396825397
cycle_random,100,48,0.75,0.5333333333333333,0.6333333333333334,0.235
cycle_random,100,49,0.75,0.5714285714285714,0.64,0.31896825396825396
cycle_random,100,50,0.75,0.4,0.5133333333333334,0.128015873015873
cycle_random,100,51,0.75,0.5454545454545454,0.6733333333333333,0.2616666666666667
cycle_random,100,52,0.8,0.6666666666666666,0.74,0.33380952380952383
cycle_random,100,53,0.8,0.6,0.7333333333333334,0.48333333333333334
cycle_random,100,54,0.75,0.5333333333333333,0.64,0.24000000000000002
cycle_random,100,55,0.75,0.5333333333333333,0.6200000000000001,0.31023809523809526
cycle_random,100,56,0.75,0.5714285714285714,0.6933333333333334,0.2706349206349207
cycle_random,100,57,0.8,0.42857142857142855,0.5933333333333334,0.33166666666666667
cycle_random,100,58,0.75,0.5454545454545454,0.7000000000000001,0.29666666666666663
cycle_random,100,59,0.8,0.6,0.7466666666666667,0.45861111111111114
cycle_random,100,60,0.85,0.6,0.6733333333333333,0.5
cycle_random,100,61,0.8,0.6666666666666666,0.7866666666666667,0.5838095238095238
cycle_random,100,62,0.8,0.5,0.5266666666666666,0.3619047619047619
cycle_random,100,63,0.85,0.5714285714285714,0.64,0.4660714285714286
cycle_random,100,64,0.8,0.6,0.6466666666666667,0.26
cycle_random,100,65,0.85,0.5714285714285714,0.6533333333333333,0.4761904761904762
cycle_random,100,66,0.8,0.5333333333333333,0.68,0.41107142857142864
cycle_random,100,67,0.75,0.5,0.5933333333333334,0.2795238095238095
cycle_random,100,68,0.85,0.6,0.7666666666666667,0.5919444444444445
cycle_random,100,69,0.8,0.4,0.5333333333333333,0.2915079365079365
cycle_random,100,70,0.75,0.46153846153846156,0.5533333333333333,0.14464285714285713
cycle_random,100,71,0.75,0.6153846153846154,0.7333333333333334,0.4133333333333334
cycle_random,100,72,0.8,0.5,0.6133333333333333,0.3916666666666666
cycle_random,100,73,0.85,0.5714285714285714,0.6333333333333333,0.46190476190476193
cycle_random,100,74,0.8,0.42857142857142855,0.5933333333333334,0.3269047619047619
cycle_random,100,75,0.75,0.4,0.5333333333333333,0.14746031746031746
cycle_random,100,76,0.85,0.5714285714285714,0.74,0.5633333333333334
cycle_random,100,77,0.8,0.5714285714285714,0.7266666666666667,0.4619444444444445
cycle_random,100,78,0.75,0.5333333333333333,0.56,0.19
cycle_random,100,79,0.8,0.5714285714285714,0.66,0.3932539682539683
cycle_random,100,80,0.85,0.6666666666666666,0.7666666666666667,0.5402777777777777
cycle_random,100,81,0.75,0.5333333333333333,0.6200000000000001,0.22888888888888892
cycle_random,100,82,0.85,0.5714285714285714,0.6266666666666667,0.4583333333333333
cycle_random,100,83,0.85,0.7272727272727273,0.8066666666666668,0.5766666666666667
cycle_random,100,84,0.85,0.5714285714285714,0.64,0.4660714285714286
cycle_random,100,85,0.8,0.5714285714285714,0.7333333333333334,0.4386111111111111
cycle_random,100,86,0.75,0.5714285714285714,0.6866666666666668,0.2731349206349207
cycle_random,100,87,0.75,0.4,0.4866666666666667,0.11373015873015871
cycle_random,100,88,0.8,0.46153846153846156,0.62,0.3660714285714286
cycle_random,100,89,0.9,0.75,0.6933333333333334,0.48361111111111105
cycle_random,100,90,0.8,0.6,0.6533333333333333,0.38666666666666666
cycle_random,100,91,0.75,0.5333333333333333,0.6133333333333334,0.21023809523809525
cycle_random,100,92,0.8,0.5714285714285714,0.6933333333333334,0.416468253968254
cycle_random,100,93,0.8,0.6153846153846154,0.76,0.5495238095238095
cycle_random,100,94,0.85,0.7272727272727273,0.7133333333333334,0.3466666666666666
cycle_random,100,95,0.75,0.4,0.4933333333333334,0.11746031746031745
cycle_random,100,96,0.8,0.5454545454545454,0.7000000000000001,0.42833333333333334
cycle_random,100,97,0.8,0.5714285714285714,0.6600000000000001,0.3932539682539683
cycle_random,100,98,0.75,0.5333333333333333,0.6466666666666667,0.2466666666666667
cycle_random,100,99,0.75,0.6153846153846154,0.68,0.2557142857142857
cycle_random,200,0,0.85,0.7272727272727273,0.8333333333333334,0.7166666666666666
cycle_random,200,1,0.8,0.6666666666666666,0.78,0.5004761904761905
cycle_random,200,2,0.75,0.5333333333333333,0.66,0.2544047619047619
cycle_random,200,3,0.75,0.5333333333333333,0.6533333333333334,0.3427380952380953
cycle_random,200,4,0.9,0.75,0.78,0.6733333333333333
cycle_random,200,5,0.85,0.5714285714285714,0.7000000000000001,0.5316666666666667
cycle_random,200,6,0.85,0.5714285714285714,0.6266666666666667,0.4583333333333333
cycle_random,200,7,0.8,0.6,0.6533333333333333,0.36
cycle_random,200,8,0.75,0.6153846153846154,0.7066666666666668,0.3840476190476191
cycle_random,200,9,0.8,0.5333333333333333,0.68,0.40785714285714286
cycle_random,200,10,0.85,0.6666666666666666,0.7666666666666667,0.5319444444444444
cycle_random,200,11,0.85,0.6666666666666666,0.7533333333333334,0.5316666666666666
cycle_random,200,12,0.8,0.5714285714285714,0.64,0.3681349206349206
cycle_random,200,13,0.95,0.8888888888888888,0.8600000000000001,0.8
cycle_random,200,14,0.85,0.6666666666666666,0.6933333333333334,0.5416666666666666
cycle_random,200,15,0.8,0.6666666666666666,0.7533333333333334,0.3504761904761905
cycle_random,200,16,0.85,0.5714285714285714,0.7066666666666668,0.5352380952380953
cycle_random,200,17,0.8,0.5333333333333333,0.68,0.4316666666666667
cycle_random,200,18,0.75,0.5333333333333333,0.64,0.2379761904761905
cycle_random,200,19,0.75,0.5714285714285714,0.7066666666666668,0.3869444444444445
cycle_random,200,20,0.75,0.5454545454545454,0.7066666666666667,0.30083333333333334
cycle_random,200,21,0.8,0.6666666666666666,0.74,0.4621428571428572
cycle_random,200,22,0.75,0.6153846153846154,0.6200000000000001,0.22134920634920638
cycle_random,200,23,0.8,0.6666666666666666,0.76,0.46380952380952384
cycle_random,200,24,0.85,0.6666666666666666,0.8066666666666668,0.6488095238095237
cycle_random,200,25,0.8,0.5333333333333333,0.6733333333333333,0.41500000000000004
cycle_random,200,26,0.8,0.5714285714285714,0.7266666666666667,0.4552777777777778
cycle_random,200,27,0.8,0.6153846153846154,0.7466666666666667,0.43619047619047624
cycle_random,200,28,0.85,0.6666666666666666,0.78,0.40714285714285714
cycle_random,200,29,0.8,0.6,0.74,0.3586111111111111
cycle_random,200,30,0.75,0.5714285714285714,0.6733333333333333,0.25468253968253973
cycle_random,200,31,0.9,0.75,0.7933333333333334,0.6819444444444445
cycle_random,200,32,0.75,0.5714285714285714,0.6733333333333333,0.3543650793650794
cycle_random,200,33,0.85,0.6666666666666666,0.6666666666666667,0.3
cycle_random,200,34,0.75,0.5454545454545454,0.62,0.305
cycle_random,200,35,0.8,0.5454545454545454,0.64,0.25666666666666665
cycle_random,200,36,0.75,0.5,0.5933333333333334,0.19845238095238094
cycle_random,200,37,0.8,0.5714285714285714,0.7466666666666667,0.4986111111111111
cycle_random,200,38,0.75,0.6153846153846154,0.6933333333333334,0.2773809523809524
cycle_random,200,39,0.8,0.6,0.6666666666666667,0.46
cycle_random,200,40,0.8,0.5714285714285714,0.7466666666666667,0.4986111111111111
cycle_random,200,41,0.85,0.7272727272727273,0.8066666666666668,0.6366666666666667
cycle_random,200,42,0.8,0.6666666666666666,0.6666666666666667,0.2438095238095238
cycle_random,200,43,0.75,0.5454545454545454,0.7000000000000001,0.3825
cycle_random,200,44,0.8,0.5,0.6466666666666667,0.41619047619047617
cycle_random,200,45,0.9,0.75,0.7066666666666667,0.6
cycle_random,200,46,0.85,0.7272727272727273,0.76,0.5695238095238095
cycle_random,200,47,0.75,0.5454545454545454,0.6,0.1883333333333333
cycle_random,200,48,0.85,0.6153846153846154,0.7666666666666667,0.582857142857143
cycle_random,200,49,0.85,0.7272727272727273,0.7866666666666667,0.5366666666666666
cycle_random,200,50,0.8,0.6,0.6533333333333333,0.3933333333333333
cycle_random,200,51,0.8,0.5,0.6266666666666667,0.3827380952380952
cycle_random,200,52,0.75,0.46153846153846156,0.54,0.13333333333333333
cycle_random,200,53,0.9,0.8,0.8200000000000001,0.6100000000000001
cycle_random,200,54,0.8,0.5454545454545454,0.72,0.45666666666666667
cycle_random,200,55,0.8,0.5714285714285714,0.7133333333333334,0.32480158730158726
cycle_random,200,56,0.75,0.5454545454545454,0.6133333333333333,0.205
cycle_random,200,57,0.9,0.75,0.8266666666666667,0.7171428571428571
cycle_random,200,58,0.9,0.75,0.7066666666666667,0.6
cycle_random,200,59,0.75,0.5333333333333333,0.6933333333333334,0.2870238095238095
cycle_random,200,60,0.85,0.5714285714285714,0.74,0.5633333333333334
cycle_random,200,61,0.75,0.4444444444444444,0.5666666666666667,0.16888888888888887
cycle_random,200,62,0.75,0.5333333333333333,0.68,0.2661904761904762
cycle_random,200,63,0.85,0.6153846153846154,0.78,0.6028571428571429
cycle_random,200,64,0.8,0.5333333333333333,0.68,0.4091666666666667
cycle_random,200,65,0.75,0.6153846153846154,0.6866666666666668,0.36702380952380953
cycle_random,200,66,0.8,0.5333333333333333,0.7000000000000001,0.41023809523809524
cycle_random,200,67,0.8,0.4444444444444444,0.5866666666666667,0.33555555555555555
cycle_random,200,68,0.8,0.5333333333333333,0.6866666666666668,0.44833333333333336
cycle_random,200,69,0.8,0.6153846153846154,0.7000000000000001,0.4223809523809524
cycle_random,200,70,0.85,0.6666666666666666,0.6733333333333333,0.5066666666666666
cycle_random,200,71,0.85,0.6666666666666666,0.6799999999999999,0.45833333333333326
cycle_random,200,72,0.85,0.6,0.7666666666666667,0.5919444444444445
cycle_random,200,73,0.75,0.6153846153846154,0.7266666666666667,0.40619047619047627
cycle_random,200,74,0.85,0.5714285714285714,0.7333333333333334,0.5561904761904762
cycle_random,200,75,0.8,0.5,0.6133333333333333,0.34119047619047616
cycle_random,200,76,0.8,0.4444444444444444,0.5933333333333334,0.3522222222222222
cycle_random,200,77,0.75,0.6153846153846154,0.6266666666666667,0.2248015873015873
cycle_random,200,78,0.8,0.5714285714285714,0.7066666666666668,0.44801587301587303
cycle_random,200,79,0.8,0.6153846153846154,0.7666666666666667,0.5195238095238095
cycle_random,200,80,0.8,0.6153846153846154,0.7533333333333334,0.49952380952380954
cycle_random,200,81,0.85,0.6666666666666666,0.6933333333333334,0.5416666666666666
cycle_random,200,82,0.8,0.6153846153846154,0.7533333333333334,0.36952380952380953
cycle_random,200,83,0.8,0.6153846153846154,0.66,0.24619047619047618
cycle_random,200,84,0.75,0.6153846153846154,0.7133333333333334,0.2995238095238095
cycle_random,200,85,0.85,0.5714285714285714,0.7000000000000001,0.5316666666666667
cycle_random,200,86,0.75,0.46153846153846156,0.5733333333333334,0.1694047619047619
cycle_random,200,87,0.8,0.6666666666666666,0.7533333333333334,0.4804761904761905
cycle_random,200,88,0.85,0.6666666666666666,0.78,0.5971428571428572
cycle_random,200,89,0.8,0.6,0.7133333333333334,0.31666666666666665
cycle_random,200,90,0.75,0.5333333333333333,0.5733333333333334,0.1935714285714286
cycle_random,200,91,0.85,0.6153846153846154,0.7666666666666667,0.582857142857143
cycle_random,200,92,0.9,0.8,0.8200000000000001,0.6100000000000001
cycle_random,200,93,0.85,0.6666666666666666,0.6666666666666667,0.526031746031746
cycle_random,200,94,0.8,0.6153846153846154,0.7266666666666667,0.44785714285714284
cycle_random,200,95,0.8,0.5333333333333333,0.6466666666666667,0.3838095238095238
cycle_random,200,96,0.8,0.6,0.7333333333333334,0.41861111111111116
cycle_random,200,97,0.75,0.5333333333333333,0.6666666666666667,0.25785714285714284
cycle_random,200,98,0.8,0.6153846153846154,0.7266666666666667,0.4478571428571429
cycle_random,200,99,0.8,0.5714285714285714,0.6400000000000001,0.3661111111111111
cycle_random,500,0,0.8,0.6666666666666666,0.76,0.49714285714285716
cycle_random,500,1,0.85,0.6666666666666666,0.7933333333333334,0.6345238095238095
cycle_random,500,2,0.8,0.5714285714285714,0.7066666666666668,0.431468253968254
cycle_random,500,3,0.8,0.6153846153846154,0.7533333333333334,0.36952380952380953
cycle_random,500,4,0.8,0.5,0.6000000000000001,0.32952380952380955
cycle_random,500,5,0.85,0.6666666666666666,0.7933333333333334,0.6345238095238095
cycle_random,500,6,0.85,0.7272727272727273,0.8066666666666666,0.6366666666666667
cycle_random,500,7,0.8,0.5714285714285714,0.7066666666666668,0.431468253968254
cycle_random,500,8,0.9,0.8,0.8200000000000001,0.6133333333333333
cycle_random,500,9,0.9,0.8,0.8466666666666668,0.76
cycle_random,500,10,0.85,0.6666666666666666,0.7533333333333334,0.5316666666666666
cycle_random,500,11,0.8,0.5454545454545454,0.72,0.33416666666666667
cycle_random,500,12,0.8,0.6666666666666666,0.7666666666666667,0.5138095238095238
cycle_random,500,13,0.8,0.6,0.76,0.513968253968254
cycle_random,500,14,0.85,0.6666666666666666,0.78,0.5971428571428572
cycle_random,500,15,0.85,0.5714285714285714,0.66,0.47944444444444445
cycle_random,500,16,0.8,0.6153846153846154,0.7666666666666667,0.4861904761904762
cycle_random,500,17,0.8,0.6666666666666666,0.7466666666666667,0.4304761904761905
cycle_random,500,18,0.75,0.5333333333333333,0.6466666666666667,0.22952380952380955
cycle_random,500,19,0.85,0.7272727272727273,0.8,0.44999999999999996
cycle_random,500,20,0.9,0.8,0.8333333333333334,0.6966666666666667
cycle_random,500,21,0.85,0.6666666666666666,0.8133333333333335,0.6588095238095237
cycle_random,500,22,0.9,0.8,0.8333333333333334,0.6966666666666667
cycle_random,500,23,0.95,0.8888888888888888,0.8600000000000001,0.8
cycle_random,500,24,0.8,0.5454545454545454,0.7266666666666667,0.48
cycle_random,500,25,0.75,0.6153846153846154,0.7200000000000001,0.4023809523809524
cycle_random,500,26,0.95,0.8888888888888888,0.8600000000000001,0.8
cycle_random,500,27,0.85,0.6666666666666666,0.7933333333333334,0.6345238095238095
cycle_random,500,28,0.9,0.8,0.8266666666666667,0.6600000000000001
cycle_random,500,29,0.85,0.6666666666666666,0.78,0.6236111111111111
cycle_random,500,30,0.9,0.8,0.8466666666666667,0.755
cycle_random,500,31,0.8,0.6153846153846154,0.7333333333333334,0.4561904761904762
cycle_random,500,32,0.85,0.6666666666666666,0.78,0.6236111111111111
cycle_random,500,33,0.9,0.75,0.8066666666666668,0.6928571428571428
cycle_random,500,34,0.8,0.6153846153846154,0.7533333333333334,0.48619047619047623
cycle_random,500,35,0.8,0.5714285714285714,0.7133333333333334,0.43694444444444447
cycle_random,500,36,0.8,0.6,0.7533333333333334,0.5086111111111111
cycle_random,500,37,0.8,0.5714285714285714,0.7133333333333334,0.441468253968254
cycle_random,500,38,0.9,0.8,0.8466666666666668,0.755
cycle_random,500,39,0.9,0.75,0.8266666666666667,0.7171428571428571
cycle_random,500,40,0.9,0.8,0.8400000000000001,0.73
cycle_random,500,41,0.75,0.6153846153846154,0.6866666666666668,0.2678571428571429
cycle_random,500,42,0.85,0.6666666666666666,0.7866666666666667,0.6071428571428572
cycle_random,500,43,0.75,0.6153846153846154,0.7266666666666668,0.40904761904761905
cycle_random,500,44,0.85,0.7272727272727273,0.7933333333333334,0.52
cycle_random,500,45,0.9,0.75,0.6533333333333333,0.5433333333333332
cycle_random,500,46,0.9,0.8,0.8200000000000001,0.605
cycle_random,500,47,0.8,0.6666666666666666,0.7666666666666667,0.5004761904761905
cycle_random,500,48,0.95,0.8888888888888888,0.8600000000000001,0.8
cycle_random,500,49,0.8,0.6666666666666666,0.7533333333333334,0.3609523809523809
cycle_random,500,50,0.8,0.6153846153846154,0.7266666666666667,0.4523809523809524
cycle_random,500,51,0.9,0.75,0.8400000000000001,0.7416666666666667
cycle_random,500,52,0.95,0.8888888888888888,0.8600000000000001,0.8
cycle_random,500,53,0.75,0.6153846153846154,0.6933333333333334,0.2773809523809524
cycle_random,500,54,0.85,0.6153846153846154,0.78,0.602857142857143
cycle_random,500,55,0.8,0.6153846153846154,0.7400000000000001,0.4195238095238095
cycle_random,500,56,0.85,0.6666666666666666,0.7066666666666667,0.5351984126984127
cycle_random,500,57,0.85,0.7272727272727273,0.7866666666666667,0.5366666666666666
cycle_random,500,58,0.8,0.6666666666666666,0.7933333333333334,0.5604761904761905
cycle_random,500,59,0.85,0.7272727272727273,0.8133333333333334,0.6
cycle_random,500,60,0.8,0.6666666666666666,0.7666666666666667,0.5138095238095238
cycle_random,500,61,0.85,0.6666666666666666,0.7866666666666667,0.6071428571428572
cycle_random,500,62,0.8,0.6153846153846154,0.76,0.47619047619047616
cycle_random,500,63,0.8,0.6153846153846154,0.7733333333333334,0.5361904761904761
cycle_random,500,64,0.95,0.8888888888888888,0.8600000000000001,0.8
cycle_random,500,65,0.8,0.5714285714285714,0.7000000000000001,0.4293650793650794
cycle_random,500,66,0.85,0.7272727272727273,0.8066666666666668,0.585
cycle_random,500,67,0.85,0.6666666666666666,0.78,0.5511904761904762
cycle_random,500,68,0.85,0.5714285714285714,0.74,0.5581349206349207
cycle_random,500,69,0.8,0.5454545454545454,0.7200000000000001,0.45666666666666667
cycle_random,500,70,0.85,0.7272727272727273,0.8200000000000001,0.6683333333333333
cycle_random,500,71,0.85,0.6153846153846154,0.7533333333333334,0.569047619047619
cycle_random,500,72,0.85,0.7272727272727273,0.8066666666666666,0.585
cycle_random,500,73,0.85,0.5714285714285714,0.7200000000000001,0.5441666666666667
cycle_random,500,74,0.9,0.8,0.8133333333333335,0.5633333333333332
cycle_random,500,75,0.85,0.6666666666666666,0.7933333333333334,0.6171428571428572
cycle_random,500,76,0.8,0.6153846153846154,0.7533333333333334,0.36666666666666664
cycle_random,500,77,0.8,0.5714285714285714,0.7333333333333334,0.5248015873015872
cycle_random,500,78,0.8,0.6,0.7400000000000001,0.4752777777777778
cycle_random,500,79,0.85,0.6666666666666666,0.78,0.5511904761904762
cycle_random,500,80,0.8,0.6153846153846154,0.74,0.3361904761904762
cycle_random,500,81,0.8,0.6666666666666666,0.78,0.5338095238095238
cycle_random,500,82,0.8,0.5333333333333333,0.6666666666666667,0.3977380952380952
cycle_random,500,83,0.8,0.5333333333333333,0.6666666666666667,0.3977380952380952
cycle_random,500,84,0.8,0.6666666666666666,0.7666666666666667,0.5109523809523809
cycle_random,500,85,0.85,0.5714285714285714,0.7000000000000001,0.5316666666666667
cycle_random,500,86,0.8,0.6,0.74,0.4752777777777778
cycle_random,500,87,0.85,0.6666666666666666,0.7533333333333334,0.3902777777777777
cycle_random,500,88,0.85,0.7272727272727273,0.8066666666666668,0.585
cycle_random,500,89,0.85,0.7272727272727273,0.7933333333333334,0.5533333333333333
cycle_random,500,90,0.9,0.8,0.8533333333333334,0.78
cycle_random,500,91,0.85,0.6666666666666666,0.7733333333333334,0.5902777777777777
cycle_random,500,92,0.85,0.7272727272727273,0.8133333333333335,0.6533333333333333
cycle_random,500,93,0.85,0.6666666666666666,0.7533333333333334,0.3902777777777777
cycle_random,500,94,0.8,0.6153846153846154,0.7266666666666667,0.4428571428571429
cycle_random,500,95,0.9,0.8,0.8200000000000001,0.6133333333333333
cycle_random,500,96,0.85,0.7272727272727273,0.8066666666666668,0.6366666666666667
cycle_random,500,97,0.8,0.5714285714285714,0.7266666666666667,0.4552777777777778
cycle_random,500,98,0.85,0.7272727272727273,0.78,0.52
cycle_random,500,99,0.85,0.6666666666666666,0.7933333333333334,0.6345238095238095
cycle_random,1000,0,0.85,0.7272727272727273,0.7933333333333334,0.43499999999999994
cycle_random,1000,1,0.8,0.6153846153846154,0.74,0.47571428571428576
cycle_random,1000,2,0.9,0.75,0.8333333333333334,0.7266666666666666
cycle_random,1000,3,0.85,0.7272727272727273,0.8200000000000001,0.6683333333333333
cycle_random,1000,4,0.8,0.6153846153846154,0.7666666666666667,0.5166666666666666
cycle_random,1000,5,0.85,0.6153846153846154,0.78,0.6095238095238096
cycle_random,1000,6,0.85,0.6666666666666666,0.8,0.5754761904761905
cycle_random,1000,7,0.9,0.75,0.8266666666666668,0.7171428571428571
cycle_random,1000,8,0.9,0.75,0.8266666666666668,0.7171428571428571
cycle_random,1000,9,0.9,0.75,0.8066666666666668,0.6928571428571428
cycle_random,1000,10,0.9,0.75,0.8400000000000001,0.7416666666666667
cycle_random,1000,11,0.85,0.6666666666666666,0.7533333333333334,0.5316666666666666
cycle_random,1000,12,0.85,0.6666666666666666,0.7933333333333334,0.5654761904761905
cycle_random,1000,13,0.9,0.8,0.8333333333333335,0.6966666666666668
cycle_random,1000,14,0.9,0.75,0.8200000000000001,0.7071428571428571
cycle_random,1000,15,0.85,0.6,0.7733333333333334,0.6086111111111112
cycle_random,1000,16,0.9,0.8,0.8200000000000001,0.6133333333333333
cycle_random,1000,17,0.8,0.6666666666666666,0.78,0.5738095238095238
cycle_random,1000,18,0.8,0.5714285714285714,0.7133333333333334,0.43194444444444446
cycle_random,1000,19,0.85,0.6666666666666666,0.8066666666666666,0.6488095238095237
cycle_random,1000,20,0.85,0.6153846153846154,0.78,0.602857142857143
cycle_random,1000,21,0.9,0.8,0.8533333333333334,0.78
cycle_random,1000,22,0.9,0.8,0.8066666666666668,0.4633333333333333
cycle_random,1000,23,0.85,0.7272727272727273,0.8266666666666667,0.7016666666666667
cycle_random,1000,24,0.8,0.6666666666666666,0.7533333333333334,0.4804761904761905
cycle_random,1000,25,0.85,0.6666666666666666,0.7733333333333334,0.5902777777777777
cycle_random,1000,26,0.95,0.8888888888888888,0.8600000000000001,0.8
cycle_random,1000,27,0.85,0.6666666666666666,0.78,0.5527777777777778
cycle_random,1000,28,0.8,0.6666666666666666,0.74,0.4592857142857143
cycle_random,1000,29,0.9,0.8,0.8533333333333334,0.78
cycle_random,1000,30,0.8,0.6153846153846154,0.7400000000000001,0.4633333333333334
cycle_random,1000,31,0.8,0.6153846153846154,0.7666666666666667,0.5195238095238095
cycle_random,1000,32,0.9,0.8,0.8400000000000001,0.73
cycle_random,1000,33,0.85,0.6,0.7666666666666667,0.5919444444444445
cycle_random,1000,34,0.85,0.6153846153846154,0.7866666666666667,0.6100000000000001
cycle_random,1000,35,0.85,0.6666666666666666,0.8,0.6416666666666666
cycle_random,1000,36,0.85,0.6666666666666666,0.8,0.6154761904761905
cycle_random,1000,37,0.8,0.6,0.7266666666666667,0.4666666666666667
cycle_random,1000,38,0.95,0.8888888888888888,0.7466666666666666,0.6928571428571428
cycle_random,1000,39,0.9,0.8,0.8200000000000001,0.6133333333333333
cycle_random,1000,40,0.85,0.7272727272727273,0.8200000000000001,0.6683333333333333
cycle_random,1000,41,0.85,0.7272727272727273,0.8266666666666667,0.6833333333333333
cycle_random,1000,42,0.9,0.75,0.7066666666666668,0.6
cycle_random,1000,43,0.8,0.6666666666666666,0.78,0.5338095238095238
cycle_random,1000,44,0.8,0.6153846153846154,0.78,0.5861904761904762
cycle_random,1000,45,0.8,0.6666666666666666,0.7666666666666667,0.5004761904761905
cycle_random,1000,46,0.85,0.6666666666666666,0.8133333333333335,0.6821428571428572
cycle_random,1000,47,0.85,0.7272727272727273,0.8066666666666668,0.5766666666666667
cycle_random,1000,48,0.85,0.6666666666666666,0.8066666666666668,0.5904761904761904
cycle_random,1000,49,0.85,0.6666666666666666,0.8066666666666668,0.6488095238095237
cycle_random,1000,50,0.95,0.8888888888888888,0.8600000000000001,0.8
cycle_random,1000,51,0.95,0.8888888888888888,0.8600000000000001,0.8
cycle_random,1000,52,0.85,0.6666666666666666,0.7,0.47027777777777774
cycle_random,1000,53,0.9,0.8,0.8200000000000001,0.6133333333333333
cycle_random,1000,54,0.8,0.5714285714285714,0.7333333333333334,0.4652777777777778
cycle_random,1000,55,0.85,0.7272727272727273,0.8133333333333334,0.6
cycle_random,1000,56,0.8,0.6153846153846154,0.7533333333333334,0.49952380952380954
cycle_random,1000,57,0.8,0.6666666666666666,0.7666666666666667,0.5109523809523809
cycle_random,1000,58,0.9,0.8,0.8466666666666667,0.7550000000000001
cycle_random,1000,59,0.9,0.75,0.8333333333333334,0.7266666666666666
cycle_random,1000,60,0.85,0.6666666666666666,0.72,0.5438095238095237
cycle_random,1000,61,0.85,0.6666666666666666,0.8066666666666668,0.6488095238095237
cycle_random,1000,62,0.9,0.75,0.8266666666666667,0.7171428571428571
cycle_random,1000,63,0.9,0.8,0.8466666666666667,0.7550000000000001
cycle_random,1000,64,0.85,0.5714285714285714,0.7066666666666668,0.5352380952380953
cycle_random,1000,65,0.85,0.6153846153846154,0.7866666666666667,0.6100000000000001
cycle_random,1000,66,0.8,0.6666666666666666,0.7666666666666667,0.5138095238095238
cycle_random,1000,67,0.9,0.75,0.8200000000000001,0.7071428571428571
cycle_random,1000,68,0.9,0.8,0.8200000000000001,0.6133333333333333
cycle_random,1000,69,0.85,0.6666666666666666,0.7866666666666667,0.5583333333333333
cycle_random,1000,70,0.85,0.7272727272727273,0.8133333333333335,0.6
cycle_random,1000,71,0.8,0.6,0.7533333333333334,0.463968253968254
cycle_random,1000,72,0.85,0.6153846153846154,0.7533333333333334,0.569047619047619
cycle_random,1000,73,0.85,0.7272727272727273,0.7333333333333334,0.5116666666666666
cycle_random,1000,74,0.85,0.6666666666666666,0.8066666666666668,0.6488095238095237
cycle_random,1000,75,0.9,0.8,0.8466666666666667,0.7550000000000001
cycle_random,1000,76,0.85,0.7272727272727273,0.78,0.52
cycle_random,1000,77,0.9,0.8,0.8200000000000001,0.6133333333333333
cycle_random,1000,78,0.8,0.6666666666666666,0.7866666666666667,0.5838095238095238
cycle_random,1000,79,0.8,0.6153846153846154,0.76,0.5028571428571429
cycle_random,1000,80,0.85,0.7272727272727273,0.8066666666666668,0.6366666666666667
cycle_random,1000,81,0.8,0.6666666666666666,0.7733333333333334,0.48380952380952386
cycle_random,1000,82,0.85,0.7272727272727273,0.8,0.57
cycle_random,1000,83,0.85,0.7272727272727273,0.7933333333333334,0.5533333333333333
cycle_random,1000,84,0.85,0.7272727272727273,0.8333333333333334,0.7166666666666668
cycle_random,1000,85,0.85,0.6666666666666666,0.8266666666666668,0.7071428571428571
cycle_random,1000,86,0.85,0.6666666666666666,0.8,0.6154761904761905
cycle_random,1000,87,0.8,0.6,0.7333333333333334,0.4708333333333333
cycle_random,1000,88,0.95,0.8888888888888888,0.8600000000000001,0.8
cycle_random,1000,89,0.85,0.6666666666666666,0.8,0.6338095238095238
cycle_random,1000,90,0.8,0.6666666666666666,0.7666666666666667,0.5109523809523809
cycle_random,1000,91,0.9,0.8,0.8466666666666667,0.7549999999999999
cycle_random,1000,92,0.9,0.75,0.7466666666666667,0.6447222222222222
cycle_random,1000,93,0.85,0.7272727272727273,0.8066666666666668,0.585
cycle_random,1000,94,0.85,0.6,0.7666666666666667,0.5919444444444445
cycle_random,1000,95,0.85,0.7272727272727273,0.8266666666666667,0.6833333333333333
cycle_random,1000,96,0.85,0.6666666666666666,0.78,0.5971428571428572
cycle_random,1000,97,0.9,0.8,0.8333333333333334,0.6966666666666668
cycle_random,1000,98,0.85,0.5714285714285714,0.7266666666666668,0.5480158730158731
cycle_random,1000,99,0.8,0.6666666666666666,0.78,0.5738095238095238
cycle_random,5000,0,0.85,0.7272727272727273,0.8066666666666668,0.585
cycle_random,5000,1,0.9,0.8,0.8200000000000001,0.6133333333333333
cycle_random,5000,2,0.85,0.6666666666666666,0.8066666666666668,0.5904761904761904
cycle_random,5000,3,0.9,0.8,0.8200000000000001,0.6133333333333333
cycle_random,5000,4,0.9,0.8,0.8266666666666668,0.6633333333333333
cycle_random,5000,5,0.9,0.8,0.8333333333333334,0.6966666666666668
cycle_random,5000,6,0.9,0.8,0.8333333333333334,0.6966666666666668
cycle_random,5000,7,0.9,0.8,0.8333333333333335,0.6966666666666668
cycle_random,5000,8,0.85,0.6666666666666666,0.7666666666666667,0.5402777777777777
cycle_random,5000,9,0.85,0.6666666666666666,0.7933333333333334,0.5654761904761905
cycle_random,5000,10,0.9,0.8,0.8466666666666667,0.7550000000000001
cycle_random,5000,11,0.9,0.8,0.8333333333333334,0.6966666666666668
cycle_random,5000,12,0.85,0.7272727272727273,0.8,0.6033333333333333
cycle_random,5000,13,0.9,0.8,0.8333333333333334,0.6966666666666668
cycle_random,5000,14,0.85,0.7272727272727273,0.7933333333333334,0.5533333333333333
cycle_random,5000,15,0.9,0.8,0.8200000000000001,0.6133333333333333
cycle_random,5000,16,0.85,0.7272727272727273,0.8133333333333335,0.6533333333333333
cycle_random,5000,17,0.85,0.6666666666666666,0.8066666666666668,0.6488095238095237
cycle_random,5000,18,0.9,0.8,0.8266666666666667,0.6633333333333333
cycle_random,5000,19,0.9,0.8,0.8400000000000001,0.73
cycle_random,5000,20,0.9,0.8,0.8200000000000001,0.6133333333333333
cycle_random,5000,21,0.9,0.8,0.8333333333333334,0.6966666666666668
cycle_random,5000,22,0.9,0.8,0.8333333333333334,0.6966666666666668
cycle_random,5000,23,0.85,0.7272727272727273,0.8066666666666668,0.585
cycle_random,5000,24,0.85,0.7272727272727273,0.8200000000000001,0.6683333333333333
cycle_random,5000,25,0.85,0.7272727272727273,0.8200000000000001,0.6683333333333333
cycle_random,5000,26,0.9,0.8,0.8200000000000001,0.6133333333333333
cycle_random,5000,27,0.85,0.6666666666666666,0.7933333333333334,0.5654761904761905
cycle_random,5000,28,0.9,0.8,0.8200000000000001,0.6133333333333333
cycle_random,5000,29,0.85,0.7272727272727273,0.8266666666666667,0.6833333333333333
cycle_random,5000,30,0.85,0.7272727272727273,0.8200000000000001,0.6683333333333333
cycle_random,5000,31,0.85,0.6666666666666666,0.8066666666666668,0.6488095238095237
cycle_random,5000,32,0.85,0.6666666666666666,0.8133333333333335,0.6771428571428572
cycle_random,5000,33,0.9,0.8,0.8200000000000001,0.6133333333333333
cycle_random,5000,34,0.85,0.7272727272727273,0.8200000000000001,0.6683333333333333
cycle_random,5000,35,0.9,0.8,0.8333333333333334,0.6966666666666668
cycle_random,5000,36,0.85,0.7272727272727273,0.8066666666666668,0.6366666666666667
cycle_random,5000,37,0.9,0.8,0.8466666666666667,0.7549999999999999
cycle_random,5000,38,0.9,0.8,0.8333333333333334,0.7050000000000001
cycle_random,5000,39,0.9,0.8,0.8200000000000001,0.6133333333333333
cycle_random,5000,40,0.85,0.7272727272727273,0.8066666666666668,0.585
cycle_random,5000,41,0.9,0.8,0.8333333333333334,0.6966666666666668
cycle_random,5000,42,0.85,0.7272727272727273,0.8200000000000001,0.6683333333333333
cycle_random,5000,43,0.85,0.7272727272727273,0.7933333333333334,0.5533333333333333
cycle_random,5000,44,0.85,0.6666666666666666,0.8133333333333335,0.685
cycle_random,5000,45,0.85,0.6666666666666666,0.8,0.6338095238095238
cycle_random,5000,46,0.9,0.8,0.8333333333333334,0.6966666666666667
cycle_random,5000,47,0.9,0.8,0.8333333333333334,0.6966666666666668
cycle_random,5000,48,0.9,0.75,0.8333333333333334,0.7266666666666666
cycle_random,5000,49,0.9,0.8,0.8333333333333334,0.6966666666666668
cycle_random,5000,50,0.9,0.8,0.8333333333333334,0.6966666666666668
cycle_random,5000,51,0.85,0.6666666666666666,0.8133333333333334,0.6588095238095237
cycle_random,5000,52,0.9,0.8,0.8333333333333335,0.6966666666666668
cycle_random,5000,53,0.85,0.7272727272727273,0.8066666666666668,0.585
cycle_random,5000,54,0.9,0.8,0.8333333333333334,0.6966666666666668
cycle_random,5000,55,0.9,0.8,0.8200000000000001,0.6133333333333333
cycle_random,5000,56,0.9,0.8,0.8200000000000001,0.6133333333333333
cycle_random,5000,57,0.9,0.8,0.8333333333333334,0.6966666666666668
cycle_random,5000,58,0.9,0.8,0.8466666666666667,0.7549999999999999
cycle_random,5000,59,0.9,0.8,0.8333333333333334,0.6966666666666668
cycle_random,5000,60,0.9,0.8,0.8333333333333335,0.6966666666666668
cycle_random,5000,61,0.9,0.8,0.8333333333333334,0.6966666666666668
cycle_random,5000,62,0.9,0.8,0.8466666666666667,0.7549999999999999
cycle_random,5000,63,0.9,0.8,0.8133333333333335,0.5633333333333332
cycle_random,5000,64,0.85,0.7272727272727273,0.8066666666666668,0.6366666666666667
cycle_random,5000,65,0.9,0.8,0.8333333333333334,0.6966666666666668
cycle_random,5000,66,0.9,0.8,0.8266666666666668,0.6633333333333333
cycle_random,5000,67,0.85,0.6666666666666666,0.78,0.5971428571428572
cycle_random,5000,68,0.9,0.8,0.8333333333333334,0.6966666666666668
cycle_random,5000,69,0.9,0.75,0.8266666666666668,0.7171428571428571
cycle_random,5000,70,0.9,0.8,0.8400000000000001,0.73
cycle_random,5000,71,0.9,0.8,0.8400000000000001,0.73
cycle_random,5000,72,0.9,0.8,0.8200000000000001,0.6133333333333333
cycle_random,5000,73,0.9,0.8,0.8333333333333334,0.6966666666666668
cycle_random,5000,74,0.85,0.7272727272727273,0.8066666666666668,0.585
cycle_random,5000,75,0.9,0.8,0.8333333333333334,0.6966666666666668
cycle_random,5000,76,0.9,0.8,0.8200000000000001,0.6133333333333333
cycle_random,5000,77,0.85,0.7272727272727273,0.8133333333333334,0.6533333333333333
cycle_random,5000,78,0.85,0.7272727272727273,0.8066666666666666,0.6366666666666667
cycle_random,5000,79,0.9,0.8,0.8200000000000001,0.6133333333333333
cycle_random,5000,80,0.8,0.6666666666666666,0.78,0.5338095238095237
cycle_random,5000,81,0.9,0.8,0.8200000000000001,0.6133333333333333
cycle_random,5000,82,0.9,0.8,0.8200000000000001,0.6133333333333333
cycle_random,5000,83,0.85,0.7272727272727273,0.8133333333333335,0.635
cycle_random,5000,84,0.85,0.6666666666666666,0.8,0.5754761904761905
cycle_random,5000,85,0.85,0.7272727272727273,0.8200000000000001,0.6683333333333333
cycle_random,5000,86,0.85,0.7272727272727273,0.8200000000000001,0.6866666666666668
cycle_random,5000,87,0.85,0.7272727272727273,0.78,0.52
cycle_random,5000,88,0.85,0.7272727272727273,0.8266666666666667,0.7016666666666667
cycle_random,5000,89,0.85,0.7272727272727273,0.8200000000000001,0.6683333333333333
cycle_random,5000,90,0.85,0.7272727272727273,0.8200000000000001,0.6683333333333333
cycle_random,5000,91,0.9,0.8,0.8266666666666668,0.6633333333333333
cycle_random,5000,92,0.9,0.8,0.8333333333333334,0.6966666666666667
cycle_random,5000,93,0.9,0.8,0.8333333333333334,0.6966666666666668
cycle_random,5000,94,0.85,0.7272727272727273,0.8133333333333335,0.635
cycle_random,5000,95,0.85,0.7272727272727273,0.8200000000000001,0.6683333333333333
cycle_random,5000,96,0.9,0.8,0.8200000000000001,0.6133333333333333
cycle_random,5000,97,0.85,0.7272727272727273,0.8133333333333335,0.635
cycle_random,5000,98,0.85,0.7272727272727273,0.8066666666666668,0.6199999999999999
cycle_random,5000,99,0.85,0.7272727272727273,0.8266666666666667,0.6833333333333333
cycle_random,10000.0,0,0.9,0.8,0.8333333333333334,0.6966666666666667
cycle_random,10000.0,1,0.85,0.7272727272727273,0.8266666666666667,0.6833333333333333
cycle_random,10000.0,2,0.9,0.8,0.8266666666666668,0.6633333333333333
cycle_random,10000.0,3,0.9,0.8,0.8266666666666668,0.6633333333333333
cycle_random,10000.0,4,0.9,0.8,0.8333333333333334,0.6966666666666668
cycle_random,10000.0,5,0.9,0.8,0.8333333333333334,0.6966666666666667
cycle_random,10000.0,6,0.9,0.8,0.8333333333333334,0.6966666666666668
cycle_random,10000.0,7,0.9,0.8,0.8333333333333334,0.6966666666666668
cycle_random,10000.0,8,0.9,0.8,0.8266666666666667,0.6633333333333333
cycle_random,10000.0,9,0.9,0.8,0.8333333333333334,0.6966666666666668
cycle_random,10000.0,10,0.9,0.8,0.8200000000000001,0.6133333333333333
cycle_random,10000.0,11,0.85,0.7272727272727273,0.8200000000000001,0.6683333333333333
cycle_random,10000.0,12,0.9,0.8,0.8466666666666667,0.73
cycle_random,10000.0,13,0.85,0.6666666666666666,0.8133333333333335,0.6588095238095237
cycle_random,10000.0,14,0.9,0.8,0.8333333333333334,0.6966666666666667
cycle_random,10000.0,15,0.9,0.8,0.8400000000000001,0.73
cycle_random,10000.0,16,0.9,0.8,0.8333333333333334,0.6966666666666668
cycle_random,10000.0,17,0.9,0.8,0.8333333333333334,0.6966666666666668
cycle_random,10000.0,18,0.9,0.8,0.8200000000000001,0.6133333333333333
cycle_random,10000.0,19,0.9,0.8,0.8200000000000001,0.6133333333333333
cycle_random,10000.0,20,0.9,0.8,0.8333333333333334,0.6966666666666668
cycle_random,10000.0,21,0.9,0.8,0.8200000000000001,0.6133333333333333
cycle_random,10000.0,22,0.9,0.8,0.8333333333333334,0.6966666666666668
cycle_random,10000.0,23,0.9,0.8,0.8200000000000001,0.6133333333333333
cycle_random,10000.0,24,0.9,0.8,0.8200000000000001,0.6133333333333333
cycle_random,10000.0,25,0.85,0.7272727272727273,0.8,0.5700000000000001
cycle_random,10000.0,26,0.9,0.8,0.8333333333333334,0.6966666666666668
cycle_random,10000.0,27,0.9,0.8,0.8333333333333334,0.6966666666666668
cycle_random,10000.0,28,0.9,0.8,0.8266666666666667,0.6633333333333333
cycle_random,10000.0,29,0.9,0.8,0.8266666666666668,0.6633333333333333
cycle_random,10000.0,30,0.9,0.8,0.8333333333333335,0.6966666666666668
cycle_random,10000.0,31,0.9,0.8,0.8333333333333334,0.6966666666666668
cycle_random,10000.0,32,0.9,0.8,0.8200000000000001,0.6133333333333333
cycle_random,10000.0,33,0.9,0.8,0.8333333333333334,0.6933333333333334
cycle_random,10000.0,34,0.9,0.8,0.8266666666666668,0.6633333333333333
cycle_random,10000.0,35,0.9,0.8,0.8266666666666667,0.6633333333333333
cycle_random,10000.0,36,0.9,0.8,0.8466666666666667,0.7550000000000001
cycle_random,10000.0,37,0.9,0.8,0.8200000000000001,0.6133333333333333
cycle_random,10000.0,38,0.9,0.8,0.8333333333333335,0.6966666666666668
cycle_random,10000.0,39,0.9,0.8,0.8333333333333334,0.6966666666666668
cycle_random,10000.0,40,0.9,0.8,0.8333333333333334,0.6966666666666667
cycle_random,10000.0,41,0.9,0.8,0.8333333333333334,0.6966666666666668
cycle_random,10000.0,42,0.9,0.8,0.8333333333333334,0.6966666666666668
cycle_random,10000.0,43,0.9,0.8,0.8200000000000001,0.6133333333333333
cycle_random,10000.0,44,0.9,0.8,0.8333333333333334,0.6966666666666668
cycle_random,10000.0,45,0.9,0.8,0.8333333333333334,0.6966666666666668
cycle_random,10000.0,46,0.9,0.8,0.8333333333333334,0.6966666666666668
cycle_random,10000.0,47,0.85,0.7272727272727273,0.8133333333333334,0.6533333333333333
cycle_random,10000.0,48,0.85,0.7272727272727273,0.8066666666666668,0.6366666666666667
cycle_random,10000.0,49,0.9,0.8,0.8266666666666668,0.6633333333333333
cycle_random,10000.0,50,0.9,0.8,0.8333333333333334,0.6966666666666668
cycle_random,10000.0,51,0.9,0.8,0.8333333333333334,0.6966666666666668
cycle_random,10000.0,52,0.9,0.8,0.8333333333333334,0.6966666666666667
cycle_random,10000.0,53,0.85,0.6666666666666666,0.8200000000000001,0.6921428571428572
cycle_random,10000.0,54,0.9,0.8,0.8400000000000001,0.73
cycle_random,10000.0,55,0.9,0.8,0.8266666666666668,0.6633333333333333
cycle_random,10000.0,56,0.9,0.8,0.8466666666666667,0.7549999999999999
cycle_random,10000.0,57,0.85,0.7272727272727273,0.8133333333333334,0.6
cycle_random,10000.0,58,0.9,0.8,0.8333333333333335,0.6966666666666667
cycle_random,10000.0,59,0.9,0.8,0.8333333333333334,0.6966666666666667
cycle_random,10000.0,60,0.9,0.8,0.8333333333333334,0.6966666666666668
cycle_random,10000.0,61,0.9,0.8,0.8333333333333334,0.6966666666666667
cycle_random,10000.0,62,0.9,0.8,0.8400000000000001,0.6966666666666668
cycle_random,10000.0,63,0.9,0.8,0.8266666666666668,0.6633333333333333
cycle_random,10000.0,64,0.9,0.8,0.8200000000000001,0.6133333333333333
cycle_random,10000.0,65,0.9,0.8,0.8333333333333335,0.6966666666666668
cycle_random,10000.0,66,0.9,0.8,0.8466666666666667,0.7549999999999999
cycle_random,10000.0,67,0.85,0.7272727272727273,0.8266666666666668,0.6833333333333333
cycle_random,10000.0,68,0.9,0.8,0.8333333333333334,0.6966666666666667
cycle_random,10000.0,69,0.9,0.8,0.8333333333333335,0.6966666666666668
cycle_random,10000.0,70,0.9,0.8,0.8333333333333334,0.6966666666666667
cycle_random,10000.0,71,0.9,0.8,0.8333333333333334,0.6966666666666668
cycle_random,10000.0,72,0.85,0.7272727272727273,0.8066666666666668,0.6366666666666667
cycle_random,10000.0,73,0.9,0.8,0.8200000000000001,0.6133333333333333
cycle_random,10000.0,74,0.9,0.8,0.8333333333333335,0.6966666666666667
cycle_random,10000.0,75,0.9,0.8,0.8333333333333334,0.6966666666666668
cycle_random,10000.0,76,0.9,0.8,0.8533333333333334,0.78
cycle_random,10000.0,77,0.9,0.8,0.8333333333333334,0.6966666666666668
cycle_random,10000.0,78,0.85,0.7272727272727273,0.8200000000000001,0.6683333333333333
cycle_random,10000.0,79,0.9,0.8,0.8333333333333334,0.6966666666666668
cycle_random,10000.0,80,0.9,0.8,0.8333333333333335,0.6966666666666667
cycle_random,10000.0,81,0.9,0.8,0.8333333333333334,0.6966666666666667
cycle_random,10000.0,82,0.9,0.8,0.8333333333333334,0.6966666666666668
cycle_random,10000.0,83,0.9,0.8,0.8333333333333334,0.6966666666666668
cycle_random,10000.0,84,0.9,0.8,0.8400000000000001,0.73
cycle_random,10000.0,85,0.9,0.8,0.8266666666666668,0.6633333333333333
cycle_random,10000.0,86,0.85,0.7272727272727273,0.8066666666666668,0.585
cycle_random,10000.0,87,0.9,0.8,0.8200000000000001,0.6133333333333333
cycle_random,10000.0,88,0.9,0.8,0.8333333333333334,0.6966666666666668
cycle_random,10000.0,89,0.9,0.8,0.8333333333333334,0.6966666666666668
cycle_random,10000.0,90,0.9,0.8,0.8333333333333335,0.6966666666666668
cycle_random,10000.0,91,0.9,0.8,0.8200000000000001,0.6133333333333333
cycle_random,10000.0,92,0.9,0.8,0.8333333333333335,0.6966666666666668
cycle_random,10000.0,93,0.9,0.8,0.8333333333333334,0.6966666666666668
cycle_random,10000.0,94,0.9,0.8,0.8333333333333335,0.6966666666666668
cycle_random,10000.0,95,0.9,0.8,0.8266666666666668,0.6633333333333333
cycle_random,10000.0,96,0.9,0.8,0.8266666666666668,0.6633333333333333
cycle_random,10000.0,97,0.9,0.8,0.8200000000000001,0.6133333333333333
cycle_random,10000.0,98,0.85,0.7272727272727273,0.8200000000000001,0.6683333333333333
cycle_random,10000.0,99,0.85,0.7272727272727273,0.8200000000000001,0.6683333333333333
cycle_random,100000.0,0,0.9,0.8,0.8333333333333335,0.6966666666666667
cycle_random,100000.0,1,0.9,0.8,0.8266666666666667,0.6633333333333333
cycle_random,100000.0,2,0.9,0.8,0.8266666666666668,0.6633333333333333
cycle_random,100000.0,3,0.9,0.8,0.8333333333333334,0.6966666666666668
cycle_random,100000.0,4,0.9,0.8,0.8333333333333334,0.6966666666666668
cycle_random,100000.0,5,0.9,0.8,0.8400000000000001,0.73
cycle_random,100000.0,6,0.9,0.8,0.8333333333333334,0.6966666666666667
cycle_random,100000.0,7,0.9,0.8,0.8333333333333334,0.6966666666666668
cycle_random,100000.0,8,0.9,0.8,0.8200000000000001,0.6133333333333333
cycle_random,100000.0,9,0.9,0.8,0.8333333333333334,0.6966666666666668
cycle_random,100000.0,10,0.9,0.8,0.8333333333333334,0.6966666666666668
cycle_random,100000.0,11,0.9,0.8,0.8333333333333335,0.6966666666666668
cycle_random,100000.0,12,0.9,0.8,0.8333333333333334,0.6966666666666668
cycle_random,100000.0,13,0.9,0.8,0.8400000000000001,0.73
cycle_random,100000.0,14,0.9,0.8,0.8333333333333334,0.6966666666666668
cycle_random,100000.0,15,0.9,0.8,0.8333333333333334,0.6966666666666667
cycle_random,100000.0,16,0.9,0.8,0.8333333333333335,0.6966666666666667
cycle_random,100000.0,17,0.9,0.8,0.8333333333333335,0.6966666666666667
cycle_random,100000.0,18,0.9,0.8,0.8200000000000001,0.6133333333333333
cycle_random,100000.0,19,0.9,0.8,0.8200000000000001,0.6133333333333333
cycle_random,100000.0,20,0.9,0.8,0.8333333333333334,0.6966666666666668
cycle_random,100000.0,21,0.9,0.8,0.8333333333333334,0.6966666666666668
cycle_random,100000.0,22,0.9,0.8,0.8200000000000001,0.6133333333333333
cycle_random,100000.0,23,0.9,0.8,0.8333333333333334,0.6966666666666668
cycle_random,100000.0,24,0.9,0.8,0.8333333333333335,0.6966666666666668
cycle_random,100000.0,25,0.9,0.8,0.8266666666666668,0.6633333333333333
cycle_random,100000.0,26,0.9,0.8,0.8200000000000001,0.6133333333333333
cycle_random,100000.0,27,0.9,0.8,0.8333333333333334,0.6966666666666667
cycle_random,100000.0,28,0.9,0.8,0.8333333333333334,0.6966666666666668
cycle_random,100000.0,29,0.9,0.8,0.8400000000000001,0.73
cycle_random,100000.0,30,0.9,0.8,0.8333333333333334,0.6966666666666667
cycle_random,100000.0,31,0.9,0.8,0.8266666666666668,0.6633333333333333
cycle_random,100000.0,32,0.9,0.8,0.8266666666666668,0.6633333333333333
cycle_random,100000.0,33,0.9,0.8,0.8333333333333334,0.6966666666666668
cycle_random,100000.0,34,0.9,0.8,0.8200000000000001,0.6133333333333333
cycle_random,100000.0,35,0.9,0.8,0.8333333333333335,0.6966666666666667
cycle_random,100000.0,36,0.9,0.8,0.8333333333333335,0.6966666666666668
cycle_random,100000.0,37,0.9,0.8,0.8333333333333334,0.6966666666666668
cycle_random,100000.0,38,0.9,0.8,0.8400000000000001,0.73
cycle_random,100000.0,39,0.9,0.8,0.8333333333333334,0.6966666666666667
cycle_random,100000.0,40,0.9,0.8,0.8333333333333334,0.6966666666666668
cycle_random,100000.0,41,0.9,0.8,0.8333333333333334,0.6966666666666668
cycle_random,100000.0,42,0.9,0.8,0.8333333333333334,0.6966666666666667
cycle_random,100000.0,43,0.9,0.8,0.8333333333333335,0.6966666666666667
cycle_random,100000.0,44,0.9,0.8,0.8333333333333335,0.6966666666666667
cycle_random,100000.0,45,0.9,0.8,0.8266666666666668,0.6633333333333333
cycle_random,100000.0,46,0.9,0.8,0.8266666666666667,0.6633333333333333
cycle_random,100000.0,47,0.9,0.8,0.8333333333333334,0.6966666666666668
cycle_random,100000.0,48,0.9,0.8,0.8333333333333334,0.6966666666666667
cycle_random,100000.0,49,0.9,0.8,0.8333333333333334,0.6966666666666667
cycle_random,100000.0,50,0.9,0.8,0.8266666666666668,0.6633333333333333
cycle_random,100000.0,51,0.9,0.8,0.8266666666666668,0.6633333333333333
cycle_random,100000.0,52,0.9,0.8,0.8333333333333334,0.6966666666666667
cycle_random,100000.0,53,0.9,0.8,0.8333333333333334,0.6966666666666667
cycle_random,100000.0,54,0.9,0.8,0.8333333333333334,0.6966666666666667
cycle_random,100000.0,55,0.9,0.8,0.8333333333333334,0.6966666666666667
cycle_random,100000.0,56,0.9,0.8,0.8333333333333334,0.6966666666666668
cycle_random,100000.0,57,0.9,0.8,0.8266666666666668,0.6633333333333333
cycle_random,100000.0,58,0.9,0.8,0.8333333333333334,0.6966666666666667
cycle_random,100000.0,59,0.9,0.8,0.8266666666666668,0.6633333333333333
cycle_random,100000.0,60,0.9,0.8,0.8400000000000001,0.6966666666666667
cycle_random,100000.0,61,0.9,0.8,0.8333333333333334,0.6966666666666668
cycle_random,100000.0,62,0.9,0.8,0.8333333333333334,0.6966666666666667
cycle_random,100000.0,63,0.9,0.8,0.8333333333333334,0.6966666666666668
cycle_random,100000.0,64,0.9,0.8,0.8333333333333334,0.6966666666666668
cycle_random,100000.0,65,0.9,0.8,0.8333333333333334,0.6966666666666668
cycle_random,100000.0,66,0.9,0.8,0.8200000000000001,0.6133333333333333
cycle_random,100000.0,67,0.9,0.8,0.8333333333333334,0.6966666666666668
cycle_random,100000.0,68,0.9,0.8,0.8266666666666668,0.6633333333333333
cycle_random,100000.0,69,0.9,0.8,0.8333333333333334,0.6966666666666668
cycle_random,100000.0,70,0.9,0.8,0.8333333333333334,0.6966666666666668
cycle_random,100000.0,71,0.9,0.8,0.8333333333333334,0.6966666666666668
cycle_random,100000.0,72,0.9,0.8,0.8333333333333334,0.6966666666666667
cycle_random,100000.0,73,0.9,0.8,0.8333333333333334,0.6966666666666668
cycle_random,100000.0,74,0.9,0.8,0.8333333333333334,0.6966666666666668
cycle_random,100000.0,75,0.9,0.8,0.8333333333333334,0.6966666666666667
cycle_random,100000.0,76,0.9,0.8,0.8266666666666668,0.6633333333333333
cycle_random,100000.0,77,0.9,0.8,0.8333333333333334,0.6966666666666668
cycle_random,100000.0,78,0.9,0.8,0.8333333333333335,0.6966666666666668
cycle_random,100000.0,79,0.9,0.8,0.8266666666666668,0.6633333333333333
cycle_random,100000.0,80,0.9,0.8,0.8333333333333335,0.6966666666666668
cycle_random,100000.0,81,0.9,0.8,0.8333333333333334,0.6966666666666668
cycle_random,100000.0,82,0.9,0.8,0.8333333333333334,0.6966666666666668
cycle_random,100000.0,83,0.9,0.8,0.8266666666666668,0.6633333333333333
cycle_random,100000.0,84,0.9,0.8,0.8266666666666668,0.6633333333333333
cycle_random,100000.0,85,0.9,0.8,0.8333333333333334,0.6966666666666668
cycle_random,100000.0,86,0.9,0.8,0.8333333333333334,0.6966666666666668
cycle_random,100000.0,87,0.9,0.8,0.8333333333333334,0.6966666666666668
cycle_random,100000.0,88,0.9,0.8,0.8333333333333335,0.6966666666666668
cycle_random,100000.0,89,0.9,0.8,0.8333333333333334,0.6966666666666668
cycle_random,100000.0,90,0.9,0.8,0.8266666666666668,0.6633333333333333
cycle_random,100000.0,91,0.9,0.8,0.8333333333333334,0.6966666666666668
cycle_random,100000.0,92,0.9,0.8,0.8333333333333334,0.6966666666666668
cycle_random,100000.0,93,0.9,0.8,0.8200000000000001,0.6133333333333333
cycle_random,100000.0,94,0.9,0.8,0.8333333333333334,0.6966666666666668
cycle_random,100000.0,95,0.9,0.8,0.8333333333333334,0.6966666666666667
cycle_random,100000.0,96,0.9,0.8,0.8400000000000001,0.73
cycle_random,100000.0,97,0.9,0.8,0.8333333333333334,0.6966666666666668
cycle_random,100000.0,98,0.9,0.8,0.8266666666666668,0.6633333333333333
cycle_random,100000.0,99,0.9,0.8,0.8333333333333335,0.6966666666666668
cycle_random,inf,0,0.9,0.8,0.8333333333333334,0.6966666666666668
cycle_random,inf,1,0.9,0.8,0.8333333333333334,0.6966666666666668
cycle_random,inf,2,0.9,0.8,0.8333333333333334,0.6966666666666668
cycle_random,inf,3,0.9,0.8,0.8333333333333334,0.6966666666666668
cycle_random,inf,4,0.9,0.8,0.8333333333333334,0.6966666666666668
cycle_random,inf,5,0.9,0.8,0.8333333333333334,0.6966666666666668
cycle_random,inf,6,0.9,0.8,0.8333333333333334,0.6966666666666668
cycle_random,inf,7,0.9,0.8,0.8333333333333334,0.6966666666666668
cycle_random,inf,8,0.9,0.8,0.8333333333333334,0.6966666666666668
cycle_random,inf,9,0.9,0.8,0.8333333333333334,0.6966666666666668
cycle_random,inf,10,0.9,0.8,0.8266666666666668,0.6633333333333333
cycle_random,inf,11,0.9,0.8,0.8333333333333334,0.6966666666666668
cycle_random,inf,12,0.9,0.8,0.8400000000000001,0.73
cycle_random,inf,13,0.9,0.8,0.8333333333333334,0.6966666666666668
cycle_random,inf,14,0.9,0.8,0.8266666666666668,0.6633333333333333
cycle_random,inf,15,0.9,0.8,0.8333333333333334,0.6966666666666668
cycle_random,inf,16,0.9,0.8,0.8333333333333334,0.6966666666666668
cycle_random,inf,17,0.9,0.8,0.8266666666666668,0.6633333333333333
cycle_random,inf,18,0.9,0.8,0.8333333333333334,0.6966666666666668
cycle_random,inf,19,0.9,0.8,0.8333333333333334,0.6966666666666668
cycle_random,inf,20,0.9,0.8,0.8333333333333334,0.6966666666666668
cycle_random,inf,21,0.9,0.8,0.8333333333333334,0.6966666666666668
cycle_random,inf,22,0.9,0.8,0.8333333333333334,0.6966666666666668
cycle_random,inf,23,0.9,0.8,0.8333333333333334,0.6966666666666668
cycle_random,inf,24,0.9,0.8,0.8200000000000001,0.6133333333333333
cycle_random,inf,25,0.9,0.8,0.8333333333333334,0.6966666666666668
cycle_random,inf,26,0.9,0.8,0.8333333333333334,0.6966666666666668
cycle_random,inf,27,0.9,0.8,0.8333333333333334,0.6966666666666668
cycle_random,inf,28,0.9,0.8,0.8333333333333334,0.6966666666666668
cycle_random,inf,29,0.9,0.8,0.8333333333333334,0.6966666666666668
cycle_random,inf,30,0.9,0.8,0.8266666666666668,0.6633333333333333
cycle_random,inf,31,0.9,0.8,0.8333333333333334,0.6966666666666668
cycle_random,inf,32,0.9,0.8,0.8266666666666668,0.6633333333333333
cycle_random,inf,33,0.9,0.8,0.8333333333333334,0.6966666666666668
cycle_random,inf,34,0.9,0.8,0.8200000000000001,0.6133333333333333
cycle_random,inf,35,0.9,0.8,0.8333333333333334,0.6966666666666668
cycle_random,inf,36,0.9,0.8,0.8333333333333334,0.6966666666666668
cycle_random,inf,37,0.9,0.8,0.8333333333333334,0.6966666666666668
cycle_random,inf,38,0.9,0.8,0.8333333333333334,0.6966666666666668
cycle_random,inf,39,0.9,0.8,0.8400000000000001,0.73
cycle_random,inf,40,0.9,0.8,0.8333333333333334,0.6966666666666668
cycle_random,inf,41,0.9,0.8,0.8266666666666668,0.6633333333333333
cycle_random,inf,42,0.9,0.8,0.8333333333333334,0.6966666666666668
cycle_random,inf,43,0.9,0.8,0.8333333333333334,0.6966666666666668
cycle_random,inf,44,0.9,0.8,0.8333333333333334,0.6966666666666668
cycle_random,inf,45,0.9,0.8,0.8333333333333334,0.6966666666666668
cycle_random,inf,46,0.9,0.8,0.8200000000000001,0.6133333333333333
cycle_random,inf,47,0.9,0.8,0.8333333333333334,0.6966666666666668
cycle_random,inf,48,0.9,0.8,0.8333333333333334,0.6966666666666668
cycle_random,inf,49,0.9,0.8,0.8333333333333334,0.6966666666666668
cycle_random,inf,50,0.9,0.8,0.8333333333333334,0.6966666666666668
cycle_random,inf,51,0.9,0.8,0.8333333333333334,0.6966666666666668
cycle_random,inf,52,0.9,0.8,0.8333333333333334,0.6966666666666668
cycle_random,inf,53,0.9,0.8,0.8333333333333334,0.6966666666666668
cycle_random,inf,54,0.9,0.8,0.8333333333333334,0.6966666666666668
cycle_random,inf,55,0.9,0.8,0.8333333333333334,0.6966666666666668
cycle_random,inf,56,0.9,0.8,0.8333333333333334,0.6966666666666668
cycle_random,inf,57,0.9,0.8,0.8400000000000001,0.73
cycle_random,inf,58,0.9,0.8,0.8333333333333334,0.6966666666666668
cycle_random,inf,59,0.9,0.8,0.8333333333333334,0.6966666666666668
cycle_random,inf,60,0.9,0.8,0.8333333333333334,0.6966666666666668
cycle_random,inf,61,0.9,0.8,0.8333333333333334,0.6966666666666668
cycle_random,inf,62,0.9,0.8,0.8333333333333334,0.6966666666666668
cycle_random,inf,63,0.9,0.8,0.8266666666666668,0.6633333333333333
cycle_random,inf,64,0.9,0.8,0.8333333333333334,0.6966666666666668
cycle_random,inf,65,0.9,0.8,0.8333333333333334,0.6966666666666668
cycle_random,inf,66,0.9,0.8,0.8333333333333334,0.6966666666666668
cycle_random,inf,67,0.9,0.8,0.8333333333333334,0.6966666666666668
cycle_random,inf,68,0.9,0.8,0.8266666666666668,0.6633333333333333
cycle_random,inf,69,0.9,0.8,0.8333333333333334,0.6966666666666668
cycle_random,inf,70,0.9,0.8,0.8266666666666668,0.6633333333333333
cycle_random,inf,71,0.9,0.8,0.8200000000000001,0.6133333333333333
cycle_random,inf,72,0.9,0.8,0.8333333333333334,0.6966666666666668
cycle_random,inf,73,0.9,0.8,0.8333333333333334,0.6966666666666668
cycle_random,inf,74,0.9,0.8,0.8266666666666668,0.6633333333333333
cycle_random,inf,75,0.9,0.8,0.8400000000000001,0.73
cycle_random,inf,76,0.9,0.8,0.8333333333333334,0.6966666666666668
cycle_random,inf,77,0.9,0.8,0.8333333333333334,0.6966666666666668
cycle_random,inf,78,0.9,0.8,0.8333333333333334,0.6966666666666668
cycle_random,inf,79,0.9,0.8,0.8266666666666668,0.6633333333333333
cycle_random,inf,80,0.9,0.8,0.8333333333333334,0.6966666666666668
cycle_random,inf,81,0.9,0.8,0.8333333333333334,0.6966666666666668
cycle_random,inf,82,0.9,0.8,0.8333333333333334,0.6966666666666668
cycle_random,inf,83,0.9,0.8,0.8400000000000001,0.73
cycle_random,inf,84,0.9,0.8,0.8333333333333334,0.6966666666666668
cycle_random,inf,85,0.9,0.8,0.8200000000000001,0.6133333333333333
cycle_random,inf,86,0.9,0.8,0.8333333333333334,0.6966666666666668
cycle_random,inf,87,0.9,0.8,0.8333333333333334,0.6966666666666668
cycle_random,inf,88,0.9,0.8,0.8333333333333334,0.6966666666666668
cycle_random,inf,89,0.9,0.8,0.8333333333333334,0.6966666666666668
cycle_random,inf,90,0.9,0.8,0.8333333333333334,0.6966666666666668
cycle_random,inf,91,0.9,0.8,0.8266666666666668,0.6633333333333333
cycle_random,inf,92,0.9,0.8,0.8266666666666668,0.6633333333333333
cycle_random,inf,93,0.9,0.8,0.8333333333333334,0.6966666666666668
cycle_random,inf,94,0.9,0.8,0.8333333333333334,0.6966666666666668
cycle_random,inf,95,0.9,0.8,0.8333333333333334,0.6966666666666668
cycle_random,inf,96,0.9,0.8,0.8266666666666668,0.6633333333333333
cycle_random,inf,97,0.9,0.8,0.8400000000000001,0.73
cycle_random,inf,98,0.9,0.8,0.8333333333333334,0.6966666666666668
cycle_random,inf,99,0.9,0.8,0.8333333333333334,0.6966666666666668
